#ifdef __has_include
    #if __has_include("lvgl.h")
        #ifndef LV_LVGL_H_INCLUDE_SIMPLE
            #define LV_LVGL_H_INCLUDE_SIMPLE
        #endif
    #endif
#endif

#if defined(LV_LVGL_H_INCLUDE_SIMPLE)
    #include "lvgl.h"
#else
    #include "lvgl/lvgl.h"
#endif


#ifndef LV_ATTRIBUTE_MEM_ALIGN
#define LV_ATTRIBUTE_MEM_ALIGN
#endif

#ifndef LV_ATTRIBUTE_IMG_GIF_PROBING
#define LV_ATTRIBUTE_IMG_GIF_PROBING
#endif

const LV_ATTRIBUTE_MEM_ALIGN LV_ATTRIBUTE_LARGE_CONST LV_ATTRIBUTE_IMG_GIF_PROBING uint8_t gif_probing_map[] = {
    0x47, 0x49, 0x46, 0x38, 0x39, 0x61, 0x9b, 0x00, 0x7b, 0x00, 0x87, 0x00, 0x00, 
    0x00, 0x00, 0x00, 0x12, 0x04, 0x05, 0x16, 0x06, 0x06, 0x2d, 0x0b, 0x0b, 0x31, 
    0x0c, 0x0d, 0x38, 0x0d, 0x0e, 0x3c, 0x0f, 0x0f, 0x48, 0x12, 0x12, 0x58, 0x16, 
    0x16, 0x8b, 0x22, 0x23, 0xb5, 0x2d, 0x2e, 0xc0, 0x2f, 0x30, 0x00, 0x00, 0x00, 
    0x00, 0x00, 0x00, 0x00, 0x00, 0x00, 0x00, 0x00, 0x00, 0x00, 0x00, 0x00, 0x00, 
    0x00, 0x00, 0x00, 0x00, 0x00, 0x00, 0x00, 0x00, 0x00, 0x00, 0x00, 0x00, 0x00, 
    0x00, 0x00, 0x00, 0x00, 0x00, 0x00, 0x00, 0x00, 0x00, 0x00, 0x00, 0x00, 0x00, 
    0x00, 0x00, 0x00, 0x00, 0x00, 0x00, 0x00, 0x00, 0x00, 0x00, 0x00, 0x00, 0x00, 
    0x00, 0x00, 0x00, 0x00, 0x00, 0x00, 0x00, 0x00, 0x00, 0x00, 0x00, 0x00, 0x00, 
    0x00, 0x00, 0x00, 0x00, 0x00, 0x00, 0x00, 0x00, 0x00, 0x00, 0x00, 0x00, 0x00, 
    0x00, 0x00, 0x00, 0x00, 0x00, 0x00, 0x00, 0x00, 0x00, 0x00, 0x00, 0x00, 0x00, 
    0x00, 0x00, 0x00, 0x00, 0x00, 0x00, 0x00, 0x00, 0x00, 0x00, 0x00, 0x00, 0x00, 
    0x00, 0x00, 0x00, 0x00, 0x00, 0x00, 0x00, 0x00, 0x00, 0x00, 0x00, 0x00, 0x00, 
    0x00, 0x00, 0x00, 0x00, 0x00, 0x00, 0x00, 0x00, 0x00, 0x00, 0x00, 0x00, 0x00, 
    0x00, 0x00, 0x00, 0x00, 0x00, 0x00, 0x00, 0x00, 0x00, 0x00, 0x00, 0x00, 0x00, 
    0x00, 0x00, 0x00, 0x00, 0x00, 0x00, 0x00, 0x00, 0x00, 0x00, 0x00, 0x00, 0x00, 
    0x00, 0x00, 0x00, 0x00, 0x00, 0x00, 0x00, 0x00, 0x00, 0x00, 0x00, 0x00, 0x00, 
    0x00, 0x00, 0x00, 0x00, 0x00, 0x00, 0x00, 0x00, 0x00, 0x00, 0x00, 0x00, 0x00, 
    0x00, 0x00, 0x00, 0x00, 0x00, 0x00, 0x00, 0x00, 0x00, 0x00, 0x00, 0x00, 0x00, 
    0x00, 0x00, 0x00, 0x00, 0x00, 0x00, 0x00, 0x00, 0x00, 0x00, 0x00, 0x00, 0x00, 
    0x00, 0x00, 0x00, 0x00, 0x00, 0x00, 0x00, 0x00, 0x00, 0x00, 0x00, 0x00, 0x00, 
    0x00, 0x00, 0x00, 0x00, 0x00, 0x00, 0x00, 0x00, 0x00, 0x00, 0x00, 0x00, 0x00, 
    0x00, 0x00, 0x00, 0x00, 0x00, 0x00, 0x00, 0x00, 0x00, 0x00, 0x00, 0x00, 0x00, 
    0x00, 0x00, 0x00, 0x00, 0x00, 0x00, 0x00, 0x00, 0x00, 0x00, 0x00, 0x00, 0x00, 
    0x00, 0x00, 0x00, 0x00, 0x00, 0x00, 0x00, 0x00, 0x00, 0x00, 0x00, 0x00, 0x00, 
    0x00, 0x00, 0x00, 0x00, 0x00, 0x00, 0x00, 0x00, 0x00, 0x00, 0x00, 0x00, 0x00, 
    0x00, 0x00, 0x00, 0x00, 0x00, 0x00, 0x00, 0x00, 0x00, 0x00, 0x00, 0x00, 0x00, 
    0x00, 0x00, 0x00, 0x00, 0x00, 0x00, 0x00, 0x00, 0x00, 0x00, 0x00, 0x00, 0x00, 
    0x00, 0x00, 0x00, 0x00, 0x00, 0x00, 0x00, 0x00, 0x00, 0x00, 0x00, 0x00, 0x00, 
    0x00, 0x00, 0x00, 0x00, 0x00, 0x00, 0x00, 0x00, 0x00, 0x00, 0x00, 0x00, 0x00, 
    0x00, 0x00, 0x00, 0x00, 0x00, 0x00, 0x00, 0x00, 0x00, 0x00, 0x00, 0x00, 0x00, 
    0x00, 0x00, 0x00, 0x00, 0x00, 0x00, 0x00, 0x00, 0x00, 0x00, 0x00, 0x00, 0x00, 
    0x00, 0x00, 0x00, 0x00, 0x00, 0x00, 0x00, 0x00, 0x00, 0x00, 0x00, 0x00, 0x00, 
    0x00, 0x00, 0x00, 0x00, 0x00, 0x00, 0x00, 0x00, 0x00, 0x00, 0x00, 0x00, 0x00, 
    0x00, 0x00, 0x00, 0x00, 0x00, 0x00, 0x00, 0x00, 0x00, 0x00, 0x00, 0x00, 0x00, 
    0x00, 0x00, 0x00, 0x00, 0x00, 0x00, 0x00, 0x00, 0x00, 0x00, 0x00, 0x00, 0x00, 
    0x00, 0x00, 0x00, 0x00, 0x00, 0x00, 0x00, 0x00, 0x00, 0x00, 0x00, 0x00, 0x00, 
    0x00, 0x00, 0x00, 0x00, 0x00, 0x00, 0x00, 0x00, 0x00, 0x00, 0x00, 0x00, 0x00, 
    0x00, 0x00, 0x00, 0x00, 0x00, 0x00, 0x00, 0x00, 0x00, 0x00, 0x00, 0x00, 0x00, 
    0x00, 0x00, 0x00, 0x00, 0x00, 0x00, 0x00, 0x00, 0x00, 0x00, 0x00, 0x00, 0x00, 
    0x00, 0x00, 0x00, 0x00, 0x00, 0x00, 0x00, 0x00, 0x00, 0x00, 0x00, 0x00, 0x00, 
    0x00, 0x00, 0x00, 0x00, 0x00, 0x00, 0x00, 0x00, 0x00, 0x00, 0x00, 0x00, 0x00, 
    0x00, 0x00, 0x00, 0x00, 0x00, 0x00, 0x00, 0x00, 0x00, 0x00, 0x00, 0x00, 0x00, 
    0x00, 0x00, 0x00, 0x00, 0x00, 0x00, 0x00, 0x00, 0x00, 0x00, 0x00, 0x00, 0x00, 
    0x00, 0x00, 0x00, 0x00, 0x00, 0x00, 0x00, 0x00, 0x00, 0x00, 0x00, 0x00, 0x00, 
    0x00, 0x00, 0x00, 0x00, 0x00, 0x00, 0x00, 0x00, 0x00, 0x00, 0x00, 0x00, 0x00, 
    0x00, 0x00, 0x00, 0x00, 0x00, 0x00, 0x00, 0x00, 0x00, 0x00, 0x00, 0x00, 0x00, 
    0x00, 0x00, 0x00, 0x00, 0x00, 0x00, 0x00, 0x00, 0x00, 0x00, 0x00, 0x00, 0x00, 
    0x00, 0x00, 0x00, 0x00, 0x00, 0x00, 0x00, 0x00, 0x00, 0x00, 0x00, 0x00, 0x00, 
    0x00, 0x00, 0x00, 0x00, 0x00, 0x00, 0x00, 0x00, 0x00, 0x00, 0x00, 0x00, 0x00, 
    0x00, 0x00, 0x00, 0x00, 0x00, 0x00, 0x00, 0x00, 0x00, 0x00, 0x00, 0x00, 0x00, 
    0x00, 0x00, 0x00, 0x00, 0x00, 0x00, 0x00, 0x00, 0x00, 0x00, 0x00, 0x00, 0x00, 
    0x00, 0x00, 0x00, 0x00, 0x00, 0x00, 0x00, 0x00, 0x00, 0x00, 0x00, 0x00, 0x00, 
    0x00, 0x00, 0x00, 0x00, 0x00, 0x00, 0x00, 0x00, 0x00, 0x00, 0x00, 0x00, 0x00, 
    0x00, 0x00, 0x00, 0x00, 0x00, 0x00, 0x00, 0x00, 0x00, 0x00, 0x00, 0x00, 0x00, 
    0x00, 0x00, 0x00, 0x00, 0x00, 0x00, 0x00, 0x00, 0x00, 0x00, 0x00, 0x00, 0x00, 
    0x00, 0x00, 0x00, 0x00, 0x00, 0x00, 0x00, 0x00, 0x00, 0x00, 0x00, 0x00, 0x00, 
    0x00, 0x00, 0x00, 0x00, 0x00, 0x00, 0x00, 0x00, 0x00, 0x00, 0x00, 0x00, 0x00, 
    0x00, 0x00, 0x00, 0x00, 0x00, 0x00, 0x00, 0x00, 0x00, 0x00, 0x00, 0x00, 0x00, 
    0x00, 0x00, 0x00, 0x00, 0x00, 0x00, 0x00, 0x00, 0x00, 0x00, 0x00, 0x00, 0x00, 
    0x00, 0x21, 0xff, 0x0b, 0x4e, 0x45, 0x54, 0x53, 0x43, 0x41, 0x50, 0x45, 0x32, 
    0x2e, 0x30, 0x03, 0x01, 0x00, 0x00, 0x00, 0x21, 0xf9, 0x04, 0x09, 0x04, 0x00, 
    0x00, 0x00, 0x2c, 0x00, 0x00, 0x00, 0x00, 0x9b, 0x00, 0x7b, 0x00, 0x00, 0x08, 
    0xff, 0x00, 0x01, 0x08, 0x1c, 0x48, 0xb0, 0xa0, 0xc1, 0x83, 0x08, 0x13, 0x2a, 
    0x5c, 0xc8, 0xb0, 0xa1, 0xc3, 0x87, 0x10, 0x23, 0x4a, 0x9c, 0x48, 0xb1, 0xa2, 
    0xc5, 0x8b, 0x18, 0x33, 0x6a, 0xdc, 0xc8, 0xb1, 0xa3, 0xc7, 0x8f, 0x20, 0x43, 
    0x8a, 0x1c, 0x49, 0xb2, 0xa4, 0xc9, 0x93, 0x28, 0x53, 0xaa, 0x5c, 0xc9, 0x52, 
    0xe1, 0x81, 0x97, 0x30, 0x63, 0xc2, 0x6c, 0x49, 0xb3, 0xa6, 0x40, 0x98, 0x09, 
    0x72, 0xe6, 0x3c, 0xa0, 0x73, 0xe7, 0x4b, 0x9b, 0x40, 0x4f, 0xe2, 0x94, 0x49, 
    0xf4, 0x65, 0x82, 0x99, 0x41, 0x93, 0x7e, 0x34, 0x0a, 0x73, 0x81, 0xd3, 0xa7, 
    0x50, 0x17, 0x0c, 0x3d, 0xa0, 0xb4, 0xaa, 0x46, 0x99, 0x51, 0xb3, 0x42, 0x95, 
    0x69, 0xb5, 0xeb, 0x44, 0xac, 0x4f, 0x8b, 0xc6, 0xdc, 0x1a, 0xd3, 0xab, 0x59, 
    0x86, 0x4c, 0x0f, 0x90, 0x45, 0xc0, 0xb6, 0x6d, 0xdb, 0x97, 0x64, 0x8f, 0x52, 
    0x3d, 0x4b, 0xb7, 0x60, 0xda, 0xb5, 0x6e, 0xf3, 0x22, 0x80, 0x1b, 0x96, 0xe7, 
    0xcf, 0xba, 0x75, 0xef, 0xf6, 0xd5, 0x4b, 0x98, 0xaf, 0xd3, 0xb4, 0x80, 0xe9, 
    0xf2, 0x3c, 0x1a, 0xf5, 0x00, 0xe1, 0xc7, 0x6a, 0xb7, 0xee, 0x4c, 0x7c, 0x76, 
    0x71, 0xe4, 0xc3, 0x8e, 0x1f, 0xeb, 0x35, 0x2c, 0x75, 0x32, 0x65, 0xaf, 0x7e, 
    0x2f, 0x4b, 0xd5, 0x0c, 0x39, 0xee, 0xdc, 0xcf, 0x56, 0xfd, 0xe2, 0x25, 0x9d, 
    0x97, 0xb3, 0x5f, 0xd4, 0x5d, 0x55, 0x87, 0x65, 0x5d, 0x3a, 0xec, 0x51, 0xd8, 
    0xa9, 0x19, 0x63, 0xa6, 0x5d, 0xf8, 0xf2, 0x6b, 0xdc, 0x49, 0x99, 0xce, 0xe6, 
    0x5d, 0xd8, 0xf6, 0x5f, 0xe0, 0x36, 0x2d, 0x0f, 0x26, 0xee, 0xd6, 0xb0, 0x65, 
    0xe4, 0x40, 0x95, 0x0f, 0x67, 0xce, 0x56, 0xf4, 0x73, 0xe8, 0x35, 0xa5, 0xef, 
    0xa6, 0xee, 0xda, 0x33, 0xf6, 0x96, 0xc2, 0xb7, 0x52, 0xff, 0xdf, 0xdb, 0x58, 
    0xee, 0xf7, 0xec, 0xba, 0x97, 0xf3, 0xe6, 0xdc, 0xf9, 0xf4, 0x79, 0x96, 0xb2, 
    0xc5, 0x13, 0x17, 0x7d, 0xf8, 0xf6, 0x7b, 0xf0, 0xe9, 0xd5, 0x93, 0x66, 0xdf, 
    0xfe, 0x3e, 0x7e, 0xfa, 0xdb, 0x69, 0xc6, 0x5f, 0x7f, 0xfe, 0xad, 0x14, 0x5f, 
    0x63, 0xac, 0x01, 0x58, 0x9f, 0x7b, 0x05, 0x0a, 0x35, 0xa0, 0x54, 0x62, 0x8d, 
    0xa5, 0x15, 0x52, 0x0d, 0xa6, 0xf4, 0xa0, 0x56, 0x18, 0x66, 0x75, 0x5c, 0x85, 
    0x28, 0x35, 0x95, 0xe1, 0x87, 0x13, 0x6e, 0xc8, 0xa1, 0x49, 0x07, 0x86, 0x08, 
    0x21, 0x88, 0xbf, 0x8d, 0x28, 0x54, 0x7e, 0x1a, 0x82, 0x95, 0x61, 0x8a, 0x2a, 
    0x96, 0x54, 0x62, 0x63, 0x6a, 0x5d, 0x68, 0x5c, 0x8c, 0x0e, 0x2a, 0x88, 0xd9, 
    0x89, 0x36, 0x52, 0x88, 0x23, 0x49, 0x36, 0x62, 0xe6, 0x21, 0x86, 0x22, 0xfe, 
    0x28, 0xd2, 0x90, 0x26, 0xf6, 0x58, 0xa4, 0x91, 0x20, 0xcd, 0x48, 0x16, 0x92, 
    0x1a, 0xda, 0xc7, 0xe4, 0x48, 0x4e, 0x82, 0x38, 0xa1, 0x94, 0x53, 0x86, 0x54, 
    0xa5, 0x90, 0x3d, 0x62, 0x99, 0xe5, 0x52, 0x2c, 0x72, 0xf9, 0x16, 0x94, 0x0b, 
    0x7e, 0x79, 0x64, 0x98, 0x2f, 0x09, 0x08, 0x20, 0x8c, 0x66, 0x76, 0x54, 0x62, 
    0x9a, 0xfb, 0xd1, 0xc7, 0x66, 0x9b, 0x1b, 0x1d, 0x08, 0x67, 0x82, 0xd6, 0x79, 
    0x49, 0xe7, 0x55, 0xf9, 0x65, 0xb6, 0x9e, 0x64, 0x0c, 0xee, 0x99, 0x51, 0x7c, 
    0x77, 0xd2, 0xe6, 0x9c, 0x9e, 0x82, 0x5e, 0x34, 0xa4, 0x9f, 0xf3, 0xf5, 0x15, 
    0x68, 0xa2, 0x16, 0xb9, 0x36, 0x9e, 0x75, 0x8f, 0x42, 0x4a, 0x91, 0xa4, 0xdc, 
    0x91, 0x65, 0xe9, 0x55, 0xd6, 0x4d, 0xaa, 0xe9, 0xa6, 0x8a, 0x62, 0xca, 0x1c, 
    0xa5, 0x95, 0x82, 0xea, 0x90, 0x9d, 0x9e, 0xde, 0x68, 0xea, 0xa5, 0x7d, 0x32, 
    0x8a, 0x27, 0xa0, 0xab, 0xb2, 0xff, 0x2a, 0xe7, 0xa8, 0xe5, 0x95, 0x1a, 0xab, 
    0x4b, 0x2c, 0x16, 0xaa, 0x66, 0xad, 0xb7, 0x4a, 0x44, 0xa6, 0xae, 0x9b, 0xad, 
    0xb9, 0x64, 0xaf, 0x2e, 0xe9, 0x08, 0xec, 0x98, 0x44, 0xda, 0x4a, 0xac, 0x5d, 
    0x17, 0xc6, 0x34, 0x66, 0xb3, 0xc3, 0x2e, 0x6b, 0x57, 0x98, 0x2d, 0x92, 0x19, 
    0xa5, 0xb2, 0xd2, 0x02, 0x60, 0xad, 0x95, 0x1f, 0xfa, 0x98, 0xed, 0x41, 0x41, 
    0x72, 0x1b, 0xe2, 0xb7, 0x09, 0x6d, 0x2b, 0xee, 0x8b, 0xd1, 0x66, 0xbb, 0x25, 
    0x97, 0x2e, 0x12, 0x89, 0x28, 0xb9, 0xa1, 0x75, 0x5b, 0x1c, 0xba, 0xef, 0x7e, 
    0x1b, 0x5e, 0x88, 0xbd, 0xbd, 0x68, 0x1e, 0xb9, 0xe0, 0x52, 0x1b, 0x60, 0x73, 
    0x3a, 0x12, 0xc8, 0xaf, 0x41, 0x5b, 0x1e, 0xdb, 0x6c, 0xbd, 0xf0, 0x4a, 0xf8, 
    0x64, 0x6f, 0xc2, 0x7a, 0x3b, 0xf0, 0x40, 0x44, 0x2d, 0x1c, 0x2c, 0xa9, 0x0e, 
    0x3f, 0x4c, 0x30, 0x51, 0xda, 0xc2, 0xb4, 0xd7, 0x4c, 0x45, 0x59, 0xcc, 0x29, 
    0xb6, 0x1e, 0x87, 0x2c, 0xf2, 0xc8, 0x24, 0x97, 0x6c, 0xf2, 0xc9, 0x28, 0xa7, 
    0xac, 0xf2, 0xca, 0x2c, 0xb7, 0xec, 0xf2, 0xcb, 0x30, 0xc7, 0x2c, 0xf3, 0xcc, 
    0x34, 0xd7, 0x6c, 0xf3, 0xcd, 0x38, 0xe7, 0xac, 0xf3, 0xce, 0x3c, 0xf7, 0xec, 
    0xf3, 0xcf, 0x40, 0x07, 0x2d, 0xf4, 0xd0, 0x44, 0xbf, 0x57, 0x80, 0x02, 0x48, 
    0x27, 0xad, 0xf4, 0xd2, 0x4c, 0x37, 0xed, 0xf4, 0xd3, 0x50, 0x47, 0x2d, 0xf5, 
    0xd4, 0x54, 0x57, 0x6d, 0x75, 0xd2, 0x03, 0x38, 0x64, 0xc0, 0xb9, 0x5c, 0x77, 
    0xed, 0xf5, 0xd7, 0x60, 0x87, 0xcd, 0x2d, 0x01, 0x5a, 0x8b, 0x6d, 0xf6, 0xd9, 
    0x68, 0xa7, 0xfd, 0x35, 0xd9, 0x0d, 0x6d, 0xad, 0xf6, 0xdb, 0x70, 0xc7, 0x7d, 
    0x36, 0xdb, 0x0c, 0xb9, 0x2d, 0xf7, 0xdd, 0x78, 0xe7, 0xad, 0x15, 0xdd, 0x0b, 
    0xd9, 0x3c, 0xad, 0xf7, 0xdf, 0x80, 0xbf, 0xcd, 0xb7, 0x42, 0x7e, 0x07, 0x6e, 
    0xf8, 0xe1, 0x5e, 0x0f, 0x9e, 0x50, 0xe1, 0x88, 0x37, 0xee, 0x38, 0x86, 0x8a, 
    0x23, 0xc4, 0xf8, 0xe3, 0x94, 0x3f, 0x1e, 0xf9, 0x41, 0x02, 0x44, 0xa8, 0xf9, 
    0xe6, 0x9c, 0x77, 0xee, 0xf9, 0xe7, 0xa0, 0x87, 0x2e, 0x7a, 0x4c, 0x01, 0x14, 
    0x6d, 0xfa, 0xe9, 0xa8, 0xa7, 0xae, 0xfa, 0xea, 0x01, 0x01, 0x00, 0x21, 0xf9, 
    0x04, 0x09, 0x04, 0x00, 0x00, 0x00, 0x2c, 0x07, 0x00, 0x08, 0x00, 0x8d, 0x00, 
    0x6c, 0x00, 0x87, 0x00, 0x00, 0x00, 0x12, 0x04, 0x05, 0x16, 0x06, 0x06, 0x2d, 
    0x0b, 0x0b, 0x31, 0x0c, 0x0d, 0x38, 0x0d, 0x0e, 0x3c, 0x0f, 0x0f, 0x48, 0x12, 
    0x12, 0x58, 0x16, 0x16, 0x8b, 0x22, 0x23, 0xb5, 0x2d, 0x2e, 0xc0, 0x2f, 0x30, 
    0x00, 0x00, 0x00, 0x00, 0x00, 0x00, 0x00, 0x00, 0x00, 0x00, 0x00, 0x00, 0x00, 
    0x00, 0x00, 0x00, 0x00, 0x00, 0x00, 0x00, 0x00, 0x00, 0x00, 0x00, 0x00, 0x00, 
    0x00, 0x00, 0x00, 0x00, 0x00, 0x00, 0x00, 0x00, 0x00, 0x00, 0x00, 0x00, 0x00, 
    0x00, 0x00, 0x00, 0x00, 0x00, 0x00, 0x00, 0x00, 0x00, 0x00, 0x00, 0x00, 0x00, 
    0x00, 0x00, 0x00, 0x00, 0x00, 0x00, 0x00, 0x00, 0x00, 0x00, 0x00, 0x00, 0x00, 
    0x00, 0x00, 0x00, 0x00, 0x00, 0x00, 0x00, 0x00, 0x00, 0x00, 0x00, 0x00, 0x00, 
    0x00, 0x00, 0x00, 0x00, 0x00, 0x00, 0x00, 0x00, 0x00, 0x00, 0x00, 0x00, 0x00, 
    0x00, 0x00, 0x00, 0x00, 0x00, 0x00, 0x00, 0x00, 0x00, 0x00, 0x00, 0x00, 0x00, 
    0x00, 0x00, 0x00, 0x00, 0x00, 0x00, 0x00, 0x00, 0x00, 0x00, 0x00, 0x00, 0x00, 
    0x00, 0x00, 0x00, 0x00, 0x00, 0x00, 0x00, 0x00, 0x00, 0x00, 0x00, 0x00, 0x00, 
    0x00, 0x00, 0x00, 0x00, 0x00, 0x00, 0x00, 0x00, 0x00, 0x00, 0x00, 0x00, 0x00, 
    0x00, 0x00, 0x00, 0x00, 0x00, 0x00, 0x00, 0x00, 0x00, 0x00, 0x00, 0x00, 0x00, 
    0x00, 0x00, 0x00, 0x00, 0x00, 0x00, 0x00, 0x00, 0x00, 0x00, 0x00, 0x00, 0x00, 
    0x00, 0x00, 0x00, 0x00, 0x00, 0x00, 0x00, 0x00, 0x00, 0x00, 0x00, 0x00, 0x00, 
    0x00, 0x00, 0x00, 0x00, 0x00, 0x00, 0x00, 0x00, 0x00, 0x00, 0x00, 0x00, 0x00, 
    0x00, 0x00, 0x00, 0x00, 0x00, 0x00, 0x00, 0x00, 0x00, 0x00, 0x00, 0x00, 0x00, 
    0x00, 0x00, 0x00, 0x00, 0x00, 0x00, 0x00, 0x00, 0x00, 0x00, 0x00, 0x00, 0x00, 
    0x00, 0x00, 0x00, 0x00, 0x00, 0x00, 0x00, 0x00, 0x00, 0x00, 0x00, 0x00, 0x00, 
    0x00, 0x00, 0x00, 0x00, 0x00, 0x00, 0x00, 0x00, 0x00, 0x00, 0x00, 0x00, 0x00, 
    0x00, 0x00, 0x00, 0x00, 0x00, 0x00, 0x00, 0x00, 0x00, 0x00, 0x00, 0x00, 0x00, 
    0x00, 0x00, 0x00, 0x00, 0x00, 0x00, 0x00, 0x00, 0x00, 0x00, 0x00, 0x00, 0x00, 
    0x00, 0x00, 0x00, 0x00, 0x00, 0x00, 0x00, 0x00, 0x00, 0x00, 0x00, 0x00, 0x00, 
    0x00, 0x00, 0x00, 0x00, 0x00, 0x00, 0x00, 0x00, 0x00, 0x00, 0x00, 0x00, 0x00, 
    0x00, 0x00, 0x00, 0x00, 0x00, 0x00, 0x00, 0x00, 0x00, 0x00, 0x00, 0x00, 0x00, 
    0x00, 0x00, 0x00, 0x00, 0x00, 0x00, 0x00, 0x00, 0x00, 0x00, 0x00, 0x00, 0x00, 
    0x00, 0x00, 0x00, 0x00, 0x00, 0x00, 0x00, 0x00, 0x00, 0x00, 0x00, 0x00, 0x00, 
    0x00, 0x00, 0x00, 0x00, 0x00, 0x00, 0x00, 0x00, 0x00, 0x00, 0x00, 0x00, 0x00, 
    0x00, 0x00, 0x00, 0x00, 0x00, 0x00, 0x00, 0x00, 0x00, 0x00, 0x00, 0x00, 0x00, 
    0x00, 0x00, 0x00, 0x00, 0x00, 0x00, 0x00, 0x00, 0x00, 0x00, 0x00, 0x00, 0x00, 
    0x00, 0x00, 0x00, 0x00, 0x00, 0x00, 0x00, 0x00, 0x00, 0x00, 0x00, 0x00, 0x00, 
    0x00, 0x00, 0x00, 0x00, 0x00, 0x00, 0x00, 0x00, 0x00, 0x00, 0x00, 0x00, 0x00, 
    0x00, 0x00, 0x00, 0x00, 0x00, 0x00, 0x00, 0x00, 0x00, 0x00, 0x00, 0x00, 0x00, 
    0x00, 0x00, 0x00, 0x00, 0x00, 0x00, 0x00, 0x00, 0x00, 0x00, 0x00, 0x00, 0x00, 
    0x00, 0x00, 0x00, 0x00, 0x00, 0x00, 0x00, 0x00, 0x00, 0x00, 0x00, 0x00, 0x00, 
    0x00, 0x00, 0x00, 0x00, 0x00, 0x00, 0x00, 0x00, 0x00, 0x00, 0x00, 0x00, 0x00, 
    0x00, 0x00, 0x00, 0x00, 0x00, 0x00, 0x00, 0x00, 0x00, 0x00, 0x00, 0x00, 0x00, 
    0x00, 0x00, 0x00, 0x00, 0x00, 0x00, 0x00, 0x00, 0x00, 0x00, 0x00, 0x00, 0x00, 
    0x00, 0x00, 0x00, 0x00, 0x00, 0x00, 0x00, 0x00, 0x00, 0x00, 0x00, 0x00, 0x00, 
    0x00, 0x00, 0x00, 0x00, 0x00, 0x00, 0x00, 0x00, 0x00, 0x00, 0x00, 0x00, 0x00, 
    0x00, 0x00, 0x00, 0x00, 0x00, 0x00, 0x00, 0x00, 0x00, 0x00, 0x00, 0x00, 0x00, 
    0x00, 0x00, 0x00, 0x00, 0x00, 0x00, 0x00, 0x00, 0x00, 0x00, 0x00, 0x00, 0x00, 
    0x00, 0x00, 0x00, 0x00, 0x00, 0x00, 0x00, 0x00, 0x00, 0x00, 0x00, 0x00, 0x00, 
    0x00, 0x00, 0x00, 0x00, 0x00, 0x00, 0x00, 0x00, 0x00, 0x00, 0x00, 0x00, 0x00, 
    0x00, 0x00, 0x00, 0x00, 0x00, 0x00, 0x00, 0x00, 0x00, 0x00, 0x00, 0x00, 0x00, 
    0x00, 0x00, 0x00, 0x00, 0x00, 0x00, 0x00, 0x00, 0x00, 0x00, 0x00, 0x00, 0x00, 
    0x00, 0x00, 0x00, 0x00, 0x00, 0x00, 0x00, 0x00, 0x00, 0x00, 0x00, 0x00, 0x00, 
    0x00, 0x00, 0x00, 0x00, 0x00, 0x00, 0x00, 0x00, 0x00, 0x00, 0x00, 0x00, 0x00, 
    0x00, 0x00, 0x00, 0x00, 0x00, 0x00, 0x00, 0x00, 0x00, 0x00, 0x00, 0x00, 0x00, 
    0x00, 0x00, 0x00, 0x00, 0x00, 0x00, 0x00, 0x00, 0x00, 0x00, 0x00, 0x00, 0x00, 
    0x00, 0x00, 0x00, 0x00, 0x00, 0x00, 0x00, 0x00, 0x00, 0x00, 0x00, 0x00, 0x00, 
    0x00, 0x00, 0x00, 0x00, 0x00, 0x00, 0x00, 0x00, 0x00, 0x00, 0x00, 0x00, 0x00, 
    0x00, 0x00, 0x00, 0x00, 0x00, 0x00, 0x00, 0x00, 0x00, 0x00, 0x00, 0x00, 0x00, 
    0x00, 0x00, 0x00, 0x00, 0x00, 0x00, 0x00, 0x00, 0x00, 0x00, 0x00, 0x00, 0x00, 
    0x00, 0x00, 0x00, 0x00, 0x00, 0x00, 0x00, 0x00, 0x00, 0x00, 0x00, 0x00, 0x00, 
    0x00, 0x00, 0x00, 0x00, 0x00, 0x00, 0x00, 0x00, 0x00, 0x00, 0x00, 0x00, 0x00, 
    0x00, 0x00, 0x00, 0x00, 0x00, 0x00, 0x00, 0x00, 0x00, 0x00, 0x00, 0x00, 0x00, 
    0x00, 0x00, 0x00, 0x00, 0x08, 0xff, 0x00, 0x01, 0x08, 0x1c, 0x48, 0xb0, 0xa0, 
    0xc1, 0x83, 0x08, 0x13, 0x2a, 0x44, 0x78, 0xa0, 0xa1, 0xc3, 0x87, 0x0e, 0x17, 
    0x4a, 0x9c, 0x48, 0xb1, 0xa2, 0xc5, 0x8b, 0x18, 0x15, 0x3a, 0x4c, 0xc0, 0x91, 
    0xe3, 0x81, 0x8e, 0x1e, 0x1b, 0x66, 0x1c, 0x49, 0xb2, 0xa4, 0xc9, 0x8b, 0x1b, 
    0x21, 0xaa, 0x6c, 0x98, 0x20, 0xe2, 0xc9, 0x97, 0x30, 0x63, 0x5a, 0x64, 0xe9, 
    0x70, 0x81, 0xcd, 0x9b, 0x38, 0x17, 0xa4, 0x3c, 0x20, 0xb3, 0xa7, 0x4f, 0x9f, 
    0x10, 0x73, 0x0a, 0xc5, 0x09, 0xf1, 0xa7, 0xd1, 0xa3, 0x18, 0x83, 0xde, 0x5c, 
    0xf9, 0x90, 0xe8, 0x43, 0xa4, 0x50, 0xa3, 0x1a, 0xa4, 0x79, 0xc0, 0x29, 0x82, 
    0xab, 0x58, 0xb1, 0x36, 0x74, 0xda, 0x92, 0xa7, 0xd4, 0xaf, 0x47, 0xa9, 0x5a, 
    0xcd, 0x4a, 0x16, 0xc1, 0xd6, 0xa5, 0x1f, 0x45, 0x82, 0x5d, 0x1b, 0x53, 0x2c, 
    0xda, 0xb2, 0x70, 0xcf, 0xda, 0xa4, 0xca, 0xb6, 0xae, 0xc9, 0x8f, 0x2d, 0x73, 
    0x1e, 0x80, 0xcb, 0xb7, 0x2a, 0x51, 0x8f, 0x76, 0x03, 0x67, 0xc4, 0xeb, 0x77, 
    0xee, 0x5e, 0xbe, 0x65, 0xe5, 0xea, 0x04, 0x2c, 0xb8, 0x31, 0xc5, 0xb4, 0x85, 
    0x75, 0x22, 0xee, 0xcb, 0xd5, 0xab, 0xe3, 0xcb, 0x09, 0xd3, 0x8e, 0x9d, 0x4c, 
    0x56, 0x71, 0x5a, 0xcc, 0xa0, 0x0f, 0x6a, 0x5e, 0xca, 0x99, 0xf2, 0xd2, 0x96, 
    0xa1, 0x53, 0x0f, 0x1c, 0xad, 0xf3, 0x70, 0xe9, 0xce, 0x85, 0x3f, 0xab, 0x0e, 
    0x4d, 0x93, 0xf4, 0xeb, 0xb8, 0xa7, 0xd5, 0xce, 0xbe, 0x4c, 0xf8, 0xed, 0xed, 
    0xac, 0x72, 0x09, 0xef, 0xc6, 0xdc, 0xdb, 0xf6, 0xef, 0xab, 0x91, 0x85, 0x0f, 
    0x77, 0x5c, 0xdc, 0xf0, 0x71, 0xb3, 0xc9, 0x19, 0x2f, 0x17, 0x5c, 0x9b, 0xe8, 
    0xf3, 0xc8, 0x8b, 0x75, 0x4f, 0x0f, 0xcc, 0xda, 0xf9, 0x6d, 0xc5, 0xd9, 0xb7, 
    0x33, 0xff, 0xcf, 0xab, 0xf7, 0x37, 0xf6, 0xf0, 0xe2, 0xa9, 0x93, 0xdf, 0x3c, 
    0x19, 0x3c, 0xfa, 0xf4, 0x76, 0xbb, 0xfb, 0x46, 0xec, 0xfe, 0x3d, 0x7c, 0xb6, 
    0xf2, 0x8d, 0x9b, 0x16, 0x2a, 0xfb, 0x3e, 0xfe, 0xfa, 0xad, 0x31, 0x55, 0xd3, 
    0x50, 0x2e, 0xf9, 0xf7, 0xdf, 0x50, 0x08, 0x26, 0xa8, 0x97, 0x65, 0x06, 0xae, 
    0x35, 0xa0, 0x82, 0x10, 0x3a, 0xc5, 0x60, 0x83, 0x5f, 0xe5, 0xb7, 0x60, 0x6b, 
    0x10, 0xf6, 0x47, 0x61, 0x85, 0xeb, 0x11, 0xa8, 0x54, 0x82, 0x1a, 0x6e, 0x18, 
    0x95, 0x85, 0x68, 0x61, 0x98, 0x21, 0x6a, 0x22, 0x56, 0x08, 0x20, 0x86, 0x5b, 
    0xad, 0x18, 0x60, 0x8a, 0x60, 0xb9, 0x68, 0xd8, 0x83, 0x1e, 0xc2, 0x18, 0xa3, 
    0x8b, 0x2d, 0x9e, 0x27, 0xa1, 0x8d, 0x1c, 0xea, 0x88, 0x16, 0x8d, 0xfc, 0xa1, 
    0xc8, 0x23, 0x54, 0x24, 0x46, 0xa8, 0x97, 0x90, 0x43, 0x86, 0xd5, 0x21, 0x7f, 
    0x4d, 0x81, 0x88, 0x64, 0x92, 0x3f, 0x59, 0xf8, 0x90, 0x56, 0x40, 0xce, 0xf5, 
    0x24, 0x94, 0x3d, 0xe5, 0xd7, 0x10, 0x7d, 0xe7, 0x85, 0x88, 0xa5, 0x4c, 0xf2, 
    0x6d, 0xd9, 0x1e, 0x76, 0x5e, 0x7e, 0x09, 0x53, 0x77, 0x62, 0x72, 0xe6, 0xd9, 
    0x95, 0x66, 0xbe, 0x84, 0xa6, 0x79, 0x7f, 0x4d, 0xd8, 0xa6, 0x9b, 0xeb, 0xa5, 
    0x59, 0x5a, 0x70, 0x6c, 0xce, 0x59, 0xd2, 0x83, 0xae, 0x7d, 0xf7, 0xa3, 0x9e, 
    0x60, 0x26, 0x77, 0x9d, 0x53, 0x80, 0xb6, 0x25, 0xe8, 0x71, 0xc9, 0xc9, 0x59, 
    0xe8, 0x48, 0x9e, 0x0d, 0x8a, 0xd6, 0xa2, 0x27, 0xd1, 0xd8, 0xe7, 0x6b, 0x89, 
    0x2a, 0x0a, 0x69, 0x45, 0x6f, 0x22, 0x1a, 0xe7, 0xa5, 0x24, 0xa1, 0x39, 0xe9, 
    0x98, 0x9b, 0x72, 0x3a, 0xd8, 0x92, 0x9f, 0xd2, 0x77, 0xa4, 0xa5, 0xa2, 0x2e, 
    0x14, 0x66, 0xa9, 0x89, 0x91, 0x99, 0x67, 0xaa, 0x1a, 0xb9, 0xff, 0x67, 0x67, 
    0x5c, 0x5d, 0x6a, 0x07, 0xeb, 0x44, 0x00, 0xce, 0x0a, 0x9c, 0x8f, 0xb6, 0xde, 
    0x1a, 0xab, 0x8f, 0x01, 0xba, 0xd6, 0xa4, 0x87, 0xa8, 0xfa, 0x4a, 0x50, 0x91, 
    0x3f, 0xca, 0x68, 0x9f, 0xb1, 0x0c, 0x29, 0x6b, 0xe4, 0x8e, 0xcc, 0xc6, 0xfa, 
    0xec, 0xb4, 0x86, 0x45, 0x9b, 0x99, 0xb3, 0xd4, 0xce, 0x68, 0xad, 0x68, 0x4b, 
    0x32, 0xb9, 0xd2, 0x89, 0xc5, 0x1a, 0x0b, 0x99, 0x82, 0xa5, 0x02, 0xdb, 0xda, 
    0xab, 0xcc, 0x56, 0xe7, 0x21, 0xad, 0x4e, 0xf6, 0xba, 0x2d, 0x00, 0x45, 0xea, 
    0x0a, 0x5d, 0xbb, 0xef, 0x72, 0x0b, 0xac, 0xbc, 0x2b, 0x96, 0xf9, 0xee, 0x87, 
    0x3f, 0xd2, 0x5a, 0x6b, 0x81, 0xf5, 0x1e, 0xcb, 0xaf, 0x43, 0xfe, 0x4a, 0x08, 
    0x70, 0xc0, 0xa2, 0xa9, 0x04, 0x2f, 0xc1, 0x4f, 0xad, 0x84, 0xb0, 0x9b, 0xee, 
    0x3e, 0x2c, 0xf1, 0xc4, 0x14, 0x57, 0x6c, 0xf1, 0xc5, 0x18, 0x67, 0xac, 0xf1, 
    0xc6, 0x1c, 0x77, 0xec, 0xf1, 0xc7, 0x20, 0x87, 0x2c, 0xf2, 0xc8, 0x24, 0x97, 
    0x6c, 0xf2, 0xc9, 0x28, 0xa7, 0xac, 0xf2, 0xca, 0x2c, 0xb7, 0xec, 0xf2, 0xcb, 
    0x30, 0xc7, 0x2c, 0xf3, 0xcc, 0xbe, 0x16, 0xa0, 0xc0, 0xcd, 0x38, 0xe7, 0xac, 
    0xf3, 0xce, 0x3c, 0xf7, 0xec, 0xf3, 0xcf, 0x40, 0x07, 0x2d, 0xf4, 0xd0, 0x44, 
    0x17, 0x8d, 0xf3, 0x00, 0x06, 0x64, 0xab, 0xf4, 0xd2, 0x4c, 0x37, 0xed, 0xb4, 
    0xd3, 0x04, 0x24, 0xfd, 0xf4, 0xd4, 0x54, 0x57, 0x6d, 0xb5, 0x91, 0x51, 0x5f, 
    0xad, 0xf5, 0xd6, 0x5c, 0x37, 0x9d, 0x75, 0xd7, 0x60, 0x87, 0x2d, 0x36, 0x4e, 
    0x5f, 0x8f, 0x6d, 0xf6, 0xd9, 0x55, 0x97, 0x8d, 0xf6, 0xda, 0x6c, 0x53, 0xab, 
    0x76, 0xdb, 0x70, 0xc7, 0x2d, 0xd4, 0xdb, 0x72, 0xd7, 0x0d, 0x37, 0x01, 0x02, 
    0x08, 0xa8, 0xf7, 0xde, 0x7c, 0xf7, 0x0b, 0xed, 0xf7, 0xdf, 0x80, 0x07, 0x2e, 
    0xf8, 0x43, 0x01, 0x04, 0x04, 0x00, 0x21, 0xf9, 0x04, 0x09, 0x04, 0x00, 0x00, 
    0x00, 0x2c, 0x07, 0x00, 0x0a, 0x00, 0x8d, 0x00, 0x6a, 0x00, 0x87, 0x00, 0x00, 
    0x00, 0x12, 0x04, 0x05, 0x16, 0x06, 0x06, 0x2d, 0x0b, 0x0b, 0x31, 0x0c, 0x0d, 
    0x38, 0x0d, 0x0e, 0x3c, 0x0f, 0x0f, 0x48, 0x12, 0x12, 0x58, 0x16, 0x16, 0x8b, 
    0x22, 0x23, 0xb5, 0x2d, 0x2e, 0xc0, 0x2f, 0x30, 0x00, 0x00, 0x00, 0x00, 0x00, 
    0x00, 0x00, 0x00, 0x00, 0x00, 0x00, 0x00, 0x00, 0x00, 0x00, 0x00, 0x00, 0x00, 
    0x00, 0x00, 0x00, 0x00, 0x00, 0x00, 0x00, 0x00, 0x00, 0x00, 0x00, 0x00, 0x00, 
    0x00, 0x00, 0x00, 0x00, 0x00, 0x00, 0x00, 0x00, 0x00, 0x00, 0x00, 0x00, 0x00, 
    0x00, 0x00, 0x00, 0x00, 0x00, 0x00, 0x00, 0x00, 0x00, 0x00, 0x00, 0x00, 0x00, 
    0x00, 0x00, 0x00, 0x00, 0x00, 0x00, 0x00, 0x00, 0x00, 0x00, 0x00, 0x00, 0x00, 
    0x00, 0x00, 0x00, 0x00, 0x00, 0x00, 0x00, 0x00, 0x00, 0x00, 0x00, 0x00, 0x00, 
    0x00, 0x00, 0x00, 0x00, 0x00, 0x00, 0x00, 0x00, 0x00, 0x00, 0x00, 0x00, 0x00, 
    0x00, 0x00, 0x00, 0x00, 0x00, 0x00, 0x00, 0x00, 0x00, 0x00, 0x00, 0x00, 0x00, 
    0x00, 0x00, 0x00, 0x00, 0x00, 0x00, 0x00, 0x00, 0x00, 0x00, 0x00, 0x00, 0x00, 
    0x00, 0x00, 0x00, 0x00, 0x00, 0x00, 0x00, 0x00, 0x00, 0x00, 0x00, 0x00, 0x00, 
    0x00, 0x00, 0x00, 0x00, 0x00, 0x00, 0x00, 0x00, 0x00, 0x00, 0x00, 0x00, 0x00, 
    0x00, 0x00, 0x00, 0x00, 0x00, 0x00, 0x00, 0x00, 0x00, 0x00, 0x00, 0x00, 0x00, 
    0x00, 0x00, 0x00, 0x00, 0x00, 0x00, 0x00, 0x00, 0x00, 0x00, 0x00, 0x00, 0x00, 
    0x00, 0x00, 0x00, 0x00, 0x00, 0x00, 0x00, 0x00, 0x00, 0x00, 0x00, 0x00, 0x00, 
    0x00, 0x00, 0x00, 0x00, 0x00, 0x00, 0x00, 0x00, 0x00, 0x00, 0x00, 0x00, 0x00, 
    0x00, 0x00, 0x00, 0x00, 0x00, 0x00, 0x00, 0x00, 0x00, 0x00, 0x00, 0x00, 0x00, 
    0x00, 0x00, 0x00, 0x00, 0x00, 0x00, 0x00, 0x00, 0x00, 0x00, 0x00, 0x00, 0x00, 
    0x00, 0x00, 0x00, 0x00, 0x00, 0x00, 0x00, 0x00, 0x00, 0x00, 0x00, 0x00, 0x00, 
    0x00, 0x00, 0x00, 0x00, 0x00, 0x00, 0x00, 0x00, 0x00, 0x00, 0x00, 0x00, 0x00, 
    0x00, 0x00, 0x00, 0x00, 0x00, 0x00, 0x00, 0x00, 0x00, 0x00, 0x00, 0x00, 0x00, 
    0x00, 0x00, 0x00, 0x00, 0x00, 0x00, 0x00, 0x00, 0x00, 0x00, 0x00, 0x00, 0x00, 
    0x00, 0x00, 0x00, 0x00, 0x00, 0x00, 0x00, 0x00, 0x00, 0x00, 0x00, 0x00, 0x00, 
    0x00, 0x00, 0x00, 0x00, 0x00, 0x00, 0x00, 0x00, 0x00, 0x00, 0x00, 0x00, 0x00, 
    0x00, 0x00, 0x00, 0x00, 0x00, 0x00, 0x00, 0x00, 0x00, 0x00, 0x00, 0x00, 0x00, 
    0x00, 0x00, 0x00, 0x00, 0x00, 0x00, 0x00, 0x00, 0x00, 0x00, 0x00, 0x00, 0x00, 
    0x00, 0x00, 0x00, 0x00, 0x00, 0x00, 0x00, 0x00, 0x00, 0x00, 0x00, 0x00, 0x00, 
    0x00, 0x00, 0x00, 0x00, 0x00, 0x00, 0x00, 0x00, 0x00, 0x00, 0x00, 0x00, 0x00, 
    0x00, 0x00, 0x00, 0x00, 0x00, 0x00, 0x00, 0x00, 0x00, 0x00, 0x00, 0x00, 0x00, 
    0x00, 0x00, 0x00, 0x00, 0x00, 0x00, 0x00, 0x00, 0x00, 0x00, 0x00, 0x00, 0x00, 
    0x00, 0x00, 0x00, 0x00, 0x00, 0x00, 0x00, 0x00, 0x00, 0x00, 0x00, 0x00, 0x00, 
    0x00, 0x00, 0x00, 0x00, 0x00, 0x00, 0x00, 0x00, 0x00, 0x00, 0x00, 0x00, 0x00, 
    0x00, 0x00, 0x00, 0x00, 0x00, 0x00, 0x00, 0x00, 0x00, 0x00, 0x00, 0x00, 0x00, 
    0x00, 0x00, 0x00, 0x00, 0x00, 0x00, 0x00, 0x00, 0x00, 0x00, 0x00, 0x00, 0x00, 
    0x00, 0x00, 0x00, 0x00, 0x00, 0x00, 0x00, 0x00, 0x00, 0x00, 0x00, 0x00, 0x00, 
    0x00, 0x00, 0x00, 0x00, 0x00, 0x00, 0x00, 0x00, 0x00, 0x00, 0x00, 0x00, 0x00, 
    0x00, 0x00, 0x00, 0x00, 0x00, 0x00, 0x00, 0x00, 0x00, 0x00, 0x00, 0x00, 0x00, 
    0x00, 0x00, 0x00, 0x00, 0x00, 0x00, 0x00, 0x00, 0x00, 0x00, 0x00, 0x00, 0x00, 
    0x00, 0x00, 0x00, 0x00, 0x00, 0x00, 0x00, 0x00, 0x00, 0x00, 0x00, 0x00, 0x00, 
    0x00, 0x00, 0x00, 0x00, 0x00, 0x00, 0x00, 0x00, 0x00, 0x00, 0x00, 0x00, 0x00, 
    0x00, 0x00, 0x00, 0x00, 0x00, 0x00, 0x00, 0x00, 0x00, 0x00, 0x00, 0x00, 0x00, 
    0x00, 0x00, 0x00, 0x00, 0x00, 0x00, 0x00, 0x00, 0x00, 0x00, 0x00, 0x00, 0x00, 
    0x00, 0x00, 0x00, 0x00, 0x00, 0x00, 0x00, 0x00, 0x00, 0x00, 0x00, 0x00, 0x00, 
    0x00, 0x00, 0x00, 0x00, 0x00, 0x00, 0x00, 0x00, 0x00, 0x00, 0x00, 0x00, 0x00, 
    0x00, 0x00, 0x00, 0x00, 0x00, 0x00, 0x00, 0x00, 0x00, 0x00, 0x00, 0x00, 0x00, 
    0x00, 0x00, 0x00, 0x00, 0x00, 0x00, 0x00, 0x00, 0x00, 0x00, 0x00, 0x00, 0x00, 
    0x00, 0x00, 0x00, 0x00, 0x00, 0x00, 0x00, 0x00, 0x00, 0x00, 0x00, 0x00, 0x00, 
    0x00, 0x00, 0x00, 0x00, 0x00, 0x00, 0x00, 0x00, 0x00, 0x00, 0x00, 0x00, 0x00, 
    0x00, 0x00, 0x00, 0x00, 0x00, 0x00, 0x00, 0x00, 0x00, 0x00, 0x00, 0x00, 0x00, 
    0x00, 0x00, 0x00, 0x00, 0x00, 0x00, 0x00, 0x00, 0x00, 0x00, 0x00, 0x00, 0x00, 
    0x00, 0x00, 0x00, 0x00, 0x00, 0x00, 0x00, 0x00, 0x00, 0x00, 0x00, 0x00, 0x00, 
    0x00, 0x00, 0x00, 0x00, 0x00, 0x00, 0x00, 0x00, 0x00, 0x00, 0x00, 0x00, 0x00, 
    0x00, 0x00, 0x00, 0x00, 0x00, 0x00, 0x00, 0x00, 0x00, 0x00, 0x00, 0x00, 0x00, 
    0x00, 0x00, 0x00, 0x00, 0x00, 0x00, 0x00, 0x00, 0x00, 0x00, 0x00, 0x00, 0x00, 
    0x00, 0x00, 0x00, 0x00, 0x00, 0x00, 0x00, 0x00, 0x00, 0x00, 0x00, 0x00, 0x00, 
    0x00, 0x00, 0x00, 0x00, 0x00, 0x00, 0x00, 0x00, 0x00, 0x00, 0x00, 0x00, 0x00, 
    0x00, 0x00, 0x00, 0x00, 0x00, 0x00, 0x00, 0x00, 0x00, 0x00, 0x00, 0x00, 0x08, 
    0xff, 0x00, 0x01, 0x08, 0x1c, 0x48, 0xb0, 0xa0, 0xc1, 0x83, 0x08, 0x13, 0x2a, 
    0x44, 0x78, 0xa0, 0xa1, 0xc3, 0x87, 0x0e, 0x17, 0x4a, 0x9c, 0x48, 0xb1, 0xa2, 
    0xc5, 0x8b, 0x18, 0x15, 0x3a, 0x4c, 0xc0, 0x91, 0xe3, 0x81, 0x8e, 0x1e, 0x1b, 
    0x66, 0x1c, 0x49, 0xb2, 0xa4, 0xc9, 0x8b, 0x1b, 0x21, 0xaa, 0x6c, 0x98, 0x20, 
    0xe2, 0xc9, 0x97, 0x30, 0x63, 0x5a, 0x64, 0xe9, 0x70, 0x81, 0xcd, 0x9b, 0x38, 
    0x17, 0xa4, 0x3c, 0x20, 0xb3, 0xa7, 0x4f, 0x9f, 0x10, 0x73, 0x0a, 0xc5, 0x09, 
    0xf1, 0xa7, 0xd1, 0xa3, 0x18, 0x83, 0xde, 0x5c, 0xf9, 0x90, 0xe8, 0x43, 0xa4, 
    0x50, 0xa3, 0x1a, 0xa4, 0x79, 0xc0, 0x29, 0x82, 0xab, 0x58, 0xb1, 0x36, 0x74, 
    0xda, 0x92, 0xa7, 0xd4, 0xaf, 0x47, 0xa9, 0x5a, 0xcd, 0x4a, 0x16, 0xc1, 0xd6, 
    0xa5, 0x1f, 0x45, 0x82, 0x5d, 0x1b, 0x53, 0x2c, 0xda, 0xb2, 0x70, 0xcf, 0xda, 
    0xa4, 0xca, 0xb6, 0xae, 0xc9, 0x8f, 0x2d, 0x73, 0x1e, 0x80, 0xcb, 0xb7, 0x2a, 
    0x51, 0x8f, 0x76, 0x03, 0x67, 0xc4, 0xeb, 0x77, 0xee, 0x5e, 0xbe, 0x65, 0xe5, 
    0xea, 0x04, 0x2c, 0xb8, 0x31, 0xc5, 0xb4, 0x85, 0x75, 0x22, 0xee, 0xcb, 0xd5, 
    0xab, 0xe3, 0xcb, 0x09, 0xd3, 0x8e, 0x9d, 0x4c, 0x56, 0x71, 0x5a, 0xcc, 0xa0, 
    0x0f, 0x6a, 0x5e, 0xca, 0x99, 0xf2, 0xd2, 0x96, 0xa1, 0x53, 0x0f, 0x1c, 0xad, 
    0xf3, 0x70, 0xe9, 0xce, 0x85, 0x3f, 0xab, 0x0e, 0x4d, 0x93, 0xf4, 0xeb, 0xb8, 
    0xa7, 0xd5, 0xce, 0xbe, 0x4c, 0xf8, 0xed, 0xed, 0xac, 0x72, 0x09, 0xef, 0xc6, 
    0xdc, 0xdb, 0xf6, 0xef, 0xab, 0x91, 0x85, 0x0f, 0x77, 0x5c, 0xdc, 0xf0, 0x71, 
    0xb3, 0xc9, 0x19, 0x2f, 0x17, 0x5c, 0x9b, 0xe8, 0xf3, 0xc8, 0x8b, 0x75, 0x4f, 
    0x0f, 0xcc, 0xda, 0xf9, 0x6d, 0xc5, 0xd9, 0xb7, 0x33, 0xff, 0xcf, 0xab, 0xf7, 
    0x37, 0xf6, 0xf0, 0xe2, 0xa9, 0x93, 0xdf, 0x3c, 0x19, 0x3c, 0xfa, 0xf4, 0x76, 
    0xbb, 0xfb, 0x46, 0xec, 0xfe, 0x3d, 0x7c, 0xb6, 0xf2, 0x8d, 0x9b, 0x16, 0x2a, 
    0xfb, 0x3e, 0xfe, 0xfa, 0xad, 0x31, 0x55, 0xd3, 0x50, 0x2e, 0xf9, 0xf7, 0xdf, 
    0x50, 0x08, 0x26, 0xa8, 0x97, 0x65, 0x06, 0xae, 0x35, 0xa0, 0x82, 0x10, 0x3a, 
    0xc5, 0x60, 0x83, 0x5f, 0xe5, 0xb7, 0x60, 0x6b, 0x10, 0xf6, 0x47, 0x61, 0x85, 
    0xeb, 0x11, 0xa8, 0x54, 0x82, 0x1a, 0x6e, 0x18, 0x95, 0x85, 0x68, 0x61, 0x98, 
    0x21, 0x6a, 0x22, 0x56, 0x08, 0x20, 0x86, 0x5b, 0xad, 0x18, 0x60, 0x8a, 0x60, 
    0xb9, 0x68, 0xd8, 0x83, 0x1e, 0xc2, 0x18, 0xa3, 0x8b, 0x2d, 0x9e, 0x27, 0xa1, 
    0x8d, 0x1c, 0xea, 0x88, 0x16, 0x8d, 0xfc, 0xa1, 0xc8, 0x23, 0x54, 0x24, 0x46, 
    0xa8, 0x97, 0x90, 0x43, 0x86, 0xd5, 0x21, 0x7f, 0x4d, 0x81, 0x88, 0x64, 0x92, 
    0x3f, 0x59, 0xf8, 0x90, 0x56, 0x40, 0xce, 0xf5, 0x24, 0x94, 0x3d, 0xe5, 0xd7, 
    0x10, 0x7d, 0xe7, 0x85, 0x88, 0xa5, 0x4c, 0xf2, 0x6d, 0xd9, 0x1e, 0x76, 0x5e, 
    0x7e, 0x09, 0x53, 0x77, 0x62, 0x72, 0xe6, 0xd9, 0x95, 0x66, 0xbe, 0x84, 0xa6, 
    0x79, 0x7f, 0x4d, 0xd8, 0xa6, 0x9b, 0xeb, 0xa5, 0x59, 0x5a, 0x70, 0x6c, 0xce, 
    0x59, 0xd2, 0x83, 0xae, 0x7d, 0xf7, 0xa3, 0x9e, 0x60, 0x26, 0x77, 0x9d, 0x53, 
    0x80, 0xb6, 0x25, 0xe8, 0x71, 0xc9, 0xc9, 0x59, 0xe8, 0x48, 0x9e, 0x0d, 0x8a, 
    0xd6, 0xa2, 0x27, 0xd1, 0xd8, 0xe7, 0x6b, 0x89, 0x2a, 0x0a, 0x69, 0x45, 0x6f, 
    0x22, 0x1a, 0xe7, 0xa5, 0x24, 0xa1, 0x39, 0xe9, 0x98, 0x9b, 0x72, 0x3a, 0xd8, 
    0x92, 0x9f, 0xd2, 0x77, 0xa4, 0xa5, 0xa2, 0x2e, 0x14, 0x66, 0xa9, 0x89, 0x91, 
    0x99, 0x67, 0xaa, 0x1a, 0xb9, 0xff, 0x67, 0x67, 0x5c, 0x5d, 0x6a, 0x07, 0xeb, 
    0x44, 0x00, 0xce, 0x0a, 0x9c, 0x8f, 0xb6, 0xde, 0x1a, 0xab, 0x8f, 0x01, 0xba, 
    0xd6, 0xa4, 0x87, 0xa8, 0xfa, 0x4a, 0x50, 0x91, 0x3f, 0xca, 0x68, 0x9f, 0xb1, 
    0x0c, 0x29, 0x6b, 0xe4, 0x8e, 0xcc, 0xc6, 0xfa, 0xec, 0xb4, 0x86, 0x45, 0x9b, 
    0x99, 0xb3, 0xd4, 0xce, 0x68, 0xad, 0x68, 0x4b, 0x32, 0xb9, 0xd2, 0x89, 0xc5, 
    0x1a, 0x0b, 0x99, 0x82, 0xa5, 0x02, 0xdb, 0xda, 0xab, 0xcc, 0x56, 0xe7, 0x21, 
    0xad, 0x4e, 0xf6, 0xba, 0x2d, 0x00, 0x45, 0xea, 0x0a, 0x5d, 0xbb, 0xef, 0x72, 
    0x0b, 0xac, 0xbc, 0x2b, 0x96, 0xf9, 0xee, 0x87, 0x3f, 0xd2, 0x5a, 0x6b, 0x81, 
    0xf5, 0x1e, 0xcb, 0xaf, 0x43, 0xfe, 0x4a, 0x08, 0x70, 0xc0, 0xa2, 0xa9, 0x04, 
    0x2f, 0xc1, 0x4f, 0xad, 0x84, 0xb0, 0x9b, 0xee, 0x3e, 0x2c, 0xf1, 0xc4, 0x14, 
    0x57, 0x6c, 0xf1, 0xc5, 0x18, 0x67, 0xac, 0xf1, 0xc6, 0x1c, 0x77, 0xec, 0xf1, 
    0xc7, 0x20, 0x87, 0x2c, 0xf2, 0xc8, 0x24, 0x97, 0x6c, 0xf2, 0xc9, 0x28, 0xa7, 
    0xac, 0xf2, 0xca, 0x2c, 0xb7, 0xec, 0xf2, 0xcb, 0x30, 0xc7, 0x5c, 0x68, 0x01, 
    0x0a, 0xd4, 0x6c, 0xf3, 0xcd, 0x38, 0xe7, 0xac, 0xf3, 0xce, 0x3c, 0xf7, 0xec, 
    0xf3, 0xcf, 0x40, 0x07, 0x2d, 0xf4, 0xd0, 0x36, 0x0f, 0x60, 0x40, 0xb6, 0x48, 
    0x27, 0xad, 0xf4, 0xd2, 0x4c, 0x33, 0x4d, 0xc0, 0xd1, 0x4d, 0x47, 0x2d, 0xf5, 
    0xd4, 0x54, 0x1b, 0xf9, 0x74, 0xd5, 0x58, 0x67, 0xad, 0xf5, 0xd2, 0x57, 0x6f, 
    0xed, 0xf5, 0xd7, 0x60, 0xe3, 0xd4, 0x75, 0xd8, 0x64, 0x97, 0x3d, 0xf5, 0xd8, 
    0x66, 0xa7, 0xad, 0x36, 0xb5, 0x68, 0xaf, 0xed, 0xf6, 0xdb, 0x42, 0xb5, 0x0d, 
    0xf7, 0xdc, 0x6e, 0x13, 0x20, 0x80, 0x80, 0x78, 0xe7, 0xad, 0xf7, 0xde, 0x7c, 
    0xf7, 0x08, 0xed, 0xf7, 0xdf, 0x80, 0x3f, 0x14, 0x40, 0x40, 0x00, 0x21, 0xf9, 
    0x04, 0x09, 0x04, 0x00, 0x00, 0x00, 0x2c, 0x07, 0x00, 0x0c, 0x00, 0x8d, 0x00, 
    0x68, 0x00, 0x87, 0x00, 0x00, 0x00, 0x12, 0x04, 0x05, 0x16, 0x06, 0x06, 0x2d, 
    0x0b, 0x0b, 0x31, 0x0c, 0x0d, 0x38, 0x0d, 0x0e, 0x3c, 0x0f, 0x0f, 0x48, 0x12, 
    0x12, 0x58, 0x16, 0x16, 0x8b, 0x22, 0x23, 0xb5, 0x2d, 0x2e, 0xc0, 0x2f, 0x30, 
    0x00, 0x00, 0x00, 0x00, 0x00, 0x00, 0x00, 0x00, 0x00, 0x00, 0x00, 0x00, 0x00, 
    0x00, 0x00, 0x00, 0x00, 0x00, 0x00, 0x00, 0x00, 0x00, 0x00, 0x00, 0x00, 0x00, 
    0x00, 0x00, 0x00, 0x00, 0x00, 0x00, 0x00, 0x00, 0x00, 0x00, 0x00, 0x00, 0x00, 
    0x00, 0x00, 0x00, 0x00, 0x00, 0x00, 0x00, 0x00, 0x00, 0x00, 0x00, 0x00, 0x00, 
    0x00, 0x00, 0x00, 0x00, 0x00, 0x00, 0x00, 0x00, 0x00, 0x00, 0x00, 0x00, 0x00, 
    0x00, 0x00, 0x00, 0x00, 0x00, 0x00, 0x00, 0x00, 0x00, 0x00, 0x00, 0x00, 0x00, 
    0x00, 0x00, 0x00, 0x00, 0x00, 0x00, 0x00, 0x00, 0x00, 0x00, 0x00, 0x00, 0x00, 
    0x00, 0x00, 0x00, 0x00, 0x00, 0x00, 0x00, 0x00, 0x00, 0x00, 0x00, 0x00, 0x00, 
    0x00, 0x00, 0x00, 0x00, 0x00, 0x00, 0x00, 0x00, 0x00, 0x00, 0x00, 0x00, 0x00, 
    0x00, 0x00, 0x00, 0x00, 0x00, 0x00, 0x00, 0x00, 0x00, 0x00, 0x00, 0x00, 0x00, 
    0x00, 0x00, 0x00, 0x00, 0x00, 0x00, 0x00, 0x00, 0x00, 0x00, 0x00, 0x00, 0x00, 
    0x00, 0x00, 0x00, 0x00, 0x00, 0x00, 0x00, 0x00, 0x00, 0x00, 0x00, 0x00, 0x00, 
    0x00, 0x00, 0x00, 0x00, 0x00, 0x00, 0x00, 0x00, 0x00, 0x00, 0x00, 0x00, 0x00, 
    0x00, 0x00, 0x00, 0x00, 0x00, 0x00, 0x00, 0x00, 0x00, 0x00, 0x00, 0x00, 0x00, 
    0x00, 0x00, 0x00, 0x00, 0x00, 0x00, 0x00, 0x00, 0x00, 0x00, 0x00, 0x00, 0x00, 
    0x00, 0x00, 0x00, 0x00, 0x00, 0x00, 0x00, 0x00, 0x00, 0x00, 0x00, 0x00, 0x00, 
    0x00, 0x00, 0x00, 0x00, 0x00, 0x00, 0x00, 0x00, 0x00, 0x00, 0x00, 0x00, 0x00, 
    0x00, 0x00, 0x00, 0x00, 0x00, 0x00, 0x00, 0x00, 0x00, 0x00, 0x00, 0x00, 0x00, 
    0x00, 0x00, 0x00, 0x00, 0x00, 0x00, 0x00, 0x00, 0x00, 0x00, 0x00, 0x00, 0x00, 
    0x00, 0x00, 0x00, 0x00, 0x00, 0x00, 0x00, 0x00, 0x00, 0x00, 0x00, 0x00, 0x00, 
    0x00, 0x00, 0x00, 0x00, 0x00, 0x00, 0x00, 0x00, 0x00, 0x00, 0x00, 0x00, 0x00, 
    0x00, 0x00, 0x00, 0x00, 0x00, 0x00, 0x00, 0x00, 0x00, 0x00, 0x00, 0x00, 0x00, 
    0x00, 0x00, 0x00, 0x00, 0x00, 0x00, 0x00, 0x00, 0x00, 0x00, 0x00, 0x00, 0x00, 
    0x00, 0x00, 0x00, 0x00, 0x00, 0x00, 0x00, 0x00, 0x00, 0x00, 0x00, 0x00, 0x00, 
    0x00, 0x00, 0x00, 0x00, 0x00, 0x00, 0x00, 0x00, 0x00, 0x00, 0x00, 0x00, 0x00, 
    0x00, 0x00, 0x00, 0x00, 0x00, 0x00, 0x00, 0x00, 0x00, 0x00, 0x00, 0x00, 0x00, 
    0x00, 0x00, 0x00, 0x00, 0x00, 0x00, 0x00, 0x00, 0x00, 0x00, 0x00, 0x00, 0x00, 
    0x00, 0x00, 0x00, 0x00, 0x00, 0x00, 0x00, 0x00, 0x00, 0x00, 0x00, 0x00, 0x00, 
    0x00, 0x00, 0x00, 0x00, 0x00, 0x00, 0x00, 0x00, 0x00, 0x00, 0x00, 0x00, 0x00, 
    0x00, 0x00, 0x00, 0x00, 0x00, 0x00, 0x00, 0x00, 0x00, 0x00, 0x00, 0x00, 0x00, 
    0x00, 0x00, 0x00, 0x00, 0x00, 0x00, 0x00, 0x00, 0x00, 0x00, 0x00, 0x00, 0x00, 
    0x00, 0x00, 0x00, 0x00, 0x00, 0x00, 0x00, 0x00, 0x00, 0x00, 0x00, 0x00, 0x00, 
    0x00, 0x00, 0x00, 0x00, 0x00, 0x00, 0x00, 0x00, 0x00, 0x00, 0x00, 0x00, 0x00, 
    0x00, 0x00, 0x00, 0x00, 0x00, 0x00, 0x00, 0x00, 0x00, 0x00, 0x00, 0x00, 0x00, 
    0x00, 0x00, 0x00, 0x00, 0x00, 0x00, 0x00, 0x00, 0x00, 0x00, 0x00, 0x00, 0x00, 
    0x00, 0x00, 0x00, 0x00, 0x00, 0x00, 0x00, 0x00, 0x00, 0x00, 0x00, 0x00, 0x00, 
    0x00, 0x00, 0x00, 0x00, 0x00, 0x00, 0x00, 0x00, 0x00, 0x00, 0x00, 0x00, 0x00, 
    0x00, 0x00, 0x00, 0x00, 0x00, 0x00, 0x00, 0x00, 0x00, 0x00, 0x00, 0x00, 0x00, 
    0x00, 0x00, 0x00, 0x00, 0x00, 0x00, 0x00, 0x00, 0x00, 0x00, 0x00, 0x00, 0x00, 
    0x00, 0x00, 0x00, 0x00, 0x00, 0x00, 0x00, 0x00, 0x00, 0x00, 0x00, 0x00, 0x00, 
    0x00, 0x00, 0x00, 0x00, 0x00, 0x00, 0x00, 0x00, 0x00, 0x00, 0x00, 0x00, 0x00, 
    0x00, 0x00, 0x00, 0x00, 0x00, 0x00, 0x00, 0x00, 0x00, 0x00, 0x00, 0x00, 0x00, 
    0x00, 0x00, 0x00, 0x00, 0x00, 0x00, 0x00, 0x00, 0x00, 0x00, 0x00, 0x00, 0x00, 
    0x00, 0x00, 0x00, 0x00, 0x00, 0x00, 0x00, 0x00, 0x00, 0x00, 0x00, 0x00, 0x00, 
    0x00, 0x00, 0x00, 0x00, 0x00, 0x00, 0x00, 0x00, 0x00, 0x00, 0x00, 0x00, 0x00, 
    0x00, 0x00, 0x00, 0x00, 0x00, 0x00, 0x00, 0x00, 0x00, 0x00, 0x00, 0x00, 0x00, 
    0x00, 0x00, 0x00, 0x00, 0x00, 0x00, 0x00, 0x00, 0x00, 0x00, 0x00, 0x00, 0x00, 
    0x00, 0x00, 0x00, 0x00, 0x00, 0x00, 0x00, 0x00, 0x00, 0x00, 0x00, 0x00, 0x00, 
    0x00, 0x00, 0x00, 0x00, 0x00, 0x00, 0x00, 0x00, 0x00, 0x00, 0x00, 0x00, 0x00, 
    0x00, 0x00, 0x00, 0x00, 0x00, 0x00, 0x00, 0x00, 0x00, 0x00, 0x00, 0x00, 0x00, 
    0x00, 0x00, 0x00, 0x00, 0x00, 0x00, 0x00, 0x00, 0x00, 0x00, 0x00, 0x00, 0x00, 
    0x00, 0x00, 0x00, 0x00, 0x00, 0x00, 0x00, 0x00, 0x00, 0x00, 0x00, 0x00, 0x00, 
    0x00, 0x00, 0x00, 0x00, 0x00, 0x00, 0x00, 0x00, 0x00, 0x00, 0x00, 0x00, 0x00, 
    0x00, 0x00, 0x00, 0x00, 0x00, 0x00, 0x00, 0x00, 0x00, 0x00, 0x00, 0x00, 0x00, 
    0x00, 0x00, 0x00, 0x00, 0x00, 0x00, 0x00, 0x00, 0x00, 0x00, 0x00, 0x00, 0x00, 
    0x00, 0x00, 0x00, 0x00, 0x00, 0x00, 0x00, 0x00, 0x00, 0x00, 0x00, 0x00, 0x00, 
    0x00, 0x00, 0x00, 0x00, 0x08, 0xff, 0x00, 0x01, 0x08, 0x1c, 0x48, 0xb0, 0xa0, 
    0xc1, 0x83, 0x08, 0x13, 0x2a, 0x44, 0x78, 0xa0, 0xa1, 0xc3, 0x87, 0x0e, 0x17, 
    0x4a, 0x9c, 0x48, 0xb1, 0xa2, 0xc5, 0x8b, 0x18, 0x15, 0x3a, 0x4c, 0xc0, 0x91, 
    0xe3, 0x81, 0x8e, 0x1e, 0x1b, 0x66, 0x1c, 0x49, 0xb2, 0xa4, 0xc9, 0x8b, 0x1b, 
    0x21, 0xaa, 0x6c, 0x98, 0x20, 0xe2, 0xc9, 0x97, 0x30, 0x63, 0x5a, 0x64, 0xe9, 
    0x70, 0x81, 0xcd, 0x9b, 0x38, 0x17, 0xa4, 0x3c, 0x20, 0xb3, 0xa7, 0x4f, 0x9f, 
    0x10, 0x73, 0x0a, 0xc5, 0x09, 0xf1, 0xa7, 0xd1, 0xa3, 0x18, 0x83, 0xde, 0x5c, 
    0xf9, 0x90, 0xe8, 0x43, 0xa4, 0x50, 0xa3, 0x1a, 0xa4, 0x79, 0xc0, 0x29, 0x82, 
    0xab, 0x58, 0xb1, 0x36, 0x74, 0xda, 0x92, 0xa7, 0xd4, 0xaf, 0x47, 0xa9, 0x5a, 
    0xcd, 0x4a, 0x16, 0xc1, 0xd6, 0xa5, 0x1f, 0x45, 0x82, 0x5d, 0x1b, 0x53, 0x2c, 
    0xda, 0xb2, 0x70, 0xcf, 0xda, 0xa4, 0xca, 0xb6, 0xae, 0xc9, 0x8f, 0x2d, 0x73, 
    0x1e, 0x80, 0xcb, 0xb7, 0x2a, 0x51, 0x8f, 0x76, 0x03, 0x67, 0xc4, 0xeb, 0x77, 
    0xee, 0x5e, 0xbe, 0x65, 0xe5, 0xea, 0x04, 0x2c, 0xb8, 0x31, 0xc5, 0xb4, 0x85, 
    0x75, 0x22, 0xee, 0xcb, 0xd5, 0xab, 0xe3, 0xcb, 0x09, 0xd3, 0x8e, 0x9d, 0x4c, 
    0x56, 0x71, 0x5a, 0xcc, 0xa0, 0x0f, 0x6a, 0x5e, 0xca, 0x99, 0xf2, 0xd2, 0x96, 
    0xa1, 0x53, 0x0f, 0x1c, 0xad, 0xf3, 0x70, 0xe9, 0xce, 0x85, 0x3f, 0xab, 0x0e, 
    0x4d, 0x93, 0xf4, 0xeb, 0xb8, 0xa7, 0xd5, 0xce, 0xbe, 0x4c, 0xf8, 0xed, 0xed, 
    0xac, 0x72, 0x09, 0xef, 0xc6, 0xdc, 0xdb, 0xf6, 0xef, 0xab, 0x91, 0x85, 0x0f, 
    0x77, 0x5c, 0xdc, 0xf0, 0x71, 0xb3, 0xc9, 0x19, 0x2f, 0x17, 0x5c, 0x9b, 0xe8, 
    0xf3, 0xc8, 0x8b, 0x75, 0x4f, 0x0f, 0xcc, 0xda, 0xf9, 0x6d, 0xc5, 0xd9, 0xb7, 
    0x33, 0xff, 0xcf, 0xab, 0xf7, 0x37, 0xf6, 0xf0, 0xe2, 0xa9, 0x93, 0xdf, 0x3c, 
    0x19, 0x3c, 0xfa, 0xf4, 0x76, 0xbb, 0xfb, 0x46, 0xec, 0xfe, 0x3d, 0x7c, 0xb6, 
    0xf2, 0x8d, 0x9b, 0x16, 0x2a, 0xfb, 0x3e, 0xfe, 0xfa, 0xad, 0x31, 0x55, 0xd3, 
    0x50, 0x2e, 0xf9, 0xf7, 0xdf, 0x50, 0x08, 0x26, 0xa8, 0x97, 0x65, 0x06, 0xae, 
    0x35, 0xa0, 0x82, 0x10, 0x3a, 0xc5, 0x60, 0x83, 0x5f, 0xe5, 0xb7, 0x60, 0x6b, 
    0x10, 0xf6, 0x47, 0x61, 0x85, 0xeb, 0x11, 0xa8, 0x54, 0x82, 0x1a, 0x6e, 0x18, 
    0x95, 0x85, 0x68, 0x61, 0x98, 0x21, 0x6a, 0x22, 0x56, 0x08, 0x20, 0x86, 0x5b, 
    0xad, 0x18, 0x60, 0x8a, 0x60, 0xb9, 0x68, 0xd8, 0x83, 0x1e, 0xc2, 0x18, 0xa3, 
    0x8b, 0x2d, 0x9e, 0x27, 0xa1, 0x8d, 0x1c, 0xea, 0x88, 0x16, 0x8d, 0xfc, 0xa1, 
    0xc8, 0x23, 0x54, 0x24, 0x46, 0xa8, 0x97, 0x90, 0x43, 0x86, 0xd5, 0x21, 0x7f, 
    0x4d, 0x81, 0x88, 0x64, 0x92, 0x3f, 0x59, 0xf8, 0x90, 0x56, 0x40, 0xce, 0xf5, 
    0x24, 0x94, 0x3d, 0xe5, 0xd7, 0x10, 0x7d, 0xe7, 0x85, 0x88, 0xa5, 0x4c, 0xf2, 
    0x6d, 0xd9, 0x1e, 0x76, 0x5e, 0x7e, 0x09, 0x53, 0x77, 0x62, 0x72, 0xe6, 0xd9, 
    0x95, 0x66, 0xbe, 0x84, 0xa6, 0x79, 0x7f, 0x4d, 0xd8, 0xa6, 0x9b, 0xeb, 0xa5, 
    0x59, 0x5a, 0x70, 0x6c, 0xce, 0x59, 0xd2, 0x83, 0xae, 0x7d, 0xf7, 0xa3, 0x9e, 
    0x60, 0x26, 0x77, 0x9d, 0x53, 0x80, 0xb6, 0x25, 0xe8, 0x71, 0xc9, 0xc9, 0x59, 
    0xe8, 0x48, 0x9e, 0x0d, 0x8a, 0xd6, 0xa2, 0x27, 0xd1, 0xd8, 0xe7, 0x6b, 0x89, 
    0x2a, 0x0a, 0x69, 0x45, 0x6f, 0x22, 0x1a, 0xe7, 0xa5, 0x24, 0xa1, 0x39, 0xe9, 
    0x98, 0x9b, 0x72, 0x3a, 0xd8, 0x92, 0x9f, 0xd2, 0x77, 0xa4, 0xa5, 0xa2, 0x2e, 
    0x14, 0x66, 0xa9, 0x89, 0x91, 0x99, 0x67, 0xaa, 0x1a, 0xb9, 0xff, 0x67, 0x67, 
    0x5c, 0x5d, 0x6a, 0x07, 0xeb, 0x44, 0x00, 0xce, 0x0a, 0x9c, 0x8f, 0xb6, 0xde, 
    0x1a, 0xab, 0x8f, 0x01, 0xba, 0xd6, 0xa4, 0x87, 0xa8, 0xfa, 0x4a, 0x50, 0x91, 
    0x3f, 0xca, 0x68, 0x9f, 0xb1, 0x0c, 0x29, 0x6b, 0xe4, 0x8e, 0xcc, 0xc6, 0xfa, 
    0xec, 0xb4, 0x86, 0x45, 0x9b, 0x99, 0xb3, 0xd4, 0xce, 0x68, 0xad, 0x68, 0x4b, 
    0x32, 0xb9, 0xd2, 0x89, 0xc5, 0x1a, 0x0b, 0x99, 0x82, 0xa5, 0x02, 0xdb, 0xda, 
    0xab, 0xcc, 0x56, 0xe7, 0x21, 0xad, 0x4e, 0xf6, 0xba, 0x2d, 0x00, 0x45, 0xea, 
    0x0a, 0x5d, 0xbb, 0xef, 0x72, 0x0b, 0xac, 0xbc, 0x2b, 0x96, 0xf9, 0xee, 0x87, 
    0x3f, 0xd2, 0x5a, 0x6b, 0x81, 0xf5, 0x1e, 0xcb, 0xaf, 0x43, 0xfe, 0x4a, 0x08, 
    0x70, 0xc0, 0xa2, 0xa9, 0x04, 0x2f, 0xc1, 0x4f, 0xad, 0x84, 0xb0, 0x9b, 0xee, 
    0x3e, 0x2c, 0xf1, 0xc4, 0x14, 0x57, 0x6c, 0xf1, 0xc5, 0x18, 0x67, 0xac, 0xf1, 
    0xc6, 0x1c, 0x77, 0xec, 0xf1, 0xc7, 0x20, 0x87, 0x2c, 0xf2, 0xc8, 0x24, 0x97, 
    0x6c, 0xf2, 0xc9, 0x28, 0xa7, 0xac, 0xf2, 0xca, 0x2c, 0xb7, 0xec, 0xf2, 0xcb, 
    0x30, 0x16, 0xa0, 0xc0, 0xcc, 0x34, 0xd7, 0x6c, 0xf3, 0xcd, 0x38, 0xe7, 0xac, 
    0xf3, 0xce, 0x3c, 0xf7, 0xec, 0xf3, 0xcf, 0x40, 0x07, 0x4d, 0xf3, 0x00, 0x06, 
    0x64, 0x6b, 0xf4, 0xd1, 0x48, 0x27, 0xad, 0xb4, 0xd2, 0x04, 0x14, 0xbd, 0xf4, 
    0xd3, 0x50, 0x47, 0x2d, 0xb5, 0x91, 0x4d, 0x4f, 0x6d, 0xf5, 0xd5, 0x58, 0x27, 
    0x5d, 0x75, 0xd6, 0x5c, 0x77, 0xed, 0x35, 0x4e, 0x5b, 0x7f, 0x2d, 0xf6, 0xd8, 
    0x51, 0x87, 0x4d, 0xf6, 0xd9, 0x68, 0x53, 0x6b, 0x76, 0xda, 0x6c, 0xb7, 0x2d, 
    0xd4, 0xda, 0x6e, 0xc7, 0xcd, 0x36, 0x01, 0x02, 0x08, 0x68, 0xf7, 0xdd, 0x78, 
    0xe7, 0xad, 0xf7, 0xde, 0x7c, 0xf7, 0x06, 0xed, 0xf7, 0x43, 0x01, 0x04, 0x04, 
    0x00, 0x21, 0xf9, 0x04, 0x09, 0x04, 0x00, 0x00, 0x00, 0x2c, 0x07, 0x00, 0x0e, 
    0x00, 0x8d, 0x00, 0x66, 0x00, 0x87, 0x00, 0x00, 0x00, 0x12, 0x04, 0x05, 0x16, 
    0x06, 0x06, 0x2d, 0x0b, 0x0b, 0x31, 0x0c, 0x0d, 0x38, 0x0d, 0x0e, 0x3c, 0x0f, 
    0x0f, 0x48, 0x12, 0x12, 0x58, 0x16, 0x16, 0x8b, 0x22, 0x23, 0xb5, 0x2d, 0x2e, 
    0xc0, 0x2f, 0x30, 0x00, 0x00, 0x00, 0x00, 0x00, 0x00, 0x00, 0x00, 0x00, 0x00, 
    0x00, 0x00, 0x00, 0x00, 0x00, 0x00, 0x00, 0x00, 0x00, 0x00, 0x00, 0x00, 0x00, 
    0x00, 0x00, 0x00, 0x00, 0x00, 0x00, 0x00, 0x00, 0x00, 0x00, 0x00, 0x00, 0x00, 
    0x00, 0x00, 0x00, 0x00, 0x00, 0x00, 0x00, 0x00, 0x00, 0x00, 0x00, 0x00, 0x00, 
    0x00, 0x00, 0x00, 0x00, 0x00, 0x00, 0x00, 0x00, 0x00, 0x00, 0x00, 0x00, 0x00, 
    0x00, 0x00, 0x00, 0x00, 0x00, 0x00, 0x00, 0x00, 0x00, 0x00, 0x00, 0x00, 0x00, 
    0x00, 0x00, 0x00, 0x00, 0x00, 0x00, 0x00, 0x00, 0x00, 0x00, 0x00, 0x00, 0x00, 
    0x00, 0x00, 0x00, 0x00, 0x00, 0x00, 0x00, 0x00, 0x00, 0x00, 0x00, 0x00, 0x00, 
    0x00, 0x00, 0x00, 0x00, 0x00, 0x00, 0x00, 0x00, 0x00, 0x00, 0x00, 0x00, 0x00, 
    0x00, 0x00, 0x00, 0x00, 0x00, 0x00, 0x00, 0x00, 0x00, 0x00, 0x00, 0x00, 0x00, 
    0x00, 0x00, 0x00, 0x00, 0x00, 0x00, 0x00, 0x00, 0x00, 0x00, 0x00, 0x00, 0x00, 
    0x00, 0x00, 0x00, 0x00, 0x00, 0x00, 0x00, 0x00, 0x00, 0x00, 0x00, 0x00, 0x00, 
    0x00, 0x00, 0x00, 0x00, 0x00, 0x00, 0x00, 0x00, 0x00, 0x00, 0x00, 0x00, 0x00, 
    0x00, 0x00, 0x00, 0x00, 0x00, 0x00, 0x00, 0x00, 0x00, 0x00, 0x00, 0x00, 0x00, 
    0x00, 0x00, 0x00, 0x00, 0x00, 0x00, 0x00, 0x00, 0x00, 0x00, 0x00, 0x00, 0x00, 
    0x00, 0x00, 0x00, 0x00, 0x00, 0x00, 0x00, 0x00, 0x00, 0x00, 0x00, 0x00, 0x00, 
    0x00, 0x00, 0x00, 0x00, 0x00, 0x00, 0x00, 0x00, 0x00, 0x00, 0x00, 0x00, 0x00, 
    0x00, 0x00, 0x00, 0x00, 0x00, 0x00, 0x00, 0x00, 0x00, 0x00, 0x00, 0x00, 0x00, 
    0x00, 0x00, 0x00, 0x00, 0x00, 0x00, 0x00, 0x00, 0x00, 0x00, 0x00, 0x00, 0x00, 
    0x00, 0x00, 0x00, 0x00, 0x00, 0x00, 0x00, 0x00, 0x00, 0x00, 0x00, 0x00, 0x00, 
    0x00, 0x00, 0x00, 0x00, 0x00, 0x00, 0x00, 0x00, 0x00, 0x00, 0x00, 0x00, 0x00, 
    0x00, 0x00, 0x00, 0x00, 0x00, 0x00, 0x00, 0x00, 0x00, 0x00, 0x00, 0x00, 0x00, 
    0x00, 0x00, 0x00, 0x00, 0x00, 0x00, 0x00, 0x00, 0x00, 0x00, 0x00, 0x00, 0x00, 
    0x00, 0x00, 0x00, 0x00, 0x00, 0x00, 0x00, 0x00, 0x00, 0x00, 0x00, 0x00, 0x00, 
    0x00, 0x00, 0x00, 0x00, 0x00, 0x00, 0x00, 0x00, 0x00, 0x00, 0x00, 0x00, 0x00, 
    0x00, 0x00, 0x00, 0x00, 0x00, 0x00, 0x00, 0x00, 0x00, 0x00, 0x00, 0x00, 0x00, 
    0x00, 0x00, 0x00, 0x00, 0x00, 0x00, 0x00, 0x00, 0x00, 0x00, 0x00, 0x00, 0x00, 
    0x00, 0x00, 0x00, 0x00, 0x00, 0x00, 0x00, 0x00, 0x00, 0x00, 0x00, 0x00, 0x00, 
    0x00, 0x00, 0x00, 0x00, 0x00, 0x00, 0x00, 0x00, 0x00, 0x00, 0x00, 0x00, 0x00, 
    0x00, 0x00, 0x00, 0x00, 0x00, 0x00, 0x00, 0x00, 0x00, 0x00, 0x00, 0x00, 0x00, 
    0x00, 0x00, 0x00, 0x00, 0x00, 0x00, 0x00, 0x00, 0x00, 0x00, 0x00, 0x00, 0x00, 
    0x00, 0x00, 0x00, 0x00, 0x00, 0x00, 0x00, 0x00, 0x00, 0x00, 0x00, 0x00, 0x00, 
    0x00, 0x00, 0x00, 0x00, 0x00, 0x00, 0x00, 0x00, 0x00, 0x00, 0x00, 0x00, 0x00, 
    0x00, 0x00, 0x00, 0x00, 0x00, 0x00, 0x00, 0x00, 0x00, 0x00, 0x00, 0x00, 0x00, 
    0x00, 0x00, 0x00, 0x00, 0x00, 0x00, 0x00, 0x00, 0x00, 0x00, 0x00, 0x00, 0x00, 
    0x00, 0x00, 0x00, 0x00, 0x00, 0x00, 0x00, 0x00, 0x00, 0x00, 0x00, 0x00, 0x00, 
    0x00, 0x00, 0x00, 0x00, 0x00, 0x00, 0x00, 0x00, 0x00, 0x00, 0x00, 0x00, 0x00, 
    0x00, 0x00, 0x00, 0x00, 0x00, 0x00, 0x00, 0x00, 0x00, 0x00, 0x00, 0x00, 0x00, 
    0x00, 0x00, 0x00, 0x00, 0x00, 0x00, 0x00, 0x00, 0x00, 0x00, 0x00, 0x00, 0x00, 
    0x00, 0x00, 0x00, 0x00, 0x00, 0x00, 0x00, 0x00, 0x00, 0x00, 0x00, 0x00, 0x00, 
    0x00, 0x00, 0x00, 0x00, 0x00, 0x00, 0x00, 0x00, 0x00, 0x00, 0x00, 0x00, 0x00, 
    0x00, 0x00, 0x00, 0x00, 0x00, 0x00, 0x00, 0x00, 0x00, 0x00, 0x00, 0x00, 0x00, 
    0x00, 0x00, 0x00, 0x00, 0x00, 0x00, 0x00, 0x00, 0x00, 0x00, 0x00, 0x00, 0x00, 
    0x00, 0x00, 0x00, 0x00, 0x00, 0x00, 0x00, 0x00, 0x00, 0x00, 0x00, 0x00, 0x00, 
    0x00, 0x00, 0x00, 0x00, 0x00, 0x00, 0x00, 0x00, 0x00, 0x00, 0x00, 0x00, 0x00, 
    0x00, 0x00, 0x00, 0x00, 0x00, 0x00, 0x00, 0x00, 0x00, 0x00, 0x00, 0x00, 0x00, 
    0x00, 0x00, 0x00, 0x00, 0x00, 0x00, 0x00, 0x00, 0x00, 0x00, 0x00, 0x00, 0x00, 
    0x00, 0x00, 0x00, 0x00, 0x00, 0x00, 0x00, 0x00, 0x00, 0x00, 0x00, 0x00, 0x00, 
    0x00, 0x00, 0x00, 0x00, 0x00, 0x00, 0x00, 0x00, 0x00, 0x00, 0x00, 0x00, 0x00, 
    0x00, 0x00, 0x00, 0x00, 0x00, 0x00, 0x00, 0x00, 0x00, 0x00, 0x00, 0x00, 0x00, 
    0x00, 0x00, 0x00, 0x00, 0x00, 0x00, 0x00, 0x00, 0x00, 0x00, 0x00, 0x00, 0x00, 
    0x00, 0x00, 0x00, 0x00, 0x00, 0x00, 0x00, 0x00, 0x00, 0x00, 0x00, 0x00, 0x00, 
    0x00, 0x00, 0x00, 0x00, 0x00, 0x00, 0x00, 0x00, 0x00, 0x00, 0x00, 0x00, 0x00, 
    0x00, 0x00, 0x00, 0x00, 0x00, 0x00, 0x00, 0x00, 0x00, 0x00, 0x00, 0x00, 0x00, 
    0x00, 0x00, 0x00, 0x00, 0x00, 0x00, 0x00, 0x00, 0x00, 0x00, 0x00, 0x00, 0x00, 
    0x00, 0x00, 0x00, 0x00, 0x00, 0x00, 0x00, 0x00, 0x00, 0x00, 0x00, 0x00, 0x00, 
    0x00, 0x00, 0x00, 0x00, 0x00, 0x00, 0x00, 0x08, 0xff, 0x00, 0x01, 0x08, 0x1c, 
    0x48, 0xb0, 0xa0, 0xc1, 0x83, 0x08, 0x13, 0x2a, 0x44, 0x78, 0xa0, 0xa1, 0xc3, 
    0x87, 0x0e, 0x17, 0x4a, 0x9c, 0x48, 0xb1, 0xa2, 0xc5, 0x8b, 0x18, 0x15, 0x3a, 
    0x4c, 0xc0, 0x91, 0xe3, 0x81, 0x8e, 0x1e, 0x1b, 0x66, 0x1c, 0x49, 0xb2, 0xa4, 
    0xc9, 0x8b, 0x1b, 0x21, 0xaa, 0x6c, 0x98, 0x20, 0xe2, 0xc9, 0x97, 0x30, 0x63, 
    0x5a, 0x64, 0xe9, 0x70, 0x81, 0xcd, 0x9b, 0x38, 0x17, 0xa4, 0x3c, 0x20, 0xb3, 
    0xa7, 0x4f, 0x9f, 0x10, 0x73, 0x0a, 0xc5, 0x09, 0xf1, 0xa7, 0xd1, 0xa3, 0x18, 
    0x83, 0xde, 0x5c, 0xf9, 0x90, 0xe8, 0x43, 0xa4, 0x50, 0xa3, 0x1a, 0xa4, 0x79, 
    0xc0, 0x29, 0x82, 0xab, 0x58, 0xb1, 0x36, 0x74, 0xda, 0x92, 0xa7, 0xd4, 0xaf, 
    0x47, 0xa9, 0x5a, 0xcd, 0x4a, 0x16, 0xc1, 0xd6, 0xa5, 0x1f, 0x45, 0x82, 0x5d, 
    0x1b, 0x53, 0x2c, 0xda, 0xb2, 0x70, 0xcf, 0xda, 0xa4, 0xca, 0xb6, 0xae, 0xc9, 
    0x8f, 0x2d, 0x73, 0x1e, 0x80, 0xcb, 0xb7, 0x2a, 0x51, 0x8f, 0x76, 0x03, 0x67, 
    0xc4, 0xeb, 0x77, 0xee, 0x5e, 0xbe, 0x65, 0xe5, 0xea, 0x04, 0x2c, 0xb8, 0x31, 
    0xc5, 0xb4, 0x85, 0x75, 0x22, 0xee, 0xcb, 0xd5, 0xab, 0xe3, 0xcb, 0x09, 0xd3, 
    0x8e, 0x9d, 0x4c, 0x56, 0x71, 0x5a, 0xcc, 0xa0, 0x0f, 0x6a, 0x5e, 0xca, 0x99, 
    0xf2, 0xd2, 0x96, 0xa1, 0x53, 0x0f, 0x1c, 0xad, 0xf3, 0x70, 0xe9, 0xce, 0x85, 
    0x3f, 0xab, 0x0e, 0x4d, 0x93, 0xf4, 0xeb, 0xb8, 0xa7, 0xd5, 0xce, 0xbe, 0x4c, 
    0xf8, 0xed, 0xed, 0xac, 0x72, 0x09, 0xef, 0xc6, 0xdc, 0xdb, 0xf6, 0xef, 0xab, 
    0x91, 0x85, 0x0f, 0x77, 0x5c, 0xdc, 0xf0, 0x71, 0xb3, 0xc9, 0x19, 0x2f, 0x17, 
    0x5c, 0x9b, 0xe8, 0xf3, 0xc8, 0x8b, 0x75, 0x4f, 0x0f, 0xcc, 0xda, 0xf9, 0x6d, 
    0xc5, 0xd9, 0xb7, 0x33, 0xff, 0xcf, 0xab, 0xf7, 0x37, 0xf6, 0xf0, 0xe2, 0xa9, 
    0x93, 0xdf, 0x3c, 0x19, 0x3c, 0xfa, 0xf4, 0x76, 0xbb, 0xfb, 0x46, 0xec, 0xfe, 
    0x3d, 0x7c, 0xb6, 0xf2, 0x8d, 0x9b, 0x16, 0x2a, 0xfb, 0x3e, 0xfe, 0xfa, 0xad, 
    0x31, 0x55, 0xd3, 0x50, 0x2e, 0xf9, 0xf7, 0xdf, 0x50, 0x08, 0x26, 0xa8, 0x97, 
    0x65, 0x06, 0xae, 0x35, 0xa0, 0x82, 0x10, 0x3a, 0xc5, 0x60, 0x83, 0x5f, 0xe5, 
    0xb7, 0x60, 0x6b, 0x10, 0xf6, 0x47, 0x61, 0x85, 0xeb, 0x11, 0xa8, 0x54, 0x82, 
    0x1a, 0x6e, 0x18, 0x95, 0x85, 0x68, 0x61, 0x98, 0x21, 0x6a, 0x22, 0x56, 0x08, 
    0x20, 0x86, 0x5b, 0xad, 0x18, 0x60, 0x8a, 0x60, 0xb9, 0x68, 0xd8, 0x83, 0x1e, 
    0xc2, 0x18, 0xa3, 0x8b, 0x2d, 0x9e, 0x27, 0xa1, 0x8d, 0x1c, 0xea, 0x88, 0x16, 
    0x8d, 0xfc, 0xa1, 0xc8, 0x23, 0x54, 0x24, 0x46, 0xa8, 0x97, 0x90, 0x43, 0x86, 
    0xd5, 0x21, 0x7f, 0x4d, 0x81, 0x88, 0x64, 0x92, 0x3f, 0x59, 0xf8, 0x90, 0x56, 
    0x40, 0xce, 0xf5, 0x24, 0x94, 0x3d, 0xe5, 0xd7, 0x10, 0x7d, 0xe7, 0x85, 0x88, 
    0xa5, 0x4c, 0xf2, 0x6d, 0xd9, 0x1e, 0x76, 0x5e, 0x7e, 0x09, 0x53, 0x77, 0x62, 
    0x72, 0xe6, 0xd9, 0x95, 0x66, 0xbe, 0x84, 0xa6, 0x79, 0x7f, 0x4d, 0xd8, 0xa6, 
    0x9b, 0xeb, 0xa5, 0x59, 0x5a, 0x70, 0x6c, 0xce, 0x59, 0xd2, 0x83, 0xae, 0x7d, 
    0xf7, 0xa3, 0x9e, 0x60, 0x26, 0x77, 0x9d, 0x53, 0x80, 0xb6, 0x25, 0xe8, 0x71, 
    0xc9, 0xc9, 0x59, 0xe8, 0x48, 0x9e, 0x0d, 0x8a, 0xd6, 0xa2, 0x27, 0xd1, 0xd8, 
    0xe7, 0x6b, 0x89, 0x2a, 0x0a, 0x69, 0x45, 0x6f, 0x22, 0x1a, 0xe7, 0xa5, 0x24, 
    0xa1, 0x39, 0xe9, 0x98, 0x9b, 0x72, 0x3a, 0xd8, 0x92, 0x9f, 0xd2, 0x77, 0xa4, 
    0xa5, 0xa2, 0x2e, 0x14, 0x66, 0xa9, 0x89, 0x91, 0x99, 0x67, 0xaa, 0x1a, 0xb9, 
    0xff, 0x67, 0x67, 0x5c, 0x5d, 0x6a, 0x07, 0xeb, 0x44, 0x00, 0xce, 0x0a, 0x9c, 
    0x8f, 0xb6, 0xde, 0x1a, 0xab, 0x8f, 0x01, 0xba, 0xd6, 0xa4, 0x87, 0xa8, 0xfa, 
    0x4a, 0x50, 0x91, 0x3f, 0xca, 0x68, 0x9f, 0xb1, 0x0c, 0x29, 0x6b, 0xe4, 0x8e, 
    0xcc, 0xc6, 0xfa, 0xec, 0xb4, 0x86, 0x45, 0x9b, 0x99, 0xb3, 0xd4, 0xce, 0x68, 
    0xad, 0x68, 0x4b, 0x32, 0xb9, 0xd2, 0x89, 0xc5, 0x1a, 0x0b, 0x99, 0x82, 0xa5, 
    0x02, 0xdb, 0xda, 0xab, 0xcc, 0x56, 0xe7, 0x21, 0xad, 0x4e, 0xf6, 0xba, 0x2d, 
    0x00, 0x45, 0xea, 0x0a, 0x5d, 0xbb, 0xef, 0x72, 0x0b, 0xac, 0xbc, 0x2b, 0x96, 
    0xf9, 0xee, 0x87, 0x3f, 0xd2, 0x5a, 0x6b, 0x81, 0xf5, 0x1e, 0xcb, 0xaf, 0x43, 
    0xfe, 0x4a, 0x08, 0x70, 0xc0, 0xa2, 0xa9, 0x04, 0x2f, 0xc1, 0x4f, 0xad, 0x84, 
    0xb0, 0x9b, 0xee, 0x3e, 0x2c, 0xf1, 0xc4, 0x14, 0x57, 0x6c, 0xf1, 0xc5, 0x18, 
    0x67, 0xac, 0xf1, 0xc6, 0x1c, 0x77, 0xec, 0xf1, 0xc7, 0x20, 0x87, 0x2c, 0xf2, 
    0xc8, 0x24, 0x97, 0x6c, 0xf2, 0xc9, 0x28, 0xa7, 0xac, 0xf2, 0xca, 0x2c, 0xb7, 
    0x3c, 0x5b, 0x01, 0x0a, 0xc4, 0x2c, 0xf3, 0xcc, 0x34, 0xd7, 0x6c, 0xf3, 0xcd, 
    0x38, 0xe7, 0xac, 0xf3, 0xce, 0x3c, 0xf7, 0xec, 0xf3, 0xcf, 0x32, 0x0f, 0x60, 
    0x40, 0xb6, 0x44, 0x17, 0x6d, 0xf4, 0xd1, 0x48, 0x23, 0x4d, 0xc0, 0xd0, 0x49, 
    0x37, 0xed, 0xf4, 0xd3, 0x50, 0x1b, 0xb9, 0x74, 0xd4, 0x54, 0x57, 0x6d, 0xf5, 
    0xd1, 0x53, 0x5f, 0xad, 0xf5, 0xd6, 0x5c, 0xe3, 0x94, 0x75, 0xd7, 0x60, 0x87, 
    0xfd, 0xf4, 0xd7, 0x62, 0x97, 0x6d, 0x36, 0xb5, 0x64, 0x9f, 0xad, 0xf6, 0xda, 
    0x42, 0xa5, 0xcd, 0xf6, 0xdb, 0x6a, 0x13, 0x20, 0x80, 0x80, 0x74, 0xd7, 0x6d, 
    0xf7, 0xdd, 0x78, 0xe7, 0xad, 0xf7, 0xde, 0x7c, 0x3f, 0x03, 0x14, 0x40, 0x40, 
    0x00, 0x21, 0xf9, 0x04, 0x09, 0x04, 0x00, 0x00, 0x00, 0x2c, 0x07, 0x00, 0x10, 
    0x00, 0x8d, 0x00, 0x64, 0x00, 0x87, 0x00, 0x00, 0x00, 0x12, 0x04, 0x05, 0x16, 
    0x06, 0x06, 0x2d, 0x0b, 0x0b, 0x31, 0x0c, 0x0d, 0x38, 0x0d, 0x0e, 0x3c, 0x0f, 
    0x0f, 0x48, 0x12, 0x12, 0x58, 0x16, 0x16, 0x8b, 0x22, 0x23, 0xb5, 0x2d, 0x2e, 
    0xc0, 0x2f, 0x30, 0x00, 0x00, 0x00, 0x00, 0x00, 0x00, 0x00, 0x00, 0x00, 0x00, 
    0x00, 0x00, 0x00, 0x00, 0x00, 0x00, 0x00, 0x00, 0x00, 0x00, 0x00, 0x00, 0x00, 
    0x00, 0x00, 0x00, 0x00, 0x00, 0x00, 0x00, 0x00, 0x00, 0x00, 0x00, 0x00, 0x00, 
    0x00, 0x00, 0x00, 0x00, 0x00, 0x00, 0x00, 0x00, 0x00, 0x00, 0x00, 0x00, 0x00, 
    0x00, 0x00, 0x00, 0x00, 0x00, 0x00, 0x00, 0x00, 0x00, 0x00, 0x00, 0x00, 0x00, 
    0x00, 0x00, 0x00, 0x00, 0x00, 0x00, 0x00, 0x00, 0x00, 0x00, 0x00, 0x00, 0x00, 
    0x00, 0x00, 0x00, 0x00, 0x00, 0x00, 0x00, 0x00, 0x00, 0x00, 0x00, 0x00, 0x00, 
    0x00, 0x00, 0x00, 0x00, 0x00, 0x00, 0x00, 0x00, 0x00, 0x00, 0x00, 0x00, 0x00, 
    0x00, 0x00, 0x00, 0x00, 0x00, 0x00, 0x00, 0x00, 0x00, 0x00, 0x00, 0x00, 0x00, 
    0x00, 0x00, 0x00, 0x00, 0x00, 0x00, 0x00, 0x00, 0x00, 0x00, 0x00, 0x00, 0x00, 
    0x00, 0x00, 0x00, 0x00, 0x00, 0x00, 0x00, 0x00, 0x00, 0x00, 0x00, 0x00, 0x00, 
    0x00, 0x00, 0x00, 0x00, 0x00, 0x00, 0x00, 0x00, 0x00, 0x00, 0x00, 0x00, 0x00, 
    0x00, 0x00, 0x00, 0x00, 0x00, 0x00, 0x00, 0x00, 0x00, 0x00, 0x00, 0x00, 0x00, 
    0x00, 0x00, 0x00, 0x00, 0x00, 0x00, 0x00, 0x00, 0x00, 0x00, 0x00, 0x00, 0x00, 
    0x00, 0x00, 0x00, 0x00, 0x00, 0x00, 0x00, 0x00, 0x00, 0x00, 0x00, 0x00, 0x00, 
    0x00, 0x00, 0x00, 0x00, 0x00, 0x00, 0x00, 0x00, 0x00, 0x00, 0x00, 0x00, 0x00, 
    0x00, 0x00, 0x00, 0x00, 0x00, 0x00, 0x00, 0x00, 0x00, 0x00, 0x00, 0x00, 0x00, 
    0x00, 0x00, 0x00, 0x00, 0x00, 0x00, 0x00, 0x00, 0x00, 0x00, 0x00, 0x00, 0x00, 
    0x00, 0x00, 0x00, 0x00, 0x00, 0x00, 0x00, 0x00, 0x00, 0x00, 0x00, 0x00, 0x00, 
    0x00, 0x00, 0x00, 0x00, 0x00, 0x00, 0x00, 0x00, 0x00, 0x00, 0x00, 0x00, 0x00, 
    0x00, 0x00, 0x00, 0x00, 0x00, 0x00, 0x00, 0x00, 0x00, 0x00, 0x00, 0x00, 0x00, 
    0x00, 0x00, 0x00, 0x00, 0x00, 0x00, 0x00, 0x00, 0x00, 0x00, 0x00, 0x00, 0x00, 
    0x00, 0x00, 0x00, 0x00, 0x00, 0x00, 0x00, 0x00, 0x00, 0x00, 0x00, 0x00, 0x00, 
    0x00, 0x00, 0x00, 0x00, 0x00, 0x00, 0x00, 0x00, 0x00, 0x00, 0x00, 0x00, 0x00, 
    0x00, 0x00, 0x00, 0x00, 0x00, 0x00, 0x00, 0x00, 0x00, 0x00, 0x00, 0x00, 0x00, 
    0x00, 0x00, 0x00, 0x00, 0x00, 0x00, 0x00, 0x00, 0x00, 0x00, 0x00, 0x00, 0x00, 
    0x00, 0x00, 0x00, 0x00, 0x00, 0x00, 0x00, 0x00, 0x00, 0x00, 0x00, 0x00, 0x00, 
    0x00, 0x00, 0x00, 0x00, 0x00, 0x00, 0x00, 0x00, 0x00, 0x00, 0x00, 0x00, 0x00, 
    0x00, 0x00, 0x00, 0x00, 0x00, 0x00, 0x00, 0x00, 0x00, 0x00, 0x00, 0x00, 0x00, 
    0x00, 0x00, 0x00, 0x00, 0x00, 0x00, 0x00, 0x00, 0x00, 0x00, 0x00, 0x00, 0x00, 
    0x00, 0x00, 0x00, 0x00, 0x00, 0x00, 0x00, 0x00, 0x00, 0x00, 0x00, 0x00, 0x00, 
    0x00, 0x00, 0x00, 0x00, 0x00, 0x00, 0x00, 0x00, 0x00, 0x00, 0x00, 0x00, 0x00, 
    0x00, 0x00, 0x00, 0x00, 0x00, 0x00, 0x00, 0x00, 0x00, 0x00, 0x00, 0x00, 0x00, 
    0x00, 0x00, 0x00, 0x00, 0x00, 0x00, 0x00, 0x00, 0x00, 0x00, 0x00, 0x00, 0x00, 
    0x00, 0x00, 0x00, 0x00, 0x00, 0x00, 0x00, 0x00, 0x00, 0x00, 0x00, 0x00, 0x00, 
    0x00, 0x00, 0x00, 0x00, 0x00, 0x00, 0x00, 0x00, 0x00, 0x00, 0x00, 0x00, 0x00, 
    0x00, 0x00, 0x00, 0x00, 0x00, 0x00, 0x00, 0x00, 0x00, 0x00, 0x00, 0x00, 0x00, 
    0x00, 0x00, 0x00, 0x00, 0x00, 0x00, 0x00, 0x00, 0x00, 0x00, 0x00, 0x00, 0x00, 
    0x00, 0x00, 0x00, 0x00, 0x00, 0x00, 0x00, 0x00, 0x00, 0x00, 0x00, 0x00, 0x00, 
    0x00, 0x00, 0x00, 0x00, 0x00, 0x00, 0x00, 0x00, 0x00, 0x00, 0x00, 0x00, 0x00, 
    0x00, 0x00, 0x00, 0x00, 0x00, 0x00, 0x00, 0x00, 0x00, 0x00, 0x00, 0x00, 0x00, 
    0x00, 0x00, 0x00, 0x00, 0x00, 0x00, 0x00, 0x00, 0x00, 0x00, 0x00, 0x00, 0x00, 
    0x00, 0x00, 0x00, 0x00, 0x00, 0x00, 0x00, 0x00, 0x00, 0x00, 0x00, 0x00, 0x00, 
    0x00, 0x00, 0x00, 0x00, 0x00, 0x00, 0x00, 0x00, 0x00, 0x00, 0x00, 0x00, 0x00, 
    0x00, 0x00, 0x00, 0x00, 0x00, 0x00, 0x00, 0x00, 0x00, 0x00, 0x00, 0x00, 0x00, 
    0x00, 0x00, 0x00, 0x00, 0x00, 0x00, 0x00, 0x00, 0x00, 0x00, 0x00, 0x00, 0x00, 
    0x00, 0x00, 0x00, 0x00, 0x00, 0x00, 0x00, 0x00, 0x00, 0x00, 0x00, 0x00, 0x00, 
    0x00, 0x00, 0x00, 0x00, 0x00, 0x00, 0x00, 0x00, 0x00, 0x00, 0x00, 0x00, 0x00, 
    0x00, 0x00, 0x00, 0x00, 0x00, 0x00, 0x00, 0x00, 0x00, 0x00, 0x00, 0x00, 0x00, 
    0x00, 0x00, 0x00, 0x00, 0x00, 0x00, 0x00, 0x00, 0x00, 0x00, 0x00, 0x00, 0x00, 
    0x00, 0x00, 0x00, 0x00, 0x00, 0x00, 0x00, 0x00, 0x00, 0x00, 0x00, 0x00, 0x00, 
    0x00, 0x00, 0x00, 0x00, 0x00, 0x00, 0x00, 0x00, 0x00, 0x00, 0x00, 0x00, 0x00, 
    0x00, 0x00, 0x00, 0x00, 0x00, 0x00, 0x00, 0x00, 0x00, 0x00, 0x00, 0x00, 0x00, 
    0x00, 0x00, 0x00, 0x00, 0x00, 0x00, 0x00, 0x00, 0x00, 0x00, 0x00, 0x00, 0x00, 
    0x00, 0x00, 0x00, 0x00, 0x00, 0x00, 0x00, 0x00, 0x00, 0x00, 0x00, 0x00, 0x00, 
    0x00, 0x00, 0x00, 0x00, 0x00, 0x00, 0x00, 0x00, 0x00, 0x00, 0x00, 0x00, 0x00, 
    0x00, 0x00, 0x00, 0x00, 0x00, 0x00, 0x00, 0x08, 0xff, 0x00, 0x01, 0x08, 0x1c, 
    0x48, 0xb0, 0xa0, 0xc1, 0x83, 0x08, 0x13, 0x2a, 0x44, 0x78, 0xa0, 0xa1, 0xc3, 
    0x87, 0x0e, 0x17, 0x4a, 0x9c, 0x48, 0xb1, 0xa2, 0xc5, 0x8b, 0x18, 0x15, 0x3a, 
    0x4c, 0xc0, 0x91, 0xe3, 0x81, 0x8e, 0x1e, 0x1b, 0x66, 0x1c, 0x49, 0xb2, 0xa4, 
    0xc9, 0x8b, 0x1b, 0x21, 0xaa, 0x6c, 0x98, 0x20, 0xe2, 0xc9, 0x97, 0x30, 0x63, 
    0x5a, 0x64, 0xe9, 0x70, 0x81, 0xcd, 0x9b, 0x38, 0x17, 0xa4, 0x3c, 0x20, 0xb3, 
    0xa7, 0x4f, 0x9f, 0x10, 0x73, 0x0a, 0xc5, 0x09, 0xf1, 0xa7, 0xd1, 0xa3, 0x18, 
    0x83, 0xde, 0x5c, 0xf9, 0x90, 0xe8, 0x43, 0xa4, 0x50, 0xa3, 0x1a, 0xa4, 0x79, 
    0xc0, 0x29, 0x82, 0xab, 0x58, 0xb1, 0x36, 0x74, 0xda, 0x92, 0xa7, 0xd4, 0xaf, 
    0x47, 0xa9, 0x5a, 0xcd, 0x4a, 0x16, 0xc1, 0xd6, 0xa5, 0x1f, 0x45, 0x82, 0x5d, 
    0x1b, 0x53, 0x2c, 0xda, 0xb2, 0x70, 0xcf, 0xda, 0xa4, 0xca, 0xb6, 0xae, 0xc9, 
    0x8f, 0x2d, 0x73, 0x1e, 0x80, 0xcb, 0xb7, 0x2a, 0x51, 0x8f, 0x76, 0x03, 0x67, 
    0xc4, 0xeb, 0x77, 0xee, 0x5e, 0xbe, 0x65, 0xe5, 0xea, 0x04, 0x2c, 0xb8, 0x31, 
    0xc5, 0xb4, 0x85, 0x75, 0x22, 0xee, 0xcb, 0xd5, 0xab, 0xe3, 0xcb, 0x09, 0xd3, 
    0x8e, 0x9d, 0x4c, 0x56, 0x71, 0x5a, 0xcc, 0xa0, 0x0f, 0x6a, 0x5e, 0xca, 0x99, 
    0xf2, 0xd2, 0x96, 0xa1, 0x53, 0x0f, 0x1c, 0xad, 0xf3, 0x70, 0xe9, 0xce, 0x85, 
    0x3f, 0xab, 0x0e, 0x4d, 0x93, 0xf4, 0xeb, 0xb8, 0xa7, 0xd5, 0xce, 0xbe, 0x4c, 
    0xf8, 0xed, 0xed, 0xac, 0x72, 0x09, 0xef, 0xc6, 0xdc, 0xdb, 0xf6, 0xef, 0xab, 
    0x91, 0x85, 0x0f, 0x77, 0x5c, 0xdc, 0xf0, 0x71, 0xb3, 0xc9, 0x19, 0x2f, 0x17, 
    0x5c, 0x9b, 0xe8, 0xf3, 0xc8, 0x8b, 0x75, 0x4f, 0x0f, 0xcc, 0xda, 0xf9, 0x6d, 
    0xc5, 0xd9, 0xb7, 0x33, 0xff, 0xcf, 0xab, 0xf7, 0x37, 0xf6, 0xf0, 0xe2, 0xa9, 
    0x93, 0xdf, 0x3c, 0x19, 0x3c, 0xfa, 0xf4, 0x76, 0xbb, 0xfb, 0x46, 0xec, 0xfe, 
    0x3d, 0x7c, 0xb6, 0xf2, 0x8d, 0x9b, 0x16, 0x2a, 0xfb, 0x3e, 0xfe, 0xfa, 0xad, 
    0x31, 0x55, 0xd3, 0x50, 0x2e, 0xf9, 0xf7, 0xdf, 0x50, 0x08, 0x26, 0xa8, 0x97, 
    0x65, 0x06, 0xae, 0x35, 0xa0, 0x82, 0x10, 0x3a, 0xc5, 0x60, 0x83, 0x5f, 0xe5, 
    0xb7, 0x60, 0x6b, 0x10, 0xf6, 0x47, 0x61, 0x85, 0xeb, 0x11, 0xa8, 0x54, 0x82, 
    0x1a, 0x6e, 0x18, 0x95, 0x85, 0x68, 0x61, 0x98, 0x21, 0x6a, 0x22, 0x56, 0x08, 
    0x20, 0x86, 0x5b, 0xad, 0x18, 0x60, 0x8a, 0x60, 0xb9, 0x68, 0xd8, 0x83, 0x1e, 
    0xc2, 0x18, 0xa3, 0x8b, 0x2d, 0x9e, 0x27, 0xa1, 0x8d, 0x1c, 0xea, 0x88, 0x16, 
    0x8d, 0xfc, 0xa1, 0xc8, 0x23, 0x54, 0x24, 0x46, 0xa8, 0x97, 0x90, 0x43, 0x86, 
    0xd5, 0x21, 0x7f, 0x4d, 0x81, 0x88, 0x64, 0x92, 0x3f, 0x59, 0xf8, 0x90, 0x56, 
    0x40, 0xce, 0xf5, 0x24, 0x94, 0x3d, 0xe5, 0xd7, 0x10, 0x7d, 0xe7, 0x85, 0x88, 
    0xa5, 0x4c, 0xf2, 0x6d, 0xd9, 0x1e, 0x76, 0x5e, 0x7e, 0x09, 0x53, 0x77, 0x62, 
    0x72, 0xe6, 0xd9, 0x95, 0x66, 0xbe, 0x84, 0xa6, 0x79, 0x7f, 0x4d, 0xd8, 0xa6, 
    0x9b, 0xeb, 0xa5, 0x59, 0x5a, 0x70, 0x6c, 0xce, 0x59, 0xd2, 0x83, 0xae, 0x7d, 
    0xf7, 0xa3, 0x9e, 0x60, 0x26, 0x77, 0x9d, 0x53, 0x80, 0xb6, 0x25, 0xe8, 0x71, 
    0xc9, 0xc9, 0x59, 0xe8, 0x48, 0x9e, 0x0d, 0x8a, 0xd6, 0xa2, 0x27, 0xd1, 0xd8, 
    0xe7, 0x6b, 0x89, 0x2a, 0x0a, 0x69, 0x45, 0x6f, 0x22, 0x1a, 0xe7, 0xa5, 0x24, 
    0xa1, 0x39, 0xe9, 0x98, 0x9b, 0x72, 0x3a, 0xd8, 0x92, 0x9f, 0xd2, 0x77, 0xa4, 
    0xa5, 0xa2, 0x2e, 0x14, 0x66, 0xa9, 0x89, 0x91, 0x99, 0x67, 0xaa, 0x1a, 0xb9, 
    0xff, 0x67, 0x67, 0x5c, 0x5d, 0x6a, 0x07, 0xeb, 0x44, 0x00, 0xce, 0x0a, 0x9c, 
    0x8f, 0xb6, 0xde, 0x1a, 0xab, 0x8f, 0x01, 0xba, 0xd6, 0xa4, 0x87, 0xa8, 0xfa, 
    0x4a, 0x50, 0x91, 0x3f, 0xca, 0x68, 0x9f, 0xb1, 0x0c, 0x29, 0x6b, 0xe4, 0x8e, 
    0xcc, 0xc6, 0xfa, 0xec, 0xb4, 0x86, 0x45, 0x9b, 0x99, 0xb3, 0xd4, 0xce, 0x68, 
    0xad, 0x68, 0x4b, 0x32, 0xb9, 0xd2, 0x89, 0xc5, 0x1a, 0x0b, 0x99, 0x82, 0xa5, 
    0x02, 0xdb, 0xda, 0xab, 0xcc, 0x56, 0xe7, 0x21, 0xad, 0x4e, 0xf6, 0xba, 0x2d, 
    0x00, 0x45, 0xea, 0x0a, 0x5d, 0xbb, 0xef, 0x72, 0x0b, 0xac, 0xbc, 0x2b, 0x96, 
    0xf9, 0xee, 0x87, 0x3f, 0xd2, 0x5a, 0x6b, 0x81, 0xf5, 0x1e, 0xcb, 0xaf, 0x43, 
    0xfe, 0x4a, 0x08, 0x70, 0xc0, 0xa2, 0xa9, 0x04, 0x2f, 0xc1, 0x4f, 0xad, 0x84, 
    0xb0, 0x9b, 0xee, 0x3e, 0x2c, 0xf1, 0xc4, 0x14, 0x57, 0x6c, 0xf1, 0xc5, 0x18, 
    0x67, 0xac, 0xf1, 0xc6, 0x1c, 0x77, 0xec, 0xf1, 0xc7, 0x20, 0x87, 0x2c, 0xf2, 
    0xc8, 0x24, 0x97, 0x6c, 0xf2, 0xc9, 0x28, 0xa7, 0xac, 0xf2, 0xca, 0x47, 0x15, 
    0xa0, 0xc0, 0xcb, 0x30, 0xc7, 0x2c, 0xf3, 0xcc, 0x34, 0xd7, 0x6c, 0xf3, 0xcd, 
    0x38, 0xe7, 0xac, 0xf3, 0xce, 0x3c, 0xf7, 0x0c, 0xf3, 0x00, 0x06, 0x64, 0x2b, 
    0xf4, 0xd0, 0x44, 0x17, 0x6d, 0xb4, 0xd1, 0x04, 0x04, 0x7d, 0xf4, 0xd2, 0x4c, 
    0x37, 0xed, 0xb4, 0x91, 0x49, 0x3f, 0x2d, 0xf5, 0xd4, 0x54, 0x17, 0x1d, 0x75, 
    0xd5, 0x58, 0x67, 0xad, 0x35, 0x4e, 0x57, 0x6f, 0xed, 0xf5, 0xd7, 0x4d, 0x77, 
    0x0d, 0xf6, 0xd8, 0x64, 0x53, 0x2b, 0x76, 0xd9, 0x68, 0xa7, 0x2d, 0xd4, 0xd9, 
    0x6a, 0xb7, 0x8d, 0x36, 0x01, 0x02, 0x08, 0x28, 0xf7, 0xdc, 0x74, 0xd7, 0x6d, 
    0xf7, 0xdd, 0x78, 0xe7, 0xad, 0xf7, 0x43, 0x01, 0x04, 0x01, 0x04, 0x00, 0x21, 
    0xf9, 0x04, 0x09, 0x04, 0x00, 0x00, 0x00, 0x2c, 0x07, 0x00, 0x12, 0x00, 0x8d, 
    0x00, 0x62, 0x00, 0x87, 0x00, 0x00, 0x00, 0x12, 0x04, 0x05, 0x16, 0x06, 0x06, 
    0x2d, 0x0b, 0x0b, 0x31, 0x0c, 0x0d, 0x38, 0x0d, 0x0e, 0x3c, 0x0f, 0x0f, 0x48, 
    0x12, 0x12, 0x58, 0x16, 0x16, 0x8b, 0x22, 0x23, 0xb5, 0x2d, 0x2e, 0xc0, 0x2f, 
    0x30, 0x00, 0x00, 0x00, 0x00, 0x00, 0x00, 0x00, 0x00, 0x00, 0x00, 0x00, 0x00, 
    0x00, 0x00, 0x00, 0x00, 0x00, 0x00, 0x00, 0x00, 0x00, 0x00, 0x00, 0x00, 0x00, 
    0x00, 0x00, 0x00, 0x00, 0x00, 0x00, 0x00, 0x00, 0x00, 0x00, 0x00, 0x00, 0x00, 
    0x00, 0x00, 0x00, 0x00, 0x00, 0x00, 0x00, 0x00, 0x00, 0x00, 0x00, 0x00, 0x00, 
    0x00, 0x00, 0x00, 0x00, 0x00, 0x00, 0x00, 0x00, 0x00, 0x00, 0x00, 0x00, 0x00, 
    0x00, 0x00, 0x00, 0x00, 0x00, 0x00, 0x00, 0x00, 0x00, 0x00, 0x00, 0x00, 0x00, 
    0x00, 0x00, 0x00, 0x00, 0x00, 0x00, 0x00, 0x00, 0x00, 0x00, 0x00, 0x00, 0x00, 
    0x00, 0x00, 0x00, 0x00, 0x00, 0x00, 0x00, 0x00, 0x00, 0x00, 0x00, 0x00, 0x00, 
    0x00, 0x00, 0x00, 0x00, 0x00, 0x00, 0x00, 0x00, 0x00, 0x00, 0x00, 0x00, 0x00, 
    0x00, 0x00, 0x00, 0x00, 0x00, 0x00, 0x00, 0x00, 0x00, 0x00, 0x00, 0x00, 0x00, 
    0x00, 0x00, 0x00, 0x00, 0x00, 0x00, 0x00, 0x00, 0x00, 0x00, 0x00, 0x00, 0x00, 
    0x00, 0x00, 0x00, 0x00, 0x00, 0x00, 0x00, 0x00, 0x00, 0x00, 0x00, 0x00, 0x00, 
    0x00, 0x00, 0x00, 0x00, 0x00, 0x00, 0x00, 0x00, 0x00, 0x00, 0x00, 0x00, 0x00, 
    0x00, 0x00, 0x00, 0x00, 0x00, 0x00, 0x00, 0x00, 0x00, 0x00, 0x00, 0x00, 0x00, 
    0x00, 0x00, 0x00, 0x00, 0x00, 0x00, 0x00, 0x00, 0x00, 0x00, 0x00, 0x00, 0x00, 
    0x00, 0x00, 0x00, 0x00, 0x00, 0x00, 0x00, 0x00, 0x00, 0x00, 0x00, 0x00, 0x00, 
    0x00, 0x00, 0x00, 0x00, 0x00, 0x00, 0x00, 0x00, 0x00, 0x00, 0x00, 0x00, 0x00, 
    0x00, 0x00, 0x00, 0x00, 0x00, 0x00, 0x00, 0x00, 0x00, 0x00, 0x00, 0x00, 0x00, 
    0x00, 0x00, 0x00, 0x00, 0x00, 0x00, 0x00, 0x00, 0x00, 0x00, 0x00, 0x00, 0x00, 
    0x00, 0x00, 0x00, 0x00, 0x00, 0x00, 0x00, 0x00, 0x00, 0x00, 0x00, 0x00, 0x00, 
    0x00, 0x00, 0x00, 0x00, 0x00, 0x00, 0x00, 0x00, 0x00, 0x00, 0x00, 0x00, 0x00, 
    0x00, 0x00, 0x00, 0x00, 0x00, 0x00, 0x00, 0x00, 0x00, 0x00, 0x00, 0x00, 0x00, 
    0x00, 0x00, 0x00, 0x00, 0x00, 0x00, 0x00, 0x00, 0x00, 0x00, 0x00, 0x00, 0x00, 
    0x00, 0x00, 0x00, 0x00, 0x00, 0x00, 0x00, 0x00, 0x00, 0x00, 0x00, 0x00, 0x00, 
    0x00, 0x00, 0x00, 0x00, 0x00, 0x00, 0x00, 0x00, 0x00, 0x00, 0x00, 0x00, 0x00, 
    0x00, 0x00, 0x00, 0x00, 0x00, 0x00, 0x00, 0x00, 0x00, 0x00, 0x00, 0x00, 0x00, 
    0x00, 0x00, 0x00, 0x00, 0x00, 0x00, 0x00, 0x00, 0x00, 0x00, 0x00, 0x00, 0x00, 
    0x00, 0x00, 0x00, 0x00, 0x00, 0x00, 0x00, 0x00, 0x00, 0x00, 0x00, 0x00, 0x00, 
    0x00, 0x00, 0x00, 0x00, 0x00, 0x00, 0x00, 0x00, 0x00, 0x00, 0x00, 0x00, 0x00, 
    0x00, 0x00, 0x00, 0x00, 0x00, 0x00, 0x00, 0x00, 0x00, 0x00, 0x00, 0x00, 0x00, 
    0x00, 0x00, 0x00, 0x00, 0x00, 0x00, 0x00, 0x00, 0x00, 0x00, 0x00, 0x00, 0x00, 
    0x00, 0x00, 0x00, 0x00, 0x00, 0x00, 0x00, 0x00, 0x00, 0x00, 0x00, 0x00, 0x00, 
    0x00, 0x00, 0x00, 0x00, 0x00, 0x00, 0x00, 0x00, 0x00, 0x00, 0x00, 0x00, 0x00, 
    0x00, 0x00, 0x00, 0x00, 0x00, 0x00, 0x00, 0x00, 0x00, 0x00, 0x00, 0x00, 0x00, 
    0x00, 0x00, 0x00, 0x00, 0x00, 0x00, 0x00, 0x00, 0x00, 0x00, 0x00, 0x00, 0x00, 
    0x00, 0x00, 0x00, 0x00, 0x00, 0x00, 0x00, 0x00, 0x00, 0x00, 0x00, 0x00, 0x00, 
    0x00, 0x00, 0x00, 0x00, 0x00, 0x00, 0x00, 0x00, 0x00, 0x00, 0x00, 0x00, 0x00, 
    0x00, 0x00, 0x00, 0x00, 0x00, 0x00, 0x00, 0x00, 0x00, 0x00, 0x00, 0x00, 0x00, 
    0x00, 0x00, 0x00, 0x00, 0x00, 0x00, 0x00, 0x00, 0x00, 0x00, 0x00, 0x00, 0x00, 
    0x00, 0x00, 0x00, 0x00, 0x00, 0x00, 0x00, 0x00, 0x00, 0x00, 0x00, 0x00, 0x00, 
    0x00, 0x00, 0x00, 0x00, 0x00, 0x00, 0x00, 0x00, 0x00, 0x00, 0x00, 0x00, 0x00, 
    0x00, 0x00, 0x00, 0x00, 0x00, 0x00, 0x00, 0x00, 0x00, 0x00, 0x00, 0x00, 0x00, 
    0x00, 0x00, 0x00, 0x00, 0x00, 0x00, 0x00, 0x00, 0x00, 0x00, 0x00, 0x00, 0x00, 
    0x00, 0x00, 0x00, 0x00, 0x00, 0x00, 0x00, 0x00, 0x00, 0x00, 0x00, 0x00, 0x00, 
    0x00, 0x00, 0x00, 0x00, 0x00, 0x00, 0x00, 0x00, 0x00, 0x00, 0x00, 0x00, 0x00, 
    0x00, 0x00, 0x00, 0x00, 0x00, 0x00, 0x00, 0x00, 0x00, 0x00, 0x00, 0x00, 0x00, 
    0x00, 0x00, 0x00, 0x00, 0x00, 0x00, 0x00, 0x00, 0x00, 0x00, 0x00, 0x00, 0x00, 
    0x00, 0x00, 0x00, 0x00, 0x00, 0x00, 0x00, 0x00, 0x00, 0x00, 0x00, 0x00, 0x00, 
    0x00, 0x00, 0x00, 0x00, 0x00, 0x00, 0x00, 0x00, 0x00, 0x00, 0x00, 0x00, 0x00, 
    0x00, 0x00, 0x00, 0x00, 0x00, 0x00, 0x00, 0x00, 0x00, 0x00, 0x00, 0x00, 0x00, 
    0x00, 0x00, 0x00, 0x00, 0x00, 0x00, 0x00, 0x00, 0x00, 0x00, 0x00, 0x00, 0x00, 
    0x00, 0x00, 0x00, 0x00, 0x00, 0x00, 0x00, 0x00, 0x00, 0x00, 0x00, 0x00, 0x00, 
    0x00, 0x00, 0x00, 0x00, 0x00, 0x00, 0x00, 0x00, 0x00, 0x00, 0x00, 0x00, 0x00, 
    0x00, 0x00, 0x00, 0x00, 0x00, 0x00, 0x00, 0x00, 0x00, 0x00, 0x00, 0x00, 0x00, 
    0x00, 0x00, 0x00, 0x00, 0x00, 0x00, 0x00, 0x00, 0x00, 0x00, 0x00, 0x00, 0x00, 
    0x00, 0x00, 0x00, 0x00, 0x00, 0x00, 0x00, 0x00, 0x00, 0x00, 0x00, 0x00, 0x00, 
    0x00, 0x00, 0x00, 0x00, 0x00, 0x08, 0xff, 0x00, 0x01, 0x08, 0x1c, 0x48, 0xb0, 
    0xa0, 0xc1, 0x83, 0x08, 0x13, 0x2a, 0x44, 0x78, 0xa0, 0xa1, 0xc3, 0x87, 0x0e, 
    0x17, 0x4a, 0x9c, 0x48, 0xb1, 0xa2, 0xc5, 0x8b, 0x18, 0x15, 0x3a, 0x4c, 0xc0, 
    0x91, 0xe3, 0x81, 0x8e, 0x1e, 0x1b, 0x66, 0x1c, 0x49, 0xb2, 0xa4, 0xc9, 0x8b, 
    0x1b, 0x21, 0xaa, 0x6c, 0x98, 0x20, 0xe2, 0xc9, 0x97, 0x30, 0x63, 0x5a, 0x64, 
    0xe9, 0x70, 0x81, 0xcd, 0x9b, 0x38, 0x17, 0xa4, 0x3c, 0x20, 0xb3, 0xa7, 0x4f, 
    0x9f, 0x10, 0x73, 0x0a, 0xc5, 0x09, 0xf1, 0xa7, 0xd1, 0xa3, 0x18, 0x83, 0xde, 
    0x5c, 0xf9, 0x90, 0xe8, 0x43, 0xa4, 0x50, 0xa3, 0x1a, 0xa4, 0x79, 0xc0, 0x29, 
    0x82, 0xab, 0x58, 0xb1, 0x36, 0x74, 0xda, 0x92, 0xa7, 0xd4, 0xaf, 0x47, 0xa9, 
    0x5a, 0xcd, 0x4a, 0x16, 0xc1, 0xd6, 0xa5, 0x1f, 0x45, 0x82, 0x5d, 0x1b, 0x53, 
    0x2c, 0xda, 0xb2, 0x70, 0xcf, 0xda, 0xa4, 0xca, 0xb6, 0xae, 0xc9, 0x8f, 0x2d, 
    0x73, 0x1e, 0x80, 0xcb, 0xb7, 0x2a, 0x51, 0x8f, 0x76, 0x03, 0x67, 0xc4, 0xeb, 
    0x77, 0xee, 0x5e, 0xbe, 0x65, 0xe5, 0xea, 0x04, 0x2c, 0xb8, 0x31, 0xc5, 0xb4, 
    0x85, 0x75, 0x22, 0xee, 0xcb, 0xd5, 0xab, 0xe3, 0xcb, 0x09, 0xd3, 0x8e, 0x9d, 
    0x4c, 0x56, 0x71, 0x5a, 0xcc, 0xa0, 0x0f, 0x6a, 0x5e, 0xca, 0x99, 0xf2, 0xd2, 
    0x96, 0xa1, 0x53, 0x0f, 0x1c, 0xad, 0xf3, 0x70, 0xe9, 0xce, 0x85, 0x3f, 0xab, 
    0x0e, 0x4d, 0x93, 0xf4, 0xeb, 0xb8, 0xa7, 0xd5, 0xce, 0xbe, 0x4c, 0xf8, 0xed, 
    0xed, 0xac, 0x72, 0x09, 0xef, 0xc6, 0xdc, 0xdb, 0xf6, 0xef, 0xab, 0x91, 0x85, 
    0x0f, 0x77, 0x5c, 0xdc, 0xf0, 0x71, 0xb3, 0xc9, 0x19, 0x2f, 0x17, 0x5c, 0x9b, 
    0xe8, 0xf3, 0xc8, 0x8b, 0x75, 0x4f, 0x0f, 0xcc, 0xda, 0xf9, 0x6d, 0xc5, 0xd9, 
    0xb7, 0x33, 0xff, 0xcf, 0xab, 0xf7, 0x37, 0xf6, 0xf0, 0xe2, 0xa9, 0x93, 0xdf, 
    0x3c, 0x19, 0x3c, 0xfa, 0xf4, 0x76, 0xbb, 0xfb, 0x46, 0xec, 0xfe, 0x3d, 0x7c, 
    0xb6, 0xf2, 0x8d, 0x9b, 0x16, 0x2a, 0xfb, 0x3e, 0xfe, 0xfa, 0xad, 0x31, 0x55, 
    0xd3, 0x50, 0x2e, 0xf9, 0xf7, 0xdf, 0x50, 0x08, 0x26, 0xa8, 0x97, 0x65, 0x06, 
    0xae, 0x35, 0xa0, 0x82, 0x10, 0x3a, 0xc5, 0x60, 0x83, 0x5f, 0xe5, 0xb7, 0x60, 
    0x6b, 0x10, 0xf6, 0x47, 0x61, 0x85, 0xeb, 0x11, 0xa8, 0x54, 0x82, 0x1a, 0x6e, 
    0x18, 0x95, 0x85, 0x68, 0x61, 0x98, 0x21, 0x6a, 0x22, 0x56, 0x08, 0x20, 0x86, 
    0x5b, 0xad, 0x18, 0x60, 0x8a, 0x60, 0xb9, 0x68, 0xd8, 0x83, 0x1e, 0xc2, 0x18, 
    0xa3, 0x8b, 0x2d, 0x9e, 0x27, 0xa1, 0x8d, 0x1c, 0xea, 0x88, 0x16, 0x8d, 0xfc, 
    0xa1, 0xc8, 0x23, 0x54, 0x24, 0x46, 0xa8, 0x97, 0x90, 0x43, 0x86, 0xd5, 0x21, 
    0x7f, 0x4d, 0x81, 0x88, 0x64, 0x92, 0x3f, 0x59, 0xf8, 0x90, 0x56, 0x40, 0xce, 
    0xf5, 0x24, 0x94, 0x3d, 0xe5, 0xd7, 0x10, 0x7d, 0xe7, 0x85, 0x88, 0xa5, 0x4c, 
    0xf2, 0x6d, 0xd9, 0x1e, 0x76, 0x5e, 0x7e, 0x09, 0x53, 0x77, 0x62, 0x72, 0xe6, 
    0xd9, 0x95, 0x66, 0xbe, 0x84, 0xa6, 0x79, 0x7f, 0x4d, 0xd8, 0xa6, 0x9b, 0xeb, 
    0xa5, 0x59, 0x5a, 0x70, 0x6c, 0xce, 0x59, 0xd2, 0x83, 0xae, 0x7d, 0xf7, 0xa3, 
    0x9e, 0x60, 0x26, 0x77, 0x9d, 0x53, 0x80, 0xb6, 0x25, 0xe8, 0x71, 0xc9, 0xc9, 
    0x59, 0xe8, 0x48, 0x9e, 0x0d, 0x8a, 0xd6, 0xa2, 0x27, 0xd1, 0xd8, 0xe7, 0x6b, 
    0x89, 0x2a, 0x0a, 0x69, 0x45, 0x6f, 0x22, 0x1a, 0xe7, 0xa5, 0x24, 0xa1, 0x39, 
    0xe9, 0x98, 0x9b, 0x72, 0x3a, 0xd8, 0x92, 0x9f, 0xd2, 0x77, 0xa4, 0xa5, 0xa2, 
    0x2e, 0x14, 0x66, 0xa9, 0x89, 0x91, 0x99, 0x67, 0xaa, 0x1a, 0xb9, 0xfd, 0x67, 
    0x67, 0x5c, 0x5d, 0x6a, 0x07, 0xeb, 0x44, 0x00, 0xce, 0x0a, 0x9c, 0x8f, 0xb6, 
    0xde, 0x1a, 0xab, 0x8f, 0x01, 0xba, 0xd6, 0xa4, 0x87, 0xa8, 0xfa, 0x4a, 0x50, 
    0x91, 0x3f, 0xca, 0x68, 0x9f, 0xb1, 0x0c, 0x29, 0x6b, 0xe4, 0x8e, 0xcc, 0xc6, 
    0xfa, 0xec, 0xb4, 0x86, 0x45, 0x9b, 0x99, 0xb3, 0xd4, 0xce, 0x68, 0xad, 0x68, 
    0x4b, 0x32, 0xb9, 0xd2, 0x89, 0xc5, 0x1a, 0x0b, 0x99, 0x82, 0xa5, 0x02, 0xdb, 
    0xda, 0xab, 0xcc, 0x56, 0xe7, 0x21, 0xad, 0x4e, 0xf6, 0xba, 0x2d, 0x00, 0x45, 
    0xea, 0x0a, 0x5d, 0xbb, 0xef, 0x72, 0x0b, 0xac, 0xbc, 0x2b, 0x96, 0xf9, 0xee, 
    0x87, 0x3f, 0xd2, 0x5a, 0x6b, 0x81, 0xf5, 0x1e, 0xcb, 0xaf, 0x43, 0xfe, 0x4a, 
    0x08, 0x70, 0xc0, 0xa2, 0xa9, 0x04, 0x2f, 0xc1, 0x4f, 0xad, 0x84, 0xb0, 0x9b, 
    0xee, 0x3e, 0x2c, 0xf1, 0xc4, 0x14, 0x57, 0x6c, 0xf1, 0xc5, 0x18, 0x67, 0xac, 
    0xf1, 0xc6, 0x1c, 0x77, 0xec, 0xf1, 0xc7, 0x20, 0x87, 0x2c, 0xf2, 0xc8, 0x24, 
    0x97, 0x6c, 0xf2, 0xc9, 0x28, 0xa7, 0x8c, 0x50, 0x01, 0x0a, 0xb4, 0xec, 0xf2, 
    0xcb, 0x30, 0xc7, 0x2c, 0xf3, 0xcc, 0x34, 0xd7, 0x6c, 0xf3, 0xcd, 0x38, 0xe7, 
    0xac, 0xf3, 0xce, 0x2e, 0x0f, 0x60, 0x40, 0xb6, 0x40, 0x07, 0x2d, 0xf4, 0xd0, 
    0x44, 0x13, 0x4d, 0xc0, 0xcf, 0x45, 0x27, 0xad, 0xf4, 0xd2, 0x4c, 0x1b, 0x79, 
    0x74, 0xd3, 0x50, 0x47, 0x2d, 0xf5, 0xd0, 0x4f, 0x4f, 0x6d, 0xf5, 0xd5, 0x58, 
    0xe3, 0x54, 0x75, 0xd6, 0x5c, 0x77, 0xbd, 0xf4, 0xd6, 0x5e, 0x87, 0x2d, 0x36, 
    0xb5, 0x60, 0x8f, 0x6d, 0xf6, 0xd9, 0x42, 0x95, 0x8d, 0xf6, 0xda, 0x66, 0x13, 
    0x20, 0x80, 0x80, 0x70, 0xc7, 0x2d, 0xf7, 0xdc, 0x74, 0xd7, 0x6d, 0xf7, 0xdd, 
    0x78, 0x3f, 0x14, 0x40, 0x40, 0x00, 0x21, 0xf9, 0x04, 0x09, 0x04, 0x00, 0x00, 
    0x00, 0x2c, 0x07, 0x00, 0x14, 0x00, 0x8d, 0x00, 0x60, 0x00, 0x87, 0x00, 0x00, 
    0x00, 0x12, 0x04, 0x05, 0x16, 0x06, 0x06, 0x2d, 0x0b, 0x0b, 0x31, 0x0c, 0x0d, 
    0x38, 0x0d, 0x0e, 0x3c, 0x0f, 0x0f, 0x48, 0x12, 0x12, 0x58, 0x16, 0x16, 0x8b, 
    0x22, 0x23, 0xb5, 0x2d, 0x2e, 0xc0, 0x2f, 0x30, 0x00, 0x00, 0x00, 0x00, 0x00, 
    0x00, 0x00, 0x00, 0x00, 0x00, 0x00, 0x00, 0x00, 0x00, 0x00, 0x00, 0x00, 0x00, 
    0x00, 0x00, 0x00, 0x00, 0x00, 0x00, 0x00, 0x00, 0x00, 0x00, 0x00, 0x00, 0x00, 
    0x00, 0x00, 0x00, 0x00, 0x00, 0x00, 0x00, 0x00, 0x00, 0x00, 0x00, 0x00, 0x00, 
    0x00, 0x00, 0x00, 0x00, 0x00, 0x00, 0x00, 0x00, 0x00, 0x00, 0x00, 0x00, 0x00, 
    0x00, 0x00, 0x00, 0x00, 0x00, 0x00, 0x00, 0x00, 0x00, 0x00, 0x00, 0x00, 0x00, 
    0x00, 0x00, 0x00, 0x00, 0x00, 0x00, 0x00, 0x00, 0x00, 0x00, 0x00, 0x00, 0x00, 
    0x00, 0x00, 0x00, 0x00, 0x00, 0x00, 0x00, 0x00, 0x00, 0x00, 0x00, 0x00, 0x00, 
    0x00, 0x00, 0x00, 0x00, 0x00, 0x00, 0x00, 0x00, 0x00, 0x00, 0x00, 0x00, 0x00, 
    0x00, 0x00, 0x00, 0x00, 0x00, 0x00, 0x00, 0x00, 0x00, 0x00, 0x00, 0x00, 0x00, 
    0x00, 0x00, 0x00, 0x00, 0x00, 0x00, 0x00, 0x00, 0x00, 0x00, 0x00, 0x00, 0x00, 
    0x00, 0x00, 0x00, 0x00, 0x00, 0x00, 0x00, 0x00, 0x00, 0x00, 0x00, 0x00, 0x00, 
    0x00, 0x00, 0x00, 0x00, 0x00, 0x00, 0x00, 0x00, 0x00, 0x00, 0x00, 0x00, 0x00, 
    0x00, 0x00, 0x00, 0x00, 0x00, 0x00, 0x00, 0x00, 0x00, 0x00, 0x00, 0x00, 0x00, 
    0x00, 0x00, 0x00, 0x00, 0x00, 0x00, 0x00, 0x00, 0x00, 0x00, 0x00, 0x00, 0x00, 
    0x00, 0x00, 0x00, 0x00, 0x00, 0x00, 0x00, 0x00, 0x00, 0x00, 0x00, 0x00, 0x00, 
    0x00, 0x00, 0x00, 0x00, 0x00, 0x00, 0x00, 0x00, 0x00, 0x00, 0x00, 0x00, 0x00, 
    0x00, 0x00, 0x00, 0x00, 0x00, 0x00, 0x00, 0x00, 0x00, 0x00, 0x00, 0x00, 0x00, 
    0x00, 0x00, 0x00, 0x00, 0x00, 0x00, 0x00, 0x00, 0x00, 0x00, 0x00, 0x00, 0x00, 
    0x00, 0x00, 0x00, 0x00, 0x00, 0x00, 0x00, 0x00, 0x00, 0x00, 0x00, 0x00, 0x00, 
    0x00, 0x00, 0x00, 0x00, 0x00, 0x00, 0x00, 0x00, 0x00, 0x00, 0x00, 0x00, 0x00, 
    0x00, 0x00, 0x00, 0x00, 0x00, 0x00, 0x00, 0x00, 0x00, 0x00, 0x00, 0x00, 0x00, 
    0x00, 0x00, 0x00, 0x00, 0x00, 0x00, 0x00, 0x00, 0x00, 0x00, 0x00, 0x00, 0x00, 
    0x00, 0x00, 0x00, 0x00, 0x00, 0x00, 0x00, 0x00, 0x00, 0x00, 0x00, 0x00, 0x00, 
    0x00, 0x00, 0x00, 0x00, 0x00, 0x00, 0x00, 0x00, 0x00, 0x00, 0x00, 0x00, 0x00, 
    0x00, 0x00, 0x00, 0x00, 0x00, 0x00, 0x00, 0x00, 0x00, 0x00, 0x00, 0x00, 0x00, 
    0x00, 0x00, 0x00, 0x00, 0x00, 0x00, 0x00, 0x00, 0x00, 0x00, 0x00, 0x00, 0x00, 
    0x00, 0x00, 0x00, 0x00, 0x00, 0x00, 0x00, 0x00, 0x00, 0x00, 0x00, 0x00, 0x00, 
    0x00, 0x00, 0x00, 0x00, 0x00, 0x00, 0x00, 0x00, 0x00, 0x00, 0x00, 0x00, 0x00, 
    0x00, 0x00, 0x00, 0x00, 0x00, 0x00, 0x00, 0x00, 0x00, 0x00, 0x00, 0x00, 0x00, 
    0x00, 0x00, 0x00, 0x00, 0x00, 0x00, 0x00, 0x00, 0x00, 0x00, 0x00, 0x00, 0x00, 
    0x00, 0x00, 0x00, 0x00, 0x00, 0x00, 0x00, 0x00, 0x00, 0x00, 0x00, 0x00, 0x00, 
    0x00, 0x00, 0x00, 0x00, 0x00, 0x00, 0x00, 0x00, 0x00, 0x00, 0x00, 0x00, 0x00, 
    0x00, 0x00, 0x00, 0x00, 0x00, 0x00, 0x00, 0x00, 0x00, 0x00, 0x00, 0x00, 0x00, 
    0x00, 0x00, 0x00, 0x00, 0x00, 0x00, 0x00, 0x00, 0x00, 0x00, 0x00, 0x00, 0x00, 
    0x00, 0x00, 0x00, 0x00, 0x00, 0x00, 0x00, 0x00, 0x00, 0x00, 0x00, 0x00, 0x00, 
    0x00, 0x00, 0x00, 0x00, 0x00, 0x00, 0x00, 0x00, 0x00, 0x00, 0x00, 0x00, 0x00, 
    0x00, 0x00, 0x00, 0x00, 0x00, 0x00, 0x00, 0x00, 0x00, 0x00, 0x00, 0x00, 0x00, 
    0x00, 0x00, 0x00, 0x00, 0x00, 0x00, 0x00, 0x00, 0x00, 0x00, 0x00, 0x00, 0x00, 
    0x00, 0x00, 0x00, 0x00, 0x00, 0x00, 0x00, 0x00, 0x00, 0x00, 0x00, 0x00, 0x00, 
    0x00, 0x00, 0x00, 0x00, 0x00, 0x00, 0x00, 0x00, 0x00, 0x00, 0x00, 0x00, 0x00, 
    0x00, 0x00, 0x00, 0x00, 0x00, 0x00, 0x00, 0x00, 0x00, 0x00, 0x00, 0x00, 0x00, 
    0x00, 0x00, 0x00, 0x00, 0x00, 0x00, 0x00, 0x00, 0x00, 0x00, 0x00, 0x00, 0x00, 
    0x00, 0x00, 0x00, 0x00, 0x00, 0x00, 0x00, 0x00, 0x00, 0x00, 0x00, 0x00, 0x00, 
    0x00, 0x00, 0x00, 0x00, 0x00, 0x00, 0x00, 0x00, 0x00, 0x00, 0x00, 0x00, 0x00, 
    0x00, 0x00, 0x00, 0x00, 0x00, 0x00, 0x00, 0x00, 0x00, 0x00, 0x00, 0x00, 0x00, 
    0x00, 0x00, 0x00, 0x00, 0x00, 0x00, 0x00, 0x00, 0x00, 0x00, 0x00, 0x00, 0x00, 
    0x00, 0x00, 0x00, 0x00, 0x00, 0x00, 0x00, 0x00, 0x00, 0x00, 0x00, 0x00, 0x00, 
    0x00, 0x00, 0x00, 0x00, 0x00, 0x00, 0x00, 0x00, 0x00, 0x00, 0x00, 0x00, 0x00, 
    0x00, 0x00, 0x00, 0x00, 0x00, 0x00, 0x00, 0x00, 0x00, 0x00, 0x00, 0x00, 0x00, 
    0x00, 0x00, 0x00, 0x00, 0x00, 0x00, 0x00, 0x00, 0x00, 0x00, 0x00, 0x00, 0x00, 
    0x00, 0x00, 0x00, 0x00, 0x00, 0x00, 0x00, 0x00, 0x00, 0x00, 0x00, 0x00, 0x00, 
    0x00, 0x00, 0x00, 0x00, 0x00, 0x00, 0x00, 0x00, 0x00, 0x00, 0x00, 0x00, 0x00, 
    0x00, 0x00, 0x00, 0x00, 0x00, 0x00, 0x00, 0x00, 0x00, 0x00, 0x00, 0x00, 0x00, 
    0x00, 0x00, 0x00, 0x00, 0x00, 0x00, 0x00, 0x00, 0x00, 0x00, 0x00, 0x00, 0x00, 
    0x00, 0x00, 0x00, 0x00, 0x00, 0x00, 0x00, 0x00, 0x00, 0x00, 0x00, 0x00, 0x00, 
    0x00, 0x00, 0x00, 0x00, 0x00, 0x00, 0x00, 0x00, 0x00, 0x00, 0x00, 0x00, 0x08, 
    0xff, 0x00, 0x01, 0x08, 0x1c, 0x48, 0xb0, 0xa0, 0xc1, 0x83, 0x08, 0x13, 0x2a, 
    0x44, 0x78, 0xa0, 0xa1, 0xc3, 0x87, 0x0e, 0x17, 0x4a, 0x9c, 0x48, 0xb1, 0xa2, 
    0xc5, 0x8b, 0x18, 0x15, 0x3a, 0x4c, 0xc0, 0x91, 0xe3, 0x81, 0x8e, 0x1e, 0x1b, 
    0x66, 0x1c, 0x49, 0xb2, 0xa4, 0xc9, 0x8b, 0x1b, 0x21, 0xaa, 0x6c, 0x98, 0x20, 
    0xe2, 0xc9, 0x97, 0x30, 0x63, 0x5a, 0x64, 0xe9, 0x70, 0x81, 0xcd, 0x9b, 0x38, 
    0x17, 0xa4, 0x3c, 0x20, 0xb3, 0xa7, 0x4f, 0x9f, 0x10, 0x73, 0x0a, 0xc5, 0x09, 
    0xf1, 0xa7, 0xd1, 0xa3, 0x18, 0x83, 0xde, 0x5c, 0xf9, 0x90, 0xe8, 0x43, 0xa4, 
    0x50, 0xa3, 0x1a, 0xa4, 0x79, 0xc0, 0x29, 0x82, 0xab, 0x58, 0xb1, 0x36, 0x74, 
    0xda, 0x92, 0xa7, 0xd4, 0xaf, 0x47, 0xa9, 0x5a, 0xcd, 0x4a, 0x16, 0xc1, 0xd6, 
    0xa5, 0x1f, 0x45, 0x82, 0x5d, 0x1b, 0x53, 0x2c, 0xda, 0xb2, 0x70, 0xcf, 0xda, 
    0xa4, 0xca, 0xb6, 0xae, 0xc9, 0x8f, 0x2d, 0x73, 0x1e, 0x80, 0xcb, 0xb7, 0x2a, 
    0x51, 0x8f, 0x76, 0x03, 0x67, 0xc4, 0xeb, 0x77, 0xee, 0x5e, 0xbe, 0x65, 0xe5, 
    0xea, 0x04, 0x2c, 0xb8, 0x31, 0xc5, 0xb4, 0x85, 0x75, 0x22, 0xee, 0xcb, 0xd5, 
    0xab, 0xe3, 0xcb, 0x09, 0xd3, 0x8e, 0x9d, 0x4c, 0x56, 0x71, 0x5a, 0xcc, 0xa0, 
    0x0f, 0x6a, 0x5e, 0xca, 0x99, 0xf2, 0xd2, 0x96, 0xa1, 0x53, 0x0f, 0x1c, 0xad, 
    0xf3, 0x70, 0xe9, 0xce, 0x85, 0x3f, 0xab, 0x0e, 0x4d, 0x93, 0xf4, 0xeb, 0xb8, 
    0xa7, 0xd5, 0xce, 0xbe, 0x4c, 0xf8, 0xed, 0xed, 0xac, 0x72, 0x09, 0xef, 0xc6, 
    0xdc, 0xdb, 0xf6, 0xef, 0xab, 0x91, 0x85, 0x0f, 0x77, 0x5c, 0xdc, 0xf0, 0x71, 
    0xb3, 0xc9, 0x19, 0x2f, 0x17, 0x5c, 0x9b, 0xe8, 0xf3, 0xc8, 0x8b, 0x75, 0x4f, 
    0x0f, 0xcc, 0xda, 0xf9, 0x6d, 0xc5, 0xd9, 0xb7, 0x33, 0xff, 0xcf, 0xab, 0xf7, 
    0x37, 0xf6, 0xf0, 0xe2, 0xa9, 0x93, 0xdf, 0x3c, 0x19, 0x3c, 0xfa, 0xf4, 0x76, 
    0xbb, 0xfb, 0x46, 0xec, 0xfe, 0x3d, 0x7c, 0xb6, 0xf2, 0x8d, 0x9b, 0x16, 0x2a, 
    0xfb, 0x3e, 0xfe, 0xfa, 0xad, 0x31, 0x55, 0xd3, 0x50, 0x2e, 0xf9, 0xf7, 0xdf, 
    0x50, 0x08, 0x26, 0xa8, 0x97, 0x65, 0x06, 0xae, 0x35, 0xa0, 0x82, 0x10, 0x3a, 
    0xc5, 0x60, 0x83, 0x5f, 0xe5, 0xb7, 0x60, 0x6b, 0x10, 0xf6, 0x47, 0x61, 0x85, 
    0xeb, 0x11, 0xa8, 0x54, 0x82, 0x1a, 0x6e, 0x18, 0x95, 0x85, 0x68, 0x61, 0x98, 
    0x21, 0x6a, 0x22, 0x56, 0x08, 0x20, 0x86, 0x5b, 0xad, 0x18, 0x60, 0x8a, 0x60, 
    0xb9, 0x68, 0xd8, 0x83, 0x1e, 0xc2, 0x18, 0xa3, 0x8b, 0x2d, 0x9e, 0x27, 0xa1, 
    0x8d, 0x1c, 0xea, 0x88, 0x16, 0x8d, 0xfc, 0xa1, 0xc8, 0x23, 0x54, 0x24, 0x46, 
    0xa8, 0x97, 0x90, 0x43, 0x86, 0xd5, 0x21, 0x7f, 0x4d, 0x81, 0x88, 0x64, 0x92, 
    0x3f, 0x59, 0xf8, 0x90, 0x56, 0x40, 0xce, 0xf5, 0x24, 0x94, 0x3d, 0xe5, 0xd7, 
    0x10, 0x7d, 0xe7, 0x85, 0x88, 0xa5, 0x4c, 0xf2, 0x6d, 0xd9, 0x1e, 0x76, 0x5e, 
    0x7e, 0x09, 0x53, 0x77, 0x62, 0x72, 0xe6, 0xd9, 0x95, 0x66, 0xbe, 0x84, 0xa6, 
    0x79, 0x7f, 0x4d, 0xd8, 0xa6, 0x9b, 0xeb, 0xa5, 0x59, 0x5a, 0x70, 0x6c, 0xce, 
    0x59, 0xd2, 0x83, 0xae, 0x7d, 0xf7, 0xa3, 0x9e, 0x60, 0x26, 0x77, 0x9d, 0x53, 
    0x80, 0xb6, 0x25, 0xe8, 0x71, 0xc9, 0xc9, 0x59, 0xe8, 0x48, 0x9e, 0x0d, 0x8a, 
    0xd6, 0xa2, 0x27, 0xd1, 0xd8, 0xe7, 0x6b, 0x89, 0x2a, 0x0a, 0x69, 0x45, 0x6f, 
    0x22, 0x1a, 0xe7, 0xa5, 0x24, 0xa1, 0x39, 0xe9, 0x98, 0x9b, 0x72, 0x3a, 0xd8, 
    0x92, 0x9f, 0xd2, 0x77, 0xa4, 0xa5, 0xa2, 0x2e, 0x14, 0x66, 0xa9, 0x89, 0x91, 
    0x99, 0x67, 0xaa, 0x1a, 0xb9, 0xfa, 0x67, 0x67, 0x5c, 0x5d, 0x6a, 0x07, 0xeb, 
    0x44, 0x00, 0xce, 0x0a, 0x9c, 0x8f, 0xb6, 0xde, 0x1a, 0xab, 0x8f, 0x01, 0xba, 
    0xd6, 0xa4, 0x87, 0xa8, 0xfa, 0x4a, 0x50, 0x91, 0x3f, 0xca, 0x68, 0x9f, 0xb1, 
    0x0c, 0x29, 0x6b, 0xe4, 0x8e, 0xcc, 0xc6, 0xfa, 0xec, 0xb4, 0x86, 0x45, 0x9b, 
    0x99, 0xb3, 0xd4, 0xce, 0x68, 0xad, 0x68, 0x4b, 0x32, 0xb9, 0xd2, 0x89, 0xc5, 
    0x1a, 0x0b, 0x99, 0x82, 0xa5, 0x02, 0xdb, 0xda, 0xab, 0xcc, 0x56, 0xe7, 0x21, 
    0xad, 0x4e, 0xf6, 0xba, 0x2d, 0x00, 0x45, 0xea, 0x0a, 0x5d, 0xbb, 0xef, 0x72, 
    0x0b, 0xac, 0xbc, 0x2b, 0x96, 0xf9, 0xee, 0x87, 0x3f, 0xd2, 0x5a, 0x6b, 0x81, 
    0xf5, 0x1e, 0xcb, 0xaf, 0x43, 0xfe, 0x4a, 0x08, 0x70, 0xc0, 0xa2, 0xa9, 0x04, 
    0x2f, 0xc1, 0x4f, 0xad, 0x84, 0xb0, 0x9b, 0xee, 0x3e, 0x2c, 0xf1, 0xc4, 0x14, 
    0x57, 0x6c, 0xf1, 0xc5, 0x18, 0x67, 0xac, 0xf1, 0xc6, 0x1c, 0x77, 0xec, 0xf1, 
    0xc7, 0x20, 0x87, 0x2c, 0xf2, 0xc8, 0x24, 0x97, 0x6c, 0xb2, 0xc4, 0x05, 0x28, 
    0xa0, 0xf2, 0xca, 0x2c, 0xb7, 0xec, 0xf2, 0xcb, 0x30, 0xc7, 0x2c, 0xf3, 0xcc, 
    0x34, 0xd7, 0x6c, 0xf3, 0xcd, 0x38, 0xaf, 0x3c, 0x80, 0x01, 0xd9, 0xf6, 0xec, 
    0xf3, 0xcf, 0x40, 0x07, 0x1d, 0x34, 0x01, 0x3c, 0x0b, 0x6d, 0xf4, 0xd1, 0x48, 
    0x27, 0x6d, 0x24, 0xd1, 0x4a, 0x37, 0xed, 0xf4, 0xd3, 0x40, 0x33, 0x0d, 0xf5, 
    0xd4, 0x54, 0x57, 0x8d, 0x93, 0xd4, 0x56, 0x67, 0xad, 0x35, 0xd2, 0x58, 0x6f, 
    0xed, 0xf5, 0xd7, 0xd4, 0x76, 0x0d, 0xf6, 0xd8, 0x64, 0x0b, 0x25, 0x76, 0xd9, 
    0x68, 0x8f, 0x4d, 0x80, 0x00, 0x02, 0xb6, 0xed, 0xf6, 0xdb, 0x70, 0xc7, 0x2d, 
    0xf7, 0xdc, 0x74, 0xd7, 0xfd, 0x50, 0x00, 0x01, 0x01, 0x00, 0x21, 0xf9, 0x04, 
    0x09, 0x04, 0x00, 0x00, 0x00, 0x2c, 0x07, 0x00, 0x16, 0x00, 0x8d, 0x00, 0x5e, 
    0x00, 0x87, 0x00, 0x00, 0x00, 0x12, 0x04, 0x05, 0x16, 0x06, 0x06, 0x2d, 0x0b, 
    0x0b, 0x31, 0x0c, 0x0d, 0x38, 0x0d, 0x0e, 0x3c, 0x0f, 0x0f, 0x48, 0x12, 0x12, 
    0x58, 0x16, 0x16, 0x8b, 0x22, 0x23, 0xb5, 0x2d, 0x2e, 0xc0, 0x2f, 0x30, 0x00, 
    0x00, 0x00, 0x00, 0x00, 0x00, 0x00, 0x00, 0x00, 0x00, 0x00, 0x00, 0x00, 0x00, 
    0x00, 0x00, 0x00, 0x00, 0x00, 0x00, 0x00, 0x00, 0x00, 0x00, 0x00, 0x00, 0x00, 
    0x00, 0x00, 0x00, 0x00, 0x00, 0x00, 0x00, 0x00, 0x00, 0x00, 0x00, 0x00, 0x00, 
    0x00, 0x00, 0x00, 0x00, 0x00, 0x00, 0x00, 0x00, 0x00, 0x00, 0x00, 0x00, 0x00, 
    0x00, 0x00, 0x00, 0x00, 0x00, 0x00, 0x00, 0x00, 0x00, 0x00, 0x00, 0x00, 0x00, 
    0x00, 0x00, 0x00, 0x00, 0x00, 0x00, 0x00, 0x00, 0x00, 0x00, 0x00, 0x00, 0x00, 
    0x00, 0x00, 0x00, 0x00, 0x00, 0x00, 0x00, 0x00, 0x00, 0x00, 0x00, 0x00, 0x00, 
    0x00, 0x00, 0x00, 0x00, 0x00, 0x00, 0x00, 0x00, 0x00, 0x00, 0x00, 0x00, 0x00, 
    0x00, 0x00, 0x00, 0x00, 0x00, 0x00, 0x00, 0x00, 0x00, 0x00, 0x00, 0x00, 0x00, 
    0x00, 0x00, 0x00, 0x00, 0x00, 0x00, 0x00, 0x00, 0x00, 0x00, 0x00, 0x00, 0x00, 
    0x00, 0x00, 0x00, 0x00, 0x00, 0x00, 0x00, 0x00, 0x00, 0x00, 0x00, 0x00, 0x00, 
    0x00, 0x00, 0x00, 0x00, 0x00, 0x00, 0x00, 0x00, 0x00, 0x00, 0x00, 0x00, 0x00, 
    0x00, 0x00, 0x00, 0x00, 0x00, 0x00, 0x00, 0x00, 0x00, 0x00, 0x00, 0x00, 0x00, 
    0x00, 0x00, 0x00, 0x00, 0x00, 0x00, 0x00, 0x00, 0x00, 0x00, 0x00, 0x00, 0x00, 
    0x00, 0x00, 0x00, 0x00, 0x00, 0x00, 0x00, 0x00, 0x00, 0x00, 0x00, 0x00, 0x00, 
    0x00, 0x00, 0x00, 0x00, 0x00, 0x00, 0x00, 0x00, 0x00, 0x00, 0x00, 0x00, 0x00, 
    0x00, 0x00, 0x00, 0x00, 0x00, 0x00, 0x00, 0x00, 0x00, 0x00, 0x00, 0x00, 0x00, 
    0x00, 0x00, 0x00, 0x00, 0x00, 0x00, 0x00, 0x00, 0x00, 0x00, 0x00, 0x00, 0x00, 
    0x00, 0x00, 0x00, 0x00, 0x00, 0x00, 0x00, 0x00, 0x00, 0x00, 0x00, 0x00, 0x00, 
    0x00, 0x00, 0x00, 0x00, 0x00, 0x00, 0x00, 0x00, 0x00, 0x00, 0x00, 0x00, 0x00, 
    0x00, 0x00, 0x00, 0x00, 0x00, 0x00, 0x00, 0x00, 0x00, 0x00, 0x00, 0x00, 0x00, 
    0x00, 0x00, 0x00, 0x00, 0x00, 0x00, 0x00, 0x00, 0x00, 0x00, 0x00, 0x00, 0x00, 
    0x00, 0x00, 0x00, 0x00, 0x00, 0x00, 0x00, 0x00, 0x00, 0x00, 0x00, 0x00, 0x00, 
    0x00, 0x00, 0x00, 0x00, 0x00, 0x00, 0x00, 0x00, 0x00, 0x00, 0x00, 0x00, 0x00, 
    0x00, 0x00, 0x00, 0x00, 0x00, 0x00, 0x00, 0x00, 0x00, 0x00, 0x00, 0x00, 0x00, 
    0x00, 0x00, 0x00, 0x00, 0x00, 0x00, 0x00, 0x00, 0x00, 0x00, 0x00, 0x00, 0x00, 
    0x00, 0x00, 0x00, 0x00, 0x00, 0x00, 0x00, 0x00, 0x00, 0x00, 0x00, 0x00, 0x00, 
    0x00, 0x00, 0x00, 0x00, 0x00, 0x00, 0x00, 0x00, 0x00, 0x00, 0x00, 0x00, 0x00, 
    0x00, 0x00, 0x00, 0x00, 0x00, 0x00, 0x00, 0x00, 0x00, 0x00, 0x00, 0x00, 0x00, 
    0x00, 0x00, 0x00, 0x00, 0x00, 0x00, 0x00, 0x00, 0x00, 0x00, 0x00, 0x00, 0x00, 
    0x00, 0x00, 0x00, 0x00, 0x00, 0x00, 0x00, 0x00, 0x00, 0x00, 0x00, 0x00, 0x00, 
    0x00, 0x00, 0x00, 0x00, 0x00, 0x00, 0x00, 0x00, 0x00, 0x00, 0x00, 0x00, 0x00, 
    0x00, 0x00, 0x00, 0x00, 0x00, 0x00, 0x00, 0x00, 0x00, 0x00, 0x00, 0x00, 0x00, 
    0x00, 0x00, 0x00, 0x00, 0x00, 0x00, 0x00, 0x00, 0x00, 0x00, 0x00, 0x00, 0x00, 
    0x00, 0x00, 0x00, 0x00, 0x00, 0x00, 0x00, 0x00, 0x00, 0x00, 0x00, 0x00, 0x00, 
    0x00, 0x00, 0x00, 0x00, 0x00, 0x00, 0x00, 0x00, 0x00, 0x00, 0x00, 0x00, 0x00, 
    0x00, 0x00, 0x00, 0x00, 0x00, 0x00, 0x00, 0x00, 0x00, 0x00, 0x00, 0x00, 0x00, 
    0x00, 0x00, 0x00, 0x00, 0x00, 0x00, 0x00, 0x00, 0x00, 0x00, 0x00, 0x00, 0x00, 
    0x00, 0x00, 0x00, 0x00, 0x00, 0x00, 0x00, 0x00, 0x00, 0x00, 0x00, 0x00, 0x00, 
    0x00, 0x00, 0x00, 0x00, 0x00, 0x00, 0x00, 0x00, 0x00, 0x00, 0x00, 0x00, 0x00, 
    0x00, 0x00, 0x00, 0x00, 0x00, 0x00, 0x00, 0x00, 0x00, 0x00, 0x00, 0x00, 0x00, 
    0x00, 0x00, 0x00, 0x00, 0x00, 0x00, 0x00, 0x00, 0x00, 0x00, 0x00, 0x00, 0x00, 
    0x00, 0x00, 0x00, 0x00, 0x00, 0x00, 0x00, 0x00, 0x00, 0x00, 0x00, 0x00, 0x00, 
    0x00, 0x00, 0x00, 0x00, 0x00, 0x00, 0x00, 0x00, 0x00, 0x00, 0x00, 0x00, 0x00, 
    0x00, 0x00, 0x00, 0x00, 0x00, 0x00, 0x00, 0x00, 0x00, 0x00, 0x00, 0x00, 0x00, 
    0x00, 0x00, 0x00, 0x00, 0x00, 0x00, 0x00, 0x00, 0x00, 0x00, 0x00, 0x00, 0x00, 
    0x00, 0x00, 0x00, 0x00, 0x00, 0x00, 0x00, 0x00, 0x00, 0x00, 0x00, 0x00, 0x00, 
    0x00, 0x00, 0x00, 0x00, 0x00, 0x00, 0x00, 0x00, 0x00, 0x00, 0x00, 0x00, 0x00, 
    0x00, 0x00, 0x00, 0x00, 0x00, 0x00, 0x00, 0x00, 0x00, 0x00, 0x00, 0x00, 0x00, 
    0x00, 0x00, 0x00, 0x00, 0x00, 0x00, 0x00, 0x00, 0x00, 0x00, 0x00, 0x00, 0x00, 
    0x00, 0x00, 0x00, 0x00, 0x00, 0x00, 0x00, 0x00, 0x00, 0x00, 0x00, 0x00, 0x00, 
    0x00, 0x00, 0x00, 0x00, 0x00, 0x00, 0x00, 0x00, 0x00, 0x00, 0x00, 0x00, 0x00, 
    0x00, 0x00, 0x00, 0x00, 0x00, 0x00, 0x00, 0x00, 0x00, 0x00, 0x00, 0x00, 0x00, 
    0x00, 0x00, 0x00, 0x00, 0x00, 0x00, 0x00, 0x00, 0x00, 0x00, 0x00, 0x00, 0x00, 
    0x00, 0x00, 0x00, 0x00, 0x00, 0x00, 0x00, 0x00, 0x00, 0x00, 0x00, 0x00, 0x00, 
    0x00, 0x00, 0x00, 0x00, 0x00, 0x00, 0x00, 0x00, 0x00, 0x00, 0x00, 0x00, 0x00, 
    0x00, 0x00, 0x00, 0x08, 0xff, 0x00, 0x01, 0x08, 0x1c, 0x48, 0xb0, 0xa0, 0xc1, 
    0x83, 0x08, 0x13, 0x2a, 0x44, 0x78, 0xa0, 0xa1, 0xc3, 0x87, 0x0e, 0x17, 0x4a, 
    0x9c, 0x48, 0xb1, 0xa2, 0xc5, 0x8b, 0x18, 0x15, 0x3a, 0x4c, 0xc0, 0x91, 0xe3, 
    0x81, 0x8e, 0x1e, 0x1b, 0x66, 0x1c, 0x49, 0xb2, 0xa4, 0xc9, 0x8b, 0x1b, 0x21, 
    0xaa, 0x6c, 0x98, 0x20, 0xe2, 0xc9, 0x97, 0x30, 0x63, 0x5a, 0x64, 0xe9, 0x70, 
    0x81, 0xcd, 0x9b, 0x38, 0x17, 0xa4, 0x3c, 0x20, 0xb3, 0xa7, 0x4f, 0x9f, 0x10, 
    0x73, 0x0a, 0xc5, 0x09, 0xf1, 0xa7, 0xd1, 0xa3, 0x18, 0x83, 0xde, 0x5c, 0xf9, 
    0x90, 0xe8, 0x43, 0xa4, 0x50, 0xa3, 0x1a, 0xa4, 0x79, 0xc0, 0x29, 0x82, 0xab, 
    0x58, 0xb1, 0x36, 0x74, 0xda, 0x92, 0xa7, 0xd4, 0xaf, 0x47, 0xa9, 0x5a, 0xcd, 
    0x4a, 0x16, 0xc1, 0xd6, 0xa5, 0x1f, 0x45, 0x82, 0x5d, 0x1b, 0x53, 0x2c, 0xda, 
    0xb2, 0x70, 0xcf, 0xda, 0xa4, 0xca, 0xb6, 0xae, 0xc9, 0x8f, 0x2d, 0x73, 0x1e, 
    0x80, 0xcb, 0xb7, 0x2a, 0x51, 0x8f, 0x76, 0x03, 0x67, 0xc4, 0xeb, 0x77, 0xee, 
    0x5e, 0xbe, 0x65, 0xe5, 0xea, 0x04, 0x2c, 0xb8, 0x31, 0xc5, 0xb4, 0x85, 0x75, 
    0x22, 0xee, 0xcb, 0xd5, 0xab, 0xe3, 0xcb, 0x09, 0xd3, 0x8e, 0x9d, 0x4c, 0x56, 
    0x71, 0x5a, 0xcc, 0xa0, 0x0f, 0x6a, 0x5e, 0xca, 0x99, 0xf2, 0xd2, 0x96, 0xa1, 
    0x53, 0x0f, 0x1c, 0xad, 0xf3, 0x70, 0xe9, 0xce, 0x85, 0x3f, 0xab, 0x0e, 0x4d, 
    0x93, 0xf4, 0xeb, 0xb8, 0xa7, 0xd5, 0xce, 0xbe, 0x4c, 0xf8, 0xed, 0xed, 0xac, 
    0x72, 0x09, 0xef, 0xc6, 0xdc, 0xdb, 0xf6, 0xef, 0xab, 0x91, 0x85, 0x0f, 0x77, 
    0x5c, 0xdc, 0xf0, 0x71, 0xb3, 0xc9, 0x19, 0x2f, 0x17, 0x5c, 0x9b, 0xe8, 0xf3, 
    0xc8, 0x8b, 0x75, 0x4f, 0x0f, 0xcc, 0xda, 0xf9, 0x6d, 0xc5, 0xd9, 0xb7, 0x33, 
    0xff, 0xcf, 0xab, 0xf7, 0x37, 0xf6, 0xf0, 0xe2, 0xa9, 0x93, 0xdf, 0x3c, 0x19, 
    0x3c, 0xfa, 0xf4, 0x76, 0xbb, 0xfb, 0x46, 0xec, 0xfe, 0x3d, 0x7c, 0xb6, 0xf2, 
    0x8d, 0x9b, 0x16, 0x2a, 0xfb, 0x3e, 0xfe, 0xfa, 0xad, 0x31, 0x55, 0xd3, 0x50, 
    0x2e, 0xf9, 0xf7, 0xdf, 0x50, 0x08, 0x26, 0xa8, 0x97, 0x65, 0x06, 0xae, 0x35, 
    0xa0, 0x82, 0x10, 0x3a, 0xc5, 0x60, 0x83, 0x5f, 0xe5, 0xb7, 0x60, 0x6b, 0x10, 
    0xf6, 0x47, 0x61, 0x85, 0xeb, 0x11, 0xa8, 0x54, 0x82, 0x1a, 0x6e, 0x18, 0x95, 
    0x85, 0x68, 0x61, 0x98, 0x21, 0x6a, 0x22, 0x56, 0x08, 0x20, 0x86, 0x5b, 0xad, 
    0x18, 0x60, 0x8a, 0x60, 0xb9, 0x68, 0xd8, 0x83, 0x1e, 0xc2, 0x18, 0xa3, 0x8b, 
    0x2d, 0x9e, 0x27, 0xa1, 0x8d, 0x1c, 0xea, 0x88, 0x16, 0x8d, 0xfc, 0xa1, 0xc8, 
    0x23, 0x54, 0x24, 0x46, 0xa8, 0x97, 0x90, 0x43, 0x86, 0xd5, 0x21, 0x7f, 0x4d, 
    0x81, 0x88, 0x64, 0x92, 0x3f, 0x59, 0xf8, 0x90, 0x56, 0x40, 0xce, 0xf5, 0x24, 
    0x94, 0x3d, 0xe5, 0xd7, 0x10, 0x7d, 0xe7, 0x85, 0x88, 0xa5, 0x4c, 0xf2, 0x6d, 
    0xd9, 0x1e, 0x76, 0x5e, 0x7e, 0x09, 0x53, 0x77, 0x62, 0x72, 0xe6, 0xd9, 0x95, 
    0x66, 0xbe, 0x84, 0xa6, 0x79, 0x7f, 0x4d, 0xd8, 0xa6, 0x9b, 0xeb, 0xa5, 0x59, 
    0x5a, 0x70, 0x6c, 0xce, 0x59, 0xd2, 0x83, 0xae, 0x7d, 0xf7, 0xa3, 0x9e, 0x60, 
    0x26, 0x77, 0x9d, 0x53, 0x80, 0xb6, 0x25, 0xe8, 0x71, 0xc9, 0xc9, 0x59, 0xe8, 
    0x48, 0x9e, 0x0d, 0x8a, 0xd6, 0xa2, 0x27, 0xd1, 0xd8, 0xe7, 0x6b, 0x89, 0x2a, 
    0x0a, 0x69, 0x45, 0x6f, 0x22, 0x1a, 0xe7, 0xa5, 0x24, 0xa1, 0x39, 0xe9, 0x98, 
    0x9b, 0x72, 0x3a, 0xd8, 0x92, 0x9f, 0xd2, 0x77, 0xa4, 0xa5, 0xa2, 0x2e, 0x14, 
    0x66, 0xa9, 0x89, 0x91, 0x99, 0x67, 0xaa, 0x1a, 0xb9, 0xf7, 0x67, 0x67, 0x5c, 
    0x5d, 0x6a, 0x07, 0xeb, 0x44, 0x00, 0xce, 0x0a, 0x9c, 0x8f, 0xb6, 0xde, 0x1a, 
    0xab, 0x8f, 0x01, 0xba, 0xd6, 0xa4, 0x87, 0xa8, 0xfa, 0x4a, 0x50, 0x91, 0x3f, 
    0xca, 0x68, 0x9f, 0xb1, 0x0c, 0x29, 0x6b, 0xe4, 0x8e, 0xcc, 0xc6, 0xfa, 0xec, 
    0xb4, 0x86, 0x45, 0x9b, 0x99, 0xb3, 0xd4, 0xce, 0x68, 0xad, 0x68, 0x4b, 0x32, 
    0xb9, 0xd2, 0x89, 0xc5, 0x1a, 0x0b, 0x99, 0x82, 0xa5, 0x02, 0xdb, 0xda, 0xab, 
    0xcc, 0x56, 0xe7, 0x21, 0xad, 0x4e, 0xf6, 0xba, 0x2d, 0x00, 0x45, 0xea, 0x0a, 
    0x5d, 0xbb, 0xef, 0x72, 0x0b, 0xac, 0xbc, 0x2b, 0x96, 0xf9, 0xee, 0x87, 0x3f, 
    0xd2, 0x5a, 0x6b, 0x81, 0xf5, 0x1e, 0xcb, 0xaf, 0x43, 0xfe, 0x4a, 0x08, 0x70, 
    0xc0, 0xa2, 0xa9, 0x04, 0x2f, 0xc1, 0x4f, 0xad, 0x84, 0xb0, 0x9b, 0xee, 0x3e, 
    0x2c, 0xf1, 0xc4, 0x14, 0x57, 0x6c, 0xf1, 0xc5, 0x18, 0x67, 0xac, 0xf1, 0xc6, 
    0x1c, 0x77, 0xec, 0xf1, 0xc7, 0x20, 0x87, 0x2c, 0xf2, 0xc8, 0x24, 0x8b, 0x58, 
    0x80, 0x02, 0x28, 0xa7, 0xac, 0xf2, 0xca, 0x2c, 0xb7, 0xec, 0xf2, 0xcb, 0x30, 
    0xc7, 0x2c, 0xf3, 0xcc, 0x34, 0xd7, 0x6c, 0x73, 0xca, 0x03, 0x18, 0x90, 0xed, 
    0xce, 0x3c, 0xf7, 0xec, 0xf3, 0xcf, 0x3f, 0x13, 0xa0, 0x33, 0xd0, 0x44, 0x17, 
    0x6d, 0xf4, 0xd1, 0x46, 0x0a, 0x8d, 0xf4, 0xd2, 0x4c, 0x37, 0xed, 0xb3, 0xd2, 
    0x4e, 0x47, 0x2d, 0xf5, 0xd4, 0x38, 0x41, 0x4d, 0xf5, 0xd5, 0x58, 0x1b, 0x6d, 
    0x75, 0xd6, 0x5c, 0x77, 0x4d, 0xed, 0xd6, 0x5e, 0x87, 0x2d, 0xb6, 0x50, 0x60, 
    0x8f, 0x6d, 0x76, 0xd8, 0x04, 0x08, 0x20, 0xe0, 0xda, 0x6c, 0xb7, 0xed, 0xf6, 
    0xdb, 0x70, 0xc7, 0x2d, 0xf7, 0xdc, 0x0f, 0x05, 0x10, 0x10, 0x00, 0x21, 0xf9, 
    0x04, 0x09, 0x04, 0x00, 0x00, 0x00, 0x2c, 0x07, 0x00, 0x18, 0x00, 0x8d, 0x00, 
    0x5c, 0x00, 0x87, 0x00, 0x00, 0x00, 0x12, 0x04, 0x05, 0x16, 0x06, 0x06, 0x2d, 
    0x0b, 0x0b, 0x31, 0x0c, 0x0d, 0x38, 0x0d, 0x0e, 0x3c, 0x0f, 0x0f, 0x48, 0x12, 
    0x12, 0x58, 0x16, 0x16, 0x8b, 0x22, 0x23, 0xb5, 0x2d, 0x2e, 0xc0, 0x2f, 0x30, 
    0x00, 0x00, 0x00, 0x00, 0x00, 0x00, 0x00, 0x00, 0x00, 0x00, 0x00, 0x00, 0x00, 
    0x00, 0x00, 0x00, 0x00, 0x00, 0x00, 0x00, 0x00, 0x00, 0x00, 0x00, 0x00, 0x00, 
    0x00, 0x00, 0x00, 0x00, 0x00, 0x00, 0x00, 0x00, 0x00, 0x00, 0x00, 0x00, 0x00, 
    0x00, 0x00, 0x00, 0x00, 0x00, 0x00, 0x00, 0x00, 0x00, 0x00, 0x00, 0x00, 0x00, 
    0x00, 0x00, 0x00, 0x00, 0x00, 0x00, 0x00, 0x00, 0x00, 0x00, 0x00, 0x00, 0x00, 
    0x00, 0x00, 0x00, 0x00, 0x00, 0x00, 0x00, 0x00, 0x00, 0x00, 0x00, 0x00, 0x00, 
    0x00, 0x00, 0x00, 0x00, 0x00, 0x00, 0x00, 0x00, 0x00, 0x00, 0x00, 0x00, 0x00, 
    0x00, 0x00, 0x00, 0x00, 0x00, 0x00, 0x00, 0x00, 0x00, 0x00, 0x00, 0x00, 0x00, 
    0x00, 0x00, 0x00, 0x00, 0x00, 0x00, 0x00, 0x00, 0x00, 0x00, 0x00, 0x00, 0x00, 
    0x00, 0x00, 0x00, 0x00, 0x00, 0x00, 0x00, 0x00, 0x00, 0x00, 0x00, 0x00, 0x00, 
    0x00, 0x00, 0x00, 0x00, 0x00, 0x00, 0x00, 0x00, 0x00, 0x00, 0x00, 0x00, 0x00, 
    0x00, 0x00, 0x00, 0x00, 0x00, 0x00, 0x00, 0x00, 0x00, 0x00, 0x00, 0x00, 0x00, 
    0x00, 0x00, 0x00, 0x00, 0x00, 0x00, 0x00, 0x00, 0x00, 0x00, 0x00, 0x00, 0x00, 
    0x00, 0x00, 0x00, 0x00, 0x00, 0x00, 0x00, 0x00, 0x00, 0x00, 0x00, 0x00, 0x00, 
    0x00, 0x00, 0x00, 0x00, 0x00, 0x00, 0x00, 0x00, 0x00, 0x00, 0x00, 0x00, 0x00, 
    0x00, 0x00, 0x00, 0x00, 0x00, 0x00, 0x00, 0x00, 0x00, 0x00, 0x00, 0x00, 0x00, 
    0x00, 0x00, 0x00, 0x00, 0x00, 0x00, 0x00, 0x00, 0x00, 0x00, 0x00, 0x00, 0x00, 
    0x00, 0x00, 0x00, 0x00, 0x00, 0x00, 0x00, 0x00, 0x00, 0x00, 0x00, 0x00, 0x00, 
    0x00, 0x00, 0x00, 0x00, 0x00, 0x00, 0x00, 0x00, 0x00, 0x00, 0x00, 0x00, 0x00, 
    0x00, 0x00, 0x00, 0x00, 0x00, 0x00, 0x00, 0x00, 0x00, 0x00, 0x00, 0x00, 0x00, 
    0x00, 0x00, 0x00, 0x00, 0x00, 0x00, 0x00, 0x00, 0x00, 0x00, 0x00, 0x00, 0x00, 
    0x00, 0x00, 0x00, 0x00, 0x00, 0x00, 0x00, 0x00, 0x00, 0x00, 0x00, 0x00, 0x00, 
    0x00, 0x00, 0x00, 0x00, 0x00, 0x00, 0x00, 0x00, 0x00, 0x00, 0x00, 0x00, 0x00, 
    0x00, 0x00, 0x00, 0x00, 0x00, 0x00, 0x00, 0x00, 0x00, 0x00, 0x00, 0x00, 0x00, 
    0x00, 0x00, 0x00, 0x00, 0x00, 0x00, 0x00, 0x00, 0x00, 0x00, 0x00, 0x00, 0x00, 
    0x00, 0x00, 0x00, 0x00, 0x00, 0x00, 0x00, 0x00, 0x00, 0x00, 0x00, 0x00, 0x00, 
    0x00, 0x00, 0x00, 0x00, 0x00, 0x00, 0x00, 0x00, 0x00, 0x00, 0x00, 0x00, 0x00, 
    0x00, 0x00, 0x00, 0x00, 0x00, 0x00, 0x00, 0x00, 0x00, 0x00, 0x00, 0x00, 0x00, 
    0x00, 0x00, 0x00, 0x00, 0x00, 0x00, 0x00, 0x00, 0x00, 0x00, 0x00, 0x00, 0x00, 
    0x00, 0x00, 0x00, 0x00, 0x00, 0x00, 0x00, 0x00, 0x00, 0x00, 0x00, 0x00, 0x00, 
    0x00, 0x00, 0x00, 0x00, 0x00, 0x00, 0x00, 0x00, 0x00, 0x00, 0x00, 0x00, 0x00, 
    0x00, 0x00, 0x00, 0x00, 0x00, 0x00, 0x00, 0x00, 0x00, 0x00, 0x00, 0x00, 0x00, 
    0x00, 0x00, 0x00, 0x00, 0x00, 0x00, 0x00, 0x00, 0x00, 0x00, 0x00, 0x00, 0x00, 
    0x00, 0x00, 0x00, 0x00, 0x00, 0x00, 0x00, 0x00, 0x00, 0x00, 0x00, 0x00, 0x00, 
    0x00, 0x00, 0x00, 0x00, 0x00, 0x00, 0x00, 0x00, 0x00, 0x00, 0x00, 0x00, 0x00, 
    0x00, 0x00, 0x00, 0x00, 0x00, 0x00, 0x00, 0x00, 0x00, 0x00, 0x00, 0x00, 0x00, 
    0x00, 0x00, 0x00, 0x00, 0x00, 0x00, 0x00, 0x00, 0x00, 0x00, 0x00, 0x00, 0x00, 
    0x00, 0x00, 0x00, 0x00, 0x00, 0x00, 0x00, 0x00, 0x00, 0x00, 0x00, 0x00, 0x00, 
    0x00, 0x00, 0x00, 0x00, 0x00, 0x00, 0x00, 0x00, 0x00, 0x00, 0x00, 0x00, 0x00, 
    0x00, 0x00, 0x00, 0x00, 0x00, 0x00, 0x00, 0x00, 0x00, 0x00, 0x00, 0x00, 0x00, 
    0x00, 0x00, 0x00, 0x00, 0x00, 0x00, 0x00, 0x00, 0x00, 0x00, 0x00, 0x00, 0x00, 
    0x00, 0x00, 0x00, 0x00, 0x00, 0x00, 0x00, 0x00, 0x00, 0x00, 0x00, 0x00, 0x00, 
    0x00, 0x00, 0x00, 0x00, 0x00, 0x00, 0x00, 0x00, 0x00, 0x00, 0x00, 0x00, 0x00, 
    0x00, 0x00, 0x00, 0x00, 0x00, 0x00, 0x00, 0x00, 0x00, 0x00, 0x00, 0x00, 0x00, 
    0x00, 0x00, 0x00, 0x00, 0x00, 0x00, 0x00, 0x00, 0x00, 0x00, 0x00, 0x00, 0x00, 
    0x00, 0x00, 0x00, 0x00, 0x00, 0x00, 0x00, 0x00, 0x00, 0x00, 0x00, 0x00, 0x00, 
    0x00, 0x00, 0x00, 0x00, 0x00, 0x00, 0x00, 0x00, 0x00, 0x00, 0x00, 0x00, 0x00, 
    0x00, 0x00, 0x00, 0x00, 0x00, 0x00, 0x00, 0x00, 0x00, 0x00, 0x00, 0x00, 0x00, 
    0x00, 0x00, 0x00, 0x00, 0x00, 0x00, 0x00, 0x00, 0x00, 0x00, 0x00, 0x00, 0x00, 
    0x00, 0x00, 0x00, 0x00, 0x00, 0x00, 0x00, 0x00, 0x00, 0x00, 0x00, 0x00, 0x00, 
    0x00, 0x00, 0x00, 0x00, 0x00, 0x00, 0x00, 0x00, 0x00, 0x00, 0x00, 0x00, 0x00, 
    0x00, 0x00, 0x00, 0x00, 0x00, 0x00, 0x00, 0x00, 0x00, 0x00, 0x00, 0x00, 0x00, 
    0x00, 0x00, 0x00, 0x00, 0x00, 0x00, 0x00, 0x00, 0x00, 0x00, 0x00, 0x00, 0x00, 
    0x00, 0x00, 0x00, 0x00, 0x00, 0x00, 0x00, 0x00, 0x00, 0x00, 0x00, 0x00, 0x00, 
    0x00, 0x00, 0x00, 0x00, 0x00, 0x00, 0x00, 0x00, 0x00, 0x00, 0x00, 0x00, 0x00, 
    0x00, 0x00, 0x00, 0x00, 0x00, 0x00, 0x00, 0x00, 0x00, 0x00, 0x00, 0x00, 0x00, 
    0x00, 0x00, 0x00, 0x00, 0x08, 0xff, 0x00, 0x01, 0x08, 0x1c, 0x48, 0xb0, 0xa0, 
    0xc1, 0x83, 0x08, 0x13, 0x2a, 0x44, 0x78, 0xa0, 0xa1, 0xc3, 0x87, 0x0e, 0x17, 
    0x4a, 0x9c, 0x48, 0xb1, 0xa2, 0xc5, 0x8b, 0x18, 0x15, 0x3a, 0x4c, 0xc0, 0x91, 
    0xe3, 0x81, 0x8e, 0x1e, 0x1b, 0x66, 0x1c, 0x49, 0xb2, 0xa4, 0xc9, 0x8b, 0x1b, 
    0x21, 0xaa, 0x6c, 0x98, 0x20, 0xe2, 0xc9, 0x97, 0x30, 0x63, 0x5a, 0x64, 0xe9, 
    0x70, 0x81, 0xcd, 0x9b, 0x38, 0x17, 0xa4, 0x3c, 0x20, 0xb3, 0xa7, 0x4f, 0x9f, 
    0x10, 0x73, 0x0a, 0xc5, 0x09, 0xf1, 0xa7, 0xd1, 0xa3, 0x18, 0x83, 0xde, 0x5c, 
    0xf9, 0x90, 0xe8, 0x43, 0xa4, 0x50, 0xa3, 0x1a, 0xa4, 0x79, 0xc0, 0x29, 0x82, 
    0xab, 0x58, 0xb1, 0x36, 0x74, 0xda, 0x92, 0xa7, 0xd4, 0xaf, 0x47, 0xa9, 0x5a, 
    0xcd, 0x4a, 0x16, 0xc1, 0xd6, 0xa5, 0x1f, 0x45, 0x82, 0x5d, 0x1b, 0x53, 0x2c, 
    0xda, 0xb2, 0x70, 0xcf, 0xda, 0xa4, 0xca, 0xb6, 0xae, 0xc9, 0x8f, 0x2d, 0x73, 
    0x1e, 0x80, 0xcb, 0xb7, 0x2a, 0x51, 0x8f, 0x76, 0x03, 0x67, 0xc4, 0xeb, 0x77, 
    0xee, 0x5e, 0xbe, 0x65, 0xe5, 0xea, 0x04, 0x2c, 0xb8, 0x31, 0xc5, 0xb4, 0x85, 
    0x75, 0x22, 0xee, 0xcb, 0xd5, 0xab, 0xe3, 0xcb, 0x09, 0xd3, 0x8e, 0x9d, 0x4c, 
    0x56, 0x71, 0x5a, 0xcc, 0xa0, 0x0f, 0x6a, 0x5e, 0xca, 0x99, 0xf2, 0xd2, 0x96, 
    0xa1, 0x53, 0x0f, 0x1c, 0xad, 0xf3, 0x70, 0xe9, 0xce, 0x85, 0x3f, 0xab, 0x0e, 
    0x4d, 0x93, 0xf4, 0xeb, 0xb8, 0xa7, 0xd5, 0xce, 0xbe, 0x4c, 0xf8, 0xed, 0xed, 
    0xac, 0x72, 0x09, 0xef, 0xc6, 0xdc, 0xdb, 0xf6, 0xef, 0xab, 0x91, 0x85, 0x0f, 
    0x77, 0x5c, 0xdc, 0xf0, 0x71, 0xb3, 0xc9, 0x19, 0x2f, 0x17, 0x5c, 0x9b, 0xe8, 
    0xf3, 0xc8, 0x8b, 0x75, 0x4f, 0x0f, 0xcc, 0xda, 0xf9, 0x6d, 0xc5, 0xd9, 0xb7, 
    0x33, 0xff, 0xcf, 0xab, 0xf7, 0x37, 0xf6, 0xf0, 0xe2, 0xa9, 0x93, 0xdf, 0x3c, 
    0x19, 0x3c, 0xfa, 0xf4, 0x76, 0xbb, 0xfb, 0x46, 0xec, 0xfe, 0x3d, 0x7c, 0xb6, 
    0xf2, 0x8d, 0x9b, 0x16, 0x2a, 0xfb, 0x3e, 0xfe, 0xfa, 0xad, 0x31, 0x55, 0xd3, 
    0x50, 0x2e, 0xf9, 0xf7, 0xdf, 0x50, 0x08, 0x26, 0xa8, 0x97, 0x65, 0x06, 0xae, 
    0x35, 0xa0, 0x82, 0x10, 0x3a, 0xc5, 0x60, 0x83, 0x5f, 0xe5, 0xb7, 0x60, 0x6b, 
    0x10, 0xf6, 0x47, 0x61, 0x85, 0xeb, 0x11, 0xa8, 0x54, 0x82, 0x1a, 0x6e, 0x18, 
    0x95, 0x85, 0x68, 0x61, 0x98, 0x21, 0x6a, 0x22, 0x56, 0x08, 0x20, 0x86, 0x5b, 
    0xad, 0x18, 0x60, 0x8a, 0x60, 0xb9, 0x68, 0xd8, 0x83, 0x1e, 0xc2, 0x18, 0xa3, 
    0x8b, 0x2d, 0x9e, 0x27, 0xa1, 0x8d, 0x1c, 0xea, 0x88, 0x16, 0x8d, 0xfc, 0xa1, 
    0xc8, 0x23, 0x54, 0x24, 0x46, 0xa8, 0x97, 0x90, 0x43, 0x86, 0xd5, 0x21, 0x7f, 
    0x4d, 0x81, 0x88, 0x64, 0x92, 0x3f, 0x59, 0xf8, 0x90, 0x56, 0x40, 0xce, 0xf5, 
    0x24, 0x94, 0x3d, 0xe5, 0xd7, 0x10, 0x7d, 0xe7, 0x85, 0x88, 0xa5, 0x4c, 0xf2, 
    0x6d, 0xd9, 0x1e, 0x76, 0x5e, 0x7e, 0x09, 0x53, 0x77, 0x62, 0x72, 0xe6, 0xd9, 
    0x95, 0x66, 0xbe, 0x84, 0xa6, 0x79, 0x7f, 0x4d, 0xd8, 0xa6, 0x9b, 0xeb, 0xa5, 
    0x59, 0x5a, 0x70, 0x6c, 0xce, 0x59, 0xd2, 0x83, 0xae, 0x7d, 0xf7, 0xa3, 0x9e, 
    0x60, 0x26, 0x77, 0x9d, 0x53, 0x80, 0xb6, 0x25, 0xe8, 0x71, 0xc9, 0xc9, 0x59, 
    0xe8, 0x48, 0x9e, 0x0d, 0x8a, 0xd6, 0xa2, 0x27, 0xd1, 0xd8, 0xe7, 0x6b, 0x89, 
    0x2a, 0x0a, 0x69, 0x45, 0x6f, 0x22, 0x1a, 0xe7, 0xa5, 0x24, 0xa1, 0x39, 0xe9, 
    0x98, 0x9b, 0x72, 0x3a, 0xd8, 0x92, 0x9f, 0xd2, 0x77, 0xa4, 0xa5, 0xa2, 0x2e, 
    0x14, 0x66, 0xa9, 0x89, 0x91, 0x99, 0x67, 0xaa, 0x1a, 0xb9, 0xf5, 0x67, 0x67, 
    0x5c, 0x5d, 0x6a, 0x07, 0xeb, 0x44, 0x00, 0xce, 0x0a, 0x9c, 0x8f, 0xb6, 0xde, 
    0x1a, 0xab, 0x8f, 0x01, 0xba, 0xd6, 0xa4, 0x87, 0xa8, 0xfa, 0x4a, 0x50, 0x91, 
    0x3f, 0xca, 0x68, 0x9f, 0xb1, 0x0c, 0x29, 0x6b, 0xe4, 0x8e, 0xcc, 0xc6, 0xfa, 
    0xec, 0xb4, 0x86, 0x45, 0x9b, 0x99, 0xb3, 0xd4, 0xce, 0x68, 0xad, 0x68, 0x4b, 
    0x32, 0xb9, 0xd2, 0x89, 0xc5, 0x1a, 0x0b, 0x99, 0x82, 0xa5, 0x02, 0xdb, 0xda, 
    0xab, 0xcc, 0x56, 0xe7, 0x21, 0xad, 0x4e, 0xf6, 0xba, 0x2d, 0x00, 0x45, 0xea, 
    0x0a, 0x5d, 0xbb, 0xef, 0x72, 0x0b, 0xac, 0xbc, 0x2b, 0x96, 0xf9, 0xee, 0x87, 
    0x3f, 0xd2, 0x5a, 0x6b, 0x81, 0xf5, 0x1e, 0xcb, 0xaf, 0x43, 0xfe, 0x4a, 0x08, 
    0x70, 0xc0, 0xa2, 0xa9, 0x04, 0x2f, 0xc1, 0x4f, 0xad, 0x84, 0xb0, 0x9b, 0xee, 
    0x3e, 0x2c, 0xf1, 0xc4, 0x14, 0x57, 0x6c, 0xf1, 0xc5, 0x18, 0x67, 0xac, 0xf1, 
    0xc6, 0x1c, 0x77, 0xec, 0xf1, 0xc7, 0x20, 0x87, 0x2c, 0xb2, 0x4f, 0x05, 0x28, 
    0x60, 0xf2, 0xc9, 0x28, 0xa7, 0xac, 0xf2, 0xca, 0x2c, 0xb7, 0xec, 0xf2, 0xcb, 
    0x30, 0xc7, 0x2c, 0xf3, 0xcc, 0x34, 0x9f, 0x3c, 0x80, 0x01, 0xd9, 0xe6, 0xac, 
    0xf3, 0xce, 0x3c, 0xf7, 0xdc, 0x33, 0x01, 0x38, 0xfb, 0x2c, 0xf4, 0xd0, 0x44, 
    0x17, 0x6d, 0x24, 0xd0, 0x46, 0x27, 0xad, 0xf4, 0xd2, 0x3c, 0x23, 0xcd, 0xf4, 
    0xd3, 0x50, 0x47, 0x8d, 0x93, 0xd3, 0x52, 0x57, 0x6d, 0x35, 0xd1, 0x54, 0x5f, 
    0xad, 0xf5, 0xd6, 0xd4, 0x66, 0xcd, 0xf5, 0xd7, 0x60, 0x0b, 0xe5, 0x75, 0xd8, 
    0x64, 0x7f, 0x4d, 0x80, 0x00, 0x02, 0xa6, 0xad, 0xf6, 0xda, 0x6c, 0xb7, 0xed, 
    0xf6, 0xdb, 0x70, 0xc7, 0xfd, 0x50, 0x00, 0x01, 0x01, 0x00, 0x21, 0xf9, 0x04, 
    0x09, 0x04, 0x00, 0x00, 0x00, 0x2c, 0x07, 0x00, 0x1a, 0x00, 0x8d, 0x00, 0x5a, 
    0x00, 0x87, 0x00, 0x00, 0x00, 0x12, 0x04, 0x05, 0x16, 0x06, 0x06, 0x2d, 0x0b, 
    0x0b, 0x31, 0x0c, 0x0d, 0x38, 0x0d, 0x0e, 0x3c, 0x0f, 0x0f, 0x48, 0x12, 0x12, 
    0x58, 0x16, 0x16, 0x8b, 0x22, 0x23, 0xb5, 0x2d, 0x2e, 0xc0, 0x2f, 0x30, 0x00, 
    0x00, 0x00, 0x00, 0x00, 0x00, 0x00, 0x00, 0x00, 0x00, 0x00, 0x00, 0x00, 0x00, 
    0x00, 0x00, 0x00, 0x00, 0x00, 0x00, 0x00, 0x00, 0x00, 0x00, 0x00, 0x00, 0x00, 
    0x00, 0x00, 0x00, 0x00, 0x00, 0x00, 0x00, 0x00, 0x00, 0x00, 0x00, 0x00, 0x00, 
    0x00, 0x00, 0x00, 0x00, 0x00, 0x00, 0x00, 0x00, 0x00, 0x00, 0x00, 0x00, 0x00, 
    0x00, 0x00, 0x00, 0x00, 0x00, 0x00, 0x00, 0x00, 0x00, 0x00, 0x00, 0x00, 0x00, 
    0x00, 0x00, 0x00, 0x00, 0x00, 0x00, 0x00, 0x00, 0x00, 0x00, 0x00, 0x00, 0x00, 
    0x00, 0x00, 0x00, 0x00, 0x00, 0x00, 0x00, 0x00, 0x00, 0x00, 0x00, 0x00, 0x00, 
    0x00, 0x00, 0x00, 0x00, 0x00, 0x00, 0x00, 0x00, 0x00, 0x00, 0x00, 0x00, 0x00, 
    0x00, 0x00, 0x00, 0x00, 0x00, 0x00, 0x00, 0x00, 0x00, 0x00, 0x00, 0x00, 0x00, 
    0x00, 0x00, 0x00, 0x00, 0x00, 0x00, 0x00, 0x00, 0x00, 0x00, 0x00, 0x00, 0x00, 
    0x00, 0x00, 0x00, 0x00, 0x00, 0x00, 0x00, 0x00, 0x00, 0x00, 0x00, 0x00, 0x00, 
    0x00, 0x00, 0x00, 0x00, 0x00, 0x00, 0x00, 0x00, 0x00, 0x00, 0x00, 0x00, 0x00, 
    0x00, 0x00, 0x00, 0x00, 0x00, 0x00, 0x00, 0x00, 0x00, 0x00, 0x00, 0x00, 0x00, 
    0x00, 0x00, 0x00, 0x00, 0x00, 0x00, 0x00, 0x00, 0x00, 0x00, 0x00, 0x00, 0x00, 
    0x00, 0x00, 0x00, 0x00, 0x00, 0x00, 0x00, 0x00, 0x00, 0x00, 0x00, 0x00, 0x00, 
    0x00, 0x00, 0x00, 0x00, 0x00, 0x00, 0x00, 0x00, 0x00, 0x00, 0x00, 0x00, 0x00, 
    0x00, 0x00, 0x00, 0x00, 0x00, 0x00, 0x00, 0x00, 0x00, 0x00, 0x00, 0x00, 0x00, 
    0x00, 0x00, 0x00, 0x00, 0x00, 0x00, 0x00, 0x00, 0x00, 0x00, 0x00, 0x00, 0x00, 
    0x00, 0x00, 0x00, 0x00, 0x00, 0x00, 0x00, 0x00, 0x00, 0x00, 0x00, 0x00, 0x00, 
    0x00, 0x00, 0x00, 0x00, 0x00, 0x00, 0x00, 0x00, 0x00, 0x00, 0x00, 0x00, 0x00, 
    0x00, 0x00, 0x00, 0x00, 0x00, 0x00, 0x00, 0x00, 0x00, 0x00, 0x00, 0x00, 0x00, 
    0x00, 0x00, 0x00, 0x00, 0x00, 0x00, 0x00, 0x00, 0x00, 0x00, 0x00, 0x00, 0x00, 
    0x00, 0x00, 0x00, 0x00, 0x00, 0x00, 0x00, 0x00, 0x00, 0x00, 0x00, 0x00, 0x00, 
    0x00, 0x00, 0x00, 0x00, 0x00, 0x00, 0x00, 0x00, 0x00, 0x00, 0x00, 0x00, 0x00, 
    0x00, 0x00, 0x00, 0x00, 0x00, 0x00, 0x00, 0x00, 0x00, 0x00, 0x00, 0x00, 0x00, 
    0x00, 0x00, 0x00, 0x00, 0x00, 0x00, 0x00, 0x00, 0x00, 0x00, 0x00, 0x00, 0x00, 
    0x00, 0x00, 0x00, 0x00, 0x00, 0x00, 0x00, 0x00, 0x00, 0x00, 0x00, 0x00, 0x00, 
    0x00, 0x00, 0x00, 0x00, 0x00, 0x00, 0x00, 0x00, 0x00, 0x00, 0x00, 0x00, 0x00, 
    0x00, 0x00, 0x00, 0x00, 0x00, 0x00, 0x00, 0x00, 0x00, 0x00, 0x00, 0x00, 0x00, 
    0x00, 0x00, 0x00, 0x00, 0x00, 0x00, 0x00, 0x00, 0x00, 0x00, 0x00, 0x00, 0x00, 
    0x00, 0x00, 0x00, 0x00, 0x00, 0x00, 0x00, 0x00, 0x00, 0x00, 0x00, 0x00, 0x00, 
    0x00, 0x00, 0x00, 0x00, 0x00, 0x00, 0x00, 0x00, 0x00, 0x00, 0x00, 0x00, 0x00, 
    0x00, 0x00, 0x00, 0x00, 0x00, 0x00, 0x00, 0x00, 0x00, 0x00, 0x00, 0x00, 0x00, 
    0x00, 0x00, 0x00, 0x00, 0x00, 0x00, 0x00, 0x00, 0x00, 0x00, 0x00, 0x00, 0x00, 
    0x00, 0x00, 0x00, 0x00, 0x00, 0x00, 0x00, 0x00, 0x00, 0x00, 0x00, 0x00, 0x00, 
    0x00, 0x00, 0x00, 0x00, 0x00, 0x00, 0x00, 0x00, 0x00, 0x00, 0x00, 0x00, 0x00, 
    0x00, 0x00, 0x00, 0x00, 0x00, 0x00, 0x00, 0x00, 0x00, 0x00, 0x00, 0x00, 0x00, 
    0x00, 0x00, 0x00, 0x00, 0x00, 0x00, 0x00, 0x00, 0x00, 0x00, 0x00, 0x00, 0x00, 
    0x00, 0x00, 0x00, 0x00, 0x00, 0x00, 0x00, 0x00, 0x00, 0x00, 0x00, 0x00, 0x00, 
    0x00, 0x00, 0x00, 0x00, 0x00, 0x00, 0x00, 0x00, 0x00, 0x00, 0x00, 0x00, 0x00, 
    0x00, 0x00, 0x00, 0x00, 0x00, 0x00, 0x00, 0x00, 0x00, 0x00, 0x00, 0x00, 0x00, 
    0x00, 0x00, 0x00, 0x00, 0x00, 0x00, 0x00, 0x00, 0x00, 0x00, 0x00, 0x00, 0x00, 
    0x00, 0x00, 0x00, 0x00, 0x00, 0x00, 0x00, 0x00, 0x00, 0x00, 0x00, 0x00, 0x00, 
    0x00, 0x00, 0x00, 0x00, 0x00, 0x00, 0x00, 0x00, 0x00, 0x00, 0x00, 0x00, 0x00, 
    0x00, 0x00, 0x00, 0x00, 0x00, 0x00, 0x00, 0x00, 0x00, 0x00, 0x00, 0x00, 0x00, 
    0x00, 0x00, 0x00, 0x00, 0x00, 0x00, 0x00, 0x00, 0x00, 0x00, 0x00, 0x00, 0x00, 
    0x00, 0x00, 0x00, 0x00, 0x00, 0x00, 0x00, 0x00, 0x00, 0x00, 0x00, 0x00, 0x00, 
    0x00, 0x00, 0x00, 0x00, 0x00, 0x00, 0x00, 0x00, 0x00, 0x00, 0x00, 0x00, 0x00, 
    0x00, 0x00, 0x00, 0x00, 0x00, 0x00, 0x00, 0x00, 0x00, 0x00, 0x00, 0x00, 0x00, 
    0x00, 0x00, 0x00, 0x00, 0x00, 0x00, 0x00, 0x00, 0x00, 0x00, 0x00, 0x00, 0x00, 
    0x00, 0x00, 0x00, 0x00, 0x00, 0x00, 0x00, 0x00, 0x00, 0x00, 0x00, 0x00, 0x00, 
    0x00, 0x00, 0x00, 0x00, 0x00, 0x00, 0x00, 0x00, 0x00, 0x00, 0x00, 0x00, 0x00, 
    0x00, 0x00, 0x00, 0x00, 0x00, 0x00, 0x00, 0x00, 0x00, 0x00, 0x00, 0x00, 0x00, 
    0x00, 0x00, 0x00, 0x00, 0x00, 0x00, 0x00, 0x00, 0x00, 0x00, 0x00, 0x00, 0x00, 
    0x00, 0x00, 0x00, 0x00, 0x00, 0x00, 0x00, 0x00, 0x00, 0x00, 0x00, 0x00, 0x00, 
    0x00, 0x00, 0x00, 0x00, 0x00, 0x00, 0x00, 0x00, 0x00, 0x00, 0x00, 0x00, 0x00, 
    0x00, 0x00, 0x00, 0x08, 0xff, 0x00, 0x01, 0x08, 0x1c, 0x48, 0xb0, 0xa0, 0xc1, 
    0x83, 0x08, 0x13, 0x2a, 0x44, 0x78, 0xa0, 0xa1, 0xc3, 0x87, 0x0e, 0x17, 0x4a, 
    0x9c, 0x48, 0xb1, 0xa2, 0xc5, 0x8b, 0x18, 0x15, 0x3a, 0x4c, 0xc0, 0x91, 0xe3, 
    0x81, 0x8e, 0x1e, 0x1b, 0x66, 0x1c, 0x49, 0xb2, 0xa4, 0xc9, 0x8b, 0x1b, 0x21, 
    0xaa, 0x6c, 0x98, 0x20, 0xe2, 0xc9, 0x97, 0x30, 0x63, 0x5a, 0x64, 0xe9, 0x70, 
    0x81, 0xcd, 0x9b, 0x38, 0x17, 0xa4, 0x3c, 0x20, 0xb3, 0xa7, 0x4f, 0x9f, 0x10, 
    0x73, 0x0a, 0xc5, 0x09, 0xf1, 0xa7, 0xd1, 0xa3, 0x18, 0x83, 0xde, 0x5c, 0xf9, 
    0x90, 0xe8, 0x43, 0xa4, 0x50, 0xa3, 0x1a, 0xa4, 0x79, 0xc0, 0x29, 0x82, 0xab, 
    0x58, 0xb1, 0x36, 0x74, 0xda, 0x92, 0xa7, 0xd4, 0xaf, 0x47, 0xa9, 0x5a, 0xcd, 
    0x4a, 0x16, 0xc1, 0xd6, 0xa5, 0x1f, 0x45, 0x82, 0x5d, 0x1b, 0x53, 0x2c, 0xda, 
    0xb2, 0x70, 0xcf, 0xda, 0xa4, 0xca, 0xb6, 0xae, 0xc9, 0x8f, 0x2d, 0x73, 0x1e, 
    0x80, 0xcb, 0xb7, 0x2a, 0x51, 0x8f, 0x76, 0x03, 0x67, 0xc4, 0xeb, 0x77, 0xee, 
    0x5e, 0xbe, 0x65, 0xe5, 0xea, 0x04, 0x2c, 0xb8, 0x31, 0xc5, 0xb4, 0x85, 0x75, 
    0x22, 0xee, 0xcb, 0xd5, 0xab, 0xe3, 0xcb, 0x09, 0xd3, 0x8e, 0x9d, 0x4c, 0x56, 
    0x71, 0x5a, 0xcc, 0xa0, 0x0f, 0x6a, 0x5e, 0xca, 0x99, 0xf2, 0xd2, 0x96, 0xa1, 
    0x53, 0x0f, 0x1c, 0xad, 0xf3, 0x70, 0xe9, 0xce, 0x85, 0x3f, 0xab, 0x0e, 0x4d, 
    0x93, 0xf4, 0xeb, 0xb8, 0xa7, 0xd5, 0xce, 0xbe, 0x4c, 0xf8, 0xed, 0xed, 0xac, 
    0x72, 0x09, 0xef, 0xc6, 0xdc, 0xdb, 0xf6, 0xef, 0xab, 0x91, 0x85, 0x0f, 0x77, 
    0x5c, 0xdc, 0xf0, 0x71, 0xb3, 0xc9, 0x19, 0x2f, 0x17, 0x5c, 0x9b, 0xe8, 0xf3, 
    0xc8, 0x8b, 0x75, 0x4f, 0x0f, 0xcc, 0xda, 0xf9, 0x6d, 0xc5, 0xd9, 0xb7, 0x33, 
    0xff, 0xcf, 0xab, 0xf7, 0x37, 0xf6, 0xf0, 0xe2, 0xa9, 0x93, 0xdf, 0x3c, 0x19, 
    0x3c, 0xfa, 0xf4, 0x76, 0xbb, 0xfb, 0x46, 0xec, 0xfe, 0x3d, 0x7c, 0xb6, 0xf2, 
    0x8d, 0x9b, 0x16, 0x2a, 0xfb, 0x3e, 0xfe, 0xfa, 0xad, 0x31, 0x55, 0xd3, 0x50, 
    0x2e, 0xf9, 0xf7, 0xdf, 0x50, 0x08, 0x26, 0xa8, 0x97, 0x65, 0x06, 0xae, 0x35, 
    0xa0, 0x82, 0x10, 0x3a, 0xc5, 0x60, 0x83, 0x5f, 0xe5, 0xb7, 0x60, 0x6b, 0x10, 
    0xf6, 0x47, 0x61, 0x85, 0xeb, 0x11, 0xa8, 0x54, 0x82, 0x1a, 0x6e, 0x18, 0x95, 
    0x85, 0x68, 0x61, 0x98, 0x21, 0x6a, 0x22, 0x56, 0x08, 0x20, 0x86, 0x5b, 0xad, 
    0x18, 0x60, 0x8a, 0x60, 0xb9, 0x68, 0xd8, 0x83, 0x1e, 0xc2, 0x18, 0xa3, 0x8b, 
    0x2d, 0x9e, 0x27, 0xa1, 0x8d, 0x1c, 0xea, 0x88, 0x16, 0x8d, 0xfc, 0xa1, 0xc8, 
    0x23, 0x54, 0x24, 0x46, 0xa8, 0x97, 0x90, 0x43, 0x86, 0xd5, 0x21, 0x7f, 0x4d, 
    0x81, 0x88, 0x64, 0x92, 0x3f, 0x59, 0xf8, 0x90, 0x56, 0x40, 0xce, 0xf5, 0x24, 
    0x94, 0x3d, 0xe5, 0xd7, 0x10, 0x7d, 0xe7, 0x85, 0x88, 0xa5, 0x4c, 0xf2, 0x6d, 
    0xd9, 0x1e, 0x76, 0x5e, 0x7e, 0x09, 0x53, 0x77, 0x62, 0x72, 0xe6, 0xd9, 0x95, 
    0x66, 0xbe, 0x84, 0xa6, 0x79, 0x7f, 0x4d, 0xd8, 0xa6, 0x9b, 0xeb, 0xa5, 0x59, 
    0x5a, 0x70, 0x6c, 0xce, 0x59, 0xd2, 0x83, 0xae, 0x7d, 0xf7, 0xa3, 0x9e, 0x60, 
    0x26, 0x77, 0x9d, 0x53, 0x80, 0xb6, 0x25, 0xe8, 0x71, 0xc9, 0xc9, 0x59, 0xe8, 
    0x48, 0x9e, 0x0d, 0x8a, 0xd6, 0xa2, 0x27, 0xd1, 0xd8, 0xe7, 0x6b, 0x89, 0x2a, 
    0x0a, 0x69, 0x45, 0x6f, 0x22, 0x1a, 0xe7, 0xa5, 0x24, 0xa1, 0x39, 0xe9, 0x98, 
    0x9b, 0x72, 0x3a, 0xd8, 0x92, 0x9f, 0xd2, 0x77, 0xa4, 0xa5, 0xa2, 0x2e, 0x14, 
    0x66, 0xa9, 0x89, 0x91, 0x99, 0x67, 0xaa, 0x1a, 0xb9, 0xf1, 0x67, 0x67, 0x5c, 
    0x5d, 0x6a, 0x07, 0xeb, 0x44, 0x00, 0xce, 0x0a, 0x9c, 0x8f, 0xb6, 0xde, 0x1a, 
    0xab, 0x8f, 0x01, 0xba, 0xd6, 0xa4, 0x87, 0xa8, 0xfa, 0x4a, 0x50, 0x91, 0x3f, 
    0xca, 0x68, 0x9f, 0xb1, 0x0c, 0x29, 0x6b, 0xe4, 0x8e, 0xcc, 0xc6, 0xfa, 0xec, 
    0xb4, 0x86, 0x45, 0x9b, 0x99, 0xb3, 0xd4, 0xce, 0x68, 0xad, 0x68, 0x4b, 0x32, 
    0xb9, 0xd2, 0x89, 0xc5, 0x1a, 0x0b, 0x99, 0x82, 0xa5, 0x02, 0xdb, 0xda, 0xab, 
    0xcc, 0x56, 0xe7, 0x21, 0xad, 0x4e, 0xf6, 0xba, 0x2d, 0x00, 0x45, 0xea, 0x0a, 
    0x5d, 0xbb, 0xef, 0x72, 0x0b, 0xac, 0xbc, 0x2b, 0x96, 0xf9, 0xee, 0x87, 0x3f, 
    0xd2, 0x5a, 0x6b, 0x81, 0xf5, 0x1e, 0xcb, 0xaf, 0x43, 0xfe, 0x4a, 0x08, 0x70, 
    0xc0, 0xa2, 0xa9, 0x04, 0x2f, 0xc1, 0x4f, 0xad, 0x84, 0xb0, 0x9b, 0xee, 0x3e, 
    0x2c, 0xf1, 0xc4, 0x14, 0x57, 0x6c, 0xf1, 0xc5, 0x18, 0x67, 0xac, 0xf1, 0xc6, 
    0x1c, 0x77, 0xec, 0xf1, 0xc7, 0x13, 0x17, 0xa0, 0xc0, 0xc8, 0x24, 0x97, 0x6c, 
    0xf2, 0xc9, 0x28, 0xa7, 0xac, 0xf2, 0xca, 0x2c, 0xb7, 0xec, 0xf2, 0xcb, 0x30, 
    0xc7, 0x4c, 0xf2, 0x00, 0x06, 0x64, 0x6b, 0xf3, 0xcd, 0x38, 0xe7, 0xac, 0xb3, 
    0xce, 0x04, 0xd4, 0xbc, 0xf3, 0xcf, 0x40, 0x07, 0x2d, 0xb4, 0x91, 0x3d, 0x0f, 
    0x6d, 0xf4, 0xd1, 0x48, 0xe7, 0x5c, 0x74, 0xd2, 0x4c, 0x37, 0xed, 0x34, 0x4e, 
    0x4b, 0x3f, 0x2d, 0xf5, 0xd4, 0x41, 0x47, 0x4d, 0xf5, 0xd5, 0x58, 0x53, 0x6b, 
    0x75, 0xd6, 0x5c, 0x77, 0x2d, 0xd4, 0xd6, 0x5e, 0x87, 0xcd, 0x35, 0x01, 0x02, 
    0x08, 0x68, 0xf6, 0xd9, 0x68, 0xa7, 0xad, 0xf6, 0xda, 0x6c, 0xb7, 0xed, 0xf6, 
    0x43, 0x01, 0x04, 0x04, 0x00, 0x21, 0xf9, 0x04, 0x09, 0x04, 0x00, 0x00, 0x00, 
    0x2c, 0x07, 0x00, 0x1b, 0x00, 0x8d, 0x00, 0x59, 0x00, 0x87, 0x00, 0x00, 0x00, 
    0x12, 0x04, 0x05, 0x16, 0x06, 0x06, 0x2d, 0x0b, 0x0b, 0x31, 0x0c, 0x0d, 0x38, 
    0x0d, 0x0e, 0x3c, 0x0f, 0x0f, 0x48, 0x12, 0x12, 0x58, 0x16, 0x16, 0x8b, 0x22, 
    0x23, 0xb5, 0x2d, 0x2e, 0xc0, 0x2f, 0x30, 0x00, 0x00, 0x00, 0x00, 0x00, 0x00, 
    0x00, 0x00, 0x00, 0x00, 0x00, 0x00, 0x00, 0x00, 0x00, 0x00, 0x00, 0x00, 0x00, 
    0x00, 0x00, 0x00, 0x00, 0x00, 0x00, 0x00, 0x00, 0x00, 0x00, 0x00, 0x00, 0x00, 
    0x00, 0x00, 0x00, 0x00, 0x00, 0x00, 0x00, 0x00, 0x00, 0x00, 0x00, 0x00, 0x00, 
    0x00, 0x00, 0x00, 0x00, 0x00, 0x00, 0x00, 0x00, 0x00, 0x00, 0x00, 0x00, 0x00, 
    0x00, 0x00, 0x00, 0x00, 0x00, 0x00, 0x00, 0x00, 0x00, 0x00, 0x00, 0x00, 0x00, 
    0x00, 0x00, 0x00, 0x00, 0x00, 0x00, 0x00, 0x00, 0x00, 0x00, 0x00, 0x00, 0x00, 
    0x00, 0x00, 0x00, 0x00, 0x00, 0x00, 0x00, 0x00, 0x00, 0x00, 0x00, 0x00, 0x00, 
    0x00, 0x00, 0x00, 0x00, 0x00, 0x00, 0x00, 0x00, 0x00, 0x00, 0x00, 0x00, 0x00, 
    0x00, 0x00, 0x00, 0x00, 0x00, 0x00, 0x00, 0x00, 0x00, 0x00, 0x00, 0x00, 0x00, 
    0x00, 0x00, 0x00, 0x00, 0x00, 0x00, 0x00, 0x00, 0x00, 0x00, 0x00, 0x00, 0x00, 
    0x00, 0x00, 0x00, 0x00, 0x00, 0x00, 0x00, 0x00, 0x00, 0x00, 0x00, 0x00, 0x00, 
    0x00, 0x00, 0x00, 0x00, 0x00, 0x00, 0x00, 0x00, 0x00, 0x00, 0x00, 0x00, 0x00, 
    0x00, 0x00, 0x00, 0x00, 0x00, 0x00, 0x00, 0x00, 0x00, 0x00, 0x00, 0x00, 0x00, 
    0x00, 0x00, 0x00, 0x00, 0x00, 0x00, 0x00, 0x00, 0x00, 0x00, 0x00, 0x00, 0x00, 
    0x00, 0x00, 0x00, 0x00, 0x00, 0x00, 0x00, 0x00, 0x00, 0x00, 0x00, 0x00, 0x00, 
    0x00, 0x00, 0x00, 0x00, 0x00, 0x00, 0x00, 0x00, 0x00, 0x00, 0x00, 0x00, 0x00, 
    0x00, 0x00, 0x00, 0x00, 0x00, 0x00, 0x00, 0x00, 0x00, 0x00, 0x00, 0x00, 0x00, 
    0x00, 0x00, 0x00, 0x00, 0x00, 0x00, 0x00, 0x00, 0x00, 0x00, 0x00, 0x00, 0x00, 
    0x00, 0x00, 0x00, 0x00, 0x00, 0x00, 0x00, 0x00, 0x00, 0x00, 0x00, 0x00, 0x00, 
    0x00, 0x00, 0x00, 0x00, 0x00, 0x00, 0x00, 0x00, 0x00, 0x00, 0x00, 0x00, 0x00, 
    0x00, 0x00, 0x00, 0x00, 0x00, 0x00, 0x00, 0x00, 0x00, 0x00, 0x00, 0x00, 0x00, 
    0x00, 0x00, 0x00, 0x00, 0x00, 0x00, 0x00, 0x00, 0x00, 0x00, 0x00, 0x00, 0x00, 
    0x00, 0x00, 0x00, 0x00, 0x00, 0x00, 0x00, 0x00, 0x00, 0x00, 0x00, 0x00, 0x00, 
    0x00, 0x00, 0x00, 0x00, 0x00, 0x00, 0x00, 0x00, 0x00, 0x00, 0x00, 0x00, 0x00, 
    0x00, 0x00, 0x00, 0x00, 0x00, 0x00, 0x00, 0x00, 0x00, 0x00, 0x00, 0x00, 0x00, 
    0x00, 0x00, 0x00, 0x00, 0x00, 0x00, 0x00, 0x00, 0x00, 0x00, 0x00, 0x00, 0x00, 
    0x00, 0x00, 0x00, 0x00, 0x00, 0x00, 0x00, 0x00, 0x00, 0x00, 0x00, 0x00, 0x00, 
    0x00, 0x00, 0x00, 0x00, 0x00, 0x00, 0x00, 0x00, 0x00, 0x00, 0x00, 0x00, 0x00, 
    0x00, 0x00, 0x00, 0x00, 0x00, 0x00, 0x00, 0x00, 0x00, 0x00, 0x00, 0x00, 0x00, 
    0x00, 0x00, 0x00, 0x00, 0x00, 0x00, 0x00, 0x00, 0x00, 0x00, 0x00, 0x00, 0x00, 
    0x00, 0x00, 0x00, 0x00, 0x00, 0x00, 0x00, 0x00, 0x00, 0x00, 0x00, 0x00, 0x00, 
    0x00, 0x00, 0x00, 0x00, 0x00, 0x00, 0x00, 0x00, 0x00, 0x00, 0x00, 0x00, 0x00, 
    0x00, 0x00, 0x00, 0x00, 0x00, 0x00, 0x00, 0x00, 0x00, 0x00, 0x00, 0x00, 0x00, 
    0x00, 0x00, 0x00, 0x00, 0x00, 0x00, 0x00, 0x00, 0x00, 0x00, 0x00, 0x00, 0x00, 
    0x00, 0x00, 0x00, 0x00, 0x00, 0x00, 0x00, 0x00, 0x00, 0x00, 0x00, 0x00, 0x00, 
    0x00, 0x00, 0x00, 0x00, 0x00, 0x00, 0x00, 0x00, 0x00, 0x00, 0x00, 0x00, 0x00, 
    0x00, 0x00, 0x00, 0x00, 0x00, 0x00, 0x00, 0x00, 0x00, 0x00, 0x00, 0x00, 0x00, 
    0x00, 0x00, 0x00, 0x00, 0x00, 0x00, 0x00, 0x00, 0x00, 0x00, 0x00, 0x00, 0x00, 
    0x00, 0x00, 0x00, 0x00, 0x00, 0x00, 0x00, 0x00, 0x00, 0x00, 0x00, 0x00, 0x00, 
    0x00, 0x00, 0x00, 0x00, 0x00, 0x00, 0x00, 0x00, 0x00, 0x00, 0x00, 0x00, 0x00, 
    0x00, 0x00, 0x00, 0x00, 0x00, 0x00, 0x00, 0x00, 0x00, 0x00, 0x00, 0x00, 0x00, 
    0x00, 0x00, 0x00, 0x00, 0x00, 0x00, 0x00, 0x00, 0x00, 0x00, 0x00, 0x00, 0x00, 
    0x00, 0x00, 0x00, 0x00, 0x00, 0x00, 0x00, 0x00, 0x00, 0x00, 0x00, 0x00, 0x00, 
    0x00, 0x00, 0x00, 0x00, 0x00, 0x00, 0x00, 0x00, 0x00, 0x00, 0x00, 0x00, 0x00, 
    0x00, 0x00, 0x00, 0x00, 0x00, 0x00, 0x00, 0x00, 0x00, 0x00, 0x00, 0x00, 0x00, 
    0x00, 0x00, 0x00, 0x00, 0x00, 0x00, 0x00, 0x00, 0x00, 0x00, 0x00, 0x00, 0x00, 
    0x00, 0x00, 0x00, 0x00, 0x00, 0x00, 0x00, 0x00, 0x00, 0x00, 0x00, 0x00, 0x00, 
    0x00, 0x00, 0x00, 0x00, 0x00, 0x00, 0x00, 0x00, 0x00, 0x00, 0x00, 0x00, 0x00, 
    0x00, 0x00, 0x00, 0x00, 0x00, 0x00, 0x00, 0x00, 0x00, 0x00, 0x00, 0x00, 0x00, 
    0x00, 0x00, 0x00, 0x00, 0x00, 0x00, 0x00, 0x00, 0x00, 0x00, 0x00, 0x00, 0x00, 
    0x00, 0x00, 0x00, 0x00, 0x00, 0x00, 0x00, 0x00, 0x00, 0x00, 0x00, 0x00, 0x00, 
    0x00, 0x00, 0x00, 0x00, 0x00, 0x00, 0x00, 0x00, 0x00, 0x00, 0x00, 0x00, 0x00, 
    0x00, 0x00, 0x00, 0x00, 0x00, 0x00, 0x00, 0x00, 0x00, 0x00, 0x00, 0x00, 0x00, 
    0x00, 0x00, 0x00, 0x00, 0x00, 0x00, 0x00, 0x00, 0x00, 0x00, 0x00, 0x00, 0x00, 
    0x00, 0x00, 0x00, 0x00, 0x00, 0x00, 0x00, 0x00, 0x00, 0x00, 0x00, 0x00, 0x00, 
    0x00, 0x00, 0x00, 0x00, 0x00, 0x00, 0x00, 0x00, 0x00, 0x00, 0x00, 0x08, 0xff, 
    0x00, 0x01, 0x08, 0x1c, 0x48, 0xb0, 0xa0, 0xc1, 0x83, 0x08, 0x13, 0x2a, 0x4c, 
    0x78, 0xa0, 0xa1, 0xc3, 0x87, 0x0d, 0x17, 0x4a, 0x9c, 0x48, 0xb1, 0xa2, 0xc5, 
    0x8b, 0x18, 0x15, 0x3e, 0x4c, 0xc0, 0xb1, 0xa3, 0xc7, 0x87, 0x19, 0x43, 0x8a, 
    0x1c, 0x49, 0xf2, 0x62, 0xc3, 0x04, 0x10, 0x53, 0x3a, 0x44, 0x79, 0xa0, 0xa4, 
    0xcb, 0x97, 0x30, 0x4d, 0x42, 0x5c, 0x40, 0xb3, 0xa6, 0x4d, 0x9a, 0x29, 0x63, 
    0xea, 0xdc, 0xa9, 0xf3, 0x64, 0xc3, 0x9b, 0x40, 0x6f, 0xfa, 0x6c, 0xc9, 0xb3, 
    0xa8, 0x51, 0x99, 0x2c, 0x6b, 0xaa, 0x9c, 0x89, 0xf3, 0x00, 0xcb, 0xa3, 0x50, 
    0xa3, 0x1a, 0x4c, 0xa9, 0xf4, 0x00, 0x82, 0xab, 0x58, 0xb3, 0xfe, 0x6c, 0x0a, 
    0x52, 0xaa, 0x57, 0xa3, 0x4e, 0xb7, 0x2a, 0xcd, 0x4a, 0x16, 0xeb, 0x01, 0xa1, 
    0x61, 0xbf, 0xaa, 0xed, 0x19, 0x16, 0x6d, 0xd9, 0xb2, 0x62, 0x71, 0x3e, 0x5d, 
    0x4b, 0x77, 0xe4, 0x50, 0x9b, 0x0d, 0xdf, 0xbe, 0x8d, 0x3b, 0xb4, 0xae, 0x5f, 
    0x8c, 0x4e, 0x51, 0x0a, 0xd5, 0xab, 0xf7, 0x2c, 0x5e, 0x8e, 0x44, 0xff, 0x2a, 
    0x96, 0x18, 0xd6, 0x70, 0x53, 0xc2, 0x7b, 0x1d, 0x2f, 0xf0, 0xb9, 0xb8, 0xb2, 
    0x46, 0xc1, 0x78, 0x21, 0x17, 0x16, 0x8a, 0xd2, 0xb2, 0xe7, 0xa9, 0x98, 0x1f, 
    0x6b, 0x86, 0x2b, 0x39, 0xed, 0xe7, 0xd3, 0x00, 0xda, 0x8e, 0x1d, 0xbd, 0xf7, 
    0x70, 0x62, 0xd4, 0x95, 0x7d, 0x56, 0x65, 0x1d, 0x59, 0xe9, 0x5c, 0xd8, 0x8b, 
    0x03, 0x3b, 0xce, 0x4b, 0x9b, 0xac, 0x58, 0xdd, 0xb8, 0x63, 0x23, 0xce, 0xdc, 
    0x5b, 0xeb, 0xe1, 0xce, 0xc1, 0x15, 0xeb, 0xc6, 0x6b, 0xb5, 0x38, 0x02, 0xbe, 
    0x88, 0x93, 0x2b, 0x6f, 0x4c, 0xbc, 0x78, 0xe9, 0xc6, 0xd2, 0x95, 0x0f, 0x9f, 
    0xdd, 0x1b, 0x3a, 0xf2, 0xec, 0x7e, 0x97, 0x57, 0xff, 0x67, 0x2d, 0x79, 0x72, 
    0x74, 0xf0, 0xe1, 0xb7, 0x73, 0x1f, 0x1d, 0xd7, 0xfc, 0x77, 0xf4, 0x6b, 0xc5, 
    0x8f, 0x87, 0x5c, 0xde, 0xfd, 0x6b, 0xf8, 0x5f, 0xe5, 0xaf, 0x27, 0xdc, 0xde, 
    0x3e, 0x7e, 0xba, 0xb2, 0x01, 0xc5, 0x5b, 0x61, 0xf5, 0x99, 0x17, 0xd1, 0x7f, 
    0xf1, 0x85, 0x86, 0xd6, 0x52, 0xfd, 0xc9, 0x75, 0x1f, 0x82, 0x52, 0xa9, 0x16, 
    0xd4, 0x84, 0x14, 0x3a, 0x08, 0x61, 0x82, 0x05, 0x32, 0xf7, 0x50, 0x85, 0x06, 
    0x5e, 0xa8, 0x96, 0x84, 0x13, 0xfe, 0xd4, 0x20, 0x67, 0x0f, 0x7a, 0x08, 0x96, 
    0x82, 0x02, 0x32, 0x55, 0xa1, 0x69, 0x26, 0x46, 0xe5, 0xd0, 0x8a, 0x67, 0x89, 
    0x98, 0x21, 0x57, 0x2d, 0x7a, 0x35, 0xa2, 0x86, 0x2f, 0x52, 0x78, 0x60, 0x8d, 
    0x2e, 0xde, 0xd8, 0xd4, 0x64, 0x33, 0x02, 0x59, 0x22, 0x8f, 0x3b, 0x81, 0x98, 
    0x22, 0x90, 0x1c, 0xb2, 0x48, 0xe4, 0x89, 0x41, 0xca, 0x98, 0xe4, 0x7b, 0x4b, 
    0xf2, 0x64, 0x24, 0x87, 0x2b, 0x42, 0x19, 0x65, 0x4f, 0x28, 0xe2, 0xb8, 0x61, 
    0x88, 0x56, 0x5e, 0x09, 0xd3, 0x94, 0x42, 0x92, 0x56, 0xa0, 0x92, 0x5e, 0xc6, 
    0x34, 0xe5, 0x80, 0xb5, 0x91, 0x58, 0xa6, 0x94, 0x28, 0xa2, 0x49, 0xa0, 0x9a, 
    0x6b, 0x62, 0x79, 0x1d, 0x6d, 0xd0, 0x0d, 0x19, 0xa7, 0x48, 0x20, 0x36, 0x47, 
    0xa7, 0x6b, 0x77, 0x9a, 0x19, 0x9a, 0x9b, 0x9a, 0xfd, 0xd6, 0x65, 0x9f, 0x21, 
    0x49, 0xa8, 0x67, 0x77, 0xb6, 0xd9, 0x49, 0xa8, 0x4c, 0xbb, 0x39, 0xf7, 0x5c, 
    0x55, 0x8a, 0x2e, 0x5a, 0x11, 0x5f, 0x8e, 0x5e, 0x27, 0x69, 0x49, 0x94, 0x3a, 
    0x67, 0xe9, 0xa5, 0x78, 0x66, 0x6a, 0x9d, 0x86, 0x9c, 0x16, 0xaa, 0xe0, 0xa1, 
    0x7b, 0x26, 0x1a, 0x6a, 0x46, 0x79, 0x92, 0x1a, 0x68, 0x69, 0x83, 0x9e, 0x7a, 
    0x59, 0x79, 0xaa, 0xd2, 0xff, 0x07, 0xa7, 0xab, 0x93, 0xb6, 0x19, 0x6b, 0x9a, 
    0xa6, 0xd2, 0x5a, 0x6b, 0x7d, 0x80, 0x92, 0x26, 0x60, 0xab, 0xba, 0x4e, 0xd5, 
    0x60, 0xaf, 0x66, 0x8d, 0xb9, 0x63, 0xb0, 0x1a, 0xdd, 0xe8, 0x90, 0x98, 0x3a, 
    0x1e, 0x8b, 0xec, 0x41, 0x60, 0x6a, 0x99, 0xa3, 0x8e, 0xc0, 0x3e, 0x1b, 0x2d, 
    0x95, 0x55, 0x46, 0x8a, 0xec, 0xb4, 0xd8, 0x76, 0xeb, 0xd0, 0xb3, 0x0c, 0xf9, 
    0xd8, 0x6d, 0x88, 0xce, 0x82, 0x2b, 0xd0, 0xb5, 0x5c, 0xa9, 0xf4, 0xa4, 0xb6, 
    0xb4, 0x52, 0xa7, 0xe3, 0x66, 0xcd, 0x56, 0xab, 0xab, 0x7e, 0x02, 0xc2, 0xcb, 
    0xa5, 0xbc, 0xed, 0xa2, 0x7b, 0x6b, 0x93, 0xb7, 0x99, 0x4b, 0xd0, 0xb5, 0xc4, 
    0x2a, 0x8b, 0xef, 0xbc, 0x49, 0x05, 0x15, 0x70, 0x86, 0x94, 0xf9, 0x2b, 0x2c, 
    0xb7, 0x5c, 0x11, 0xc8, 0x6b, 0x57, 0x0a, 0x2f, 0xbc, 0x65, 0x4a, 0x57, 0x51, 
    0x25, 0x24, 0xc4, 0x11, 0x27, 0x8b, 0xf1, 0xc6, 0x10, 0x65, 0xfc, 0x25, 0xbb, 
    0x1e, 0x87, 0x2c, 0xf2, 0xc8, 0x24, 0x97, 0x6c, 0xf2, 0xc9, 0x28, 0xa7, 0xac, 
    0xf2, 0xca, 0x51, 0x15, 0xa0, 0xc0, 0xcb, 0x30, 0xc7, 0x2c, 0xf3, 0xcc, 0x34, 
    0xd7, 0x6c, 0xf3, 0xcd, 0x38, 0xe7, 0xac, 0xf3, 0xce, 0x3c, 0xf7, 0x0c, 0xf3, 
    0x00, 0x06, 0x8c, 0x2b, 0xf4, 0xd0, 0x44, 0x17, 0x6d, 0xf4, 0xd1, 0xd8, 0x12, 
    0x10, 0x34, 0xd2, 0x4c, 0x37, 0xed, 0xf4, 0xd3, 0x44, 0x2b, 0x0d, 0xf5, 0xd4, 
    0x54, 0x57, 0xed, 0xb4, 0xd4, 0x56, 0x67, 0xad, 0xf5, 0xd6, 0x13, 0x62, 0xcd, 
    0xf5, 0xd7, 0x60, 0x53, 0xed, 0x75, 0xd8, 0x64, 0x97, 0x5d, 0xf4, 0xd8, 0x66, 
    0xa7, 0xad, 0x36, 0x85, 0x68, 0xaf, 0xed, 0xb6, 0xdb, 0x04, 0x08, 0xc0, 0xe0, 
    0xdc, 0x74, 0xd7, 0x6d, 0xf7, 0xdd, 0x78, 0xe7, 0xad, 0xf7, 0xde, 0x0f, 0x05, 
    0x02, 0x10, 0x10, 0x00, 0x21, 0xf9, 0x04, 0x09, 0x04, 0x00, 0x00, 0x00, 0x2c, 
    0x07, 0x00, 0x1d, 0x00, 0x8d, 0x00, 0x57, 0x00, 0x87, 0x00, 0x00, 0x00, 0x12, 
    0x04, 0x05, 0x16, 0x06, 0x06, 0x2d, 0x0b, 0x0b, 0x31, 0x0c, 0x0d, 0x38, 0x0d, 
    0x0e, 0x3c, 0x0f, 0x0f, 0x48, 0x12, 0x12, 0x58, 0x16, 0x16, 0x8b, 0x22, 0x23, 
    0xb5, 0x2d, 0x2e, 0xc0, 0x2f, 0x30, 0x00, 0x00, 0x00, 0x00, 0x00, 0x00, 0x00, 
    0x00, 0x00, 0x00, 0x00, 0x00, 0x00, 0x00, 0x00, 0x00, 0x00, 0x00, 0x00, 0x00, 
    0x00, 0x00, 0x00, 0x00, 0x00, 0x00, 0x00, 0x00, 0x00, 0x00, 0x00, 0x00, 0x00, 
    0x00, 0x00, 0x00, 0x00, 0x00, 0x00, 0x00, 0x00, 0x00, 0x00, 0x00, 0x00, 0x00, 
    0x00, 0x00, 0x00, 0x00, 0x00, 0x00, 0x00, 0x00, 0x00, 0x00, 0x00, 0x00, 0x00, 
    0x00, 0x00, 0x00, 0x00, 0x00, 0x00, 0x00, 0x00, 0x00, 0x00, 0x00, 0x00, 0x00, 
    0x00, 0x00, 0x00, 0x00, 0x00, 0x00, 0x00, 0x00, 0x00, 0x00, 0x00, 0x00, 0x00, 
    0x00, 0x00, 0x00, 0x00, 0x00, 0x00, 0x00, 0x00, 0x00, 0x00, 0x00, 0x00, 0x00, 
    0x00, 0x00, 0x00, 0x00, 0x00, 0x00, 0x00, 0x00, 0x00, 0x00, 0x00, 0x00, 0x00, 
    0x00, 0x00, 0x00, 0x00, 0x00, 0x00, 0x00, 0x00, 0x00, 0x00, 0x00, 0x00, 0x00, 
    0x00, 0x00, 0x00, 0x00, 0x00, 0x00, 0x00, 0x00, 0x00, 0x00, 0x00, 0x00, 0x00, 
    0x00, 0x00, 0x00, 0x00, 0x00, 0x00, 0x00, 0x00, 0x00, 0x00, 0x00, 0x00, 0x00, 
    0x00, 0x00, 0x00, 0x00, 0x00, 0x00, 0x00, 0x00, 0x00, 0x00, 0x00, 0x00, 0x00, 
    0x00, 0x00, 0x00, 0x00, 0x00, 0x00, 0x00, 0x00, 0x00, 0x00, 0x00, 0x00, 0x00, 
    0x00, 0x00, 0x00, 0x00, 0x00, 0x00, 0x00, 0x00, 0x00, 0x00, 0x00, 0x00, 0x00, 
    0x00, 0x00, 0x00, 0x00, 0x00, 0x00, 0x00, 0x00, 0x00, 0x00, 0x00, 0x00, 0x00, 
    0x00, 0x00, 0x00, 0x00, 0x00, 0x00, 0x00, 0x00, 0x00, 0x00, 0x00, 0x00, 0x00, 
    0x00, 0x00, 0x00, 0x00, 0x00, 0x00, 0x00, 0x00, 0x00, 0x00, 0x00, 0x00, 0x00, 
    0x00, 0x00, 0x00, 0x00, 0x00, 0x00, 0x00, 0x00, 0x00, 0x00, 0x00, 0x00, 0x00, 
    0x00, 0x00, 0x00, 0x00, 0x00, 0x00, 0x00, 0x00, 0x00, 0x00, 0x00, 0x00, 0x00, 
    0x00, 0x00, 0x00, 0x00, 0x00, 0x00, 0x00, 0x00, 0x00, 0x00, 0x00, 0x00, 0x00, 
    0x00, 0x00, 0x00, 0x00, 0x00, 0x00, 0x00, 0x00, 0x00, 0x00, 0x00, 0x00, 0x00, 
    0x00, 0x00, 0x00, 0x00, 0x00, 0x00, 0x00, 0x00, 0x00, 0x00, 0x00, 0x00, 0x00, 
    0x00, 0x00, 0x00, 0x00, 0x00, 0x00, 0x00, 0x00, 0x00, 0x00, 0x00, 0x00, 0x00, 
    0x00, 0x00, 0x00, 0x00, 0x00, 0x00, 0x00, 0x00, 0x00, 0x00, 0x00, 0x00, 0x00, 
    0x00, 0x00, 0x00, 0x00, 0x00, 0x00, 0x00, 0x00, 0x00, 0x00, 0x00, 0x00, 0x00, 
    0x00, 0x00, 0x00, 0x00, 0x00, 0x00, 0x00, 0x00, 0x00, 0x00, 0x00, 0x00, 0x00, 
    0x00, 0x00, 0x00, 0x00, 0x00, 0x00, 0x00, 0x00, 0x00, 0x00, 0x00, 0x00, 0x00, 
    0x00, 0x00, 0x00, 0x00, 0x00, 0x00, 0x00, 0x00, 0x00, 0x00, 0x00, 0x00, 0x00, 
    0x00, 0x00, 0x00, 0x00, 0x00, 0x00, 0x00, 0x00, 0x00, 0x00, 0x00, 0x00, 0x00, 
    0x00, 0x00, 0x00, 0x00, 0x00, 0x00, 0x00, 0x00, 0x00, 0x00, 0x00, 0x00, 0x00, 
    0x00, 0x00, 0x00, 0x00, 0x00, 0x00, 0x00, 0x00, 0x00, 0x00, 0x00, 0x00, 0x00, 
    0x00, 0x00, 0x00, 0x00, 0x00, 0x00, 0x00, 0x00, 0x00, 0x00, 0x00, 0x00, 0x00, 
    0x00, 0x00, 0x00, 0x00, 0x00, 0x00, 0x00, 0x00, 0x00, 0x00, 0x00, 0x00, 0x00, 
    0x00, 0x00, 0x00, 0x00, 0x00, 0x00, 0x00, 0x00, 0x00, 0x00, 0x00, 0x00, 0x00, 
    0x00, 0x00, 0x00, 0x00, 0x00, 0x00, 0x00, 0x00, 0x00, 0x00, 0x00, 0x00, 0x00, 
    0x00, 0x00, 0x00, 0x00, 0x00, 0x00, 0x00, 0x00, 0x00, 0x00, 0x00, 0x00, 0x00, 
    0x00, 0x00, 0x00, 0x00, 0x00, 0x00, 0x00, 0x00, 0x00, 0x00, 0x00, 0x00, 0x00, 
    0x00, 0x00, 0x00, 0x00, 0x00, 0x00, 0x00, 0x00, 0x00, 0x00, 0x00, 0x00, 0x00, 
    0x00, 0x00, 0x00, 0x00, 0x00, 0x00, 0x00, 0x00, 0x00, 0x00, 0x00, 0x00, 0x00, 
    0x00, 0x00, 0x00, 0x00, 0x00, 0x00, 0x00, 0x00, 0x00, 0x00, 0x00, 0x00, 0x00, 
    0x00, 0x00, 0x00, 0x00, 0x00, 0x00, 0x00, 0x00, 0x00, 0x00, 0x00, 0x00, 0x00, 
    0x00, 0x00, 0x00, 0x00, 0x00, 0x00, 0x00, 0x00, 0x00, 0x00, 0x00, 0x00, 0x00, 
    0x00, 0x00, 0x00, 0x00, 0x00, 0x00, 0x00, 0x00, 0x00, 0x00, 0x00, 0x00, 0x00, 
    0x00, 0x00, 0x00, 0x00, 0x00, 0x00, 0x00, 0x00, 0x00, 0x00, 0x00, 0x00, 0x00, 
    0x00, 0x00, 0x00, 0x00, 0x00, 0x00, 0x00, 0x00, 0x00, 0x00, 0x00, 0x00, 0x00, 
    0x00, 0x00, 0x00, 0x00, 0x00, 0x00, 0x00, 0x00, 0x00, 0x00, 0x00, 0x00, 0x00, 
    0x00, 0x00, 0x00, 0x00, 0x00, 0x00, 0x00, 0x00, 0x00, 0x00, 0x00, 0x00, 0x00, 
    0x00, 0x00, 0x00, 0x00, 0x00, 0x00, 0x00, 0x00, 0x00, 0x00, 0x00, 0x00, 0x00, 
    0x00, 0x00, 0x00, 0x00, 0x00, 0x00, 0x00, 0x00, 0x00, 0x00, 0x00, 0x00, 0x00, 
    0x00, 0x00, 0x00, 0x00, 0x00, 0x00, 0x00, 0x00, 0x00, 0x00, 0x00, 0x00, 0x00, 
    0x00, 0x00, 0x00, 0x00, 0x00, 0x00, 0x00, 0x00, 0x00, 0x00, 0x00, 0x00, 0x00, 
    0x00, 0x00, 0x00, 0x00, 0x00, 0x00, 0x00, 0x00, 0x00, 0x00, 0x00, 0x00, 0x00, 
    0x00, 0x00, 0x00, 0x00, 0x00, 0x00, 0x00, 0x00, 0x00, 0x00, 0x00, 0x00, 0x00, 
    0x00, 0x00, 0x00, 0x00, 0x00, 0x00, 0x00, 0x00, 0x00, 0x00, 0x00, 0x00, 0x00, 
    0x00, 0x00, 0x00, 0x00, 0x00, 0x00, 0x00, 0x00, 0x00, 0x00, 0x00, 0x00, 0x00, 
    0x00, 0x00, 0x00, 0x00, 0x00, 0x00, 0x00, 0x00, 0x00, 0x00, 0x08, 0xff, 0x00, 
    0x01, 0x08, 0x1c, 0x48, 0xb0, 0xa0, 0xc1, 0x83, 0x08, 0x13, 0x2a, 0x4c, 0x78, 
    0xa0, 0xa1, 0xc3, 0x87, 0x0d, 0x17, 0x4a, 0x9c, 0x48, 0xb1, 0xa2, 0xc5, 0x8b, 
    0x18, 0x15, 0x3e, 0x4c, 0xc0, 0xb1, 0xa3, 0xc7, 0x87, 0x19, 0x43, 0x8a, 0x1c, 
    0x49, 0xf2, 0x62, 0xc3, 0x04, 0x10, 0x53, 0x3a, 0x44, 0x79, 0xa0, 0xa4, 0xcb, 
    0x97, 0x30, 0x4d, 0x42, 0x5c, 0x40, 0xb3, 0xa6, 0x4d, 0x9a, 0x29, 0x63, 0xea, 
    0xdc, 0xa9, 0xf3, 0x64, 0xc3, 0x9b, 0x40, 0x6f, 0xfa, 0x6c, 0xc9, 0xb3, 0xa8, 
    0x51, 0x99, 0x2c, 0x6b, 0xaa, 0x9c, 0x89, 0xf3, 0x00, 0xcb, 0xa3, 0x50, 0xa3, 
    0x1a, 0x4c, 0xa9, 0xf4, 0x00, 0x82, 0xab, 0x58, 0xb3, 0xfe, 0x6c, 0x0a, 0x52, 
    0xaa, 0x57, 0xa3, 0x4e, 0xb7, 0x2a, 0xcd, 0x4a, 0x16, 0xeb, 0x01, 0xa1, 0x61, 
    0xbf, 0xaa, 0xed, 0x19, 0x16, 0x6d, 0xd9, 0xb2, 0x62, 0x71, 0x3e, 0x5d, 0x4b, 
    0x77, 0xe4, 0x50, 0x9b, 0x0d, 0xdf, 0xbe, 0x8d, 0x3b, 0xb4, 0xae, 0x5f, 0x8c, 
    0x4e, 0x51, 0x0a, 0xd5, 0xab, 0xf7, 0x2c, 0x5e, 0x8e, 0x44, 0xff, 0x2a, 0x96, 
    0x18, 0xd6, 0x70, 0x53, 0xc2, 0x7b, 0x1d, 0x2f, 0xf0, 0xb9, 0xb8, 0xb2, 0x46, 
    0xc1, 0x78, 0x21, 0x17, 0x16, 0x8a, 0xd2, 0xb2, 0xe7, 0xa9, 0x98, 0x1f, 0x6b, 
    0x86, 0x2b, 0x39, 0xed, 0xe7, 0xd3, 0x00, 0xda, 0x8e, 0x1d, 0xbd, 0xf7, 0x70, 
    0x62, 0xd4, 0x95, 0x7d, 0x56, 0x65, 0x1d, 0x59, 0xe9, 0x5c, 0xd8, 0x8b, 0x03, 
    0x3b, 0xce, 0x4b, 0x9b, 0xac, 0x58, 0xdd, 0xb8, 0x63, 0x23, 0xce, 0xdc, 0x5b, 
    0xeb, 0xe1, 0xce, 0xc1, 0x15, 0xeb, 0xc6, 0x6b, 0xb5, 0x38, 0x02, 0xbe, 0x88, 
    0x93, 0x2b, 0x6f, 0x4c, 0xbc, 0x78, 0xe9, 0xc6, 0xd2, 0x95, 0x0f, 0x9f, 0xdd, 
    0x1b, 0x3a, 0xf2, 0xec, 0x7e, 0x97, 0x57, 0xff, 0x67, 0x2d, 0x79, 0x72, 0x74, 
    0xf0, 0xe1, 0xb7, 0x73, 0x1f, 0x1d, 0xd7, 0xfc, 0x77, 0xf4, 0x6b, 0xc5, 0x8f, 
    0x87, 0x5c, 0xde, 0xfd, 0x6b, 0xf8, 0x5f, 0xe5, 0xaf, 0x27, 0xdc, 0xde, 0x3e, 
    0x7e, 0xba, 0xb2, 0x01, 0xc5, 0x5b, 0x61, 0xf5, 0x99, 0x17, 0xd1, 0x7f, 0xf1, 
    0x85, 0x86, 0xd6, 0x52, 0xfd, 0xc9, 0x75, 0x1f, 0x82, 0x52, 0xa9, 0x16, 0xd4, 
    0x84, 0x14, 0x3a, 0x08, 0x61, 0x82, 0x05, 0x32, 0xf7, 0x50, 0x85, 0x06, 0x5e, 
    0xa8, 0x96, 0x84, 0x13, 0xfe, 0xd4, 0x20, 0x67, 0x0f, 0x7a, 0x08, 0x96, 0x82, 
    0x02, 0x32, 0x55, 0xa1, 0x69, 0x26, 0x46, 0xe5, 0xd0, 0x8a, 0x67, 0x89, 0x98, 
    0x21, 0x57, 0x2d, 0x7a, 0x35, 0xa2, 0x86, 0x2f, 0x52, 0x78, 0x60, 0x8d, 0x2e, 
    0xde, 0xd8, 0xd4, 0x64, 0x33, 0x02, 0x59, 0x22, 0x8f, 0x3b, 0x81, 0x98, 0x22, 
    0x90, 0x1c, 0xb2, 0x48, 0xe4, 0x89, 0x41, 0xca, 0x98, 0xe4, 0x7b, 0x4b, 0xf2, 
    0x64, 0x24, 0x87, 0x2b, 0x42, 0x19, 0x65, 0x4f, 0x28, 0xe2, 0xb8, 0x61, 0x88, 
    0x56, 0x5e, 0x09, 0xd3, 0x94, 0x42, 0x92, 0x56, 0xa0, 0x92, 0x5e, 0xc6, 0x34, 
    0xe5, 0x80, 0xb5, 0x91, 0x58, 0xa6, 0x94, 0x28, 0xa2, 0x49, 0xa0, 0x9a, 0x6b, 
    0x62, 0x79, 0x1d, 0x6d, 0xd0, 0x0d, 0x19, 0xa7, 0x48, 0x20, 0x36, 0x47, 0xa7, 
    0x6b, 0x77, 0x9a, 0x19, 0x9a, 0x9b, 0x9a, 0xfd, 0xd6, 0x65, 0x9f, 0x21, 0x49, 
    0xa8, 0x67, 0x77, 0xb6, 0xd9, 0x49, 0xa8, 0x4c, 0xbb, 0x39, 0xf7, 0x5c, 0x55, 
    0x8a, 0x2e, 0x5a, 0x11, 0x5f, 0x8e, 0x5e, 0x27, 0x69, 0x49, 0x94, 0x3a, 0x67, 
    0xe9, 0xa5, 0x78, 0x66, 0x6a, 0x9d, 0x86, 0x9c, 0x16, 0xaa, 0xe0, 0xa1, 0x7b, 
    0x26, 0x1a, 0x6a, 0x46, 0x79, 0x92, 0x1a, 0x68, 0x69, 0x83, 0x9e, 0x7a, 0x59, 
    0x79, 0xaa, 0xd2, 0xfd, 0x07, 0xa7, 0xab, 0x93, 0xb6, 0x19, 0x6b, 0x9a, 0xa6, 
    0xd2, 0x5a, 0x6b, 0x7d, 0x80, 0x92, 0x26, 0x60, 0xab, 0xba, 0x4e, 0xd5, 0x60, 
    0xaf, 0x66, 0x8d, 0xb9, 0x63, 0xb0, 0x1a, 0xdd, 0xe8, 0x90, 0x98, 0x3a, 0x1e, 
    0x8b, 0xec, 0x41, 0x60, 0x6a, 0x99, 0xa3, 0x8e, 0xc0, 0x3e, 0x1b, 0x2d, 0x95, 
    0x55, 0x46, 0x8a, 0xec, 0xb4, 0xd8, 0x76, 0xeb, 0xd0, 0xb3, 0x0c, 0xf9, 0xd8, 
    0x6d, 0x88, 0xce, 0x82, 0x2b, 0xd0, 0xb5, 0x5c, 0xa9, 0xf4, 0xa4, 0xb6, 0xb4, 
    0x52, 0xa7, 0xe3, 0x66, 0xcd, 0x56, 0xab, 0xab, 0x7e, 0x02, 0xc2, 0xcb, 0xa5, 
    0xbc, 0xed, 0xa2, 0x7b, 0x6b, 0x93, 0xb7, 0x99, 0x4b, 0xd0, 0xb5, 0xc4, 0x2a, 
    0x8b, 0xef, 0xbc, 0x49, 0x05, 0x15, 0x70, 0x86, 0x94, 0xf9, 0x2b, 0x2c, 0xb7, 
    0x5c, 0x11, 0xc8, 0x6b, 0x57, 0x0a, 0x2f, 0xbc, 0x65, 0x4a, 0x57, 0x51, 0x25, 
    0x24, 0xc4, 0x11, 0x27, 0x8b, 0xf1, 0xc6, 0x10, 0x65, 0xfc, 0x25, 0xbb, 0x1e, 
    0x87, 0x2c, 0xf2, 0xc8, 0x24, 0x97, 0x6c, 0xf2, 0xc9, 0x28, 0xbb, 0x5a, 0x80, 
    0x02, 0x2c, 0xb7, 0xec, 0xf2, 0xcb, 0x30, 0xc7, 0x2c, 0xf3, 0xcc, 0x34, 0xd7, 
    0x6c, 0xf3, 0xcd, 0x38, 0xe7, 0xac, 0x73, 0xcb, 0x03, 0x18, 0x30, 0xee, 0xcf, 
    0x40, 0x07, 0x2d, 0xf4, 0xd0, 0x44, 0x63, 0x4b, 0x80, 0xcf, 0x45, 0x27, 0xad, 
    0xf4, 0xd2, 0x4c, 0x07, 0x7d, 0x74, 0xd3, 0x50, 0x47, 0x2d, 0xf5, 0xd2, 0x4f, 
    0x4f, 0x6d, 0xf5, 0xd5, 0x58, 0x4f, 0x58, 0x75, 0xd6, 0x5c, 0x77, 0x1d, 0xf5, 
    0xd6, 0x5e, 0x87, 0x2d, 0xb6, 0xd0, 0x60, 0x8f, 0x6d, 0xf6, 0xd9, 0x14, 0x96, 
    0x8d, 0xf6, 0xda, 0x6b, 0x13, 0x20, 0x00, 0x83, 0x70, 0xc7, 0x2d, 0xf7, 0xdc, 
    0x74, 0xd7, 0x6d, 0xf7, 0xdd, 0x78, 0x3f, 0x14, 0x40, 0x40, 0x00, 0x21, 0xf9, 
    0x04, 0x09, 0x04, 0x00, 0x00, 0x00, 0x2c, 0x07, 0x00, 0x1f, 0x00, 0x8d, 0x00, 
    0x55, 0x00, 0x87, 0x00, 0x00, 0x00, 0x12, 0x04, 0x05, 0x16, 0x06, 0x06, 0x2d, 
    0x0b, 0x0b, 0x31, 0x0c, 0x0d, 0x38, 0x0d, 0x0e, 0x3c, 0x0f, 0x0f, 0x48, 0x12, 
    0x12, 0x58, 0x16, 0x16, 0x8b, 0x22, 0x23, 0xb5, 0x2d, 0x2e, 0xc0, 0x2f, 0x30, 
    0x00, 0x00, 0x00, 0x00, 0x00, 0x00, 0x00, 0x00, 0x00, 0x00, 0x00, 0x00, 0x00, 
    0x00, 0x00, 0x00, 0x00, 0x00, 0x00, 0x00, 0x00, 0x00, 0x00, 0x00, 0x00, 0x00, 
    0x00, 0x00, 0x00, 0x00, 0x00, 0x00, 0x00, 0x00, 0x00, 0x00, 0x00, 0x00, 0x00, 
    0x00, 0x00, 0x00, 0x00, 0x00, 0x00, 0x00, 0x00, 0x00, 0x00, 0x00, 0x00, 0x00, 
    0x00, 0x00, 0x00, 0x00, 0x00, 0x00, 0x00, 0x00, 0x00, 0x00, 0x00, 0x00, 0x00, 
    0x00, 0x00, 0x00, 0x00, 0x00, 0x00, 0x00, 0x00, 0x00, 0x00, 0x00, 0x00, 0x00, 
    0x00, 0x00, 0x00, 0x00, 0x00, 0x00, 0x00, 0x00, 0x00, 0x00, 0x00, 0x00, 0x00, 
    0x00, 0x00, 0x00, 0x00, 0x00, 0x00, 0x00, 0x00, 0x00, 0x00, 0x00, 0x00, 0x00, 
    0x00, 0x00, 0x00, 0x00, 0x00, 0x00, 0x00, 0x00, 0x00, 0x00, 0x00, 0x00, 0x00, 
    0x00, 0x00, 0x00, 0x00, 0x00, 0x00, 0x00, 0x00, 0x00, 0x00, 0x00, 0x00, 0x00, 
    0x00, 0x00, 0x00, 0x00, 0x00, 0x00, 0x00, 0x00, 0x00, 0x00, 0x00, 0x00, 0x00, 
    0x00, 0x00, 0x00, 0x00, 0x00, 0x00, 0x00, 0x00, 0x00, 0x00, 0x00, 0x00, 0x00, 
    0x00, 0x00, 0x00, 0x00, 0x00, 0x00, 0x00, 0x00, 0x00, 0x00, 0x00, 0x00, 0x00, 
    0x00, 0x00, 0x00, 0x00, 0x00, 0x00, 0x00, 0x00, 0x00, 0x00, 0x00, 0x00, 0x00, 
    0x00, 0x00, 0x00, 0x00, 0x00, 0x00, 0x00, 0x00, 0x00, 0x00, 0x00, 0x00, 0x00, 
    0x00, 0x00, 0x00, 0x00, 0x00, 0x00, 0x00, 0x00, 0x00, 0x00, 0x00, 0x00, 0x00, 
    0x00, 0x00, 0x00, 0x00, 0x00, 0x00, 0x00, 0x00, 0x00, 0x00, 0x00, 0x00, 0x00, 
    0x00, 0x00, 0x00, 0x00, 0x00, 0x00, 0x00, 0x00, 0x00, 0x00, 0x00, 0x00, 0x00, 
    0x00, 0x00, 0x00, 0x00, 0x00, 0x00, 0x00, 0x00, 0x00, 0x00, 0x00, 0x00, 0x00, 
    0x00, 0x00, 0x00, 0x00, 0x00, 0x00, 0x00, 0x00, 0x00, 0x00, 0x00, 0x00, 0x00, 
    0x00, 0x00, 0x00, 0x00, 0x00, 0x00, 0x00, 0x00, 0x00, 0x00, 0x00, 0x00, 0x00, 
    0x00, 0x00, 0x00, 0x00, 0x00, 0x00, 0x00, 0x00, 0x00, 0x00, 0x00, 0x00, 0x00, 
    0x00, 0x00, 0x00, 0x00, 0x00, 0x00, 0x00, 0x00, 0x00, 0x00, 0x00, 0x00, 0x00, 
    0x00, 0x00, 0x00, 0x00, 0x00, 0x00, 0x00, 0x00, 0x00, 0x00, 0x00, 0x00, 0x00, 
    0x00, 0x00, 0x00, 0x00, 0x00, 0x00, 0x00, 0x00, 0x00, 0x00, 0x00, 0x00, 0x00, 
    0x00, 0x00, 0x00, 0x00, 0x00, 0x00, 0x00, 0x00, 0x00, 0x00, 0x00, 0x00, 0x00, 
    0x00, 0x00, 0x00, 0x00, 0x00, 0x00, 0x00, 0x00, 0x00, 0x00, 0x00, 0x00, 0x00, 
    0x00, 0x00, 0x00, 0x00, 0x00, 0x00, 0x00, 0x00, 0x00, 0x00, 0x00, 0x00, 0x00, 
    0x00, 0x00, 0x00, 0x00, 0x00, 0x00, 0x00, 0x00, 0x00, 0x00, 0x00, 0x00, 0x00, 
    0x00, 0x00, 0x00, 0x00, 0x00, 0x00, 0x00, 0x00, 0x00, 0x00, 0x00, 0x00, 0x00, 
    0x00, 0x00, 0x00, 0x00, 0x00, 0x00, 0x00, 0x00, 0x00, 0x00, 0x00, 0x00, 0x00, 
    0x00, 0x00, 0x00, 0x00, 0x00, 0x00, 0x00, 0x00, 0x00, 0x00, 0x00, 0x00, 0x00, 
    0x00, 0x00, 0x00, 0x00, 0x00, 0x00, 0x00, 0x00, 0x00, 0x00, 0x00, 0x00, 0x00, 
    0x00, 0x00, 0x00, 0x00, 0x00, 0x00, 0x00, 0x00, 0x00, 0x00, 0x00, 0x00, 0x00, 
    0x00, 0x00, 0x00, 0x00, 0x00, 0x00, 0x00, 0x00, 0x00, 0x00, 0x00, 0x00, 0x00, 
    0x00, 0x00, 0x00, 0x00, 0x00, 0x00, 0x00, 0x00, 0x00, 0x00, 0x00, 0x00, 0x00, 
    0x00, 0x00, 0x00, 0x00, 0x00, 0x00, 0x00, 0x00, 0x00, 0x00, 0x00, 0x00, 0x00, 
    0x00, 0x00, 0x00, 0x00, 0x00, 0x00, 0x00, 0x00, 0x00, 0x00, 0x00, 0x00, 0x00, 
    0x00, 0x00, 0x00, 0x00, 0x00, 0x00, 0x00, 0x00, 0x00, 0x00, 0x00, 0x00, 0x00, 
    0x00, 0x00, 0x00, 0x00, 0x00, 0x00, 0x00, 0x00, 0x00, 0x00, 0x00, 0x00, 0x00, 
    0x00, 0x00, 0x00, 0x00, 0x00, 0x00, 0x00, 0x00, 0x00, 0x00, 0x00, 0x00, 0x00, 
    0x00, 0x00, 0x00, 0x00, 0x00, 0x00, 0x00, 0x00, 0x00, 0x00, 0x00, 0x00, 0x00, 
    0x00, 0x00, 0x00, 0x00, 0x00, 0x00, 0x00, 0x00, 0x00, 0x00, 0x00, 0x00, 0x00, 
    0x00, 0x00, 0x00, 0x00, 0x00, 0x00, 0x00, 0x00, 0x00, 0x00, 0x00, 0x00, 0x00, 
    0x00, 0x00, 0x00, 0x00, 0x00, 0x00, 0x00, 0x00, 0x00, 0x00, 0x00, 0x00, 0x00, 
    0x00, 0x00, 0x00, 0x00, 0x00, 0x00, 0x00, 0x00, 0x00, 0x00, 0x00, 0x00, 0x00, 
    0x00, 0x00, 0x00, 0x00, 0x00, 0x00, 0x00, 0x00, 0x00, 0x00, 0x00, 0x00, 0x00, 
    0x00, 0x00, 0x00, 0x00, 0x00, 0x00, 0x00, 0x00, 0x00, 0x00, 0x00, 0x00, 0x00, 
    0x00, 0x00, 0x00, 0x00, 0x00, 0x00, 0x00, 0x00, 0x00, 0x00, 0x00, 0x00, 0x00, 
    0x00, 0x00, 0x00, 0x00, 0x00, 0x00, 0x00, 0x00, 0x00, 0x00, 0x00, 0x00, 0x00, 
    0x00, 0x00, 0x00, 0x00, 0x00, 0x00, 0x00, 0x00, 0x00, 0x00, 0x00, 0x00, 0x00, 
    0x00, 0x00, 0x00, 0x00, 0x00, 0x00, 0x00, 0x00, 0x00, 0x00, 0x00, 0x00, 0x00, 
    0x00, 0x00, 0x00, 0x00, 0x00, 0x00, 0x00, 0x00, 0x00, 0x00, 0x00, 0x00, 0x00, 
    0x00, 0x00, 0x00, 0x00, 0x00, 0x00, 0x00, 0x00, 0x00, 0x00, 0x00, 0x00, 0x00, 
    0x00, 0x00, 0x00, 0x00, 0x00, 0x00, 0x00, 0x00, 0x00, 0x00, 0x00, 0x00, 0x00, 
    0x00, 0x00, 0x00, 0x00, 0x00, 0x00, 0x00, 0x00, 0x00, 0x00, 0x00, 0x00, 0x00, 
    0x00, 0x00, 0x00, 0x00, 0x08, 0xff, 0x00, 0x01, 0x08, 0x1c, 0x48, 0xb0, 0xa0, 
    0xc1, 0x83, 0x08, 0x13, 0x2a, 0x4c, 0x78, 0xa0, 0xa1, 0xc3, 0x87, 0x0d, 0x17, 
    0x4a, 0x9c, 0x48, 0xb1, 0xa2, 0xc5, 0x8b, 0x18, 0x15, 0x3e, 0x4c, 0xc0, 0xb1, 
    0xa3, 0xc7, 0x87, 0x19, 0x43, 0x8a, 0x1c, 0x49, 0xf2, 0x62, 0xc3, 0x04, 0x10, 
    0x53, 0x3a, 0x44, 0x79, 0xa0, 0xa4, 0xcb, 0x97, 0x30, 0x4d, 0x42, 0x5c, 0x40, 
    0xb3, 0xa6, 0x4d, 0x9a, 0x29, 0x63, 0xea, 0xdc, 0xa9, 0xf3, 0x64, 0xc3, 0x9b, 
    0x40, 0x6f, 0xfa, 0x6c, 0xc9, 0xb3, 0xa8, 0x51, 0x99, 0x2c, 0x6b, 0xaa, 0x9c, 
    0x89, 0xf3, 0x00, 0xcb, 0xa3, 0x50, 0xa3, 0x1a, 0x4c, 0xa9, 0xf4, 0x00, 0x82, 
    0xab, 0x58, 0xb3, 0xfe, 0x6c, 0x0a, 0x52, 0xaa, 0x57, 0xa3, 0x4e, 0xb7, 0x2a, 
    0xcd, 0x4a, 0x16, 0xeb, 0x01, 0xa1, 0x61, 0xbf, 0xaa, 0xed, 0x19, 0x16, 0x6d, 
    0xd9, 0xb2, 0x62, 0x71, 0x3e, 0x5d, 0x4b, 0x77, 0xe4, 0x50, 0x9b, 0x0d, 0xdf, 
    0xbe, 0x8d, 0x3b, 0xb4, 0xae, 0x5f, 0x8c, 0x4e, 0x51, 0x0a, 0xd5, 0xab, 0xf7, 
    0x2c, 0x5e, 0x8e, 0x44, 0xff, 0x2a, 0x96, 0x18, 0xd6, 0x70, 0x53, 0xc2, 0x7b, 
    0x1d, 0x2f, 0xf0, 0xb9, 0xb8, 0xb2, 0x46, 0xc1, 0x78, 0x21, 0x17, 0x16, 0x8a, 
    0xd2, 0xb2, 0xe7, 0xa9, 0x98, 0x1f, 0x6b, 0x86, 0x2b, 0x39, 0xed, 0xe7, 0xd3, 
    0x00, 0xda, 0x8e, 0x1d, 0xbd, 0xf7, 0x70, 0x62, 0xd4, 0x95, 0x7d, 0x56, 0x65, 
    0x1d, 0x59, 0xe9, 0x5c, 0xd8, 0x8b, 0x03, 0x3b, 0xce, 0x4b, 0x9b, 0xac, 0x58, 
    0xdd, 0xb8, 0x63, 0x23, 0xce, 0xdc, 0x5b, 0xeb, 0xe1, 0xce, 0xc1, 0x15, 0xeb, 
    0xc6, 0x6b, 0xb5, 0x38, 0x02, 0xbe, 0x88, 0x93, 0x2b, 0x6f, 0x4c, 0xbc, 0x78, 
    0xe9, 0xc6, 0xd2, 0x95, 0x0f, 0x9f, 0xdd, 0x1b, 0x3a, 0xf2, 0xec, 0x7e, 0x97, 
    0x57, 0xff, 0x67, 0x2d, 0x79, 0x72, 0x74, 0xf0, 0xe1, 0xb7, 0x73, 0x1f, 0x1d, 
    0xd7, 0xfc, 0x77, 0xf4, 0x6b, 0xc5, 0x8f, 0x87, 0x5c, 0xde, 0xfd, 0x6b, 0xf8, 
    0x5f, 0xe5, 0xaf, 0x27, 0xdc, 0xde, 0x3e, 0x7e, 0xba, 0xb2, 0x01, 0xc5, 0x5b, 
    0x61, 0xf5, 0x99, 0x17, 0xd1, 0x7f, 0xf1, 0x85, 0x86, 0xd6, 0x52, 0xfd, 0xc9, 
    0x75, 0x1f, 0x82, 0x52, 0xa9, 0x16, 0xd4, 0x84, 0x14, 0x3a, 0x08, 0x61, 0x82, 
    0x05, 0x32, 0xf7, 0x50, 0x85, 0x06, 0x5e, 0xa8, 0x96, 0x84, 0x13, 0xfe, 0xd4, 
    0x20, 0x67, 0x0f, 0x7a, 0x08, 0x96, 0x82, 0x02, 0x32, 0x55, 0xa1, 0x69, 0x26, 
    0x46, 0xe5, 0xd0, 0x8a, 0x67, 0x89, 0x98, 0x21, 0x57, 0x2d, 0x7a, 0x35, 0xa2, 
    0x86, 0x2f, 0x52, 0x78, 0x60, 0x8d, 0x2e, 0xde, 0xd8, 0xd4, 0x64, 0x33, 0x02, 
    0x59, 0x22, 0x8f, 0x3b, 0x81, 0x98, 0x22, 0x90, 0x1c, 0xb2, 0x48, 0xe4, 0x89, 
    0x41, 0xca, 0x98, 0xe4, 0x7b, 0x4b, 0xf2, 0x64, 0x24, 0x87, 0x2b, 0x42, 0x19, 
    0x65, 0x4f, 0x28, 0xe2, 0xb8, 0x61, 0x88, 0x56, 0x5e, 0x09, 0xd3, 0x94, 0x42, 
    0x92, 0x56, 0xa0, 0x92, 0x5e, 0xc6, 0x34, 0xe5, 0x80, 0xb5, 0x91, 0x58, 0xa6, 
    0x94, 0x28, 0xa2, 0x49, 0xa0, 0x9a, 0x6b, 0x62, 0x79, 0x1d, 0x6d, 0xd0, 0x0d, 
    0x19, 0xa7, 0x48, 0x20, 0x36, 0x47, 0xa7, 0x6b, 0x77, 0x9a, 0x19, 0x9a, 0x9b, 
    0x9a, 0xfd, 0xd6, 0x65, 0x9f, 0x21, 0x49, 0xa8, 0x67, 0x77, 0xb6, 0xd9, 0x49, 
    0xa8, 0x4c, 0xbb, 0x39, 0xf7, 0x5c, 0x55, 0x8a, 0x2e, 0x5a, 0x11, 0x5f, 0x8e, 
    0x5e, 0x27, 0x69, 0x49, 0x94, 0x3a, 0x67, 0xe9, 0xa5, 0x78, 0x66, 0x6a, 0x9d, 
    0x86, 0x9c, 0x16, 0xaa, 0xe0, 0xa1, 0x7b, 0x26, 0x1a, 0x6a, 0x46, 0x79, 0x92, 
    0x1a, 0x68, 0x69, 0x83, 0x9e, 0x7a, 0x59, 0x79, 0xaa, 0xd2, 0xfb, 0x07, 0xa7, 
    0xab, 0x93, 0xb6, 0x19, 0x6b, 0x9a, 0xa6, 0xd2, 0x5a, 0x6b, 0x7d, 0x80, 0x92, 
    0x26, 0x60, 0xab, 0xba, 0x4e, 0xd5, 0x60, 0xaf, 0x66, 0x8d, 0xb9, 0x63, 0xb0, 
    0x1a, 0xdd, 0xe8, 0x90, 0x98, 0x3a, 0x1e, 0x8b, 0xec, 0x41, 0x60, 0x6a, 0x99, 
    0xa3, 0x8e, 0xc0, 0x3e, 0x1b, 0x2d, 0x95, 0x55, 0x46, 0x8a, 0xec, 0xb4, 0xd8, 
    0x76, 0xeb, 0xd0, 0xb3, 0x0c, 0xf9, 0xd8, 0x6d, 0x88, 0xce, 0x82, 0x2b, 0xd0, 
    0xb5, 0x5c, 0xa9, 0xf4, 0xa4, 0xb6, 0xb4, 0x52, 0xa7, 0xe3, 0x66, 0xcd, 0x56, 
    0xab, 0xab, 0x7e, 0x02, 0xc2, 0xcb, 0xa5, 0xbc, 0xed, 0xa2, 0x7b, 0x6b, 0x93, 
    0xb7, 0x99, 0x4b, 0xd0, 0xb5, 0xc4, 0x2a, 0x8b, 0xef, 0xbc, 0x49, 0x05, 0x15, 
    0x70, 0x86, 0x94, 0xf9, 0x2b, 0x2c, 0xb7, 0x5c, 0x11, 0xc8, 0x6b, 0x57, 0x0a, 
    0x2f, 0xbc, 0x65, 0x4a, 0x57, 0x51, 0x25, 0x24, 0xc4, 0x11, 0x27, 0x8b, 0xf1, 
    0xc6, 0x10, 0x65, 0xfc, 0x25, 0xbb, 0x1e, 0x87, 0x2c, 0xf2, 0xc8, 0x24, 0x97, 
    0x6c, 0x32, 0x4c, 0x05, 0x28, 0xa0, 0xf2, 0xca, 0x2c, 0xb7, 0xec, 0xf2, 0xcb, 
    0x30, 0xc7, 0x2c, 0xf3, 0xcc, 0x34, 0xd7, 0x6c, 0xf3, 0xcd, 0x38, 0xaf, 0x3c, 
    0x80, 0x01, 0xe3, 0xf6, 0xec, 0xf3, 0xcf, 0x40, 0x07, 0x2d, 0x34, 0xb6, 0x04, 
    0xf0, 0x3c, 0xf4, 0xd1, 0x48, 0x27, 0xad, 0xf4, 0xcf, 0x45, 0x2f, 0xed, 0xf4, 
    0xd3, 0x50, 0x27, 0xdd, 0x74, 0xd4, 0x54, 0x57, 0x6d, 0xf5, 0x84, 0x53, 0x5f, 
    0xad, 0xf5, 0xd6, 0x4f, 0x67, 0xcd, 0xf5, 0xd7, 0x60, 0x03, 0xed, 0x75, 0xd8, 
    0x64, 0x97, 0x4d, 0xe1, 0xd8, 0x66, 0xa7, 0x9d, 0x36, 0x01, 0x02, 0x30, 0xe8, 
    0xf6, 0xdb, 0x70, 0xc7, 0x2d, 0xf7, 0xdc, 0x74, 0xd7, 0x6d, 0xf7, 0x43, 0x01, 
    0x04, 0x04, 0x00, 0x21, 0xf9, 0x04, 0x09, 0x04, 0x00, 0x00, 0x00, 0x2c, 0x07, 
    0x00, 0x21, 0x00, 0x8d, 0x00, 0x53, 0x00, 0x87, 0x00, 0x00, 0x00, 0x12, 0x04, 
    0x05, 0x16, 0x06, 0x06, 0x2d, 0x0b, 0x0b, 0x31, 0x0c, 0x0d, 0x38, 0x0d, 0x0e, 
    0x3c, 0x0f, 0x0f, 0x48, 0x12, 0x12, 0x58, 0x16, 0x16, 0x8b, 0x22, 0x23, 0xb5, 
    0x2d, 0x2e, 0xc0, 0x2f, 0x30, 0x00, 0x00, 0x00, 0x00, 0x00, 0x00, 0x00, 0x00, 
    0x00, 0x00, 0x00, 0x00, 0x00, 0x00, 0x00, 0x00, 0x00, 0x00, 0x00, 0x00, 0x00, 
    0x00, 0x00, 0x00, 0x00, 0x00, 0x00, 0x00, 0x00, 0x00, 0x00, 0x00, 0x00, 0x00, 
    0x00, 0x00, 0x00, 0x00, 0x00, 0x00, 0x00, 0x00, 0x00, 0x00, 0x00, 0x00, 0x00, 
    0x00, 0x00, 0x00, 0x00, 0x00, 0x00, 0x00, 0x00, 0x00, 0x00, 0x00, 0x00, 0x00, 
    0x00, 0x00, 0x00, 0x00, 0x00, 0x00, 0x00, 0x00, 0x00, 0x00, 0x00, 0x00, 0x00, 
    0x00, 0x00, 0x00, 0x00, 0x00, 0x00, 0x00, 0x00, 0x00, 0x00, 0x00, 0x00, 0x00, 
    0x00, 0x00, 0x00, 0x00, 0x00, 0x00, 0x00, 0x00, 0x00, 0x00, 0x00, 0x00, 0x00, 
    0x00, 0x00, 0x00, 0x00, 0x00, 0x00, 0x00, 0x00, 0x00, 0x00, 0x00, 0x00, 0x00, 
    0x00, 0x00, 0x00, 0x00, 0x00, 0x00, 0x00, 0x00, 0x00, 0x00, 0x00, 0x00, 0x00, 
    0x00, 0x00, 0x00, 0x00, 0x00, 0x00, 0x00, 0x00, 0x00, 0x00, 0x00, 0x00, 0x00, 
    0x00, 0x00, 0x00, 0x00, 0x00, 0x00, 0x00, 0x00, 0x00, 0x00, 0x00, 0x00, 0x00, 
    0x00, 0x00, 0x00, 0x00, 0x00, 0x00, 0x00, 0x00, 0x00, 0x00, 0x00, 0x00, 0x00, 
    0x00, 0x00, 0x00, 0x00, 0x00, 0x00, 0x00, 0x00, 0x00, 0x00, 0x00, 0x00, 0x00, 
    0x00, 0x00, 0x00, 0x00, 0x00, 0x00, 0x00, 0x00, 0x00, 0x00, 0x00, 0x00, 0x00, 
    0x00, 0x00, 0x00, 0x00, 0x00, 0x00, 0x00, 0x00, 0x00, 0x00, 0x00, 0x00, 0x00, 
    0x00, 0x00, 0x00, 0x00, 0x00, 0x00, 0x00, 0x00, 0x00, 0x00, 0x00, 0x00, 0x00, 
    0x00, 0x00, 0x00, 0x00, 0x00, 0x00, 0x00, 0x00, 0x00, 0x00, 0x00, 0x00, 0x00, 
    0x00, 0x00, 0x00, 0x00, 0x00, 0x00, 0x00, 0x00, 0x00, 0x00, 0x00, 0x00, 0x00, 
    0x00, 0x00, 0x00, 0x00, 0x00, 0x00, 0x00, 0x00, 0x00, 0x00, 0x00, 0x00, 0x00, 
    0x00, 0x00, 0x00, 0x00, 0x00, 0x00, 0x00, 0x00, 0x00, 0x00, 0x00, 0x00, 0x00, 
    0x00, 0x00, 0x00, 0x00, 0x00, 0x00, 0x00, 0x00, 0x00, 0x00, 0x00, 0x00, 0x00, 
    0x00, 0x00, 0x00, 0x00, 0x00, 0x00, 0x00, 0x00, 0x00, 0x00, 0x00, 0x00, 0x00, 
    0x00, 0x00, 0x00, 0x00, 0x00, 0x00, 0x00, 0x00, 0x00, 0x00, 0x00, 0x00, 0x00, 
    0x00, 0x00, 0x00, 0x00, 0x00, 0x00, 0x00, 0x00, 0x00, 0x00, 0x00, 0x00, 0x00, 
    0x00, 0x00, 0x00, 0x00, 0x00, 0x00, 0x00, 0x00, 0x00, 0x00, 0x00, 0x00, 0x00, 
    0x00, 0x00, 0x00, 0x00, 0x00, 0x00, 0x00, 0x00, 0x00, 0x00, 0x00, 0x00, 0x00, 
    0x00, 0x00, 0x00, 0x00, 0x00, 0x00, 0x00, 0x00, 0x00, 0x00, 0x00, 0x00, 0x00, 
    0x00, 0x00, 0x00, 0x00, 0x00, 0x00, 0x00, 0x00, 0x00, 0x00, 0x00, 0x00, 0x00, 
    0x00, 0x00, 0x00, 0x00, 0x00, 0x00, 0x00, 0x00, 0x00, 0x00, 0x00, 0x00, 0x00, 
    0x00, 0x00, 0x00, 0x00, 0x00, 0x00, 0x00, 0x00, 0x00, 0x00, 0x00, 0x00, 0x00, 
    0x00, 0x00, 0x00, 0x00, 0x00, 0x00, 0x00, 0x00, 0x00, 0x00, 0x00, 0x00, 0x00, 
    0x00, 0x00, 0x00, 0x00, 0x00, 0x00, 0x00, 0x00, 0x00, 0x00, 0x00, 0x00, 0x00, 
    0x00, 0x00, 0x00, 0x00, 0x00, 0x00, 0x00, 0x00, 0x00, 0x00, 0x00, 0x00, 0x00, 
    0x00, 0x00, 0x00, 0x00, 0x00, 0x00, 0x00, 0x00, 0x00, 0x00, 0x00, 0x00, 0x00, 
    0x00, 0x00, 0x00, 0x00, 0x00, 0x00, 0x00, 0x00, 0x00, 0x00, 0x00, 0x00, 0x00, 
    0x00, 0x00, 0x00, 0x00, 0x00, 0x00, 0x00, 0x00, 0x00, 0x00, 0x00, 0x00, 0x00, 
    0x00, 0x00, 0x00, 0x00, 0x00, 0x00, 0x00, 0x00, 0x00, 0x00, 0x00, 0x00, 0x00, 
    0x00, 0x00, 0x00, 0x00, 0x00, 0x00, 0x00, 0x00, 0x00, 0x00, 0x00, 0x00, 0x00, 
    0x00, 0x00, 0x00, 0x00, 0x00, 0x00, 0x00, 0x00, 0x00, 0x00, 0x00, 0x00, 0x00, 
    0x00, 0x00, 0x00, 0x00, 0x00, 0x00, 0x00, 0x00, 0x00, 0x00, 0x00, 0x00, 0x00, 
    0x00, 0x00, 0x00, 0x00, 0x00, 0x00, 0x00, 0x00, 0x00, 0x00, 0x00, 0x00, 0x00, 
    0x00, 0x00, 0x00, 0x00, 0x00, 0x00, 0x00, 0x00, 0x00, 0x00, 0x00, 0x00, 0x00, 
    0x00, 0x00, 0x00, 0x00, 0x00, 0x00, 0x00, 0x00, 0x00, 0x00, 0x00, 0x00, 0x00, 
    0x00, 0x00, 0x00, 0x00, 0x00, 0x00, 0x00, 0x00, 0x00, 0x00, 0x00, 0x00, 0x00, 
    0x00, 0x00, 0x00, 0x00, 0x00, 0x00, 0x00, 0x00, 0x00, 0x00, 0x00, 0x00, 0x00, 
    0x00, 0x00, 0x00, 0x00, 0x00, 0x00, 0x00, 0x00, 0x00, 0x00, 0x00, 0x00, 0x00, 
    0x00, 0x00, 0x00, 0x00, 0x00, 0x00, 0x00, 0x00, 0x00, 0x00, 0x00, 0x00, 0x00, 
    0x00, 0x00, 0x00, 0x00, 0x00, 0x00, 0x00, 0x00, 0x00, 0x00, 0x00, 0x00, 0x00, 
    0x00, 0x00, 0x00, 0x00, 0x00, 0x00, 0x00, 0x00, 0x00, 0x00, 0x00, 0x00, 0x00, 
    0x00, 0x00, 0x00, 0x00, 0x00, 0x00, 0x00, 0x00, 0x00, 0x00, 0x00, 0x00, 0x00, 
    0x00, 0x00, 0x00, 0x00, 0x00, 0x00, 0x00, 0x00, 0x00, 0x00, 0x00, 0x00, 0x00, 
    0x00, 0x00, 0x00, 0x00, 0x00, 0x00, 0x00, 0x00, 0x00, 0x00, 0x00, 0x00, 0x00, 
    0x00, 0x00, 0x00, 0x00, 0x00, 0x00, 0x00, 0x00, 0x00, 0x00, 0x00, 0x00, 0x00, 
    0x00, 0x00, 0x00, 0x00, 0x00, 0x00, 0x00, 0x00, 0x00, 0x00, 0x00, 0x00, 0x00, 
    0x00, 0x00, 0x00, 0x00, 0x00, 0x00, 0x00, 0x00, 0x00, 0x00, 0x00, 0x00, 0x00, 
    0x00, 0x00, 0x00, 0x00, 0x00, 0x00, 0x00, 0x00, 0x00, 0x08, 0xff, 0x00, 0x01, 
    0x08, 0x1c, 0x48, 0xb0, 0xa0, 0xc1, 0x83, 0x08, 0x13, 0x2a, 0x4c, 0x78, 0xa0, 
    0xa1, 0xc3, 0x87, 0x0d, 0x17, 0x4a, 0x9c, 0x48, 0xb1, 0xa2, 0xc5, 0x8b, 0x18, 
    0x15, 0x3e, 0x4c, 0xc0, 0xb1, 0xa3, 0xc7, 0x87, 0x19, 0x43, 0x8a, 0x1c, 0x49, 
    0xf2, 0x62, 0xc3, 0x04, 0x10, 0x53, 0x3a, 0x44, 0x79, 0xa0, 0xa4, 0xcb, 0x97, 
    0x30, 0x4d, 0x42, 0x5c, 0x40, 0xb3, 0xa6, 0x4d, 0x9a, 0x29, 0x63, 0xea, 0xdc, 
    0xa9, 0xf3, 0x64, 0xc3, 0x9b, 0x40, 0x6f, 0xfa, 0x6c, 0xc9, 0xb3, 0xa8, 0x51, 
    0x99, 0x2c, 0x6b, 0xaa, 0x9c, 0x89, 0xf3, 0x00, 0xcb, 0xa3, 0x50, 0xa3, 0x1a, 
    0x4c, 0xa9, 0xf4, 0x00, 0x82, 0xab, 0x58, 0xb3, 0xfe, 0x6c, 0x0a, 0x52, 0xaa, 
    0x57, 0xa3, 0x4e, 0xb7, 0x2a, 0xcd, 0x4a, 0x16, 0xeb, 0x01, 0xa1, 0x61, 0xbf, 
    0xaa, 0xed, 0x19, 0x16, 0x6d, 0xd9, 0xb2, 0x62, 0x71, 0x3e, 0x5d, 0x4b, 0x77, 
    0xe4, 0x50, 0x9b, 0x0d, 0xdf, 0xbe, 0x8d, 0x3b, 0xb4, 0xae, 0x5f, 0x8c, 0x4e, 
    0x51, 0x0a, 0xd5, 0xab, 0xf7, 0x2c, 0x5e, 0x8e, 0x44, 0xff, 0x2a, 0x96, 0x18, 
    0xd6, 0x70, 0x53, 0xc2, 0x7b, 0x1d, 0x2f, 0xf0, 0xb9, 0xb8, 0xb2, 0x46, 0xc1, 
    0x78, 0x21, 0x17, 0x16, 0x8a, 0xd2, 0xb2, 0xe7, 0xa9, 0x98, 0x1f, 0x6b, 0x86, 
    0x2b, 0x39, 0xed, 0xe7, 0xd3, 0x00, 0xda, 0x8e, 0x1d, 0xbd, 0xf7, 0x70, 0x62, 
    0xd4, 0x95, 0x7d, 0x56, 0x65, 0x1d, 0x59, 0xe9, 0x5c, 0xd8, 0x8b, 0x03, 0x3b, 
    0xce, 0x4b, 0x9b, 0xac, 0x58, 0xdd, 0xb8, 0x63, 0x23, 0xce, 0xdc, 0x5b, 0xeb, 
    0xe1, 0xce, 0xc1, 0x15, 0xeb, 0xc6, 0x6b, 0xb5, 0x38, 0x02, 0xbe, 0x88, 0x93, 
    0x2b, 0x6f, 0x4c, 0xbc, 0x78, 0xe9, 0xc6, 0xd2, 0x95, 0x0f, 0x9f, 0xdd, 0x1b, 
    0x3a, 0xf2, 0xec, 0x7e, 0x97, 0x57, 0xff, 0x67, 0x2d, 0x79, 0x72, 0x74, 0xf0, 
    0xe1, 0xb7, 0x73, 0x1f, 0x1d, 0xd7, 0xfc, 0x77, 0xf4, 0x6b, 0xc5, 0x8f, 0x87, 
    0x5c, 0xde, 0xfd, 0x6b, 0xf8, 0x5f, 0xe5, 0xaf, 0x27, 0xdc, 0xde, 0x3e, 0x7e, 
    0xba, 0xb2, 0x01, 0xc5, 0x5b, 0x61, 0xf5, 0x99, 0x17, 0xd1, 0x7f, 0xf1, 0x85, 
    0x86, 0xd6, 0x52, 0xfd, 0xc9, 0x75, 0x1f, 0x82, 0x52, 0xa9, 0x16, 0xd4, 0x84, 
    0x14, 0x3a, 0x08, 0x61, 0x82, 0x05, 0x32, 0xf7, 0x50, 0x85, 0x06, 0x5e, 0xa8, 
    0x96, 0x84, 0x13, 0xfe, 0xd4, 0x20, 0x67, 0x0f, 0x7a, 0x08, 0x96, 0x82, 0x02, 
    0x32, 0x55, 0xa1, 0x69, 0x26, 0x46, 0xe5, 0xd0, 0x8a, 0x67, 0x89, 0x98, 0x21, 
    0x57, 0x2d, 0x7a, 0x35, 0xa2, 0x86, 0x2f, 0x52, 0x78, 0x60, 0x8d, 0x2e, 0xde, 
    0xd8, 0xd4, 0x64, 0x33, 0x02, 0x59, 0x22, 0x8f, 0x3b, 0x81, 0x98, 0x22, 0x90, 
    0x1c, 0xb2, 0x48, 0xe4, 0x89, 0x41, 0xca, 0x98, 0xe4, 0x7b, 0x4b, 0xf2, 0x64, 
    0x24, 0x87, 0x2b, 0x42, 0x19, 0x65, 0x4f, 0x28, 0xe2, 0xb8, 0x61, 0x88, 0x56, 
    0x5e, 0x09, 0xd3, 0x94, 0x42, 0x92, 0x56, 0xa0, 0x92, 0x5e, 0xc6, 0x34, 0xe5, 
    0x80, 0xb5, 0x91, 0x58, 0xa6, 0x94, 0x28, 0xa2, 0x49, 0xa0, 0x9a, 0x6b, 0x62, 
    0x79, 0x1d, 0x6d, 0xd0, 0x0d, 0x19, 0xa7, 0x48, 0x20, 0x36, 0x47, 0xa7, 0x6b, 
    0x77, 0x9a, 0x19, 0x9a, 0x9b, 0x9a, 0xfd, 0xd6, 0x65, 0x9f, 0x21, 0x49, 0xa8, 
    0x67, 0x77, 0xb6, 0xd9, 0x49, 0xa8, 0x4c, 0xbb, 0x39, 0xf7, 0x5c, 0x55, 0x8a, 
    0x2e, 0x5a, 0x11, 0x5f, 0x8e, 0x5e, 0x27, 0x69, 0x49, 0x94, 0x3a, 0x67, 0xe9, 
    0xa5, 0x78, 0x66, 0x6a, 0x9d, 0x86, 0x9c, 0x16, 0xaa, 0xe0, 0xa1, 0x7b, 0x26, 
    0x1a, 0x6a, 0x46, 0x79, 0x92, 0x1a, 0x68, 0x69, 0x83, 0x9e, 0x7a, 0x59, 0x79, 
    0xaa, 0xd2, 0xf7, 0x07, 0xa7, 0xab, 0x93, 0xb6, 0x19, 0x6b, 0x9a, 0xa6, 0xd2, 
    0x5a, 0x6b, 0x7d, 0x80, 0x92, 0x26, 0x60, 0xab, 0xba, 0x4e, 0xd5, 0x60, 0xaf, 
    0x66, 0x8d, 0xb9, 0x63, 0xb0, 0x1a, 0xdd, 0xe8, 0x90, 0x98, 0x3a, 0x1e, 0x8b, 
    0xec, 0x41, 0x60, 0x6a, 0x99, 0xa3, 0x8e, 0xc0, 0x3e, 0x1b, 0x2d, 0x95, 0x55, 
    0x46, 0x8a, 0xec, 0xb4, 0xd8, 0x76, 0xeb, 0xd0, 0xb3, 0x0c, 0xf9, 0xd8, 0x6d, 
    0x88, 0xce, 0x82, 0x2b, 0xd0, 0xb5, 0x5c, 0xa9, 0xf4, 0xa4, 0xb6, 0xb4, 0x52, 
    0xa7, 0xe3, 0x66, 0xcd, 0x56, 0xab, 0xab, 0x7e, 0x02, 0xc2, 0xcb, 0xa5, 0xbc, 
    0xed, 0xa2, 0x7b, 0x6b, 0x93, 0xb7, 0x99, 0x4b, 0xd0, 0xb5, 0xc4, 0x2a, 0x8b, 
    0xef, 0xbc, 0x49, 0x05, 0x15, 0x70, 0x86, 0x94, 0xf9, 0x2b, 0x2c, 0xb7, 0x5c, 
    0x11, 0xc8, 0x6b, 0x57, 0x0a, 0x2f, 0xbc, 0x65, 0x4a, 0x57, 0x51, 0x25, 0x24, 
    0xc4, 0x11, 0x27, 0x8b, 0xf1, 0xc6, 0x10, 0x65, 0xfc, 0x25, 0xbb, 0x1e, 0x87, 
    0x2c, 0xf2, 0xc8, 0x10, 0x16, 0xa0, 0xc0, 0xc9, 0x28, 0xa7, 0xac, 0xf2, 0xca, 
    0x2c, 0xb7, 0xec, 0xf2, 0xcb, 0x30, 0xc7, 0x2c, 0xf3, 0xcc, 0x34, 0xd7, 0x8c, 
    0xf2, 0x00, 0x06, 0x8c, 0xab, 0xf3, 0xce, 0x3c, 0xf7, 0xec, 0xf3, 0xcf, 0xd8, 
    0x12, 0x90, 0x33, 0xd0, 0x44, 0x17, 0x6d, 0xf4, 0xd1, 0x3c, 0x0b, 0x8d, 0xf4, 
    0xd2, 0x4c, 0x37, 0x6d, 0xb4, 0xd2, 0x4e, 0x47, 0x2d, 0xf5, 0xd4, 0x13, 0x42, 
    0x4d, 0xf5, 0xd5, 0x58, 0x33, 0x6d, 0x75, 0xd6, 0x5c, 0x77, 0xdd, 0xf3, 0xd6, 
    0x5e, 0x87, 0x2d, 0x36, 0x85, 0x60, 0x8f, 0x6d, 0xb6, 0xd9, 0x04, 0x08, 0xc0, 
    0xe0, 0xda, 0x6c, 0xb7, 0xed, 0xf6, 0xdb, 0x70, 0xc7, 0x2d, 0xf7, 0xdc, 0x0f, 
    0x05, 0x10, 0x10, 0x00, 0x21, 0xf9, 0x04, 0x09, 0x04, 0x00, 0x00, 0x00, 0x2c, 
    0x07, 0x00, 0x25, 0x00, 0x8d, 0x00, 0x4f, 0x00, 0x87, 0x00, 0x00, 0x00, 0x12, 
    0x04, 0x05, 0x16, 0x06, 0x06, 0x2d, 0x0b, 0x0b, 0x31, 0x0c, 0x0d, 0x38, 0x0d, 
    0x0e, 0x3c, 0x0f, 0x0f, 0x48, 0x12, 0x12, 0x58, 0x16, 0x16, 0x8b, 0x22, 0x23, 
    0xb5, 0x2d, 0x2e, 0xc0, 0x2f, 0x30, 0x00, 0x00, 0x00, 0x00, 0x00, 0x00, 0x00, 
    0x00, 0x00, 0x00, 0x00, 0x00, 0x00, 0x00, 0x00, 0x00, 0x00, 0x00, 0x00, 0x00, 
    0x00, 0x00, 0x00, 0x00, 0x00, 0x00, 0x00, 0x00, 0x00, 0x00, 0x00, 0x00, 0x00, 
    0x00, 0x00, 0x00, 0x00, 0x00, 0x00, 0x00, 0x00, 0x00, 0x00, 0x00, 0x00, 0x00, 
    0x00, 0x00, 0x00, 0x00, 0x00, 0x00, 0x00, 0x00, 0x00, 0x00, 0x00, 0x00, 0x00, 
    0x00, 0x00, 0x00, 0x00, 0x00, 0x00, 0x00, 0x00, 0x00, 0x00, 0x00, 0x00, 0x00, 
    0x00, 0x00, 0x00, 0x00, 0x00, 0x00, 0x00, 0x00, 0x00, 0x00, 0x00, 0x00, 0x00, 
    0x00, 0x00, 0x00, 0x00, 0x00, 0x00, 0x00, 0x00, 0x00, 0x00, 0x00, 0x00, 0x00, 
    0x00, 0x00, 0x00, 0x00, 0x00, 0x00, 0x00, 0x00, 0x00, 0x00, 0x00, 0x00, 0x00, 
    0x00, 0x00, 0x00, 0x00, 0x00, 0x00, 0x00, 0x00, 0x00, 0x00, 0x00, 0x00, 0x00, 
    0x00, 0x00, 0x00, 0x00, 0x00, 0x00, 0x00, 0x00, 0x00, 0x00, 0x00, 0x00, 0x00, 
    0x00, 0x00, 0x00, 0x00, 0x00, 0x00, 0x00, 0x00, 0x00, 0x00, 0x00, 0x00, 0x00, 
    0x00, 0x00, 0x00, 0x00, 0x00, 0x00, 0x00, 0x00, 0x00, 0x00, 0x00, 0x00, 0x00, 
    0x00, 0x00, 0x00, 0x00, 0x00, 0x00, 0x00, 0x00, 0x00, 0x00, 0x00, 0x00, 0x00, 
    0x00, 0x00, 0x00, 0x00, 0x00, 0x00, 0x00, 0x00, 0x00, 0x00, 0x00, 0x00, 0x00, 
    0x00, 0x00, 0x00, 0x00, 0x00, 0x00, 0x00, 0x00, 0x00, 0x00, 0x00, 0x00, 0x00, 
    0x00, 0x00, 0x00, 0x00, 0x00, 0x00, 0x00, 0x00, 0x00, 0x00, 0x00, 0x00, 0x00, 
    0x00, 0x00, 0x00, 0x00, 0x00, 0x00, 0x00, 0x00, 0x00, 0x00, 0x00, 0x00, 0x00, 
    0x00, 0x00, 0x00, 0x00, 0x00, 0x00, 0x00, 0x00, 0x00, 0x00, 0x00, 0x00, 0x00, 
    0x00, 0x00, 0x00, 0x00, 0x00, 0x00, 0x00, 0x00, 0x00, 0x00, 0x00, 0x00, 0x00, 
    0x00, 0x00, 0x00, 0x00, 0x00, 0x00, 0x00, 0x00, 0x00, 0x00, 0x00, 0x00, 0x00, 
    0x00, 0x00, 0x00, 0x00, 0x00, 0x00, 0x00, 0x00, 0x00, 0x00, 0x00, 0x00, 0x00, 
    0x00, 0x00, 0x00, 0x00, 0x00, 0x00, 0x00, 0x00, 0x00, 0x00, 0x00, 0x00, 0x00, 
    0x00, 0x00, 0x00, 0x00, 0x00, 0x00, 0x00, 0x00, 0x00, 0x00, 0x00, 0x00, 0x00, 
    0x00, 0x00, 0x00, 0x00, 0x00, 0x00, 0x00, 0x00, 0x00, 0x00, 0x00, 0x00, 0x00, 
    0x00, 0x00, 0x00, 0x00, 0x00, 0x00, 0x00, 0x00, 0x00, 0x00, 0x00, 0x00, 0x00, 
    0x00, 0x00, 0x00, 0x00, 0x00, 0x00, 0x00, 0x00, 0x00, 0x00, 0x00, 0x00, 0x00, 
    0x00, 0x00, 0x00, 0x00, 0x00, 0x00, 0x00, 0x00, 0x00, 0x00, 0x00, 0x00, 0x00, 
    0x00, 0x00, 0x00, 0x00, 0x00, 0x00, 0x00, 0x00, 0x00, 0x00, 0x00, 0x00, 0x00, 
    0x00, 0x00, 0x00, 0x00, 0x00, 0x00, 0x00, 0x00, 0x00, 0x00, 0x00, 0x00, 0x00, 
    0x00, 0x00, 0x00, 0x00, 0x00, 0x00, 0x00, 0x00, 0x00, 0x00, 0x00, 0x00, 0x00, 
    0x00, 0x00, 0x00, 0x00, 0x00, 0x00, 0x00, 0x00, 0x00, 0x00, 0x00, 0x00, 0x00, 
    0x00, 0x00, 0x00, 0x00, 0x00, 0x00, 0x00, 0x00, 0x00, 0x00, 0x00, 0x00, 0x00, 
    0x00, 0x00, 0x00, 0x00, 0x00, 0x00, 0x00, 0x00, 0x00, 0x00, 0x00, 0x00, 0x00, 
    0x00, 0x00, 0x00, 0x00, 0x00, 0x00, 0x00, 0x00, 0x00, 0x00, 0x00, 0x00, 0x00, 
    0x00, 0x00, 0x00, 0x00, 0x00, 0x00, 0x00, 0x00, 0x00, 0x00, 0x00, 0x00, 0x00, 
    0x00, 0x00, 0x00, 0x00, 0x00, 0x00, 0x00, 0x00, 0x00, 0x00, 0x00, 0x00, 0x00, 
    0x00, 0x00, 0x00, 0x00, 0x00, 0x00, 0x00, 0x00, 0x00, 0x00, 0x00, 0x00, 0x00, 
    0x00, 0x00, 0x00, 0x00, 0x00, 0x00, 0x00, 0x00, 0x00, 0x00, 0x00, 0x00, 0x00, 
    0x00, 0x00, 0x00, 0x00, 0x00, 0x00, 0x00, 0x00, 0x00, 0x00, 0x00, 0x00, 0x00, 
    0x00, 0x00, 0x00, 0x00, 0x00, 0x00, 0x00, 0x00, 0x00, 0x00, 0x00, 0x00, 0x00, 
    0x00, 0x00, 0x00, 0x00, 0x00, 0x00, 0x00, 0x00, 0x00, 0x00, 0x00, 0x00, 0x00, 
    0x00, 0x00, 0x00, 0x00, 0x00, 0x00, 0x00, 0x00, 0x00, 0x00, 0x00, 0x00, 0x00, 
    0x00, 0x00, 0x00, 0x00, 0x00, 0x00, 0x00, 0x00, 0x00, 0x00, 0x00, 0x00, 0x00, 
    0x00, 0x00, 0x00, 0x00, 0x00, 0x00, 0x00, 0x00, 0x00, 0x00, 0x00, 0x00, 0x00, 
    0x00, 0x00, 0x00, 0x00, 0x00, 0x00, 0x00, 0x00, 0x00, 0x00, 0x00, 0x00, 0x00, 
    0x00, 0x00, 0x00, 0x00, 0x00, 0x00, 0x00, 0x00, 0x00, 0x00, 0x00, 0x00, 0x00, 
    0x00, 0x00, 0x00, 0x00, 0x00, 0x00, 0x00, 0x00, 0x00, 0x00, 0x00, 0x00, 0x00, 
    0x00, 0x00, 0x00, 0x00, 0x00, 0x00, 0x00, 0x00, 0x00, 0x00, 0x00, 0x00, 0x00, 
    0x00, 0x00, 0x00, 0x00, 0x00, 0x00, 0x00, 0x00, 0x00, 0x00, 0x00, 0x00, 0x00, 
    0x00, 0x00, 0x00, 0x00, 0x00, 0x00, 0x00, 0x00, 0x00, 0x00, 0x00, 0x00, 0x00, 
    0x00, 0x00, 0x00, 0x00, 0x00, 0x00, 0x00, 0x00, 0x00, 0x00, 0x00, 0x00, 0x00, 
    0x00, 0x00, 0x00, 0x00, 0x00, 0x00, 0x00, 0x00, 0x00, 0x00, 0x00, 0x00, 0x00, 
    0x00, 0x00, 0x00, 0x00, 0x00, 0x00, 0x00, 0x00, 0x00, 0x00, 0x00, 0x00, 0x00, 
    0x00, 0x00, 0x00, 0x00, 0x00, 0x00, 0x00, 0x00, 0x00, 0x00, 0x00, 0x00, 0x00, 
    0x00, 0x00, 0x00, 0x00, 0x00, 0x00, 0x00, 0x00, 0x00, 0x00, 0x00, 0x00, 0x00, 
    0x00, 0x00, 0x00, 0x00, 0x00, 0x00, 0x00, 0x00, 0x00, 0x00, 0x08, 0xff, 0x00, 
    0x01, 0x08, 0x1c, 0x48, 0xb0, 0xa0, 0xc1, 0x83, 0x08, 0x13, 0x2a, 0x44, 0x78, 
    0xa0, 0xa1, 0xc3, 0x87, 0x0e, 0x17, 0x4a, 0x9c, 0x48, 0xb1, 0xa2, 0xc5, 0x8b, 
    0x18, 0x15, 0x3a, 0x4c, 0xc0, 0x91, 0xe3, 0x81, 0x8e, 0x1e, 0x1b, 0x66, 0x1c, 
    0x49, 0xb2, 0xa4, 0xc9, 0x8b, 0x1b, 0x21, 0xaa, 0x6c, 0x98, 0x20, 0xe2, 0xc9, 
    0x97, 0x30, 0x63, 0x5a, 0x64, 0xe9, 0x70, 0x81, 0xcd, 0x9b, 0x38, 0x17, 0xa4, 
    0x3c, 0x20, 0xb3, 0xa7, 0x4f, 0x9f, 0x10, 0x73, 0x0a, 0xc5, 0x09, 0xf1, 0xa7, 
    0xd1, 0xa3, 0x18, 0x83, 0xde, 0x5c, 0xf9, 0x90, 0xe8, 0x43, 0xa4, 0x50, 0xa3, 
    0x1a, 0xa4, 0x79, 0xc0, 0x29, 0x82, 0xab, 0x58, 0xb1, 0x36, 0x74, 0xda, 0x92, 
    0xa7, 0xd4, 0xaf, 0x47, 0xa9, 0x5a, 0xcd, 0x4a, 0x16, 0xc1, 0xd6, 0xa5, 0x1f, 
    0x45, 0x82, 0x5d, 0x1b, 0x53, 0x2c, 0xda, 0xb2, 0x70, 0xcf, 0xda, 0xa4, 0xca, 
    0xb6, 0xae, 0xc9, 0x8f, 0x2d, 0x73, 0x1e, 0x80, 0xcb, 0xb7, 0x2a, 0x51, 0x8f, 
    0x76, 0x03, 0x67, 0xc4, 0xeb, 0x77, 0xee, 0x5e, 0xbe, 0x65, 0xe5, 0xea, 0x04, 
    0x2c, 0xb8, 0x31, 0xc5, 0xb4, 0x85, 0x75, 0x22, 0xee, 0xcb, 0xd5, 0xab, 0xe3, 
    0xcb, 0x09, 0xd3, 0x8e, 0x9d, 0x4c, 0x56, 0x71, 0x5a, 0xcc, 0xa0, 0x0f, 0x6a, 
    0x5e, 0xca, 0x99, 0xf2, 0xd2, 0x96, 0xa1, 0x53, 0x0f, 0x1c, 0xad, 0xf3, 0x70, 
    0xe9, 0xce, 0x85, 0x3f, 0xab, 0x0e, 0x4d, 0x93, 0xf4, 0xeb, 0xb8, 0xa7, 0xd5, 
    0xce, 0xbe, 0x4c, 0xf8, 0xed, 0xed, 0xac, 0x72, 0x09, 0xef, 0xc6, 0xdc, 0xdb, 
    0xf6, 0xef, 0xab, 0x91, 0x85, 0x0f, 0x77, 0x5c, 0xdc, 0xf0, 0x71, 0xb3, 0xc9, 
    0x19, 0x2f, 0x17, 0x5c, 0x9b, 0xe8, 0xf3, 0xc8, 0x8b, 0x75, 0x4f, 0x0f, 0xcc, 
    0xda, 0xf9, 0x6d, 0xc5, 0xd9, 0xb7, 0x33, 0xff, 0xcf, 0xab, 0xf7, 0x37, 0xf6, 
    0xf0, 0xe2, 0xa9, 0x93, 0xdf, 0x3c, 0x19, 0x3c, 0xfa, 0xf4, 0x76, 0xbb, 0xfb, 
    0x46, 0xec, 0xfe, 0x3d, 0x7c, 0xb6, 0xf2, 0x8d, 0x9b, 0x16, 0x2a, 0xfb, 0x3e, 
    0xfe, 0xfa, 0xad, 0x31, 0x55, 0xd3, 0x50, 0x2e, 0xf9, 0xf7, 0xdf, 0x50, 0x08, 
    0x26, 0xa8, 0x97, 0x65, 0x06, 0xae, 0x35, 0xa0, 0x82, 0x10, 0x3a, 0xc5, 0x60, 
    0x83, 0x5f, 0xe5, 0xb7, 0x60, 0x6b, 0x10, 0xf6, 0x47, 0x61, 0x85, 0xeb, 0x11, 
    0xa8, 0x54, 0x82, 0x1a, 0x6e, 0x18, 0x95, 0x85, 0x68, 0x61, 0x98, 0x21, 0x6a, 
    0x22, 0x56, 0x08, 0x20, 0x86, 0x5b, 0xad, 0x18, 0x60, 0x8a, 0x60, 0xb9, 0x68, 
    0xd8, 0x83, 0x1e, 0xc2, 0x18, 0xa3, 0x8b, 0x2d, 0x9e, 0x27, 0xa1, 0x8d, 0x1c, 
    0xea, 0x88, 0x16, 0x8d, 0xfc, 0xa1, 0xc8, 0x23, 0x54, 0x24, 0x46, 0xa8, 0x97, 
    0x90, 0x43, 0x86, 0xd5, 0x21, 0x7f, 0x4d, 0x81, 0x88, 0x64, 0x92, 0x3f, 0x59, 
    0xf8, 0x90, 0x56, 0x40, 0xce, 0xf5, 0x24, 0x94, 0x3d, 0xe5, 0xd7, 0x10, 0x7d, 
    0xe7, 0x85, 0x88, 0xa5, 0x4c, 0xf2, 0x6d, 0xd9, 0x1e, 0x76, 0x5e, 0x7e, 0x09, 
    0x53, 0x77, 0x62, 0x72, 0xe6, 0xd9, 0x95, 0x66, 0xbe, 0x84, 0xa6, 0x79, 0x7f, 
    0x4d, 0xd8, 0xa6, 0x9b, 0xeb, 0xa5, 0x59, 0x5a, 0x70, 0x6c, 0xce, 0x59, 0xd2, 
    0x83, 0xae, 0x7d, 0xf7, 0xa3, 0x9e, 0x60, 0x26, 0x77, 0x9d, 0x53, 0x80, 0xb6, 
    0x25, 0xe8, 0x71, 0xc9, 0xc9, 0x59, 0xe8, 0x48, 0x9e, 0x0d, 0x8a, 0xd6, 0xa2, 
    0x27, 0xd1, 0xd8, 0xe7, 0x6b, 0x89, 0x2a, 0x0a, 0x69, 0x45, 0x6f, 0x22, 0x1a, 
    0xe7, 0xa5, 0x24, 0xa1, 0x39, 0xe9, 0x98, 0x9b, 0x72, 0x3a, 0xd8, 0x92, 0x9f, 
    0xd2, 0x77, 0xa4, 0xa5, 0xa2, 0x2e, 0x14, 0x66, 0xa9, 0x89, 0x91, 0x99, 0x67, 
    0xaa, 0x1a, 0xb9, 0xdf, 0x67, 0x67, 0x5c, 0x5d, 0x6a, 0x07, 0xeb, 0x44, 0x00, 
    0xce, 0x0a, 0x9c, 0x8f, 0xb6, 0xde, 0x1a, 0xab, 0x8f, 0x01, 0xba, 0xd6, 0xa4, 
    0x87, 0xa8, 0xfa, 0x4a, 0x50, 0x91, 0x3f, 0xca, 0x68, 0x9f, 0xb1, 0x0c, 0x29, 
    0x6b, 0xe4, 0x8e, 0xcc, 0xc6, 0xfa, 0xec, 0xb4, 0x86, 0x45, 0x9b, 0x99, 0xb3, 
    0xd4, 0xce, 0x68, 0xad, 0x68, 0x4b, 0x32, 0xb9, 0xd2, 0x89, 0xc5, 0x1a, 0x0b, 
    0x99, 0x82, 0xa5, 0x02, 0xdb, 0xda, 0xab, 0xcc, 0x56, 0xe7, 0x21, 0xad, 0x4e, 
    0xf6, 0xba, 0x2d, 0x00, 0x45, 0xea, 0x0a, 0x5d, 0xbb, 0xef, 0x72, 0x0b, 0xac, 
    0xbc, 0x2b, 0x96, 0xf9, 0xee, 0x87, 0x3f, 0xd2, 0x5a, 0x6b, 0x81, 0xf5, 0x1e, 
    0xcb, 0xaf, 0x43, 0xfe, 0x4a, 0x08, 0x70, 0xc0, 0xa2, 0xa9, 0x04, 0x2f, 0xc1, 
    0x4f, 0xad, 0x84, 0xb0, 0x9b, 0xee, 0x3e, 0x1c, 0x70, 0x01, 0x0a, 0x54, 0x6c, 
    0xf1, 0xc5, 0x18, 0x67, 0xac, 0xf1, 0xc6, 0x1c, 0x77, 0xec, 0xf1, 0xc7, 0x20, 
    0x87, 0x2c, 0xf2, 0xc8, 0x16, 0x0f, 0x60, 0x40, 0xb6, 0x28, 0xa7, 0xac, 0xf2, 
    0xca, 0x2c, 0xb3, 0x4c, 0xc0, 0xc9, 0x2d, 0xc7, 0x2c, 0xf3, 0xcc, 0x34, 0x1b, 
    0xf9, 0x72, 0xcd, 0x38, 0xe7, 0xac, 0xf3, 0xca, 0x37, 0xef, 0xec, 0xf3, 0xcf, 
    0x40, 0xe3, 0xd4, 0x73, 0xd0, 0x44, 0x17, 0x3d, 0xf3, 0xd0, 0x46, 0x27, 0xad, 
    0x34, 0xb5, 0x48, 0x2f, 0xed, 0xf4, 0xd3, 0x42, 0x35, 0x0d, 0xf5, 0xd4, 0x4e, 
    0x13, 0x20, 0x80, 0x80, 0x58, 0x67, 0xad, 0xf5, 0xd6, 0x5c, 0x77, 0xed, 0xf5, 
    0xd7, 0x60, 0x3f, 0x14, 0x40, 0x40, 0x00, 0x21, 0xf9, 0x04, 0x09, 0x04, 0x00, 
    0x00, 0x00, 0x2c, 0x07, 0x00, 0x21, 0x00, 0x8d, 0x00, 0x53, 0x00, 0x87, 0x00, 
    0x00, 0x00, 0x12, 0x04, 0x05, 0x16, 0x06, 0x06, 0x2d, 0x0b, 0x0b, 0x31, 0x0c, 
    0x0d, 0x38, 0x0d, 0x0e, 0x3c, 0x0f, 0x0f, 0x48, 0x12, 0x12, 0x58, 0x16, 0x16, 
    0x8b, 0x22, 0x23, 0xb5, 0x2d, 0x2e, 0xc0, 0x2f, 0x30, 0x00, 0x00, 0x00, 0x00, 
    0x00, 0x00, 0x00, 0x00, 0x00, 0x00, 0x00, 0x00, 0x00, 0x00, 0x00, 0x00, 0x00, 
    0x00, 0x00, 0x00, 0x00, 0x00, 0x00, 0x00, 0x00, 0x00, 0x00, 0x00, 0x00, 0x00, 
    0x00, 0x00, 0x00, 0x00, 0x00, 0x00, 0x00, 0x00, 0x00, 0x00, 0x00, 0x00, 0x00, 
    0x00, 0x00, 0x00, 0x00, 0x00, 0x00, 0x00, 0x00, 0x00, 0x00, 0x00, 0x00, 0x00, 
    0x00, 0x00, 0x00, 0x00, 0x00, 0x00, 0x00, 0x00, 0x00, 0x00, 0x00, 0x00, 0x00, 
    0x00, 0x00, 0x00, 0x00, 0x00, 0x00, 0x00, 0x00, 0x00, 0x00, 0x00, 0x00, 0x00, 
    0x00, 0x00, 0x00, 0x00, 0x00, 0x00, 0x00, 0x00, 0x00, 0x00, 0x00, 0x00, 0x00, 
    0x00, 0x00, 0x00, 0x00, 0x00, 0x00, 0x00, 0x00, 0x00, 0x00, 0x00, 0x00, 0x00, 
    0x00, 0x00, 0x00, 0x00, 0x00, 0x00, 0x00, 0x00, 0x00, 0x00, 0x00, 0x00, 0x00, 
    0x00, 0x00, 0x00, 0x00, 0x00, 0x00, 0x00, 0x00, 0x00, 0x00, 0x00, 0x00, 0x00, 
    0x00, 0x00, 0x00, 0x00, 0x00, 0x00, 0x00, 0x00, 0x00, 0x00, 0x00, 0x00, 0x00, 
    0x00, 0x00, 0x00, 0x00, 0x00, 0x00, 0x00, 0x00, 0x00, 0x00, 0x00, 0x00, 0x00, 
    0x00, 0x00, 0x00, 0x00, 0x00, 0x00, 0x00, 0x00, 0x00, 0x00, 0x00, 0x00, 0x00, 
    0x00, 0x00, 0x00, 0x00, 0x00, 0x00, 0x00, 0x00, 0x00, 0x00, 0x00, 0x00, 0x00, 
    0x00, 0x00, 0x00, 0x00, 0x00, 0x00, 0x00, 0x00, 0x00, 0x00, 0x00, 0x00, 0x00, 
    0x00, 0x00, 0x00, 0x00, 0x00, 0x00, 0x00, 0x00, 0x00, 0x00, 0x00, 0x00, 0x00, 
    0x00, 0x00, 0x00, 0x00, 0x00, 0x00, 0x00, 0x00, 0x00, 0x00, 0x00, 0x00, 0x00, 
    0x00, 0x00, 0x00, 0x00, 0x00, 0x00, 0x00, 0x00, 0x00, 0x00, 0x00, 0x00, 0x00, 
    0x00, 0x00, 0x00, 0x00, 0x00, 0x00, 0x00, 0x00, 0x00, 0x00, 0x00, 0x00, 0x00, 
    0x00, 0x00, 0x00, 0x00, 0x00, 0x00, 0x00, 0x00, 0x00, 0x00, 0x00, 0x00, 0x00, 
    0x00, 0x00, 0x00, 0x00, 0x00, 0x00, 0x00, 0x00, 0x00, 0x00, 0x00, 0x00, 0x00, 
    0x00, 0x00, 0x00, 0x00, 0x00, 0x00, 0x00, 0x00, 0x00, 0x00, 0x00, 0x00, 0x00, 
    0x00, 0x00, 0x00, 0x00, 0x00, 0x00, 0x00, 0x00, 0x00, 0x00, 0x00, 0x00, 0x00, 
    0x00, 0x00, 0x00, 0x00, 0x00, 0x00, 0x00, 0x00, 0x00, 0x00, 0x00, 0x00, 0x00, 
    0x00, 0x00, 0x00, 0x00, 0x00, 0x00, 0x00, 0x00, 0x00, 0x00, 0x00, 0x00, 0x00, 
    0x00, 0x00, 0x00, 0x00, 0x00, 0x00, 0x00, 0x00, 0x00, 0x00, 0x00, 0x00, 0x00, 
    0x00, 0x00, 0x00, 0x00, 0x00, 0x00, 0x00, 0x00, 0x00, 0x00, 0x00, 0x00, 0x00, 
    0x00, 0x00, 0x00, 0x00, 0x00, 0x00, 0x00, 0x00, 0x00, 0x00, 0x00, 0x00, 0x00, 
    0x00, 0x00, 0x00, 0x00, 0x00, 0x00, 0x00, 0x00, 0x00, 0x00, 0x00, 0x00, 0x00, 
    0x00, 0x00, 0x00, 0x00, 0x00, 0x00, 0x00, 0x00, 0x00, 0x00, 0x00, 0x00, 0x00, 
    0x00, 0x00, 0x00, 0x00, 0x00, 0x00, 0x00, 0x00, 0x00, 0x00, 0x00, 0x00, 0x00, 
    0x00, 0x00, 0x00, 0x00, 0x00, 0x00, 0x00, 0x00, 0x00, 0x00, 0x00, 0x00, 0x00, 
    0x00, 0x00, 0x00, 0x00, 0x00, 0x00, 0x00, 0x00, 0x00, 0x00, 0x00, 0x00, 0x00, 
    0x00, 0x00, 0x00, 0x00, 0x00, 0x00, 0x00, 0x00, 0x00, 0x00, 0x00, 0x00, 0x00, 
    0x00, 0x00, 0x00, 0x00, 0x00, 0x00, 0x00, 0x00, 0x00, 0x00, 0x00, 0x00, 0x00, 
    0x00, 0x00, 0x00, 0x00, 0x00, 0x00, 0x00, 0x00, 0x00, 0x00, 0x00, 0x00, 0x00, 
    0x00, 0x00, 0x00, 0x00, 0x00, 0x00, 0x00, 0x00, 0x00, 0x00, 0x00, 0x00, 0x00, 
    0x00, 0x00, 0x00, 0x00, 0x00, 0x00, 0x00, 0x00, 0x00, 0x00, 0x00, 0x00, 0x00, 
    0x00, 0x00, 0x00, 0x00, 0x00, 0x00, 0x00, 0x00, 0x00, 0x00, 0x00, 0x00, 0x00, 
    0x00, 0x00, 0x00, 0x00, 0x00, 0x00, 0x00, 0x00, 0x00, 0x00, 0x00, 0x00, 0x00, 
    0x00, 0x00, 0x00, 0x00, 0x00, 0x00, 0x00, 0x00, 0x00, 0x00, 0x00, 0x00, 0x00, 
    0x00, 0x00, 0x00, 0x00, 0x00, 0x00, 0x00, 0x00, 0x00, 0x00, 0x00, 0x00, 0x00, 
    0x00, 0x00, 0x00, 0x00, 0x00, 0x00, 0x00, 0x00, 0x00, 0x00, 0x00, 0x00, 0x00, 
    0x00, 0x00, 0x00, 0x00, 0x00, 0x00, 0x00, 0x00, 0x00, 0x00, 0x00, 0x00, 0x00, 
    0x00, 0x00, 0x00, 0x00, 0x00, 0x00, 0x00, 0x00, 0x00, 0x00, 0x00, 0x00, 0x00, 
    0x00, 0x00, 0x00, 0x00, 0x00, 0x00, 0x00, 0x00, 0x00, 0x00, 0x00, 0x00, 0x00, 
    0x00, 0x00, 0x00, 0x00, 0x00, 0x00, 0x00, 0x00, 0x00, 0x00, 0x00, 0x00, 0x00, 
    0x00, 0x00, 0x00, 0x00, 0x00, 0x00, 0x00, 0x00, 0x00, 0x00, 0x00, 0x00, 0x00, 
    0x00, 0x00, 0x00, 0x00, 0x00, 0x00, 0x00, 0x00, 0x00, 0x00, 0x00, 0x00, 0x00, 
    0x00, 0x00, 0x00, 0x00, 0x00, 0x00, 0x00, 0x00, 0x00, 0x00, 0x00, 0x00, 0x00, 
    0x00, 0x00, 0x00, 0x00, 0x00, 0x00, 0x00, 0x00, 0x00, 0x00, 0x00, 0x00, 0x00, 
    0x00, 0x00, 0x00, 0x00, 0x00, 0x00, 0x00, 0x00, 0x00, 0x00, 0x00, 0x00, 0x00, 
    0x00, 0x00, 0x00, 0x00, 0x00, 0x00, 0x00, 0x00, 0x00, 0x00, 0x00, 0x00, 0x00, 
    0x00, 0x00, 0x00, 0x00, 0x00, 0x00, 0x00, 0x00, 0x00, 0x00, 0x00, 0x00, 0x00, 
    0x00, 0x00, 0x00, 0x00, 0x00, 0x00, 0x00, 0x00, 0x00, 0x00, 0x00, 0x00, 0x00, 
    0x00, 0x00, 0x00, 0x00, 0x00, 0x00, 0x00, 0x00, 0x00, 0x00, 0x00, 0x00, 0x00, 
    0x08, 0xff, 0x00, 0x01, 0x08, 0x1c, 0x48, 0xb0, 0xa0, 0xc1, 0x83, 0x08, 0x13, 
    0x2a, 0x4c, 0x78, 0xa0, 0xa1, 0xc3, 0x87, 0x0d, 0x17, 0x4a, 0x9c, 0x48, 0xb1, 
    0xa2, 0xc5, 0x8b, 0x18, 0x15, 0x3e, 0x4c, 0xc0, 0xb1, 0xa3, 0xc7, 0x87, 0x19, 
    0x43, 0x8a, 0x1c, 0x49, 0xf2, 0x62, 0xc3, 0x04, 0x10, 0x53, 0x3a, 0x44, 0x79, 
    0xa0, 0xa4, 0xcb, 0x97, 0x30, 0x4d, 0x42, 0x5c, 0x40, 0xb3, 0xa6, 0x4d, 0x9a, 
    0x29, 0x63, 0xea, 0xdc, 0xa9, 0xf3, 0x64, 0xc3, 0x9b, 0x40, 0x6f, 0xfa, 0x6c, 
    0xc9, 0xb3, 0xa8, 0x51, 0x99, 0x2c, 0x6b, 0xaa, 0x9c, 0x89, 0xf3, 0x00, 0xcb, 
    0xa3, 0x50, 0xa3, 0x1a, 0x4c, 0xa9, 0xf4, 0x00, 0x82, 0xab, 0x58, 0xb3, 0xfe, 
    0x6c, 0x0a, 0x52, 0xaa, 0x57, 0xa3, 0x4e, 0xb7, 0x2a, 0xcd, 0x4a, 0x16, 0xeb, 
    0x01, 0xa1, 0x61, 0xbf, 0xaa, 0xed, 0x19, 0x16, 0x6d, 0xd9, 0xb2, 0x62, 0x71, 
    0x3e, 0x5d, 0x4b, 0x77, 0xe4, 0x50, 0x9b, 0x0d, 0xdf, 0xbe, 0x8d, 0x3b, 0xb4, 
    0xae, 0x5f, 0x8c, 0x4e, 0x51, 0x0a, 0xd5, 0xab, 0xf7, 0x2c, 0x5e, 0x8e, 0x44, 
    0xff, 0x2a, 0x96, 0x18, 0xd6, 0x70, 0x53, 0xc2, 0x7b, 0x1d, 0x2f, 0xf0, 0xb9, 
    0xb8, 0xb2, 0x46, 0xc1, 0x78, 0x21, 0x17, 0x16, 0x8a, 0xd2, 0xb2, 0xe7, 0xa9, 
    0x98, 0x1f, 0x6b, 0x86, 0x2b, 0x39, 0xed, 0xe7, 0xd3, 0x00, 0xda, 0x8e, 0x1d, 
    0xbd, 0xf7, 0x70, 0x62, 0xd4, 0x95, 0x7d, 0x56, 0x65, 0x1d, 0x59, 0xe9, 0x5c, 
    0xd8, 0x8b, 0x03, 0x3b, 0xce, 0x4b, 0x9b, 0xac, 0x58, 0xdd, 0xb8, 0x63, 0x23, 
    0xce, 0xdc, 0x5b, 0xeb, 0xe1, 0xce, 0xc1, 0x15, 0xeb, 0xc6, 0x6b, 0xb5, 0x38, 
    0x02, 0xbe, 0x88, 0x93, 0x2b, 0x6f, 0x4c, 0xbc, 0x78, 0xe9, 0xc6, 0xd2, 0x95, 
    0x0f, 0x9f, 0xdd, 0x1b, 0x3a, 0xf2, 0xec, 0x7e, 0x97, 0x57, 0xff, 0x67, 0x2d, 
    0x79, 0x72, 0x74, 0xf0, 0xe1, 0xb7, 0x73, 0x1f, 0x1d, 0xd7, 0xfc, 0x77, 0xf4, 
    0x6b, 0xc5, 0x8f, 0x87, 0x5c, 0xde, 0xfd, 0x6b, 0xf8, 0x5f, 0xe5, 0xaf, 0x27, 
    0xdc, 0xde, 0x3e, 0x7e, 0xba, 0xb2, 0x01, 0xc5, 0x5b, 0x61, 0xf5, 0x99, 0x17, 
    0xd1, 0x7f, 0xf1, 0x85, 0x86, 0xd6, 0x52, 0xfd, 0xc9, 0x75, 0x1f, 0x82, 0x52, 
    0xa9, 0x16, 0xd4, 0x84, 0x14, 0x3a, 0x08, 0x61, 0x82, 0x05, 0x32, 0xf7, 0x50, 
    0x85, 0x06, 0x5e, 0xa8, 0x96, 0x84, 0x13, 0xfe, 0xd4, 0x20, 0x67, 0x0f, 0x7a, 
    0x08, 0x96, 0x82, 0x02, 0x32, 0x55, 0xa1, 0x69, 0x26, 0x46, 0xe5, 0xd0, 0x8a, 
    0x67, 0x89, 0x98, 0x21, 0x57, 0x2d, 0x7a, 0x35, 0xa2, 0x86, 0x2f, 0x52, 0x78, 
    0x60, 0x8d, 0x2e, 0xde, 0xd8, 0xd4, 0x64, 0x33, 0x02, 0x59, 0x22, 0x8f, 0x3b, 
    0x81, 0x98, 0x22, 0x90, 0x1c, 0xb2, 0x48, 0xe4, 0x89, 0x41, 0xca, 0x98, 0xe4, 
    0x7b, 0x4b, 0xf2, 0x64, 0x24, 0x87, 0x2b, 0x42, 0x19, 0x65, 0x4f, 0x28, 0xe2, 
    0xb8, 0x61, 0x88, 0x56, 0x5e, 0x09, 0xd3, 0x94, 0x42, 0x92, 0x56, 0xa0, 0x92, 
    0x5e, 0xc6, 0x34, 0xe5, 0x80, 0xb5, 0x91, 0x58, 0xa6, 0x94, 0x28, 0xa2, 0x49, 
    0xa0, 0x9a, 0x6b, 0x62, 0x79, 0x1d, 0x6d, 0xd0, 0x0d, 0x19, 0xa7, 0x48, 0x20, 
    0x36, 0x47, 0xa7, 0x6b, 0x77, 0x9a, 0x19, 0x9a, 0x9b, 0x9a, 0xfd, 0xd6, 0x65, 
    0x9f, 0x21, 0x49, 0xa8, 0x67, 0x77, 0xb6, 0xd9, 0x49, 0xa8, 0x4c, 0xbb, 0x39, 
    0xf7, 0x5c, 0x55, 0x8a, 0x2e, 0x5a, 0x11, 0x5f, 0x8e, 0x5e, 0x27, 0x69, 0x49, 
    0x94, 0x3a, 0x67, 0xe9, 0xa5, 0x78, 0x66, 0x6a, 0x9d, 0x86, 0x9c, 0x16, 0xaa, 
    0xe0, 0xa1, 0x7b, 0x26, 0x1a, 0x6a, 0x46, 0x79, 0x92, 0x1a, 0x68, 0x69, 0x83, 
    0x9e, 0x7a, 0x59, 0x79, 0xaa, 0xd2, 0xf7, 0x07, 0xa7, 0xab, 0x93, 0xb6, 0x19, 
    0x6b, 0x9a, 0xa6, 0xd2, 0x5a, 0x6b, 0x7d, 0x80, 0x92, 0x26, 0x60, 0xab, 0xba, 
    0x4e, 0xd5, 0x60, 0xaf, 0x66, 0x8d, 0xb9, 0x63, 0xb0, 0x1a, 0xdd, 0xe8, 0x90, 
    0x98, 0x3a, 0x1e, 0x8b, 0xec, 0x41, 0x60, 0x6a, 0x99, 0xa3, 0x8e, 0xc0, 0x3e, 
    0x1b, 0x2d, 0x95, 0x55, 0x46, 0x8a, 0xec, 0xb4, 0xd8, 0x76, 0xeb, 0xd0, 0xb3, 
    0x0c, 0xf9, 0xd8, 0x6d, 0x88, 0xce, 0x82, 0x2b, 0xd0, 0xb5, 0x5c, 0xa9, 0xf4, 
    0xa4, 0xb6, 0xb4, 0x52, 0xa7, 0xe3, 0x66, 0xcd, 0x56, 0xab, 0xab, 0x7e, 0x02, 
    0xc2, 0xcb, 0xa5, 0xbc, 0xed, 0xa2, 0x7b, 0x6b, 0x93, 0xb7, 0x99, 0x4b, 0xd0, 
    0xb5, 0xc4, 0x2a, 0x8b, 0xef, 0xbc, 0x49, 0x05, 0x15, 0x70, 0x86, 0x94, 0xf9, 
    0x2b, 0x2c, 0xb7, 0x5c, 0x11, 0xc8, 0x6b, 0x57, 0x0a, 0x2f, 0xbc, 0x65, 0x4a, 
    0x57, 0x51, 0x25, 0x24, 0xc4, 0x11, 0x27, 0x8b, 0xf1, 0xc6, 0x10, 0x65, 0xfc, 
    0x25, 0xbb, 0x1e, 0x87, 0x2c, 0xf2, 0xc8, 0x10, 0x16, 0xa0, 0xc0, 0xc9, 0x28, 
    0xa7, 0xac, 0xf2, 0xca, 0x2c, 0xb7, 0xec, 0xf2, 0xcb, 0x30, 0xc7, 0x2c, 0xf3, 
    0xcc, 0x34, 0xd7, 0x8c, 0xf2, 0x00, 0x06, 0x8c, 0xab, 0xf3, 0xce, 0x3c, 0xf7, 
    0xec, 0xf3, 0xcf, 0xd8, 0x12, 0x90, 0x33, 0xd0, 0x44, 0x17, 0x6d, 0xf4, 0xd1, 
    0x3c, 0x0b, 0x8d, 0xf4, 0xd2, 0x4c, 0x37, 0x6d, 0xb4, 0xd2, 0x4e, 0x47, 0x2d, 
    0xf5, 0xd4, 0x13, 0x42, 0x4d, 0xf5, 0xd5, 0x58, 0x33, 0x6d, 0x75, 0xd6, 0x5c, 
    0x77, 0xdd, 0xf3, 0xd6, 0x5e, 0x87, 0x2d, 0x36, 0x85, 0x60, 0x8f, 0x6d, 0xb6, 
    0xd9, 0x04, 0x08, 0xc0, 0xe0, 0xda, 0x6c, 0xb7, 0xed, 0xf6, 0xdb, 0x70, 0xc7, 
    0x2d, 0xf7, 0xdc, 0x0f, 0x05, 0x10, 0x10, 0x00, 0x21, 0xf9, 0x04, 0x09, 0x04, 
    0x00, 0x00, 0x00, 0x2c, 0x07, 0x00, 0x1f, 0x00, 0x8d, 0x00, 0x55, 0x00, 0x87, 
    0x00, 0x00, 0x00, 0x12, 0x04, 0x05, 0x16, 0x06, 0x06, 0x2d, 0x0b, 0x0b, 0x31, 
    0x0c, 0x0d, 0x38, 0x0d, 0x0e, 0x3c, 0x0f, 0x0f, 0x48, 0x12, 0x12, 0x58, 0x16, 
    0x16, 0x8b, 0x22, 0x23, 0xb5, 0x2d, 0x2e, 0xc0, 0x2f, 0x30, 0x00, 0x00, 0x00, 
    0x00, 0x00, 0x00, 0x00, 0x00, 0x00, 0x00, 0x00, 0x00, 0x00, 0x00, 0x00, 0x00, 
    0x00, 0x00, 0x00, 0x00, 0x00, 0x00, 0x00, 0x00, 0x00, 0x00, 0x00, 0x00, 0x00, 
    0x00, 0x00, 0x00, 0x00, 0x00, 0x00, 0x00, 0x00, 0x00, 0x00, 0x00, 0x00, 0x00, 
    0x00, 0x00, 0x00, 0x00, 0x00, 0x00, 0x00, 0x00, 0x00, 0x00, 0x00, 0x00, 0x00, 
    0x00, 0x00, 0x00, 0x00, 0x00, 0x00, 0x00, 0x00, 0x00, 0x00, 0x00, 0x00, 0x00, 
    0x00, 0x00, 0x00, 0x00, 0x00, 0x00, 0x00, 0x00, 0x00, 0x00, 0x00, 0x00, 0x00, 
    0x00, 0x00, 0x00, 0x00, 0x00, 0x00, 0x00, 0x00, 0x00, 0x00, 0x00, 0x00, 0x00, 
    0x00, 0x00, 0x00, 0x00, 0x00, 0x00, 0x00, 0x00, 0x00, 0x00, 0x00, 0x00, 0x00, 
    0x00, 0x00, 0x00, 0x00, 0x00, 0x00, 0x00, 0x00, 0x00, 0x00, 0x00, 0x00, 0x00, 
    0x00, 0x00, 0x00, 0x00, 0x00, 0x00, 0x00, 0x00, 0x00, 0x00, 0x00, 0x00, 0x00, 
    0x00, 0x00, 0x00, 0x00, 0x00, 0x00, 0x00, 0x00, 0x00, 0x00, 0x00, 0x00, 0x00, 
    0x00, 0x00, 0x00, 0x00, 0x00, 0x00, 0x00, 0x00, 0x00, 0x00, 0x00, 0x00, 0x00, 
    0x00, 0x00, 0x00, 0x00, 0x00, 0x00, 0x00, 0x00, 0x00, 0x00, 0x00, 0x00, 0x00, 
    0x00, 0x00, 0x00, 0x00, 0x00, 0x00, 0x00, 0x00, 0x00, 0x00, 0x00, 0x00, 0x00, 
    0x00, 0x00, 0x00, 0x00, 0x00, 0x00, 0x00, 0x00, 0x00, 0x00, 0x00, 0x00, 0x00, 
    0x00, 0x00, 0x00, 0x00, 0x00, 0x00, 0x00, 0x00, 0x00, 0x00, 0x00, 0x00, 0x00, 
    0x00, 0x00, 0x00, 0x00, 0x00, 0x00, 0x00, 0x00, 0x00, 0x00, 0x00, 0x00, 0x00, 
    0x00, 0x00, 0x00, 0x00, 0x00, 0x00, 0x00, 0x00, 0x00, 0x00, 0x00, 0x00, 0x00, 
    0x00, 0x00, 0x00, 0x00, 0x00, 0x00, 0x00, 0x00, 0x00, 0x00, 0x00, 0x00, 0x00, 
    0x00, 0x00, 0x00, 0x00, 0x00, 0x00, 0x00, 0x00, 0x00, 0x00, 0x00, 0x00, 0x00, 
    0x00, 0x00, 0x00, 0x00, 0x00, 0x00, 0x00, 0x00, 0x00, 0x00, 0x00, 0x00, 0x00, 
    0x00, 0x00, 0x00, 0x00, 0x00, 0x00, 0x00, 0x00, 0x00, 0x00, 0x00, 0x00, 0x00, 
    0x00, 0x00, 0x00, 0x00, 0x00, 0x00, 0x00, 0x00, 0x00, 0x00, 0x00, 0x00, 0x00, 
    0x00, 0x00, 0x00, 0x00, 0x00, 0x00, 0x00, 0x00, 0x00, 0x00, 0x00, 0x00, 0x00, 
    0x00, 0x00, 0x00, 0x00, 0x00, 0x00, 0x00, 0x00, 0x00, 0x00, 0x00, 0x00, 0x00, 
    0x00, 0x00, 0x00, 0x00, 0x00, 0x00, 0x00, 0x00, 0x00, 0x00, 0x00, 0x00, 0x00, 
    0x00, 0x00, 0x00, 0x00, 0x00, 0x00, 0x00, 0x00, 0x00, 0x00, 0x00, 0x00, 0x00, 
    0x00, 0x00, 0x00, 0x00, 0x00, 0x00, 0x00, 0x00, 0x00, 0x00, 0x00, 0x00, 0x00, 
    0x00, 0x00, 0x00, 0x00, 0x00, 0x00, 0x00, 0x00, 0x00, 0x00, 0x00, 0x00, 0x00, 
    0x00, 0x00, 0x00, 0x00, 0x00, 0x00, 0x00, 0x00, 0x00, 0x00, 0x00, 0x00, 0x00, 
    0x00, 0x00, 0x00, 0x00, 0x00, 0x00, 0x00, 0x00, 0x00, 0x00, 0x00, 0x00, 0x00, 
    0x00, 0x00, 0x00, 0x00, 0x00, 0x00, 0x00, 0x00, 0x00, 0x00, 0x00, 0x00, 0x00, 
    0x00, 0x00, 0x00, 0x00, 0x00, 0x00, 0x00, 0x00, 0x00, 0x00, 0x00, 0x00, 0x00, 
    0x00, 0x00, 0x00, 0x00, 0x00, 0x00, 0x00, 0x00, 0x00, 0x00, 0x00, 0x00, 0x00, 
    0x00, 0x00, 0x00, 0x00, 0x00, 0x00, 0x00, 0x00, 0x00, 0x00, 0x00, 0x00, 0x00, 
    0x00, 0x00, 0x00, 0x00, 0x00, 0x00, 0x00, 0x00, 0x00, 0x00, 0x00, 0x00, 0x00, 
    0x00, 0x00, 0x00, 0x00, 0x00, 0x00, 0x00, 0x00, 0x00, 0x00, 0x00, 0x00, 0x00, 
    0x00, 0x00, 0x00, 0x00, 0x00, 0x00, 0x00, 0x00, 0x00, 0x00, 0x00, 0x00, 0x00, 
    0x00, 0x00, 0x00, 0x00, 0x00, 0x00, 0x00, 0x00, 0x00, 0x00, 0x00, 0x00, 0x00, 
    0x00, 0x00, 0x00, 0x00, 0x00, 0x00, 0x00, 0x00, 0x00, 0x00, 0x00, 0x00, 0x00, 
    0x00, 0x00, 0x00, 0x00, 0x00, 0x00, 0x00, 0x00, 0x00, 0x00, 0x00, 0x00, 0x00, 
    0x00, 0x00, 0x00, 0x00, 0x00, 0x00, 0x00, 0x00, 0x00, 0x00, 0x00, 0x00, 0x00, 
    0x00, 0x00, 0x00, 0x00, 0x00, 0x00, 0x00, 0x00, 0x00, 0x00, 0x00, 0x00, 0x00, 
    0x00, 0x00, 0x00, 0x00, 0x00, 0x00, 0x00, 0x00, 0x00, 0x00, 0x00, 0x00, 0x00, 
    0x00, 0x00, 0x00, 0x00, 0x00, 0x00, 0x00, 0x00, 0x00, 0x00, 0x00, 0x00, 0x00, 
    0x00, 0x00, 0x00, 0x00, 0x00, 0x00, 0x00, 0x00, 0x00, 0x00, 0x00, 0x00, 0x00, 
    0x00, 0x00, 0x00, 0x00, 0x00, 0x00, 0x00, 0x00, 0x00, 0x00, 0x00, 0x00, 0x00, 
    0x00, 0x00, 0x00, 0x00, 0x00, 0x00, 0x00, 0x00, 0x00, 0x00, 0x00, 0x00, 0x00, 
    0x00, 0x00, 0x00, 0x00, 0x00, 0x00, 0x00, 0x00, 0x00, 0x00, 0x00, 0x00, 0x00, 
    0x00, 0x00, 0x00, 0x00, 0x00, 0x00, 0x00, 0x00, 0x00, 0x00, 0x00, 0x00, 0x00, 
    0x00, 0x00, 0x00, 0x00, 0x00, 0x00, 0x00, 0x00, 0x00, 0x00, 0x00, 0x00, 0x00, 
    0x00, 0x00, 0x00, 0x00, 0x00, 0x00, 0x00, 0x00, 0x00, 0x00, 0x00, 0x00, 0x00, 
    0x00, 0x00, 0x00, 0x00, 0x00, 0x00, 0x00, 0x00, 0x00, 0x00, 0x00, 0x00, 0x00, 
    0x00, 0x00, 0x00, 0x00, 0x00, 0x00, 0x00, 0x00, 0x00, 0x00, 0x00, 0x00, 0x00, 
    0x00, 0x00, 0x00, 0x00, 0x00, 0x00, 0x00, 0x00, 0x00, 0x00, 0x00, 0x00, 0x00, 
    0x00, 0x00, 0x00, 0x00, 0x00, 0x00, 0x00, 0x00, 0x00, 0x00, 0x00, 0x00, 0x00, 
    0x00, 0x08, 0xff, 0x00, 0x01, 0x08, 0x1c, 0x48, 0xb0, 0xa0, 0xc1, 0x83, 0x08, 
    0x13, 0x2a, 0x4c, 0x78, 0xa0, 0xa1, 0xc3, 0x87, 0x0d, 0x17, 0x4a, 0x9c, 0x48, 
    0xb1, 0xa2, 0xc5, 0x8b, 0x18, 0x15, 0x3e, 0x4c, 0xc0, 0xb1, 0xa3, 0xc7, 0x87, 
    0x19, 0x43, 0x8a, 0x1c, 0x49, 0xf2, 0x62, 0xc3, 0x04, 0x10, 0x53, 0x3a, 0x44, 
    0x79, 0xa0, 0xa4, 0xcb, 0x97, 0x30, 0x4d, 0x42, 0x5c, 0x40, 0xb3, 0xa6, 0x4d, 
    0x9a, 0x29, 0x63, 0xea, 0xdc, 0xa9, 0xf3, 0x64, 0xc3, 0x9b, 0x40, 0x6f, 0xfa, 
    0x6c, 0xc9, 0xb3, 0xa8, 0x51, 0x99, 0x2c, 0x6b, 0xaa, 0x9c, 0x89, 0xf3, 0x00, 
    0xcb, 0xa3, 0x50, 0xa3, 0x1a, 0x4c, 0xa9, 0xf4, 0x00, 0x82, 0xab, 0x58, 0xb3, 
    0xfe, 0x6c, 0x0a, 0x52, 0xaa, 0x57, 0xa3, 0x4e, 0xb7, 0x2a, 0xcd, 0x4a, 0x16, 
    0xeb, 0x01, 0xa1, 0x61, 0xbf, 0xaa, 0xed, 0x19, 0x16, 0x6d, 0xd9, 0xb2, 0x62, 
    0x71, 0x3e, 0x5d, 0x4b, 0x77, 0xe4, 0x50, 0x9b, 0x0d, 0xdf, 0xbe, 0x8d, 0x3b, 
    0xb4, 0xae, 0x5f, 0x8c, 0x4e, 0x51, 0x0a, 0xd5, 0xab, 0xf7, 0x2c, 0x5e, 0x8e, 
    0x44, 0xff, 0x2a, 0x96, 0x18, 0xd6, 0x70, 0x53, 0xc2, 0x7b, 0x1d, 0x2f, 0xf0, 
    0xb9, 0xb8, 0xb2, 0x46, 0xc1, 0x78, 0x21, 0x17, 0x16, 0x8a, 0xd2, 0xb2, 0xe7, 
    0xa9, 0x98, 0x1f, 0x6b, 0x86, 0x2b, 0x39, 0xed, 0xe7, 0xd3, 0x00, 0xda, 0x8e, 
    0x1d, 0xbd, 0xf7, 0x70, 0x62, 0xd4, 0x95, 0x7d, 0x56, 0x65, 0x1d, 0x59, 0xe9, 
    0x5c, 0xd8, 0x8b, 0x03, 0x3b, 0xce, 0x4b, 0x9b, 0xac, 0x58, 0xdd, 0xb8, 0x63, 
    0x23, 0xce, 0xdc, 0x5b, 0xeb, 0xe1, 0xce, 0xc1, 0x15, 0xeb, 0xc6, 0x6b, 0xb5, 
    0x38, 0x02, 0xbe, 0x88, 0x93, 0x2b, 0x6f, 0x4c, 0xbc, 0x78, 0xe9, 0xc6, 0xd2, 
    0x95, 0x0f, 0x9f, 0xdd, 0x1b, 0x3a, 0xf2, 0xec, 0x7e, 0x97, 0x57, 0xff, 0x67, 
    0x2d, 0x79, 0x72, 0x74, 0xf0, 0xe1, 0xb7, 0x73, 0x1f, 0x1d, 0xd7, 0xfc, 0x77, 
    0xf4, 0x6b, 0xc5, 0x8f, 0x87, 0x5c, 0xde, 0xfd, 0x6b, 0xf8, 0x5f, 0xe5, 0xaf, 
    0x27, 0xdc, 0xde, 0x3e, 0x7e, 0xba, 0xb2, 0x01, 0xc5, 0x5b, 0x61, 0xf5, 0x99, 
    0x17, 0xd1, 0x7f, 0xf1, 0x85, 0x86, 0xd6, 0x52, 0xfd, 0xc9, 0x75, 0x1f, 0x82, 
    0x52, 0xa9, 0x16, 0xd4, 0x84, 0x14, 0x3a, 0x08, 0x61, 0x82, 0x05, 0x32, 0xf7, 
    0x50, 0x85, 0x06, 0x5e, 0xa8, 0x96, 0x84, 0x13, 0xfe, 0xd4, 0x20, 0x67, 0x0f, 
    0x7a, 0x08, 0x96, 0x82, 0x02, 0x32, 0x55, 0xa1, 0x69, 0x26, 0x46, 0xe5, 0xd0, 
    0x8a, 0x67, 0x89, 0x98, 0x21, 0x57, 0x2d, 0x7a, 0x35, 0xa2, 0x86, 0x2f, 0x52, 
    0x78, 0x60, 0x8d, 0x2e, 0xde, 0xd8, 0xd4, 0x64, 0x33, 0x02, 0x59, 0x22, 0x8f, 
    0x3b, 0x81, 0x98, 0x22, 0x90, 0x1c, 0xb2, 0x48, 0xe4, 0x89, 0x41, 0xca, 0x98, 
    0xe4, 0x7b, 0x4b, 0xf2, 0x64, 0x24, 0x87, 0x2b, 0x42, 0x19, 0x65, 0x4f, 0x28, 
    0xe2, 0xb8, 0x61, 0x88, 0x56, 0x5e, 0x09, 0xd3, 0x94, 0x42, 0x92, 0x56, 0xa0, 
    0x92, 0x5e, 0xc6, 0x34, 0xe5, 0x80, 0xb5, 0x91, 0x58, 0xa6, 0x94, 0x28, 0xa2, 
    0x49, 0xa0, 0x9a, 0x6b, 0x62, 0x79, 0x1d, 0x6d, 0xd0, 0x0d, 0x19, 0xa7, 0x48, 
    0x20, 0x36, 0x47, 0xa7, 0x6b, 0x77, 0x9a, 0x19, 0x9a, 0x9b, 0x9a, 0xfd, 0xd6, 
    0x65, 0x9f, 0x21, 0x49, 0xa8, 0x67, 0x77, 0xb6, 0xd9, 0x49, 0xa8, 0x4c, 0xbb, 
    0x39, 0xf7, 0x5c, 0x55, 0x8a, 0x2e, 0x5a, 0x11, 0x5f, 0x8e, 0x5e, 0x27, 0x69, 
    0x49, 0x94, 0x3a, 0x67, 0xe9, 0xa5, 0x78, 0x66, 0x6a, 0x9d, 0x86, 0x9c, 0x16, 
    0xaa, 0xe0, 0xa1, 0x7b, 0x26, 0x1a, 0x6a, 0x46, 0x79, 0x92, 0x1a, 0x68, 0x69, 
    0x83, 0x9e, 0x7a, 0x59, 0x79, 0xaa, 0xd2, 0xfb, 0x07, 0xa7, 0xab, 0x93, 0xb6, 
    0x19, 0x6b, 0x9a, 0xa6, 0xd2, 0x5a, 0x6b, 0x7d, 0x80, 0x92, 0x26, 0x60, 0xab, 
    0xba, 0x4e, 0xd5, 0x60, 0xaf, 0x66, 0x8d, 0xb9, 0x63, 0xb0, 0x1a, 0xdd, 0xe8, 
    0x90, 0x98, 0x3a, 0x1e, 0x8b, 0xec, 0x41, 0x60, 0x6a, 0x99, 0xa3, 0x8e, 0xc0, 
    0x3e, 0x1b, 0x2d, 0x95, 0x55, 0x46, 0x8a, 0xec, 0xb4, 0xd8, 0x76, 0xeb, 0xd0, 
    0xb3, 0x0c, 0xf9, 0xd8, 0x6d, 0x88, 0xce, 0x82, 0x2b, 0xd0, 0xb5, 0x5c, 0xa9, 
    0xf4, 0xa4, 0xb6, 0xb4, 0x52, 0xa7, 0xe3, 0x66, 0xcd, 0x56, 0xab, 0xab, 0x7e, 
    0x02, 0xc2, 0xcb, 0xa5, 0xbc, 0xed, 0xa2, 0x7b, 0x6b, 0x93, 0xb7, 0x99, 0x4b, 
    0xd0, 0xb5, 0xc4, 0x2a, 0x8b, 0xef, 0xbc, 0x49, 0x05, 0x15, 0x70, 0x86, 0x94, 
    0xf9, 0x2b, 0x2c, 0xb7, 0x5c, 0x11, 0xc8, 0x6b, 0x57, 0x0a, 0x2f, 0xbc, 0x65, 
    0x4a, 0x57, 0x51, 0x25, 0x24, 0xc4, 0x11, 0x27, 0x8b, 0xf1, 0xc6, 0x10, 0x65, 
    0xfc, 0x25, 0xbb, 0x1e, 0x87, 0x2c, 0xf2, 0xc8, 0x24, 0x97, 0x6c, 0x32, 0x4c, 
    0x05, 0x28, 0xa0, 0xf2, 0xca, 0x2c, 0xb7, 0xec, 0xf2, 0xcb, 0x30, 0xc7, 0x2c, 
    0xf3, 0xcc, 0x34, 0xd7, 0x6c, 0xf3, 0xcd, 0x38, 0xaf, 0x3c, 0x80, 0x01, 0xe3, 
    0xf6, 0xec, 0xf3, 0xcf, 0x40, 0x07, 0x2d, 0x34, 0xb6, 0x04, 0xf0, 0x3c, 0xf4, 
    0xd1, 0x48, 0x27, 0xad, 0xf4, 0xcf, 0x45, 0x2f, 0xed, 0xf4, 0xd3, 0x50, 0x27, 
    0xdd, 0x74, 0xd4, 0x54, 0x57, 0x6d, 0xf5, 0x84, 0x53, 0x5f, 0xad, 0xf5, 0xd6, 
    0x4f, 0x67, 0xcd, 0xf5, 0xd7, 0x60, 0x03, 0xed, 0x75, 0xd8, 0x64, 0x97, 0x4d, 
    0xe1, 0xd8, 0x66, 0xa7, 0x9d, 0x36, 0x01, 0x02, 0x30, 0xe8, 0xf6, 0xdb, 0x70, 
    0xc7, 0x2d, 0xf7, 0xdc, 0x74, 0xd7, 0x6d, 0xf7, 0x43, 0x01, 0x04, 0x04, 0x00, 
    0x21, 0xf9, 0x04, 0x09, 0x04, 0x00, 0x00, 0x00, 0x2c, 0x07, 0x00, 0x1d, 0x00, 
    0x8d, 0x00, 0x57, 0x00, 0x87, 0x00, 0x00, 0x00, 0x12, 0x04, 0x05, 0x16, 0x06, 
    0x06, 0x2d, 0x0b, 0x0b, 0x31, 0x0c, 0x0d, 0x38, 0x0d, 0x0e, 0x3c, 0x0f, 0x0f, 
    0x48, 0x12, 0x12, 0x58, 0x16, 0x16, 0x8b, 0x22, 0x23, 0xb5, 0x2d, 0x2e, 0xc0, 
    0x2f, 0x30, 0x00, 0x00, 0x00, 0x00, 0x00, 0x00, 0x00, 0x00, 0x00, 0x00, 0x00, 
    0x00, 0x00, 0x00, 0x00, 0x00, 0x00, 0x00, 0x00, 0x00, 0x00, 0x00, 0x00, 0x00, 
    0x00, 0x00, 0x00, 0x00, 0x00, 0x00, 0x00, 0x00, 0x00, 0x00, 0x00, 0x00, 0x00, 
    0x00, 0x00, 0x00, 0x00, 0x00, 0x00, 0x00, 0x00, 0x00, 0x00, 0x00, 0x00, 0x00, 
    0x00, 0x00, 0x00, 0x00, 0x00, 0x00, 0x00, 0x00, 0x00, 0x00, 0x00, 0x00, 0x00, 
    0x00, 0x00, 0x00, 0x00, 0x00, 0x00, 0x00, 0x00, 0x00, 0x00, 0x00, 0x00, 0x00, 
    0x00, 0x00, 0x00, 0x00, 0x00, 0x00, 0x00, 0x00, 0x00, 0x00, 0x00, 0x00, 0x00, 
    0x00, 0x00, 0x00, 0x00, 0x00, 0x00, 0x00, 0x00, 0x00, 0x00, 0x00, 0x00, 0x00, 
    0x00, 0x00, 0x00, 0x00, 0x00, 0x00, 0x00, 0x00, 0x00, 0x00, 0x00, 0x00, 0x00, 
    0x00, 0x00, 0x00, 0x00, 0x00, 0x00, 0x00, 0x00, 0x00, 0x00, 0x00, 0x00, 0x00, 
    0x00, 0x00, 0x00, 0x00, 0x00, 0x00, 0x00, 0x00, 0x00, 0x00, 0x00, 0x00, 0x00, 
    0x00, 0x00, 0x00, 0x00, 0x00, 0x00, 0x00, 0x00, 0x00, 0x00, 0x00, 0x00, 0x00, 
    0x00, 0x00, 0x00, 0x00, 0x00, 0x00, 0x00, 0x00, 0x00, 0x00, 0x00, 0x00, 0x00, 
    0x00, 0x00, 0x00, 0x00, 0x00, 0x00, 0x00, 0x00, 0x00, 0x00, 0x00, 0x00, 0x00, 
    0x00, 0x00, 0x00, 0x00, 0x00, 0x00, 0x00, 0x00, 0x00, 0x00, 0x00, 0x00, 0x00, 
    0x00, 0x00, 0x00, 0x00, 0x00, 0x00, 0x00, 0x00, 0x00, 0x00, 0x00, 0x00, 0x00, 
    0x00, 0x00, 0x00, 0x00, 0x00, 0x00, 0x00, 0x00, 0x00, 0x00, 0x00, 0x00, 0x00, 
    0x00, 0x00, 0x00, 0x00, 0x00, 0x00, 0x00, 0x00, 0x00, 0x00, 0x00, 0x00, 0x00, 
    0x00, 0x00, 0x00, 0x00, 0x00, 0x00, 0x00, 0x00, 0x00, 0x00, 0x00, 0x00, 0x00, 
    0x00, 0x00, 0x00, 0x00, 0x00, 0x00, 0x00, 0x00, 0x00, 0x00, 0x00, 0x00, 0x00, 
    0x00, 0x00, 0x00, 0x00, 0x00, 0x00, 0x00, 0x00, 0x00, 0x00, 0x00, 0x00, 0x00, 
    0x00, 0x00, 0x00, 0x00, 0x00, 0x00, 0x00, 0x00, 0x00, 0x00, 0x00, 0x00, 0x00, 
    0x00, 0x00, 0x00, 0x00, 0x00, 0x00, 0x00, 0x00, 0x00, 0x00, 0x00, 0x00, 0x00, 
    0x00, 0x00, 0x00, 0x00, 0x00, 0x00, 0x00, 0x00, 0x00, 0x00, 0x00, 0x00, 0x00, 
    0x00, 0x00, 0x00, 0x00, 0x00, 0x00, 0x00, 0x00, 0x00, 0x00, 0x00, 0x00, 0x00, 
    0x00, 0x00, 0x00, 0x00, 0x00, 0x00, 0x00, 0x00, 0x00, 0x00, 0x00, 0x00, 0x00, 
    0x00, 0x00, 0x00, 0x00, 0x00, 0x00, 0x00, 0x00, 0x00, 0x00, 0x00, 0x00, 0x00, 
    0x00, 0x00, 0x00, 0x00, 0x00, 0x00, 0x00, 0x00, 0x00, 0x00, 0x00, 0x00, 0x00, 
    0x00, 0x00, 0x00, 0x00, 0x00, 0x00, 0x00, 0x00, 0x00, 0x00, 0x00, 0x00, 0x00, 
    0x00, 0x00, 0x00, 0x00, 0x00, 0x00, 0x00, 0x00, 0x00, 0x00, 0x00, 0x00, 0x00, 
    0x00, 0x00, 0x00, 0x00, 0x00, 0x00, 0x00, 0x00, 0x00, 0x00, 0x00, 0x00, 0x00, 
    0x00, 0x00, 0x00, 0x00, 0x00, 0x00, 0x00, 0x00, 0x00, 0x00, 0x00, 0x00, 0x00, 
    0x00, 0x00, 0x00, 0x00, 0x00, 0x00, 0x00, 0x00, 0x00, 0x00, 0x00, 0x00, 0x00, 
    0x00, 0x00, 0x00, 0x00, 0x00, 0x00, 0x00, 0x00, 0x00, 0x00, 0x00, 0x00, 0x00, 
    0x00, 0x00, 0x00, 0x00, 0x00, 0x00, 0x00, 0x00, 0x00, 0x00, 0x00, 0x00, 0x00, 
    0x00, 0x00, 0x00, 0x00, 0x00, 0x00, 0x00, 0x00, 0x00, 0x00, 0x00, 0x00, 0x00, 
    0x00, 0x00, 0x00, 0x00, 0x00, 0x00, 0x00, 0x00, 0x00, 0x00, 0x00, 0x00, 0x00, 
    0x00, 0x00, 0x00, 0x00, 0x00, 0x00, 0x00, 0x00, 0x00, 0x00, 0x00, 0x00, 0x00, 
    0x00, 0x00, 0x00, 0x00, 0x00, 0x00, 0x00, 0x00, 0x00, 0x00, 0x00, 0x00, 0x00, 
    0x00, 0x00, 0x00, 0x00, 0x00, 0x00, 0x00, 0x00, 0x00, 0x00, 0x00, 0x00, 0x00, 
    0x00, 0x00, 0x00, 0x00, 0x00, 0x00, 0x00, 0x00, 0x00, 0x00, 0x00, 0x00, 0x00, 
    0x00, 0x00, 0x00, 0x00, 0x00, 0x00, 0x00, 0x00, 0x00, 0x00, 0x00, 0x00, 0x00, 
    0x00, 0x00, 0x00, 0x00, 0x00, 0x00, 0x00, 0x00, 0x00, 0x00, 0x00, 0x00, 0x00, 
    0x00, 0x00, 0x00, 0x00, 0x00, 0x00, 0x00, 0x00, 0x00, 0x00, 0x00, 0x00, 0x00, 
    0x00, 0x00, 0x00, 0x00, 0x00, 0x00, 0x00, 0x00, 0x00, 0x00, 0x00, 0x00, 0x00, 
    0x00, 0x00, 0x00, 0x00, 0x00, 0x00, 0x00, 0x00, 0x00, 0x00, 0x00, 0x00, 0x00, 
    0x00, 0x00, 0x00, 0x00, 0x00, 0x00, 0x00, 0x00, 0x00, 0x00, 0x00, 0x00, 0x00, 
    0x00, 0x00, 0x00, 0x00, 0x00, 0x00, 0x00, 0x00, 0x00, 0x00, 0x00, 0x00, 0x00, 
    0x00, 0x00, 0x00, 0x00, 0x00, 0x00, 0x00, 0x00, 0x00, 0x00, 0x00, 0x00, 0x00, 
    0x00, 0x00, 0x00, 0x00, 0x00, 0x00, 0x00, 0x00, 0x00, 0x00, 0x00, 0x00, 0x00, 
    0x00, 0x00, 0x00, 0x00, 0x00, 0x00, 0x00, 0x00, 0x00, 0x00, 0x00, 0x00, 0x00, 
    0x00, 0x00, 0x00, 0x00, 0x00, 0x00, 0x00, 0x00, 0x00, 0x00, 0x00, 0x00, 0x00, 
    0x00, 0x00, 0x00, 0x00, 0x00, 0x00, 0x00, 0x00, 0x00, 0x00, 0x00, 0x00, 0x00, 
    0x00, 0x00, 0x00, 0x00, 0x00, 0x00, 0x00, 0x00, 0x00, 0x00, 0x00, 0x00, 0x00, 
    0x00, 0x00, 0x00, 0x00, 0x00, 0x00, 0x00, 0x00, 0x00, 0x00, 0x00, 0x00, 0x00, 
    0x00, 0x00, 0x00, 0x00, 0x00, 0x00, 0x00, 0x00, 0x00, 0x00, 0x00, 0x00, 0x00, 
    0x00, 0x00, 0x00, 0x00, 0x00, 0x00, 0x08, 0xff, 0x00, 0x01, 0x08, 0x1c, 0x48, 
    0xb0, 0xa0, 0xc1, 0x83, 0x08, 0x13, 0x2a, 0x4c, 0x78, 0xa0, 0xa1, 0xc3, 0x87, 
    0x0d, 0x17, 0x4a, 0x9c, 0x48, 0xb1, 0xa2, 0xc5, 0x8b, 0x18, 0x15, 0x3e, 0x4c, 
    0xc0, 0xb1, 0xa3, 0xc7, 0x87, 0x19, 0x43, 0x8a, 0x1c, 0x49, 0xf2, 0x62, 0xc3, 
    0x04, 0x10, 0x53, 0x3a, 0x44, 0x79, 0xa0, 0xa4, 0xcb, 0x97, 0x30, 0x4d, 0x42, 
    0x5c, 0x40, 0xb3, 0xa6, 0x4d, 0x9a, 0x29, 0x63, 0xea, 0xdc, 0xa9, 0xf3, 0x64, 
    0xc3, 0x9b, 0x40, 0x6f, 0xfa, 0x6c, 0xc9, 0xb3, 0xa8, 0x51, 0x99, 0x2c, 0x6b, 
    0xaa, 0x9c, 0x89, 0xf3, 0x00, 0xcb, 0xa3, 0x50, 0xa3, 0x1a, 0x4c, 0xa9, 0xf4, 
    0x00, 0x82, 0xab, 0x58, 0xb3, 0xfe, 0x6c, 0x0a, 0x52, 0xaa, 0x57, 0xa3, 0x4e, 
    0xb7, 0x2a, 0xcd, 0x4a, 0x16, 0xeb, 0x01, 0xa1, 0x61, 0xbf, 0xaa, 0xed, 0x19, 
    0x16, 0x6d, 0xd9, 0xb2, 0x62, 0x71, 0x3e, 0x5d, 0x4b, 0x77, 0xe4, 0x50, 0x9b, 
    0x0d, 0xdf, 0xbe, 0x8d, 0x3b, 0xb4, 0xae, 0x5f, 0x8c, 0x4e, 0x51, 0x0a, 0xd5, 
    0xab, 0xf7, 0x2c, 0x5e, 0x8e, 0x44, 0xff, 0x2a, 0x96, 0x18, 0xd6, 0x70, 0x53, 
    0xc2, 0x7b, 0x1d, 0x2f, 0xf0, 0xb9, 0xb8, 0xb2, 0x46, 0xc1, 0x78, 0x21, 0x17, 
    0x16, 0x8a, 0xd2, 0xb2, 0xe7, 0xa9, 0x98, 0x1f, 0x6b, 0x86, 0x2b, 0x39, 0xed, 
    0xe7, 0xd3, 0x00, 0xda, 0x8e, 0x1d, 0xbd, 0xf7, 0x70, 0x62, 0xd4, 0x95, 0x7d, 
    0x56, 0x65, 0x1d, 0x59, 0xe9, 0x5c, 0xd8, 0x8b, 0x03, 0x3b, 0xce, 0x4b, 0x9b, 
    0xac, 0x58, 0xdd, 0xb8, 0x63, 0x23, 0xce, 0xdc, 0x5b, 0xeb, 0xe1, 0xce, 0xc1, 
    0x15, 0xeb, 0xc6, 0x6b, 0xb5, 0x38, 0x02, 0xbe, 0x88, 0x93, 0x2b, 0x6f, 0x4c, 
    0xbc, 0x78, 0xe9, 0xc6, 0xd2, 0x95, 0x0f, 0x9f, 0xdd, 0x1b, 0x3a, 0xf2, 0xec, 
    0x7e, 0x97, 0x57, 0xff, 0x67, 0x2d, 0x79, 0x72, 0x74, 0xf0, 0xe1, 0xb7, 0x73, 
    0x1f, 0x1d, 0xd7, 0xfc, 0x77, 0xf4, 0x6b, 0xc5, 0x8f, 0x87, 0x5c, 0xde, 0xfd, 
    0x6b, 0xf8, 0x5f, 0xe5, 0xaf, 0x27, 0xdc, 0xde, 0x3e, 0x7e, 0xba, 0xb2, 0x01, 
    0xc5, 0x5b, 0x61, 0xf5, 0x99, 0x17, 0xd1, 0x7f, 0xf1, 0x85, 0x86, 0xd6, 0x52, 
    0xfd, 0xc9, 0x75, 0x1f, 0x82, 0x52, 0xa9, 0x16, 0xd4, 0x84, 0x14, 0x3a, 0x08, 
    0x61, 0x82, 0x05, 0x32, 0xf7, 0x50, 0x85, 0x06, 0x5e, 0xa8, 0x96, 0x84, 0x13, 
    0xfe, 0xd4, 0x20, 0x67, 0x0f, 0x7a, 0x08, 0x96, 0x82, 0x02, 0x32, 0x55, 0xa1, 
    0x69, 0x26, 0x46, 0xe5, 0xd0, 0x8a, 0x67, 0x89, 0x98, 0x21, 0x57, 0x2d, 0x7a, 
    0x35, 0xa2, 0x86, 0x2f, 0x52, 0x78, 0x60, 0x8d, 0x2e, 0xde, 0xd8, 0xd4, 0x64, 
    0x33, 0x02, 0x59, 0x22, 0x8f, 0x3b, 0x81, 0x98, 0x22, 0x90, 0x1c, 0xb2, 0x48, 
    0xe4, 0x89, 0x41, 0xca, 0x98, 0xe4, 0x7b, 0x4b, 0xf2, 0x64, 0x24, 0x87, 0x2b, 
    0x42, 0x19, 0x65, 0x4f, 0x28, 0xe2, 0xb8, 0x61, 0x88, 0x56, 0x5e, 0x09, 0xd3, 
    0x94, 0x42, 0x92, 0x56, 0xa0, 0x92, 0x5e, 0xc6, 0x34, 0xe5, 0x80, 0xb5, 0x91, 
    0x58, 0xa6, 0x94, 0x28, 0xa2, 0x49, 0xa0, 0x9a, 0x6b, 0x62, 0x79, 0x1d, 0x6d, 
    0xd0, 0x0d, 0x19, 0xa7, 0x48, 0x20, 0x36, 0x47, 0xa7, 0x6b, 0x77, 0x9a, 0x19, 
    0x9a, 0x9b, 0x9a, 0xfd, 0xd6, 0x65, 0x9f, 0x21, 0x49, 0xa8, 0x67, 0x77, 0xb6, 
    0xd9, 0x49, 0xa8, 0x4c, 0xbb, 0x39, 0xf7, 0x5c, 0x55, 0x8a, 0x2e, 0x5a, 0x11, 
    0x5f, 0x8e, 0x5e, 0x27, 0x69, 0x49, 0x94, 0x3a, 0x67, 0xe9, 0xa5, 0x78, 0x66, 
    0x6a, 0x9d, 0x86, 0x9c, 0x16, 0xaa, 0xe0, 0xa1, 0x7b, 0x26, 0x1a, 0x6a, 0x46, 
    0x79, 0x92, 0x1a, 0x68, 0x69, 0x83, 0x9e, 0x7a, 0x59, 0x79, 0xaa, 0xd2, 0xfd, 
    0x07, 0xa7, 0xab, 0x93, 0xb6, 0x19, 0x6b, 0x9a, 0xa6, 0xd2, 0x5a, 0x6b, 0x7d, 
    0x80, 0x92, 0x26, 0x60, 0xab, 0xba, 0x4e, 0xd5, 0x60, 0xaf, 0x66, 0x8d, 0xb9, 
    0x63, 0xb0, 0x1a, 0xdd, 0xe8, 0x90, 0x98, 0x3a, 0x1e, 0x8b, 0xec, 0x41, 0x60, 
    0x6a, 0x99, 0xa3, 0x8e, 0xc0, 0x3e, 0x1b, 0x2d, 0x95, 0x55, 0x46, 0x8a, 0xec, 
    0xb4, 0xd8, 0x76, 0xeb, 0xd0, 0xb3, 0x0c, 0xf9, 0xd8, 0x6d, 0x88, 0xce, 0x82, 
    0x2b, 0xd0, 0xb5, 0x5c, 0xa9, 0xf4, 0xa4, 0xb6, 0xb4, 0x52, 0xa7, 0xe3, 0x66, 
    0xcd, 0x56, 0xab, 0xab, 0x7e, 0x02, 0xc2, 0xcb, 0xa5, 0xbc, 0xed, 0xa2, 0x7b, 
    0x6b, 0x93, 0xb7, 0x99, 0x4b, 0xd0, 0xb5, 0xc4, 0x2a, 0x8b, 0xef, 0xbc, 0x49, 
    0x05, 0x15, 0x70, 0x86, 0x94, 0xf9, 0x2b, 0x2c, 0xb7, 0x5c, 0x11, 0xc8, 0x6b, 
    0x57, 0x0a, 0x2f, 0xbc, 0x65, 0x4a, 0x57, 0x51, 0x25, 0x24, 0xc4, 0x11, 0x27, 
    0x8b, 0xf1, 0xc6, 0x10, 0x65, 0xfc, 0x25, 0xbb, 0x1e, 0x87, 0x2c, 0xf2, 0xc8, 
    0x24, 0x97, 0x6c, 0xf2, 0xc9, 0x28, 0xbb, 0x5a, 0x80, 0x02, 0x2c, 0xb7, 0xec, 
    0xf2, 0xcb, 0x30, 0xc7, 0x2c, 0xf3, 0xcc, 0x34, 0xd7, 0x6c, 0xf3, 0xcd, 0x38, 
    0xe7, 0xac, 0x73, 0xcb, 0x03, 0x18, 0x30, 0xee, 0xcf, 0x40, 0x07, 0x2d, 0xf4, 
    0xd0, 0x44, 0x63, 0x4b, 0x80, 0xcf, 0x45, 0x27, 0xad, 0xf4, 0xd2, 0x4c, 0x07, 
    0x7d, 0x74, 0xd3, 0x50, 0x47, 0x2d, 0xf5, 0xd2, 0x4f, 0x4f, 0x6d, 0xf5, 0xd5, 
    0x58, 0x4f, 0x58, 0x75, 0xd6, 0x5c, 0x77, 0x1d, 0xf5, 0xd6, 0x5e, 0x87, 0x2d, 
    0xb6, 0xd0, 0x60, 0x8f, 0x6d, 0xf6, 0xd9, 0x14, 0x96, 0x8d, 0xf6, 0xda, 0x6b, 
    0x13, 0x20, 0x00, 0x83, 0x70, 0xc7, 0x2d, 0xf7, 0xdc, 0x74, 0xd7, 0x6d, 0xf7, 
    0xdd, 0x78, 0x3f, 0x14, 0x40, 0x40, 0x00, 0x21, 0xf9, 0x04, 0x09, 0x04, 0x00, 
    0x00, 0x00, 0x2c, 0x07, 0x00, 0x1b, 0x00, 0x8d, 0x00, 0x59, 0x00, 0x87, 0x00, 
    0x00, 0x00, 0x12, 0x04, 0x05, 0x16, 0x06, 0x06, 0x2d, 0x0b, 0x0b, 0x31, 0x0c, 
    0x0d, 0x38, 0x0d, 0x0e, 0x3c, 0x0f, 0x0f, 0x48, 0x12, 0x12, 0x58, 0x16, 0x16, 
    0x8b, 0x22, 0x23, 0xb5, 0x2d, 0x2e, 0xc0, 0x2f, 0x30, 0x00, 0x00, 0x00, 0x00, 
    0x00, 0x00, 0x00, 0x00, 0x00, 0x00, 0x00, 0x00, 0x00, 0x00, 0x00, 0x00, 0x00, 
    0x00, 0x00, 0x00, 0x00, 0x00, 0x00, 0x00, 0x00, 0x00, 0x00, 0x00, 0x00, 0x00, 
    0x00, 0x00, 0x00, 0x00, 0x00, 0x00, 0x00, 0x00, 0x00, 0x00, 0x00, 0x00, 0x00, 
    0x00, 0x00, 0x00, 0x00, 0x00, 0x00, 0x00, 0x00, 0x00, 0x00, 0x00, 0x00, 0x00, 
    0x00, 0x00, 0x00, 0x00, 0x00, 0x00, 0x00, 0x00, 0x00, 0x00, 0x00, 0x00, 0x00, 
    0x00, 0x00, 0x00, 0x00, 0x00, 0x00, 0x00, 0x00, 0x00, 0x00, 0x00, 0x00, 0x00, 
    0x00, 0x00, 0x00, 0x00, 0x00, 0x00, 0x00, 0x00, 0x00, 0x00, 0x00, 0x00, 0x00, 
    0x00, 0x00, 0x00, 0x00, 0x00, 0x00, 0x00, 0x00, 0x00, 0x00, 0x00, 0x00, 0x00, 
    0x00, 0x00, 0x00, 0x00, 0x00, 0x00, 0x00, 0x00, 0x00, 0x00, 0x00, 0x00, 0x00, 
    0x00, 0x00, 0x00, 0x00, 0x00, 0x00, 0x00, 0x00, 0x00, 0x00, 0x00, 0x00, 0x00, 
    0x00, 0x00, 0x00, 0x00, 0x00, 0x00, 0x00, 0x00, 0x00, 0x00, 0x00, 0x00, 0x00, 
    0x00, 0x00, 0x00, 0x00, 0x00, 0x00, 0x00, 0x00, 0x00, 0x00, 0x00, 0x00, 0x00, 
    0x00, 0x00, 0x00, 0x00, 0x00, 0x00, 0x00, 0x00, 0x00, 0x00, 0x00, 0x00, 0x00, 
    0x00, 0x00, 0x00, 0x00, 0x00, 0x00, 0x00, 0x00, 0x00, 0x00, 0x00, 0x00, 0x00, 
    0x00, 0x00, 0x00, 0x00, 0x00, 0x00, 0x00, 0x00, 0x00, 0x00, 0x00, 0x00, 0x00, 
    0x00, 0x00, 0x00, 0x00, 0x00, 0x00, 0x00, 0x00, 0x00, 0x00, 0x00, 0x00, 0x00, 
    0x00, 0x00, 0x00, 0x00, 0x00, 0x00, 0x00, 0x00, 0x00, 0x00, 0x00, 0x00, 0x00, 
    0x00, 0x00, 0x00, 0x00, 0x00, 0x00, 0x00, 0x00, 0x00, 0x00, 0x00, 0x00, 0x00, 
    0x00, 0x00, 0x00, 0x00, 0x00, 0x00, 0x00, 0x00, 0x00, 0x00, 0x00, 0x00, 0x00, 
    0x00, 0x00, 0x00, 0x00, 0x00, 0x00, 0x00, 0x00, 0x00, 0x00, 0x00, 0x00, 0x00, 
    0x00, 0x00, 0x00, 0x00, 0x00, 0x00, 0x00, 0x00, 0x00, 0x00, 0x00, 0x00, 0x00, 
    0x00, 0x00, 0x00, 0x00, 0x00, 0x00, 0x00, 0x00, 0x00, 0x00, 0x00, 0x00, 0x00, 
    0x00, 0x00, 0x00, 0x00, 0x00, 0x00, 0x00, 0x00, 0x00, 0x00, 0x00, 0x00, 0x00, 
    0x00, 0x00, 0x00, 0x00, 0x00, 0x00, 0x00, 0x00, 0x00, 0x00, 0x00, 0x00, 0x00, 
    0x00, 0x00, 0x00, 0x00, 0x00, 0x00, 0x00, 0x00, 0x00, 0x00, 0x00, 0x00, 0x00, 
    0x00, 0x00, 0x00, 0x00, 0x00, 0x00, 0x00, 0x00, 0x00, 0x00, 0x00, 0x00, 0x00, 
    0x00, 0x00, 0x00, 0x00, 0x00, 0x00, 0x00, 0x00, 0x00, 0x00, 0x00, 0x00, 0x00, 
    0x00, 0x00, 0x00, 0x00, 0x00, 0x00, 0x00, 0x00, 0x00, 0x00, 0x00, 0x00, 0x00, 
    0x00, 0x00, 0x00, 0x00, 0x00, 0x00, 0x00, 0x00, 0x00, 0x00, 0x00, 0x00, 0x00, 
    0x00, 0x00, 0x00, 0x00, 0x00, 0x00, 0x00, 0x00, 0x00, 0x00, 0x00, 0x00, 0x00, 
    0x00, 0x00, 0x00, 0x00, 0x00, 0x00, 0x00, 0x00, 0x00, 0x00, 0x00, 0x00, 0x00, 
    0x00, 0x00, 0x00, 0x00, 0x00, 0x00, 0x00, 0x00, 0x00, 0x00, 0x00, 0x00, 0x00, 
    0x00, 0x00, 0x00, 0x00, 0x00, 0x00, 0x00, 0x00, 0x00, 0x00, 0x00, 0x00, 0x00, 
    0x00, 0x00, 0x00, 0x00, 0x00, 0x00, 0x00, 0x00, 0x00, 0x00, 0x00, 0x00, 0x00, 
    0x00, 0x00, 0x00, 0x00, 0x00, 0x00, 0x00, 0x00, 0x00, 0x00, 0x00, 0x00, 0x00, 
    0x00, 0x00, 0x00, 0x00, 0x00, 0x00, 0x00, 0x00, 0x00, 0x00, 0x00, 0x00, 0x00, 
    0x00, 0x00, 0x00, 0x00, 0x00, 0x00, 0x00, 0x00, 0x00, 0x00, 0x00, 0x00, 0x00, 
    0x00, 0x00, 0x00, 0x00, 0x00, 0x00, 0x00, 0x00, 0x00, 0x00, 0x00, 0x00, 0x00, 
    0x00, 0x00, 0x00, 0x00, 0x00, 0x00, 0x00, 0x00, 0x00, 0x00, 0x00, 0x00, 0x00, 
    0x00, 0x00, 0x00, 0x00, 0x00, 0x00, 0x00, 0x00, 0x00, 0x00, 0x00, 0x00, 0x00, 
    0x00, 0x00, 0x00, 0x00, 0x00, 0x00, 0x00, 0x00, 0x00, 0x00, 0x00, 0x00, 0x00, 
    0x00, 0x00, 0x00, 0x00, 0x00, 0x00, 0x00, 0x00, 0x00, 0x00, 0x00, 0x00, 0x00, 
    0x00, 0x00, 0x00, 0x00, 0x00, 0x00, 0x00, 0x00, 0x00, 0x00, 0x00, 0x00, 0x00, 
    0x00, 0x00, 0x00, 0x00, 0x00, 0x00, 0x00, 0x00, 0x00, 0x00, 0x00, 0x00, 0x00, 
    0x00, 0x00, 0x00, 0x00, 0x00, 0x00, 0x00, 0x00, 0x00, 0x00, 0x00, 0x00, 0x00, 
    0x00, 0x00, 0x00, 0x00, 0x00, 0x00, 0x00, 0x00, 0x00, 0x00, 0x00, 0x00, 0x00, 
    0x00, 0x00, 0x00, 0x00, 0x00, 0x00, 0x00, 0x00, 0x00, 0x00, 0x00, 0x00, 0x00, 
    0x00, 0x00, 0x00, 0x00, 0x00, 0x00, 0x00, 0x00, 0x00, 0x00, 0x00, 0x00, 0x00, 
    0x00, 0x00, 0x00, 0x00, 0x00, 0x00, 0x00, 0x00, 0x00, 0x00, 0x00, 0x00, 0x00, 
    0x00, 0x00, 0x00, 0x00, 0x00, 0x00, 0x00, 0x00, 0x00, 0x00, 0x00, 0x00, 0x00, 
    0x00, 0x00, 0x00, 0x00, 0x00, 0x00, 0x00, 0x00, 0x00, 0x00, 0x00, 0x00, 0x00, 
    0x00, 0x00, 0x00, 0x00, 0x00, 0x00, 0x00, 0x00, 0x00, 0x00, 0x00, 0x00, 0x00, 
    0x00, 0x00, 0x00, 0x00, 0x00, 0x00, 0x00, 0x00, 0x00, 0x00, 0x00, 0x00, 0x00, 
    0x00, 0x00, 0x00, 0x00, 0x00, 0x00, 0x00, 0x00, 0x00, 0x00, 0x00, 0x00, 0x00, 
    0x00, 0x00, 0x00, 0x00, 0x00, 0x00, 0x00, 0x00, 0x00, 0x00, 0x00, 0x00, 0x00, 
    0x00, 0x00, 0x00, 0x00, 0x00, 0x00, 0x00, 0x00, 0x00, 0x00, 0x00, 0x00, 0x00, 
    0x08, 0xff, 0x00, 0x01, 0x08, 0x1c, 0x48, 0xb0, 0xa0, 0xc1, 0x83, 0x08, 0x13, 
    0x2a, 0x4c, 0x78, 0xa0, 0xa1, 0xc3, 0x87, 0x0d, 0x17, 0x4a, 0x9c, 0x48, 0xb1, 
    0xa2, 0xc5, 0x8b, 0x18, 0x15, 0x3e, 0x4c, 0xc0, 0xb1, 0xa3, 0xc7, 0x87, 0x19, 
    0x43, 0x8a, 0x1c, 0x49, 0xf2, 0x62, 0xc3, 0x04, 0x10, 0x53, 0x3a, 0x44, 0x79, 
    0xa0, 0xa4, 0xcb, 0x97, 0x30, 0x4d, 0x42, 0x5c, 0x40, 0xb3, 0xa6, 0x4d, 0x9a, 
    0x29, 0x63, 0xea, 0xdc, 0xa9, 0xf3, 0x64, 0xc3, 0x9b, 0x40, 0x6f, 0xfa, 0x6c, 
    0xc9, 0xb3, 0xa8, 0x51, 0x99, 0x2c, 0x6b, 0xaa, 0x9c, 0x89, 0xf3, 0x00, 0xcb, 
    0xa3, 0x50, 0xa3, 0x1a, 0x4c, 0xa9, 0xf4, 0x00, 0x82, 0xab, 0x58, 0xb3, 0xfe, 
    0x6c, 0x0a, 0x52, 0xaa, 0x57, 0xa3, 0x4e, 0xb7, 0x2a, 0xcd, 0x4a, 0x16, 0xeb, 
    0x01, 0xa1, 0x61, 0xbf, 0xaa, 0xed, 0x19, 0x16, 0x6d, 0xd9, 0xb2, 0x62, 0x71, 
    0x3e, 0x5d, 0x4b, 0x77, 0xe4, 0x50, 0x9b, 0x0d, 0xdf, 0xbe, 0x8d, 0x3b, 0xb4, 
    0xae, 0x5f, 0x8c, 0x4e, 0x51, 0x0a, 0xd5, 0xab, 0xf7, 0x2c, 0x5e, 0x8e, 0x44, 
    0xff, 0x2a, 0x96, 0x18, 0xd6, 0x70, 0x53, 0xc2, 0x7b, 0x1d, 0x2f, 0xf0, 0xb9, 
    0xb8, 0xb2, 0x46, 0xc1, 0x78, 0x21, 0x17, 0x16, 0x8a, 0xd2, 0xb2, 0xe7, 0xa9, 
    0x98, 0x1f, 0x6b, 0x86, 0x2b, 0x39, 0xed, 0xe7, 0xd3, 0x00, 0xda, 0x8e, 0x1d, 
    0xbd, 0xf7, 0x70, 0x62, 0xd4, 0x95, 0x7d, 0x56, 0x65, 0x1d, 0x59, 0xe9, 0x5c, 
    0xd8, 0x8b, 0x03, 0x3b, 0xce, 0x4b, 0x9b, 0xac, 0x58, 0xdd, 0xb8, 0x63, 0x23, 
    0xce, 0xdc, 0x5b, 0xeb, 0xe1, 0xce, 0xc1, 0x15, 0xeb, 0xc6, 0x6b, 0xb5, 0x38, 
    0x02, 0xbe, 0x88, 0x93, 0x2b, 0x6f, 0x4c, 0xbc, 0x78, 0xe9, 0xc6, 0xd2, 0x95, 
    0x0f, 0x9f, 0xdd, 0x1b, 0x3a, 0xf2, 0xec, 0x7e, 0x97, 0x57, 0xff, 0x67, 0x2d, 
    0x79, 0x72, 0x74, 0xf0, 0xe1, 0xb7, 0x73, 0x1f, 0x1d, 0xd7, 0xfc, 0x77, 0xf4, 
    0x6b, 0xc5, 0x8f, 0x87, 0x5c, 0xde, 0xfd, 0x6b, 0xf8, 0x5f, 0xe5, 0xaf, 0x27, 
    0xdc, 0xde, 0x3e, 0x7e, 0xba, 0xb2, 0x01, 0xc5, 0x5b, 0x61, 0xf5, 0x99, 0x17, 
    0xd1, 0x7f, 0xf1, 0x85, 0x86, 0xd6, 0x52, 0xfd, 0xc9, 0x75, 0x1f, 0x82, 0x52, 
    0xa9, 0x16, 0xd4, 0x84, 0x14, 0x3a, 0x08, 0x61, 0x82, 0x05, 0x32, 0xf7, 0x50, 
    0x85, 0x06, 0x5e, 0xa8, 0x96, 0x84, 0x13, 0xfe, 0xd4, 0x20, 0x67, 0x0f, 0x7a, 
    0x08, 0x96, 0x82, 0x02, 0x32, 0x55, 0xa1, 0x69, 0x26, 0x46, 0xe5, 0xd0, 0x8a, 
    0x67, 0x89, 0x98, 0x21, 0x57, 0x2d, 0x7a, 0x35, 0xa2, 0x86, 0x2f, 0x52, 0x78, 
    0x60, 0x8d, 0x2e, 0xde, 0xd8, 0xd4, 0x64, 0x33, 0x02, 0x59, 0x22, 0x8f, 0x3b, 
    0x81, 0x98, 0x22, 0x90, 0x1c, 0xb2, 0x48, 0xe4, 0x89, 0x41, 0xca, 0x98, 0xe4, 
    0x7b, 0x4b, 0xf2, 0x64, 0x24, 0x87, 0x2b, 0x42, 0x19, 0x65, 0x4f, 0x28, 0xe2, 
    0xb8, 0x61, 0x88, 0x56, 0x5e, 0x09, 0xd3, 0x94, 0x42, 0x92, 0x56, 0xa0, 0x92, 
    0x5e, 0xc6, 0x34, 0xe5, 0x80, 0xb5, 0x91, 0x58, 0xa6, 0x94, 0x28, 0xa2, 0x49, 
    0xa0, 0x9a, 0x6b, 0x62, 0x79, 0x1d, 0x6d, 0xd0, 0x0d, 0x19, 0xa7, 0x48, 0x20, 
    0x36, 0x47, 0xa7, 0x6b, 0x77, 0x9a, 0x19, 0x9a, 0x9b, 0x9a, 0xfd, 0xd6, 0x65, 
    0x9f, 0x21, 0x49, 0xa8, 0x67, 0x77, 0xb6, 0xd9, 0x49, 0xa8, 0x4c, 0xbb, 0x39, 
    0xf7, 0x5c, 0x55, 0x8a, 0x2e, 0x5a, 0x11, 0x5f, 0x8e, 0x5e, 0x27, 0x69, 0x49, 
    0x94, 0x3a, 0x67, 0xe9, 0xa5, 0x78, 0x66, 0x6a, 0x9d, 0x86, 0x9c, 0x16, 0xaa, 
    0xe0, 0xa1, 0x7b, 0x26, 0x1a, 0x6a, 0x46, 0x79, 0x92, 0x1a, 0x68, 0x69, 0x83, 
    0x9e, 0x7a, 0x59, 0x79, 0xaa, 0xd2, 0xff, 0x07, 0xa7, 0xab, 0x93, 0xb6, 0x19, 
    0x6b, 0x9a, 0xa6, 0xd2, 0x5a, 0x6b, 0x7d, 0x80, 0x92, 0x26, 0x60, 0xab, 0xba, 
    0x4e, 0xd5, 0x60, 0xaf, 0x66, 0x8d, 0xb9, 0x63, 0xb0, 0x1a, 0xdd, 0xe8, 0x90, 
    0x98, 0x3a, 0x1e, 0x8b, 0xec, 0x41, 0x60, 0x6a, 0x99, 0xa3, 0x8e, 0xc0, 0x3e, 
    0x1b, 0x2d, 0x95, 0x55, 0x46, 0x8a, 0xec, 0xb4, 0xd8, 0x76, 0xeb, 0xd0, 0xb3, 
    0x0c, 0xf9, 0xd8, 0x6d, 0x88, 0xce, 0x82, 0x2b, 0xd0, 0xb5, 0x5c, 0xa9, 0xf4, 
    0xa4, 0xb6, 0xb4, 0x52, 0xa7, 0xe3, 0x66, 0xcd, 0x56, 0xab, 0xab, 0x7e, 0x02, 
    0xc2, 0xcb, 0xa5, 0xbc, 0xed, 0xa2, 0x7b, 0x6b, 0x93, 0xb7, 0x99, 0x4b, 0xd0, 
    0xb5, 0xc4, 0x2a, 0x8b, 0xef, 0xbc, 0x49, 0x05, 0x15, 0x70, 0x86, 0x94, 0xf9, 
    0x2b, 0x2c, 0xb7, 0x5c, 0x11, 0xc8, 0x6b, 0x57, 0x0a, 0x2f, 0xbc, 0x65, 0x4a, 
    0x57, 0x51, 0x25, 0x24, 0xc4, 0x11, 0x27, 0x8b, 0xf1, 0xc6, 0x10, 0x65, 0xfc, 
    0x25, 0xbb, 0x1e, 0x87, 0x2c, 0xf2, 0xc8, 0x24, 0x97, 0x6c, 0xf2, 0xc9, 0x28, 
    0xa7, 0xac, 0xf2, 0xca, 0x51, 0x15, 0xa0, 0xc0, 0xcb, 0x30, 0xc7, 0x2c, 0xf3, 
    0xcc, 0x34, 0xd7, 0x6c, 0xf3, 0xcd, 0x38, 0xe7, 0xac, 0xf3, 0xce, 0x3c, 0xf7, 
    0x0c, 0xf3, 0x00, 0x06, 0x8c, 0x2b, 0xf4, 0xd0, 0x44, 0x17, 0x6d, 0xf4, 0xd1, 
    0xd8, 0x12, 0x10, 0x34, 0xd2, 0x4c, 0x37, 0xed, 0xf4, 0xd3, 0x44, 0x2b, 0x0d, 
    0xf5, 0xd4, 0x54, 0x57, 0xed, 0xb4, 0xd4, 0x56, 0x67, 0xad, 0xf5, 0xd6, 0x13, 
    0x62, 0xcd, 0xf5, 0xd7, 0x60, 0x53, 0xed, 0x75, 0xd8, 0x64, 0x97, 0x5d, 0xf4, 
    0xd8, 0x66, 0xa7, 0xad, 0x36, 0x85, 0x68, 0xaf, 0xed, 0xb6, 0xdb, 0x04, 0x08, 
    0xc0, 0xe0, 0xdc, 0x74, 0xd7, 0x6d, 0xf7, 0xdd, 0x78, 0xe7, 0xad, 0xf7, 0xde, 
    0x0f, 0x05, 0x02, 0x10, 0x10, 0x00, 0x21, 0xf9, 0x04, 0x09, 0x04, 0x00, 0x00, 
    0x00, 0x2c, 0x07, 0x00, 0x1a, 0x00, 0x8d, 0x00, 0x5a, 0x00, 0x87, 0x00, 0x00, 
    0x00, 0x12, 0x04, 0x05, 0x16, 0x06, 0x06, 0x2d, 0x0b, 0x0b, 0x31, 0x0c, 0x0d, 
    0x38, 0x0d, 0x0e, 0x3c, 0x0f, 0x0f, 0x48, 0x12, 0x12, 0x58, 0x16, 0x16, 0x8b, 
    0x22, 0x23, 0xb5, 0x2d, 0x2e, 0xc0, 0x2f, 0x30, 0x00, 0x00, 0x00, 0x00, 0x00, 
    0x00, 0x00, 0x00, 0x00, 0x00, 0x00, 0x00, 0x00, 0x00, 0x00, 0x00, 0x00, 0x00, 
    0x00, 0x00, 0x00, 0x00, 0x00, 0x00, 0x00, 0x00, 0x00, 0x00, 0x00, 0x00, 0x00, 
    0x00, 0x00, 0x00, 0x00, 0x00, 0x00, 0x00, 0x00, 0x00, 0x00, 0x00, 0x00, 0x00, 
    0x00, 0x00, 0x00, 0x00, 0x00, 0x00, 0x00, 0x00, 0x00, 0x00, 0x00, 0x00, 0x00, 
    0x00, 0x00, 0x00, 0x00, 0x00, 0x00, 0x00, 0x00, 0x00, 0x00, 0x00, 0x00, 0x00, 
    0x00, 0x00, 0x00, 0x00, 0x00, 0x00, 0x00, 0x00, 0x00, 0x00, 0x00, 0x00, 0x00, 
    0x00, 0x00, 0x00, 0x00, 0x00, 0x00, 0x00, 0x00, 0x00, 0x00, 0x00, 0x00, 0x00, 
    0x00, 0x00, 0x00, 0x00, 0x00, 0x00, 0x00, 0x00, 0x00, 0x00, 0x00, 0x00, 0x00, 
    0x00, 0x00, 0x00, 0x00, 0x00, 0x00, 0x00, 0x00, 0x00, 0x00, 0x00, 0x00, 0x00, 
    0x00, 0x00, 0x00, 0x00, 0x00, 0x00, 0x00, 0x00, 0x00, 0x00, 0x00, 0x00, 0x00, 
    0x00, 0x00, 0x00, 0x00, 0x00, 0x00, 0x00, 0x00, 0x00, 0x00, 0x00, 0x00, 0x00, 
    0x00, 0x00, 0x00, 0x00, 0x00, 0x00, 0x00, 0x00, 0x00, 0x00, 0x00, 0x00, 0x00, 
    0x00, 0x00, 0x00, 0x00, 0x00, 0x00, 0x00, 0x00, 0x00, 0x00, 0x00, 0x00, 0x00, 
    0x00, 0x00, 0x00, 0x00, 0x00, 0x00, 0x00, 0x00, 0x00, 0x00, 0x00, 0x00, 0x00, 
    0x00, 0x00, 0x00, 0x00, 0x00, 0x00, 0x00, 0x00, 0x00, 0x00, 0x00, 0x00, 0x00, 
    0x00, 0x00, 0x00, 0x00, 0x00, 0x00, 0x00, 0x00, 0x00, 0x00, 0x00, 0x00, 0x00, 
    0x00, 0x00, 0x00, 0x00, 0x00, 0x00, 0x00, 0x00, 0x00, 0x00, 0x00, 0x00, 0x00, 
    0x00, 0x00, 0x00, 0x00, 0x00, 0x00, 0x00, 0x00, 0x00, 0x00, 0x00, 0x00, 0x00, 
    0x00, 0x00, 0x00, 0x00, 0x00, 0x00, 0x00, 0x00, 0x00, 0x00, 0x00, 0x00, 0x00, 
    0x00, 0x00, 0x00, 0x00, 0x00, 0x00, 0x00, 0x00, 0x00, 0x00, 0x00, 0x00, 0x00, 
    0x00, 0x00, 0x00, 0x00, 0x00, 0x00, 0x00, 0x00, 0x00, 0x00, 0x00, 0x00, 0x00, 
    0x00, 0x00, 0x00, 0x00, 0x00, 0x00, 0x00, 0x00, 0x00, 0x00, 0x00, 0x00, 0x00, 
    0x00, 0x00, 0x00, 0x00, 0x00, 0x00, 0x00, 0x00, 0x00, 0x00, 0x00, 0x00, 0x00, 
    0x00, 0x00, 0x00, 0x00, 0x00, 0x00, 0x00, 0x00, 0x00, 0x00, 0x00, 0x00, 0x00, 
    0x00, 0x00, 0x00, 0x00, 0x00, 0x00, 0x00, 0x00, 0x00, 0x00, 0x00, 0x00, 0x00, 
    0x00, 0x00, 0x00, 0x00, 0x00, 0x00, 0x00, 0x00, 0x00, 0x00, 0x00, 0x00, 0x00, 
    0x00, 0x00, 0x00, 0x00, 0x00, 0x00, 0x00, 0x00, 0x00, 0x00, 0x00, 0x00, 0x00, 
    0x00, 0x00, 0x00, 0x00, 0x00, 0x00, 0x00, 0x00, 0x00, 0x00, 0x00, 0x00, 0x00, 
    0x00, 0x00, 0x00, 0x00, 0x00, 0x00, 0x00, 0x00, 0x00, 0x00, 0x00, 0x00, 0x00, 
    0x00, 0x00, 0x00, 0x00, 0x00, 0x00, 0x00, 0x00, 0x00, 0x00, 0x00, 0x00, 0x00, 
    0x00, 0x00, 0x00, 0x00, 0x00, 0x00, 0x00, 0x00, 0x00, 0x00, 0x00, 0x00, 0x00, 
    0x00, 0x00, 0x00, 0x00, 0x00, 0x00, 0x00, 0x00, 0x00, 0x00, 0x00, 0x00, 0x00, 
    0x00, 0x00, 0x00, 0x00, 0x00, 0x00, 0x00, 0x00, 0x00, 0x00, 0x00, 0x00, 0x00, 
    0x00, 0x00, 0x00, 0x00, 0x00, 0x00, 0x00, 0x00, 0x00, 0x00, 0x00, 0x00, 0x00, 
    0x00, 0x00, 0x00, 0x00, 0x00, 0x00, 0x00, 0x00, 0x00, 0x00, 0x00, 0x00, 0x00, 
    0x00, 0x00, 0x00, 0x00, 0x00, 0x00, 0x00, 0x00, 0x00, 0x00, 0x00, 0x00, 0x00, 
    0x00, 0x00, 0x00, 0x00, 0x00, 0x00, 0x00, 0x00, 0x00, 0x00, 0x00, 0x00, 0x00, 
    0x00, 0x00, 0x00, 0x00, 0x00, 0x00, 0x00, 0x00, 0x00, 0x00, 0x00, 0x00, 0x00, 
    0x00, 0x00, 0x00, 0x00, 0x00, 0x00, 0x00, 0x00, 0x00, 0x00, 0x00, 0x00, 0x00, 
    0x00, 0x00, 0x00, 0x00, 0x00, 0x00, 0x00, 0x00, 0x00, 0x00, 0x00, 0x00, 0x00, 
    0x00, 0x00, 0x00, 0x00, 0x00, 0x00, 0x00, 0x00, 0x00, 0x00, 0x00, 0x00, 0x00, 
    0x00, 0x00, 0x00, 0x00, 0x00, 0x00, 0x00, 0x00, 0x00, 0x00, 0x00, 0x00, 0x00, 
    0x00, 0x00, 0x00, 0x00, 0x00, 0x00, 0x00, 0x00, 0x00, 0x00, 0x00, 0x00, 0x00, 
    0x00, 0x00, 0x00, 0x00, 0x00, 0x00, 0x00, 0x00, 0x00, 0x00, 0x00, 0x00, 0x00, 
    0x00, 0x00, 0x00, 0x00, 0x00, 0x00, 0x00, 0x00, 0x00, 0x00, 0x00, 0x00, 0x00, 
    0x00, 0x00, 0x00, 0x00, 0x00, 0x00, 0x00, 0x00, 0x00, 0x00, 0x00, 0x00, 0x00, 
    0x00, 0x00, 0x00, 0x00, 0x00, 0x00, 0x00, 0x00, 0x00, 0x00, 0x00, 0x00, 0x00, 
    0x00, 0x00, 0x00, 0x00, 0x00, 0x00, 0x00, 0x00, 0x00, 0x00, 0x00, 0x00, 0x00, 
    0x00, 0x00, 0x00, 0x00, 0x00, 0x00, 0x00, 0x00, 0x00, 0x00, 0x00, 0x00, 0x00, 
    0x00, 0x00, 0x00, 0x00, 0x00, 0x00, 0x00, 0x00, 0x00, 0x00, 0x00, 0x00, 0x00, 
    0x00, 0x00, 0x00, 0x00, 0x00, 0x00, 0x00, 0x00, 0x00, 0x00, 0x00, 0x00, 0x00, 
    0x00, 0x00, 0x00, 0x00, 0x00, 0x00, 0x00, 0x00, 0x00, 0x00, 0x00, 0x00, 0x00, 
    0x00, 0x00, 0x00, 0x00, 0x00, 0x00, 0x00, 0x00, 0x00, 0x00, 0x00, 0x00, 0x00, 
    0x00, 0x00, 0x00, 0x00, 0x00, 0x00, 0x00, 0x00, 0x00, 0x00, 0x00, 0x00, 0x00, 
    0x00, 0x00, 0x00, 0x00, 0x00, 0x00, 0x00, 0x00, 0x00, 0x00, 0x00, 0x00, 0x00, 
    0x00, 0x00, 0x00, 0x00, 0x00, 0x00, 0x00, 0x00, 0x00, 0x00, 0x00, 0x00, 0x08, 
    0xff, 0x00, 0x01, 0x08, 0x1c, 0x48, 0xb0, 0xa0, 0xc1, 0x83, 0x08, 0x13, 0x2a, 
    0x44, 0x78, 0xa0, 0xa1, 0xc3, 0x87, 0x0e, 0x17, 0x4a, 0x9c, 0x48, 0xb1, 0xa2, 
    0xc5, 0x8b, 0x18, 0x15, 0x3a, 0x4c, 0xc0, 0x91, 0xe3, 0x81, 0x8e, 0x1e, 0x1b, 
    0x66, 0x1c, 0x49, 0xb2, 0xa4, 0xc9, 0x8b, 0x1b, 0x21, 0xaa, 0x6c, 0x98, 0x20, 
    0xe2, 0xc9, 0x97, 0x30, 0x63, 0x5a, 0x64, 0xe9, 0x70, 0x81, 0xcd, 0x9b, 0x38, 
    0x17, 0xa4, 0x3c, 0x20, 0xb3, 0xa7, 0x4f, 0x9f, 0x10, 0x73, 0x0a, 0xc5, 0x09, 
    0xf1, 0xa7, 0xd1, 0xa3, 0x18, 0x83, 0xde, 0x5c, 0xf9, 0x90, 0xe8, 0x43, 0xa4, 
    0x50, 0xa3, 0x1a, 0xa4, 0x79, 0xc0, 0x29, 0x82, 0xab, 0x58, 0xb1, 0x36, 0x74, 
    0xda, 0x92, 0xa7, 0xd4, 0xaf, 0x47, 0xa9, 0x5a, 0xcd, 0x4a, 0x16, 0xc1, 0xd6, 
    0xa5, 0x1f, 0x45, 0x82, 0x5d, 0x1b, 0x53, 0x2c, 0xda, 0xb2, 0x70, 0xcf, 0xda, 
    0xa4, 0xca, 0xb6, 0xae, 0xc9, 0x8f, 0x2d, 0x73, 0x1e, 0x80, 0xcb, 0xb7, 0x2a, 
    0x51, 0x8f, 0x76, 0x03, 0x67, 0xc4, 0xeb, 0x77, 0xee, 0x5e, 0xbe, 0x65, 0xe5, 
    0xea, 0x04, 0x2c, 0xb8, 0x31, 0xc5, 0xb4, 0x85, 0x75, 0x22, 0xee, 0xcb, 0xd5, 
    0xab, 0xe3, 0xcb, 0x09, 0xd3, 0x8e, 0x9d, 0x4c, 0x56, 0x71, 0x5a, 0xcc, 0xa0, 
    0x0f, 0x6a, 0x5e, 0xca, 0x99, 0xf2, 0xd2, 0x96, 0xa1, 0x53, 0x0f, 0x1c, 0xad, 
    0xf3, 0x70, 0xe9, 0xce, 0x85, 0x3f, 0xab, 0x0e, 0x4d, 0x93, 0xf4, 0xeb, 0xb8, 
    0xa7, 0xd5, 0xce, 0xbe, 0x4c, 0xf8, 0xed, 0xed, 0xac, 0x72, 0x09, 0xef, 0xc6, 
    0xdc, 0xdb, 0xf6, 0xef, 0xab, 0x91, 0x85, 0x0f, 0x77, 0x5c, 0xdc, 0xf0, 0x71, 
    0xb3, 0xc9, 0x19, 0x2f, 0x17, 0x5c, 0x9b, 0xe8, 0xf3, 0xc8, 0x8b, 0x75, 0x4f, 
    0x0f, 0xcc, 0xda, 0xf9, 0x6d, 0xc5, 0xd9, 0xb7, 0x33, 0xff, 0xcf, 0xab, 0xf7, 
    0x37, 0xf6, 0xf0, 0xe2, 0xa9, 0x93, 0xdf, 0x3c, 0x19, 0x3c, 0xfa, 0xf4, 0x76, 
    0xbb, 0xfb, 0x46, 0xec, 0xfe, 0x3d, 0x7c, 0xb6, 0xf2, 0x8d, 0x9b, 0x16, 0x2a, 
    0xfb, 0x3e, 0xfe, 0xfa, 0xad, 0x31, 0x55, 0xd3, 0x50, 0x2e, 0xf9, 0xf7, 0xdf, 
    0x50, 0x08, 0x26, 0xa8, 0x97, 0x65, 0x06, 0xae, 0x35, 0xa0, 0x82, 0x10, 0x3a, 
    0xc5, 0x60, 0x83, 0x5f, 0xe5, 0xb7, 0x60, 0x6b, 0x10, 0xf6, 0x47, 0x61, 0x85, 
    0xeb, 0x11, 0xa8, 0x54, 0x82, 0x1a, 0x6e, 0x18, 0x95, 0x85, 0x68, 0x61, 0x98, 
    0x21, 0x6a, 0x22, 0x56, 0x08, 0x20, 0x86, 0x5b, 0xad, 0x18, 0x60, 0x8a, 0x60, 
    0xb9, 0x68, 0xd8, 0x83, 0x1e, 0xc2, 0x18, 0xa3, 0x8b, 0x2d, 0x9e, 0x27, 0xa1, 
    0x8d, 0x1c, 0xea, 0x88, 0x16, 0x8d, 0xfc, 0xa1, 0xc8, 0x23, 0x54, 0x24, 0x46, 
    0xa8, 0x97, 0x90, 0x43, 0x86, 0xd5, 0x21, 0x7f, 0x4d, 0x81, 0x88, 0x64, 0x92, 
    0x3f, 0x59, 0xf8, 0x90, 0x56, 0x40, 0xce, 0xf5, 0x24, 0x94, 0x3d, 0xe5, 0xd7, 
    0x10, 0x7d, 0xe7, 0x85, 0x88, 0xa5, 0x4c, 0xf2, 0x6d, 0xd9, 0x1e, 0x76, 0x5e, 
    0x7e, 0x09, 0x53, 0x77, 0x62, 0x72, 0xe6, 0xd9, 0x95, 0x66, 0xbe, 0x84, 0xa6, 
    0x79, 0x7f, 0x4d, 0xd8, 0xa6, 0x9b, 0xeb, 0xa5, 0x59, 0x5a, 0x70, 0x6c, 0xce, 
    0x59, 0xd2, 0x83, 0xae, 0x7d, 0xf7, 0xa3, 0x9e, 0x60, 0x26, 0x77, 0x9d, 0x53, 
    0x80, 0xb6, 0x25, 0xe8, 0x71, 0xc9, 0xc9, 0x59, 0xe8, 0x48, 0x9e, 0x0d, 0x8a, 
    0xd6, 0xa2, 0x27, 0xd1, 0xd8, 0xe7, 0x6b, 0x89, 0x2a, 0x0a, 0x69, 0x45, 0x6f, 
    0x22, 0x1a, 0xe7, 0xa5, 0x24, 0xa1, 0x39, 0xe9, 0x98, 0x9b, 0x72, 0x3a, 0xd8, 
    0x92, 0x9f, 0xd2, 0x77, 0xa4, 0xa5, 0xa2, 0x2e, 0x14, 0x66, 0xa9, 0x89, 0x91, 
    0x99, 0x67, 0xaa, 0x1a, 0xb9, 0xf1, 0x67, 0x67, 0x5c, 0x5d, 0x6a, 0x07, 0xeb, 
    0x44, 0x00, 0xce, 0x0a, 0x9c, 0x8f, 0xb6, 0xde, 0x1a, 0xab, 0x8f, 0x01, 0xba, 
    0xd6, 0xa4, 0x87, 0xa8, 0xfa, 0x4a, 0x50, 0x91, 0x3f, 0xca, 0x68, 0x9f, 0xb1, 
    0x0c, 0x29, 0x6b, 0xe4, 0x8e, 0xcc, 0xc6, 0xfa, 0xec, 0xb4, 0x86, 0x45, 0x9b, 
    0x99, 0xb3, 0xd4, 0xce, 0x68, 0xad, 0x68, 0x4b, 0x32, 0xb9, 0xd2, 0x89, 0xc5, 
    0x1a, 0x0b, 0x99, 0x82, 0xa5, 0x02, 0xdb, 0xda, 0xab, 0xcc, 0x56, 0xe7, 0x21, 
    0xad, 0x4e, 0xf6, 0xba, 0x2d, 0x00, 0x45, 0xea, 0x0a, 0x5d, 0xbb, 0xef, 0x72, 
    0x0b, 0xac, 0xbc, 0x2b, 0x96, 0xf9, 0xee, 0x87, 0x3f, 0xd2, 0x5a, 0x6b, 0x81, 
    0xf5, 0x1e, 0xcb, 0xaf, 0x43, 0xfe, 0x4a, 0x08, 0x70, 0xc0, 0xa2, 0xa9, 0x04, 
    0x2f, 0xc1, 0x4f, 0xad, 0x84, 0xb0, 0x9b, 0xee, 0x3e, 0x2c, 0xf1, 0xc4, 0x14, 
    0x57, 0x6c, 0xf1, 0xc5, 0x18, 0x67, 0xac, 0xf1, 0xc6, 0x1c, 0x77, 0xec, 0xf1, 
    0xc7, 0x13, 0x17, 0xa0, 0xc0, 0xc8, 0x24, 0x97, 0x6c, 0xf2, 0xc9, 0x28, 0xa7, 
    0xac, 0xf2, 0xca, 0x2c, 0xb7, 0xec, 0xf2, 0xcb, 0x30, 0xc7, 0x4c, 0xf2, 0x00, 
    0x06, 0x64, 0x6b, 0xf3, 0xcd, 0x38, 0xe7, 0xac, 0xb3, 0xce, 0x04, 0xd4, 0xbc, 
    0xf3, 0xcf, 0x40, 0x07, 0x2d, 0xb4, 0x91, 0x3d, 0x0f, 0x6d, 0xf4, 0xd1, 0x48, 
    0xe7, 0x5c, 0x74, 0xd2, 0x4c, 0x37, 0xed, 0x34, 0x4e, 0x4b, 0x3f, 0x2d, 0xf5, 
    0xd4, 0x41, 0x47, 0x4d, 0xf5, 0xd5, 0x58, 0x53, 0x6b, 0x75, 0xd6, 0x5c, 0x77, 
    0x2d, 0xd4, 0xd6, 0x5e, 0x87, 0xcd, 0x35, 0x01, 0x02, 0x08, 0x68, 0xf6, 0xd9, 
    0x68, 0xa7, 0xad, 0xf6, 0xda, 0x6c, 0xb7, 0xed, 0xf6, 0x43, 0x01, 0x04, 0x04, 
    0x00, 0x21, 0xf9, 0x04, 0x09, 0x04, 0x00, 0x00, 0x00, 0x2c, 0x07, 0x00, 0x18, 
    0x00, 0x8d, 0x00, 0x5c, 0x00, 0x87, 0x00, 0x00, 0x00, 0x12, 0x04, 0x05, 0x16, 
    0x06, 0x06, 0x2d, 0x0b, 0x0b, 0x31, 0x0c, 0x0d, 0x38, 0x0d, 0x0e, 0x3c, 0x0f, 
    0x0f, 0x48, 0x12, 0x12, 0x58, 0x16, 0x16, 0x8b, 0x22, 0x23, 0xb5, 0x2d, 0x2e, 
    0xc0, 0x2f, 0x30, 0x00, 0x00, 0x00, 0x00, 0x00, 0x00, 0x00, 0x00, 0x00, 0x00, 
    0x00, 0x00, 0x00, 0x00, 0x00, 0x00, 0x00, 0x00, 0x00, 0x00, 0x00, 0x00, 0x00, 
    0x00, 0x00, 0x00, 0x00, 0x00, 0x00, 0x00, 0x00, 0x00, 0x00, 0x00, 0x00, 0x00, 
    0x00, 0x00, 0x00, 0x00, 0x00, 0x00, 0x00, 0x00, 0x00, 0x00, 0x00, 0x00, 0x00, 
    0x00, 0x00, 0x00, 0x00, 0x00, 0x00, 0x00, 0x00, 0x00, 0x00, 0x00, 0x00, 0x00, 
    0x00, 0x00, 0x00, 0x00, 0x00, 0x00, 0x00, 0x00, 0x00, 0x00, 0x00, 0x00, 0x00, 
    0x00, 0x00, 0x00, 0x00, 0x00, 0x00, 0x00, 0x00, 0x00, 0x00, 0x00, 0x00, 0x00, 
    0x00, 0x00, 0x00, 0x00, 0x00, 0x00, 0x00, 0x00, 0x00, 0x00, 0x00, 0x00, 0x00, 
    0x00, 0x00, 0x00, 0x00, 0x00, 0x00, 0x00, 0x00, 0x00, 0x00, 0x00, 0x00, 0x00, 
    0x00, 0x00, 0x00, 0x00, 0x00, 0x00, 0x00, 0x00, 0x00, 0x00, 0x00, 0x00, 0x00, 
    0x00, 0x00, 0x00, 0x00, 0x00, 0x00, 0x00, 0x00, 0x00, 0x00, 0x00, 0x00, 0x00, 
    0x00, 0x00, 0x00, 0x00, 0x00, 0x00, 0x00, 0x00, 0x00, 0x00, 0x00, 0x00, 0x00, 
    0x00, 0x00, 0x00, 0x00, 0x00, 0x00, 0x00, 0x00, 0x00, 0x00, 0x00, 0x00, 0x00, 
    0x00, 0x00, 0x00, 0x00, 0x00, 0x00, 0x00, 0x00, 0x00, 0x00, 0x00, 0x00, 0x00, 
    0x00, 0x00, 0x00, 0x00, 0x00, 0x00, 0x00, 0x00, 0x00, 0x00, 0x00, 0x00, 0x00, 
    0x00, 0x00, 0x00, 0x00, 0x00, 0x00, 0x00, 0x00, 0x00, 0x00, 0x00, 0x00, 0x00, 
    0x00, 0x00, 0x00, 0x00, 0x00, 0x00, 0x00, 0x00, 0x00, 0x00, 0x00, 0x00, 0x00, 
    0x00, 0x00, 0x00, 0x00, 0x00, 0x00, 0x00, 0x00, 0x00, 0x00, 0x00, 0x00, 0x00, 
    0x00, 0x00, 0x00, 0x00, 0x00, 0x00, 0x00, 0x00, 0x00, 0x00, 0x00, 0x00, 0x00, 
    0x00, 0x00, 0x00, 0x00, 0x00, 0x00, 0x00, 0x00, 0x00, 0x00, 0x00, 0x00, 0x00, 
    0x00, 0x00, 0x00, 0x00, 0x00, 0x00, 0x00, 0x00, 0x00, 0x00, 0x00, 0x00, 0x00, 
    0x00, 0x00, 0x00, 0x00, 0x00, 0x00, 0x00, 0x00, 0x00, 0x00, 0x00, 0x00, 0x00, 
    0x00, 0x00, 0x00, 0x00, 0x00, 0x00, 0x00, 0x00, 0x00, 0x00, 0x00, 0x00, 0x00, 
    0x00, 0x00, 0x00, 0x00, 0x00, 0x00, 0x00, 0x00, 0x00, 0x00, 0x00, 0x00, 0x00, 
    0x00, 0x00, 0x00, 0x00, 0x00, 0x00, 0x00, 0x00, 0x00, 0x00, 0x00, 0x00, 0x00, 
    0x00, 0x00, 0x00, 0x00, 0x00, 0x00, 0x00, 0x00, 0x00, 0x00, 0x00, 0x00, 0x00, 
    0x00, 0x00, 0x00, 0x00, 0x00, 0x00, 0x00, 0x00, 0x00, 0x00, 0x00, 0x00, 0x00, 
    0x00, 0x00, 0x00, 0x00, 0x00, 0x00, 0x00, 0x00, 0x00, 0x00, 0x00, 0x00, 0x00, 
    0x00, 0x00, 0x00, 0x00, 0x00, 0x00, 0x00, 0x00, 0x00, 0x00, 0x00, 0x00, 0x00, 
    0x00, 0x00, 0x00, 0x00, 0x00, 0x00, 0x00, 0x00, 0x00, 0x00, 0x00, 0x00, 0x00, 
    0x00, 0x00, 0x00, 0x00, 0x00, 0x00, 0x00, 0x00, 0x00, 0x00, 0x00, 0x00, 0x00, 
    0x00, 0x00, 0x00, 0x00, 0x00, 0x00, 0x00, 0x00, 0x00, 0x00, 0x00, 0x00, 0x00, 
    0x00, 0x00, 0x00, 0x00, 0x00, 0x00, 0x00, 0x00, 0x00, 0x00, 0x00, 0x00, 0x00, 
    0x00, 0x00, 0x00, 0x00, 0x00, 0x00, 0x00, 0x00, 0x00, 0x00, 0x00, 0x00, 0x00, 
    0x00, 0x00, 0x00, 0x00, 0x00, 0x00, 0x00, 0x00, 0x00, 0x00, 0x00, 0x00, 0x00, 
    0x00, 0x00, 0x00, 0x00, 0x00, 0x00, 0x00, 0x00, 0x00, 0x00, 0x00, 0x00, 0x00, 
    0x00, 0x00, 0x00, 0x00, 0x00, 0x00, 0x00, 0x00, 0x00, 0x00, 0x00, 0x00, 0x00, 
    0x00, 0x00, 0x00, 0x00, 0x00, 0x00, 0x00, 0x00, 0x00, 0x00, 0x00, 0x00, 0x00, 
    0x00, 0x00, 0x00, 0x00, 0x00, 0x00, 0x00, 0x00, 0x00, 0x00, 0x00, 0x00, 0x00, 
    0x00, 0x00, 0x00, 0x00, 0x00, 0x00, 0x00, 0x00, 0x00, 0x00, 0x00, 0x00, 0x00, 
    0x00, 0x00, 0x00, 0x00, 0x00, 0x00, 0x00, 0x00, 0x00, 0x00, 0x00, 0x00, 0x00, 
    0x00, 0x00, 0x00, 0x00, 0x00, 0x00, 0x00, 0x00, 0x00, 0x00, 0x00, 0x00, 0x00, 
    0x00, 0x00, 0x00, 0x00, 0x00, 0x00, 0x00, 0x00, 0x00, 0x00, 0x00, 0x00, 0x00, 
    0x00, 0x00, 0x00, 0x00, 0x00, 0x00, 0x00, 0x00, 0x00, 0x00, 0x00, 0x00, 0x00, 
    0x00, 0x00, 0x00, 0x00, 0x00, 0x00, 0x00, 0x00, 0x00, 0x00, 0x00, 0x00, 0x00, 
    0x00, 0x00, 0x00, 0x00, 0x00, 0x00, 0x00, 0x00, 0x00, 0x00, 0x00, 0x00, 0x00, 
    0x00, 0x00, 0x00, 0x00, 0x00, 0x00, 0x00, 0x00, 0x00, 0x00, 0x00, 0x00, 0x00, 
    0x00, 0x00, 0x00, 0x00, 0x00, 0x00, 0x00, 0x00, 0x00, 0x00, 0x00, 0x00, 0x00, 
    0x00, 0x00, 0x00, 0x00, 0x00, 0x00, 0x00, 0x00, 0x00, 0x00, 0x00, 0x00, 0x00, 
    0x00, 0x00, 0x00, 0x00, 0x00, 0x00, 0x00, 0x00, 0x00, 0x00, 0x00, 0x00, 0x00, 
    0x00, 0x00, 0x00, 0x00, 0x00, 0x00, 0x00, 0x00, 0x00, 0x00, 0x00, 0x00, 0x00, 
    0x00, 0x00, 0x00, 0x00, 0x00, 0x00, 0x00, 0x00, 0x00, 0x00, 0x00, 0x00, 0x00, 
    0x00, 0x00, 0x00, 0x00, 0x00, 0x00, 0x00, 0x00, 0x00, 0x00, 0x00, 0x00, 0x00, 
    0x00, 0x00, 0x00, 0x00, 0x00, 0x00, 0x00, 0x00, 0x00, 0x00, 0x00, 0x00, 0x00, 
    0x00, 0x00, 0x00, 0x00, 0x00, 0x00, 0x00, 0x00, 0x00, 0x00, 0x00, 0x00, 0x00, 
    0x00, 0x00, 0x00, 0x00, 0x00, 0x00, 0x00, 0x00, 0x00, 0x00, 0x00, 0x00, 0x00, 
    0x00, 0x00, 0x00, 0x00, 0x00, 0x00, 0x00, 0x08, 0xff, 0x00, 0x01, 0x08, 0x1c, 
    0x48, 0xb0, 0xa0, 0xc1, 0x83, 0x08, 0x13, 0x2a, 0x44, 0x78, 0xa0, 0xa1, 0xc3, 
    0x87, 0x0e, 0x17, 0x4a, 0x9c, 0x48, 0xb1, 0xa2, 0xc5, 0x8b, 0x18, 0x15, 0x3a, 
    0x4c, 0xc0, 0x91, 0xe3, 0x81, 0x8e, 0x1e, 0x1b, 0x66, 0x1c, 0x49, 0xb2, 0xa4, 
    0xc9, 0x8b, 0x1b, 0x21, 0xaa, 0x6c, 0x98, 0x20, 0xe2, 0xc9, 0x97, 0x30, 0x63, 
    0x5a, 0x64, 0xe9, 0x70, 0x81, 0xcd, 0x9b, 0x38, 0x17, 0xa4, 0x3c, 0x20, 0xb3, 
    0xa7, 0x4f, 0x9f, 0x10, 0x73, 0x0a, 0xc5, 0x09, 0xf1, 0xa7, 0xd1, 0xa3, 0x18, 
    0x83, 0xde, 0x5c, 0xf9, 0x90, 0xe8, 0x43, 0xa4, 0x50, 0xa3, 0x1a, 0xa4, 0x79, 
    0xc0, 0x29, 0x82, 0xab, 0x58, 0xb1, 0x36, 0x74, 0xda, 0x92, 0xa7, 0xd4, 0xaf, 
    0x47, 0xa9, 0x5a, 0xcd, 0x4a, 0x16, 0xc1, 0xd6, 0xa5, 0x1f, 0x45, 0x82, 0x5d, 
    0x1b, 0x53, 0x2c, 0xda, 0xb2, 0x70, 0xcf, 0xda, 0xa4, 0xca, 0xb6, 0xae, 0xc9, 
    0x8f, 0x2d, 0x73, 0x1e, 0x80, 0xcb, 0xb7, 0x2a, 0x51, 0x8f, 0x76, 0x03, 0x67, 
    0xc4, 0xeb, 0x77, 0xee, 0x5e, 0xbe, 0x65, 0xe5, 0xea, 0x04, 0x2c, 0xb8, 0x31, 
    0xc5, 0xb4, 0x85, 0x75, 0x22, 0xee, 0xcb, 0xd5, 0xab, 0xe3, 0xcb, 0x09, 0xd3, 
    0x8e, 0x9d, 0x4c, 0x56, 0x71, 0x5a, 0xcc, 0xa0, 0x0f, 0x6a, 0x5e, 0xca, 0x99, 
    0xf2, 0xd2, 0x96, 0xa1, 0x53, 0x0f, 0x1c, 0xad, 0xf3, 0x70, 0xe9, 0xce, 0x85, 
    0x3f, 0xab, 0x0e, 0x4d, 0x93, 0xf4, 0xeb, 0xb8, 0xa7, 0xd5, 0xce, 0xbe, 0x4c, 
    0xf8, 0xed, 0xed, 0xac, 0x72, 0x09, 0xef, 0xc6, 0xdc, 0xdb, 0xf6, 0xef, 0xab, 
    0x91, 0x85, 0x0f, 0x77, 0x5c, 0xdc, 0xf0, 0x71, 0xb3, 0xc9, 0x19, 0x2f, 0x17, 
    0x5c, 0x9b, 0xe8, 0xf3, 0xc8, 0x8b, 0x75, 0x4f, 0x0f, 0xcc, 0xda, 0xf9, 0x6d, 
    0xc5, 0xd9, 0xb7, 0x33, 0xff, 0xcf, 0xab, 0xf7, 0x37, 0xf6, 0xf0, 0xe2, 0xa9, 
    0x93, 0xdf, 0x3c, 0x19, 0x3c, 0xfa, 0xf4, 0x76, 0xbb, 0xfb, 0x46, 0xec, 0xfe, 
    0x3d, 0x7c, 0xb6, 0xf2, 0x8d, 0x9b, 0x16, 0x2a, 0xfb, 0x3e, 0xfe, 0xfa, 0xad, 
    0x31, 0x55, 0xd3, 0x50, 0x2e, 0xf9, 0xf7, 0xdf, 0x50, 0x08, 0x26, 0xa8, 0x97, 
    0x65, 0x06, 0xae, 0x35, 0xa0, 0x82, 0x10, 0x3a, 0xc5, 0x60, 0x83, 0x5f, 0xe5, 
    0xb7, 0x60, 0x6b, 0x10, 0xf6, 0x47, 0x61, 0x85, 0xeb, 0x11, 0xa8, 0x54, 0x82, 
    0x1a, 0x6e, 0x18, 0x95, 0x85, 0x68, 0x61, 0x98, 0x21, 0x6a, 0x22, 0x56, 0x08, 
    0x20, 0x86, 0x5b, 0xad, 0x18, 0x60, 0x8a, 0x60, 0xb9, 0x68, 0xd8, 0x83, 0x1e, 
    0xc2, 0x18, 0xa3, 0x8b, 0x2d, 0x9e, 0x27, 0xa1, 0x8d, 0x1c, 0xea, 0x88, 0x16, 
    0x8d, 0xfc, 0xa1, 0xc8, 0x23, 0x54, 0x24, 0x46, 0xa8, 0x97, 0x90, 0x43, 0x86, 
    0xd5, 0x21, 0x7f, 0x4d, 0x81, 0x88, 0x64, 0x92, 0x3f, 0x59, 0xf8, 0x90, 0x56, 
    0x40, 0xce, 0xf5, 0x24, 0x94, 0x3d, 0xe5, 0xd7, 0x10, 0x7d, 0xe7, 0x85, 0x88, 
    0xa5, 0x4c, 0xf2, 0x6d, 0xd9, 0x1e, 0x76, 0x5e, 0x7e, 0x09, 0x53, 0x77, 0x62, 
    0x72, 0xe6, 0xd9, 0x95, 0x66, 0xbe, 0x84, 0xa6, 0x79, 0x7f, 0x4d, 0xd8, 0xa6, 
    0x9b, 0xeb, 0xa5, 0x59, 0x5a, 0x70, 0x6c, 0xce, 0x59, 0xd2, 0x83, 0xae, 0x7d, 
    0xf7, 0xa3, 0x9e, 0x60, 0x26, 0x77, 0x9d, 0x53, 0x80, 0xb6, 0x25, 0xe8, 0x71, 
    0xc9, 0xc9, 0x59, 0xe8, 0x48, 0x9e, 0x0d, 0x8a, 0xd6, 0xa2, 0x27, 0xd1, 0xd8, 
    0xe7, 0x6b, 0x89, 0x2a, 0x0a, 0x69, 0x45, 0x6f, 0x22, 0x1a, 0xe7, 0xa5, 0x24, 
    0xa1, 0x39, 0xe9, 0x98, 0x9b, 0x72, 0x3a, 0xd8, 0x92, 0x9f, 0xd2, 0x77, 0xa4, 
    0xa5, 0xa2, 0x2e, 0x14, 0x66, 0xa9, 0x89, 0x91, 0x99, 0x67, 0xaa, 0x1a, 0xb9, 
    0xf5, 0x67, 0x67, 0x5c, 0x5d, 0x6a, 0x07, 0xeb, 0x44, 0x00, 0xce, 0x0a, 0x9c, 
    0x8f, 0xb6, 0xde, 0x1a, 0xab, 0x8f, 0x01, 0xba, 0xd6, 0xa4, 0x87, 0xa8, 0xfa, 
    0x4a, 0x50, 0x91, 0x3f, 0xca, 0x68, 0x9f, 0xb1, 0x0c, 0x29, 0x6b, 0xe4, 0x8e, 
    0xcc, 0xc6, 0xfa, 0xec, 0xb4, 0x86, 0x45, 0x9b, 0x99, 0xb3, 0xd4, 0xce, 0x68, 
    0xad, 0x68, 0x4b, 0x32, 0xb9, 0xd2, 0x89, 0xc5, 0x1a, 0x0b, 0x99, 0x82, 0xa5, 
    0x02, 0xdb, 0xda, 0xab, 0xcc, 0x56, 0xe7, 0x21, 0xad, 0x4e, 0xf6, 0xba, 0x2d, 
    0x00, 0x45, 0xea, 0x0a, 0x5d, 0xbb, 0xef, 0x72, 0x0b, 0xac, 0xbc, 0x2b, 0x96, 
    0xf9, 0xee, 0x87, 0x3f, 0xd2, 0x5a, 0x6b, 0x81, 0xf5, 0x1e, 0xcb, 0xaf, 0x43, 
    0xfe, 0x4a, 0x08, 0x70, 0xc0, 0xa2, 0xa9, 0x04, 0x2f, 0xc1, 0x4f, 0xad, 0x84, 
    0xb0, 0x9b, 0xee, 0x3e, 0x2c, 0xf1, 0xc4, 0x14, 0x57, 0x6c, 0xf1, 0xc5, 0x18, 
    0x67, 0xac, 0xf1, 0xc6, 0x1c, 0x77, 0xec, 0xf1, 0xc7, 0x20, 0x87, 0x2c, 0xb2, 
    0x4f, 0x05, 0x28, 0x60, 0xf2, 0xc9, 0x28, 0xa7, 0xac, 0xf2, 0xca, 0x2c, 0xb7, 
    0xec, 0xf2, 0xcb, 0x30, 0xc7, 0x2c, 0xf3, 0xcc, 0x34, 0x9f, 0x3c, 0x80, 0x01, 
    0xd9, 0xe6, 0xac, 0xf3, 0xce, 0x3c, 0xf7, 0xdc, 0x33, 0x01, 0x38, 0xfb, 0x2c, 
    0xf4, 0xd0, 0x44, 0x17, 0x6d, 0x24, 0xd0, 0x46, 0x27, 0xad, 0xf4, 0xd2, 0x3c, 
    0x23, 0xcd, 0xf4, 0xd3, 0x50, 0x47, 0x8d, 0x93, 0xd3, 0x52, 0x57, 0x6d, 0x35, 
    0xd1, 0x54, 0x5f, 0xad, 0xf5, 0xd6, 0xd4, 0x66, 0xcd, 0xf5, 0xd7, 0x60, 0x0b, 
    0xe5, 0x75, 0xd8, 0x64, 0x7f, 0x4d, 0x80, 0x00, 0x02, 0xa6, 0xad, 0xf6, 0xda, 
    0x6c, 0xb7, 0xed, 0xf6, 0xdb, 0x70, 0xc7, 0xfd, 0x50, 0x00, 0x01, 0x01, 0x00, 
    0x21, 0xf9, 0x04, 0x09, 0x04, 0x00, 0x00, 0x00, 0x2c, 0x07, 0x00, 0x16, 0x00, 
    0x8d, 0x00, 0x5e, 0x00, 0x87, 0x00, 0x00, 0x00, 0x12, 0x04, 0x05, 0x16, 0x06, 
    0x06, 0x2d, 0x0b, 0x0b, 0x31, 0x0c, 0x0d, 0x38, 0x0d, 0x0e, 0x3c, 0x0f, 0x0f, 
    0x48, 0x12, 0x12, 0x58, 0x16, 0x16, 0x8b, 0x22, 0x23, 0xb5, 0x2d, 0x2e, 0xc0, 
    0x2f, 0x30, 0x00, 0x00, 0x00, 0x00, 0x00, 0x00, 0x00, 0x00, 0x00, 0x00, 0x00, 
    0x00, 0x00, 0x00, 0x00, 0x00, 0x00, 0x00, 0x00, 0x00, 0x00, 0x00, 0x00, 0x00, 
    0x00, 0x00, 0x00, 0x00, 0x00, 0x00, 0x00, 0x00, 0x00, 0x00, 0x00, 0x00, 0x00, 
    0x00, 0x00, 0x00, 0x00, 0x00, 0x00, 0x00, 0x00, 0x00, 0x00, 0x00, 0x00, 0x00, 
    0x00, 0x00, 0x00, 0x00, 0x00, 0x00, 0x00, 0x00, 0x00, 0x00, 0x00, 0x00, 0x00, 
    0x00, 0x00, 0x00, 0x00, 0x00, 0x00, 0x00, 0x00, 0x00, 0x00, 0x00, 0x00, 0x00, 
    0x00, 0x00, 0x00, 0x00, 0x00, 0x00, 0x00, 0x00, 0x00, 0x00, 0x00, 0x00, 0x00, 
    0x00, 0x00, 0x00, 0x00, 0x00, 0x00, 0x00, 0x00, 0x00, 0x00, 0x00, 0x00, 0x00, 
    0x00, 0x00, 0x00, 0x00, 0x00, 0x00, 0x00, 0x00, 0x00, 0x00, 0x00, 0x00, 0x00, 
    0x00, 0x00, 0x00, 0x00, 0x00, 0x00, 0x00, 0x00, 0x00, 0x00, 0x00, 0x00, 0x00, 
    0x00, 0x00, 0x00, 0x00, 0x00, 0x00, 0x00, 0x00, 0x00, 0x00, 0x00, 0x00, 0x00, 
    0x00, 0x00, 0x00, 0x00, 0x00, 0x00, 0x00, 0x00, 0x00, 0x00, 0x00, 0x00, 0x00, 
    0x00, 0x00, 0x00, 0x00, 0x00, 0x00, 0x00, 0x00, 0x00, 0x00, 0x00, 0x00, 0x00, 
    0x00, 0x00, 0x00, 0x00, 0x00, 0x00, 0x00, 0x00, 0x00, 0x00, 0x00, 0x00, 0x00, 
    0x00, 0x00, 0x00, 0x00, 0x00, 0x00, 0x00, 0x00, 0x00, 0x00, 0x00, 0x00, 0x00, 
    0x00, 0x00, 0x00, 0x00, 0x00, 0x00, 0x00, 0x00, 0x00, 0x00, 0x00, 0x00, 0x00, 
    0x00, 0x00, 0x00, 0x00, 0x00, 0x00, 0x00, 0x00, 0x00, 0x00, 0x00, 0x00, 0x00, 
    0x00, 0x00, 0x00, 0x00, 0x00, 0x00, 0x00, 0x00, 0x00, 0x00, 0x00, 0x00, 0x00, 
    0x00, 0x00, 0x00, 0x00, 0x00, 0x00, 0x00, 0x00, 0x00, 0x00, 0x00, 0x00, 0x00, 
    0x00, 0x00, 0x00, 0x00, 0x00, 0x00, 0x00, 0x00, 0x00, 0x00, 0x00, 0x00, 0x00, 
    0x00, 0x00, 0x00, 0x00, 0x00, 0x00, 0x00, 0x00, 0x00, 0x00, 0x00, 0x00, 0x00, 
    0x00, 0x00, 0x00, 0x00, 0x00, 0x00, 0x00, 0x00, 0x00, 0x00, 0x00, 0x00, 0x00, 
    0x00, 0x00, 0x00, 0x00, 0x00, 0x00, 0x00, 0x00, 0x00, 0x00, 0x00, 0x00, 0x00, 
    0x00, 0x00, 0x00, 0x00, 0x00, 0x00, 0x00, 0x00, 0x00, 0x00, 0x00, 0x00, 0x00, 
    0x00, 0x00, 0x00, 0x00, 0x00, 0x00, 0x00, 0x00, 0x00, 0x00, 0x00, 0x00, 0x00, 
    0x00, 0x00, 0x00, 0x00, 0x00, 0x00, 0x00, 0x00, 0x00, 0x00, 0x00, 0x00, 0x00, 
    0x00, 0x00, 0x00, 0x00, 0x00, 0x00, 0x00, 0x00, 0x00, 0x00, 0x00, 0x00, 0x00, 
    0x00, 0x00, 0x00, 0x00, 0x00, 0x00, 0x00, 0x00, 0x00, 0x00, 0x00, 0x00, 0x00, 
    0x00, 0x00, 0x00, 0x00, 0x00, 0x00, 0x00, 0x00, 0x00, 0x00, 0x00, 0x00, 0x00, 
    0x00, 0x00, 0x00, 0x00, 0x00, 0x00, 0x00, 0x00, 0x00, 0x00, 0x00, 0x00, 0x00, 
    0x00, 0x00, 0x00, 0x00, 0x00, 0x00, 0x00, 0x00, 0x00, 0x00, 0x00, 0x00, 0x00, 
    0x00, 0x00, 0x00, 0x00, 0x00, 0x00, 0x00, 0x00, 0x00, 0x00, 0x00, 0x00, 0x00, 
    0x00, 0x00, 0x00, 0x00, 0x00, 0x00, 0x00, 0x00, 0x00, 0x00, 0x00, 0x00, 0x00, 
    0x00, 0x00, 0x00, 0x00, 0x00, 0x00, 0x00, 0x00, 0x00, 0x00, 0x00, 0x00, 0x00, 
    0x00, 0x00, 0x00, 0x00, 0x00, 0x00, 0x00, 0x00, 0x00, 0x00, 0x00, 0x00, 0x00, 
    0x00, 0x00, 0x00, 0x00, 0x00, 0x00, 0x00, 0x00, 0x00, 0x00, 0x00, 0x00, 0x00, 
    0x00, 0x00, 0x00, 0x00, 0x00, 0x00, 0x00, 0x00, 0x00, 0x00, 0x00, 0x00, 0x00, 
    0x00, 0x00, 0x00, 0x00, 0x00, 0x00, 0x00, 0x00, 0x00, 0x00, 0x00, 0x00, 0x00, 
    0x00, 0x00, 0x00, 0x00, 0x00, 0x00, 0x00, 0x00, 0x00, 0x00, 0x00, 0x00, 0x00, 
    0x00, 0x00, 0x00, 0x00, 0x00, 0x00, 0x00, 0x00, 0x00, 0x00, 0x00, 0x00, 0x00, 
    0x00, 0x00, 0x00, 0x00, 0x00, 0x00, 0x00, 0x00, 0x00, 0x00, 0x00, 0x00, 0x00, 
    0x00, 0x00, 0x00, 0x00, 0x00, 0x00, 0x00, 0x00, 0x00, 0x00, 0x00, 0x00, 0x00, 
    0x00, 0x00, 0x00, 0x00, 0x00, 0x00, 0x00, 0x00, 0x00, 0x00, 0x00, 0x00, 0x00, 
    0x00, 0x00, 0x00, 0x00, 0x00, 0x00, 0x00, 0x00, 0x00, 0x00, 0x00, 0x00, 0x00, 
    0x00, 0x00, 0x00, 0x00, 0x00, 0x00, 0x00, 0x00, 0x00, 0x00, 0x00, 0x00, 0x00, 
    0x00, 0x00, 0x00, 0x00, 0x00, 0x00, 0x00, 0x00, 0x00, 0x00, 0x00, 0x00, 0x00, 
    0x00, 0x00, 0x00, 0x00, 0x00, 0x00, 0x00, 0x00, 0x00, 0x00, 0x00, 0x00, 0x00, 
    0x00, 0x00, 0x00, 0x00, 0x00, 0x00, 0x00, 0x00, 0x00, 0x00, 0x00, 0x00, 0x00, 
    0x00, 0x00, 0x00, 0x00, 0x00, 0x00, 0x00, 0x00, 0x00, 0x00, 0x00, 0x00, 0x00, 
    0x00, 0x00, 0x00, 0x00, 0x00, 0x00, 0x00, 0x00, 0x00, 0x00, 0x00, 0x00, 0x00, 
    0x00, 0x00, 0x00, 0x00, 0x00, 0x00, 0x00, 0x00, 0x00, 0x00, 0x00, 0x00, 0x00, 
    0x00, 0x00, 0x00, 0x00, 0x00, 0x00, 0x00, 0x00, 0x00, 0x00, 0x00, 0x00, 0x00, 
    0x00, 0x00, 0x00, 0x00, 0x00, 0x00, 0x00, 0x00, 0x00, 0x00, 0x00, 0x00, 0x00, 
    0x00, 0x00, 0x00, 0x00, 0x00, 0x00, 0x00, 0x00, 0x00, 0x00, 0x00, 0x00, 0x00, 
    0x00, 0x00, 0x00, 0x00, 0x00, 0x00, 0x00, 0x00, 0x00, 0x00, 0x00, 0x00, 0x00, 
    0x00, 0x00, 0x00, 0x00, 0x00, 0x00, 0x00, 0x00, 0x00, 0x00, 0x00, 0x00, 0x00, 
    0x00, 0x00, 0x00, 0x00, 0x00, 0x00, 0x08, 0xff, 0x00, 0x01, 0x08, 0x1c, 0x48, 
    0xb0, 0xa0, 0xc1, 0x83, 0x08, 0x13, 0x2a, 0x44, 0x78, 0xa0, 0xa1, 0xc3, 0x87, 
    0x0e, 0x17, 0x4a, 0x9c, 0x48, 0xb1, 0xa2, 0xc5, 0x8b, 0x18, 0x15, 0x3a, 0x4c, 
    0xc0, 0x91, 0xe3, 0x81, 0x8e, 0x1e, 0x1b, 0x66, 0x1c, 0x49, 0xb2, 0xa4, 0xc9, 
    0x8b, 0x1b, 0x21, 0xaa, 0x6c, 0x98, 0x20, 0xe2, 0xc9, 0x97, 0x30, 0x63, 0x5a, 
    0x64, 0xe9, 0x70, 0x81, 0xcd, 0x9b, 0x38, 0x17, 0xa4, 0x3c, 0x20, 0xb3, 0xa7, 
    0x4f, 0x9f, 0x10, 0x73, 0x0a, 0xc5, 0x09, 0xf1, 0xa7, 0xd1, 0xa3, 0x18, 0x83, 
    0xde, 0x5c, 0xf9, 0x90, 0xe8, 0x43, 0xa4, 0x50, 0xa3, 0x1a, 0xa4, 0x79, 0xc0, 
    0x29, 0x82, 0xab, 0x58, 0xb1, 0x36, 0x74, 0xda, 0x92, 0xa7, 0xd4, 0xaf, 0x47, 
    0xa9, 0x5a, 0xcd, 0x4a, 0x16, 0xc1, 0xd6, 0xa5, 0x1f, 0x45, 0x82, 0x5d, 0x1b, 
    0x53, 0x2c, 0xda, 0xb2, 0x70, 0xcf, 0xda, 0xa4, 0xca, 0xb6, 0xae, 0xc9, 0x8f, 
    0x2d, 0x73, 0x1e, 0x80, 0xcb, 0xb7, 0x2a, 0x51, 0x8f, 0x76, 0x03, 0x67, 0xc4, 
    0xeb, 0x77, 0xee, 0x5e, 0xbe, 0x65, 0xe5, 0xea, 0x04, 0x2c, 0xb8, 0x31, 0xc5, 
    0xb4, 0x85, 0x75, 0x22, 0xee, 0xcb, 0xd5, 0xab, 0xe3, 0xcb, 0x09, 0xd3, 0x8e, 
    0x9d, 0x4c, 0x56, 0x71, 0x5a, 0xcc, 0xa0, 0x0f, 0x6a, 0x5e, 0xca, 0x99, 0xf2, 
    0xd2, 0x96, 0xa1, 0x53, 0x0f, 0x1c, 0xad, 0xf3, 0x70, 0xe9, 0xce, 0x85, 0x3f, 
    0xab, 0x0e, 0x4d, 0x93, 0xf4, 0xeb, 0xb8, 0xa7, 0xd5, 0xce, 0xbe, 0x4c, 0xf8, 
    0xed, 0xed, 0xac, 0x72, 0x09, 0xef, 0xc6, 0xdc, 0xdb, 0xf6, 0xef, 0xab, 0x91, 
    0x85, 0x0f, 0x77, 0x5c, 0xdc, 0xf0, 0x71, 0xb3, 0xc9, 0x19, 0x2f, 0x17, 0x5c, 
    0x9b, 0xe8, 0xf3, 0xc8, 0x8b, 0x75, 0x4f, 0x0f, 0xcc, 0xda, 0xf9, 0x6d, 0xc5, 
    0xd9, 0xb7, 0x33, 0xff, 0xcf, 0xab, 0xf7, 0x37, 0xf6, 0xf0, 0xe2, 0xa9, 0x93, 
    0xdf, 0x3c, 0x19, 0x3c, 0xfa, 0xf4, 0x76, 0xbb, 0xfb, 0x46, 0xec, 0xfe, 0x3d, 
    0x7c, 0xb6, 0xf2, 0x8d, 0x9b, 0x16, 0x2a, 0xfb, 0x3e, 0xfe, 0xfa, 0xad, 0x31, 
    0x55, 0xd3, 0x50, 0x2e, 0xf9, 0xf7, 0xdf, 0x50, 0x08, 0x26, 0xa8, 0x97, 0x65, 
    0x06, 0xae, 0x35, 0xa0, 0x82, 0x10, 0x3a, 0xc5, 0x60, 0x83, 0x5f, 0xe5, 0xb7, 
    0x60, 0x6b, 0x10, 0xf6, 0x47, 0x61, 0x85, 0xeb, 0x11, 0xa8, 0x54, 0x82, 0x1a, 
    0x6e, 0x18, 0x95, 0x85, 0x68, 0x61, 0x98, 0x21, 0x6a, 0x22, 0x56, 0x08, 0x20, 
    0x86, 0x5b, 0xad, 0x18, 0x60, 0x8a, 0x60, 0xb9, 0x68, 0xd8, 0x83, 0x1e, 0xc2, 
    0x18, 0xa3, 0x8b, 0x2d, 0x9e, 0x27, 0xa1, 0x8d, 0x1c, 0xea, 0x88, 0x16, 0x8d, 
    0xfc, 0xa1, 0xc8, 0x23, 0x54, 0x24, 0x46, 0xa8, 0x97, 0x90, 0x43, 0x86, 0xd5, 
    0x21, 0x7f, 0x4d, 0x81, 0x88, 0x64, 0x92, 0x3f, 0x59, 0xf8, 0x90, 0x56, 0x40, 
    0xce, 0xf5, 0x24, 0x94, 0x3d, 0xe5, 0xd7, 0x10, 0x7d, 0xe7, 0x85, 0x88, 0xa5, 
    0x4c, 0xf2, 0x6d, 0xd9, 0x1e, 0x76, 0x5e, 0x7e, 0x09, 0x53, 0x77, 0x62, 0x72, 
    0xe6, 0xd9, 0x95, 0x66, 0xbe, 0x84, 0xa6, 0x79, 0x7f, 0x4d, 0xd8, 0xa6, 0x9b, 
    0xeb, 0xa5, 0x59, 0x5a, 0x70, 0x6c, 0xce, 0x59, 0xd2, 0x83, 0xae, 0x7d, 0xf7, 
    0xa3, 0x9e, 0x60, 0x26, 0x77, 0x9d, 0x53, 0x80, 0xb6, 0x25, 0xe8, 0x71, 0xc9, 
    0xc9, 0x59, 0xe8, 0x48, 0x9e, 0x0d, 0x8a, 0xd6, 0xa2, 0x27, 0xd1, 0xd8, 0xe7, 
    0x6b, 0x89, 0x2a, 0x0a, 0x69, 0x45, 0x6f, 0x22, 0x1a, 0xe7, 0xa5, 0x24, 0xa1, 
    0x39, 0xe9, 0x98, 0x9b, 0x72, 0x3a, 0xd8, 0x92, 0x9f, 0xd2, 0x77, 0xa4, 0xa5, 
    0xa2, 0x2e, 0x14, 0x66, 0xa9, 0x89, 0x91, 0x99, 0x67, 0xaa, 0x1a, 0xb9, 0xf7, 
    0x67, 0x67, 0x5c, 0x5d, 0x6a, 0x07, 0xeb, 0x44, 0x00, 0xce, 0x0a, 0x9c, 0x8f, 
    0xb6, 0xde, 0x1a, 0xab, 0x8f, 0x01, 0xba, 0xd6, 0xa4, 0x87, 0xa8, 0xfa, 0x4a, 
    0x50, 0x91, 0x3f, 0xca, 0x68, 0x9f, 0xb1, 0x0c, 0x29, 0x6b, 0xe4, 0x8e, 0xcc, 
    0xc6, 0xfa, 0xec, 0xb4, 0x86, 0x45, 0x9b, 0x99, 0xb3, 0xd4, 0xce, 0x68, 0xad, 
    0x68, 0x4b, 0x32, 0xb9, 0xd2, 0x89, 0xc5, 0x1a, 0x0b, 0x99, 0x82, 0xa5, 0x02, 
    0xdb, 0xda, 0xab, 0xcc, 0x56, 0xe7, 0x21, 0xad, 0x4e, 0xf6, 0xba, 0x2d, 0x00, 
    0x45, 0xea, 0x0a, 0x5d, 0xbb, 0xef, 0x72, 0x0b, 0xac, 0xbc, 0x2b, 0x96, 0xf9, 
    0xee, 0x87, 0x3f, 0xd2, 0x5a, 0x6b, 0x81, 0xf5, 0x1e, 0xcb, 0xaf, 0x43, 0xfe, 
    0x4a, 0x08, 0x70, 0xc0, 0xa2, 0xa9, 0x04, 0x2f, 0xc1, 0x4f, 0xad, 0x84, 0xb0, 
    0x9b, 0xee, 0x3e, 0x2c, 0xf1, 0xc4, 0x14, 0x57, 0x6c, 0xf1, 0xc5, 0x18, 0x67, 
    0xac, 0xf1, 0xc6, 0x1c, 0x77, 0xec, 0xf1, 0xc7, 0x20, 0x87, 0x2c, 0xf2, 0xc8, 
    0x24, 0x8b, 0x58, 0x80, 0x02, 0x28, 0xa7, 0xac, 0xf2, 0xca, 0x2c, 0xb7, 0xec, 
    0xf2, 0xcb, 0x30, 0xc7, 0x2c, 0xf3, 0xcc, 0x34, 0xd7, 0x6c, 0x73, 0xca, 0x03, 
    0x18, 0x90, 0xed, 0xce, 0x3c, 0xf7, 0xec, 0xf3, 0xcf, 0x3f, 0x13, 0xa0, 0x33, 
    0xd0, 0x44, 0x17, 0x6d, 0xf4, 0xd1, 0x46, 0x0a, 0x8d, 0xf4, 0xd2, 0x4c, 0x37, 
    0xed, 0xb3, 0xd2, 0x4e, 0x47, 0x2d, 0xf5, 0xd4, 0x38, 0x41, 0x4d, 0xf5, 0xd5, 
    0x58, 0x1b, 0x6d, 0x75, 0xd6, 0x5c, 0x77, 0x4d, 0xed, 0xd6, 0x5e, 0x87, 0x2d, 
    0xb6, 0x50, 0x60, 0x8f, 0x6d, 0x76, 0xd8, 0x04, 0x08, 0x20, 0xe0, 0xda, 0x6c, 
    0xb7, 0xed, 0xf6, 0xdb, 0x70, 0xc7, 0x2d, 0xf7, 0xdc, 0x0f, 0x05, 0x10, 0x10, 
    0x00, 0x21, 0xf9, 0x04, 0x09, 0x04, 0x00, 0x00, 0x00, 0x2c, 0x07, 0x00, 0x14, 
    0x00, 0x8d, 0x00, 0x60, 0x00, 0x87, 0x00, 0x00, 0x00, 0x12, 0x04, 0x05, 0x16, 
    0x06, 0x06, 0x2d, 0x0b, 0x0b, 0x31, 0x0c, 0x0d, 0x38, 0x0d, 0x0e, 0x3c, 0x0f, 
    0x0f, 0x48, 0x12, 0x12, 0x58, 0x16, 0x16, 0x8b, 0x22, 0x23, 0xb5, 0x2d, 0x2e, 
    0xc0, 0x2f, 0x30, 0x00, 0x00, 0x00, 0x00, 0x00, 0x00, 0x00, 0x00, 0x00, 0x00, 
    0x00, 0x00, 0x00, 0x00, 0x00, 0x00, 0x00, 0x00, 0x00, 0x00, 0x00, 0x00, 0x00, 
    0x00, 0x00, 0x00, 0x00, 0x00, 0x00, 0x00, 0x00, 0x00, 0x00, 0x00, 0x00, 0x00, 
    0x00, 0x00, 0x00, 0x00, 0x00, 0x00, 0x00, 0x00, 0x00, 0x00, 0x00, 0x00, 0x00, 
    0x00, 0x00, 0x00, 0x00, 0x00, 0x00, 0x00, 0x00, 0x00, 0x00, 0x00, 0x00, 0x00, 
    0x00, 0x00, 0x00, 0x00, 0x00, 0x00, 0x00, 0x00, 0x00, 0x00, 0x00, 0x00, 0x00, 
    0x00, 0x00, 0x00, 0x00, 0x00, 0x00, 0x00, 0x00, 0x00, 0x00, 0x00, 0x00, 0x00, 
    0x00, 0x00, 0x00, 0x00, 0x00, 0x00, 0x00, 0x00, 0x00, 0x00, 0x00, 0x00, 0x00, 
    0x00, 0x00, 0x00, 0x00, 0x00, 0x00, 0x00, 0x00, 0x00, 0x00, 0x00, 0x00, 0x00, 
    0x00, 0x00, 0x00, 0x00, 0x00, 0x00, 0x00, 0x00, 0x00, 0x00, 0x00, 0x00, 0x00, 
    0x00, 0x00, 0x00, 0x00, 0x00, 0x00, 0x00, 0x00, 0x00, 0x00, 0x00, 0x00, 0x00, 
    0x00, 0x00, 0x00, 0x00, 0x00, 0x00, 0x00, 0x00, 0x00, 0x00, 0x00, 0x00, 0x00, 
    0x00, 0x00, 0x00, 0x00, 0x00, 0x00, 0x00, 0x00, 0x00, 0x00, 0x00, 0x00, 0x00, 
    0x00, 0x00, 0x00, 0x00, 0x00, 0x00, 0x00, 0x00, 0x00, 0x00, 0x00, 0x00, 0x00, 
    0x00, 0x00, 0x00, 0x00, 0x00, 0x00, 0x00, 0x00, 0x00, 0x00, 0x00, 0x00, 0x00, 
    0x00, 0x00, 0x00, 0x00, 0x00, 0x00, 0x00, 0x00, 0x00, 0x00, 0x00, 0x00, 0x00, 
    0x00, 0x00, 0x00, 0x00, 0x00, 0x00, 0x00, 0x00, 0x00, 0x00, 0x00, 0x00, 0x00, 
    0x00, 0x00, 0x00, 0x00, 0x00, 0x00, 0x00, 0x00, 0x00, 0x00, 0x00, 0x00, 0x00, 
    0x00, 0x00, 0x00, 0x00, 0x00, 0x00, 0x00, 0x00, 0x00, 0x00, 0x00, 0x00, 0x00, 
    0x00, 0x00, 0x00, 0x00, 0x00, 0x00, 0x00, 0x00, 0x00, 0x00, 0x00, 0x00, 0x00, 
    0x00, 0x00, 0x00, 0x00, 0x00, 0x00, 0x00, 0x00, 0x00, 0x00, 0x00, 0x00, 0x00, 
    0x00, 0x00, 0x00, 0x00, 0x00, 0x00, 0x00, 0x00, 0x00, 0x00, 0x00, 0x00, 0x00, 
    0x00, 0x00, 0x00, 0x00, 0x00, 0x00, 0x00, 0x00, 0x00, 0x00, 0x00, 0x00, 0x00, 
    0x00, 0x00, 0x00, 0x00, 0x00, 0x00, 0x00, 0x00, 0x00, 0x00, 0x00, 0x00, 0x00, 
    0x00, 0x00, 0x00, 0x00, 0x00, 0x00, 0x00, 0x00, 0x00, 0x00, 0x00, 0x00, 0x00, 
    0x00, 0x00, 0x00, 0x00, 0x00, 0x00, 0x00, 0x00, 0x00, 0x00, 0x00, 0x00, 0x00, 
    0x00, 0x00, 0x00, 0x00, 0x00, 0x00, 0x00, 0x00, 0x00, 0x00, 0x00, 0x00, 0x00, 
    0x00, 0x00, 0x00, 0x00, 0x00, 0x00, 0x00, 0x00, 0x00, 0x00, 0x00, 0x00, 0x00, 
    0x00, 0x00, 0x00, 0x00, 0x00, 0x00, 0x00, 0x00, 0x00, 0x00, 0x00, 0x00, 0x00, 
    0x00, 0x00, 0x00, 0x00, 0x00, 0x00, 0x00, 0x00, 0x00, 0x00, 0x00, 0x00, 0x00, 
    0x00, 0x00, 0x00, 0x00, 0x00, 0x00, 0x00, 0x00, 0x00, 0x00, 0x00, 0x00, 0x00, 
    0x00, 0x00, 0x00, 0x00, 0x00, 0x00, 0x00, 0x00, 0x00, 0x00, 0x00, 0x00, 0x00, 
    0x00, 0x00, 0x00, 0x00, 0x00, 0x00, 0x00, 0x00, 0x00, 0x00, 0x00, 0x00, 0x00, 
    0x00, 0x00, 0x00, 0x00, 0x00, 0x00, 0x00, 0x00, 0x00, 0x00, 0x00, 0x00, 0x00, 
    0x00, 0x00, 0x00, 0x00, 0x00, 0x00, 0x00, 0x00, 0x00, 0x00, 0x00, 0x00, 0x00, 
    0x00, 0x00, 0x00, 0x00, 0x00, 0x00, 0x00, 0x00, 0x00, 0x00, 0x00, 0x00, 0x00, 
    0x00, 0x00, 0x00, 0x00, 0x00, 0x00, 0x00, 0x00, 0x00, 0x00, 0x00, 0x00, 0x00, 
    0x00, 0x00, 0x00, 0x00, 0x00, 0x00, 0x00, 0x00, 0x00, 0x00, 0x00, 0x00, 0x00, 
    0x00, 0x00, 0x00, 0x00, 0x00, 0x00, 0x00, 0x00, 0x00, 0x00, 0x00, 0x00, 0x00, 
    0x00, 0x00, 0x00, 0x00, 0x00, 0x00, 0x00, 0x00, 0x00, 0x00, 0x00, 0x00, 0x00, 
    0x00, 0x00, 0x00, 0x00, 0x00, 0x00, 0x00, 0x00, 0x00, 0x00, 0x00, 0x00, 0x00, 
    0x00, 0x00, 0x00, 0x00, 0x00, 0x00, 0x00, 0x00, 0x00, 0x00, 0x00, 0x00, 0x00, 
    0x00, 0x00, 0x00, 0x00, 0x00, 0x00, 0x00, 0x00, 0x00, 0x00, 0x00, 0x00, 0x00, 
    0x00, 0x00, 0x00, 0x00, 0x00, 0x00, 0x00, 0x00, 0x00, 0x00, 0x00, 0x00, 0x00, 
    0x00, 0x00, 0x00, 0x00, 0x00, 0x00, 0x00, 0x00, 0x00, 0x00, 0x00, 0x00, 0x00, 
    0x00, 0x00, 0x00, 0x00, 0x00, 0x00, 0x00, 0x00, 0x00, 0x00, 0x00, 0x00, 0x00, 
    0x00, 0x00, 0x00, 0x00, 0x00, 0x00, 0x00, 0x00, 0x00, 0x00, 0x00, 0x00, 0x00, 
    0x00, 0x00, 0x00, 0x00, 0x00, 0x00, 0x00, 0x00, 0x00, 0x00, 0x00, 0x00, 0x00, 
    0x00, 0x00, 0x00, 0x00, 0x00, 0x00, 0x00, 0x00, 0x00, 0x00, 0x00, 0x00, 0x00, 
    0x00, 0x00, 0x00, 0x00, 0x00, 0x00, 0x00, 0x00, 0x00, 0x00, 0x00, 0x00, 0x00, 
    0x00, 0x00, 0x00, 0x00, 0x00, 0x00, 0x00, 0x00, 0x00, 0x00, 0x00, 0x00, 0x00, 
    0x00, 0x00, 0x00, 0x00, 0x00, 0x00, 0x00, 0x00, 0x00, 0x00, 0x00, 0x00, 0x00, 
    0x00, 0x00, 0x00, 0x00, 0x00, 0x00, 0x00, 0x00, 0x00, 0x00, 0x00, 0x00, 0x00, 
    0x00, 0x00, 0x00, 0x00, 0x00, 0x00, 0x00, 0x00, 0x00, 0x00, 0x00, 0x00, 0x00, 
    0x00, 0x00, 0x00, 0x00, 0x00, 0x00, 0x00, 0x00, 0x00, 0x00, 0x00, 0x00, 0x00, 
    0x00, 0x00, 0x00, 0x00, 0x00, 0x00, 0x00, 0x00, 0x00, 0x00, 0x00, 0x00, 0x00, 
    0x00, 0x00, 0x00, 0x00, 0x00, 0x00, 0x00, 0x08, 0xff, 0x00, 0x01, 0x08, 0x1c, 
    0x48, 0xb0, 0xa0, 0xc1, 0x83, 0x08, 0x13, 0x2a, 0x44, 0x78, 0xa0, 0xa1, 0xc3, 
    0x87, 0x0e, 0x17, 0x4a, 0x9c, 0x48, 0xb1, 0xa2, 0xc5, 0x8b, 0x18, 0x15, 0x3a, 
    0x4c, 0xc0, 0x91, 0xe3, 0x81, 0x8e, 0x1e, 0x1b, 0x66, 0x1c, 0x49, 0xb2, 0xa4, 
    0xc9, 0x8b, 0x1b, 0x21, 0xaa, 0x6c, 0x98, 0x20, 0xe2, 0xc9, 0x97, 0x30, 0x63, 
    0x5a, 0x64, 0xe9, 0x70, 0x81, 0xcd, 0x9b, 0x38, 0x17, 0xa4, 0x3c, 0x20, 0xb3, 
    0xa7, 0x4f, 0x9f, 0x10, 0x73, 0x0a, 0xc5, 0x09, 0xf1, 0xa7, 0xd1, 0xa3, 0x18, 
    0x83, 0xde, 0x5c, 0xf9, 0x90, 0xe8, 0x43, 0xa4, 0x50, 0xa3, 0x1a, 0xa4, 0x79, 
    0xc0, 0x29, 0x82, 0xab, 0x58, 0xb1, 0x36, 0x74, 0xda, 0x92, 0xa7, 0xd4, 0xaf, 
    0x47, 0xa9, 0x5a, 0xcd, 0x4a, 0x16, 0xc1, 0xd6, 0xa5, 0x1f, 0x45, 0x82, 0x5d, 
    0x1b, 0x53, 0x2c, 0xda, 0xb2, 0x70, 0xcf, 0xda, 0xa4, 0xca, 0xb6, 0xae, 0xc9, 
    0x8f, 0x2d, 0x73, 0x1e, 0x80, 0xcb, 0xb7, 0x2a, 0x51, 0x8f, 0x76, 0x03, 0x67, 
    0xc4, 0xeb, 0x77, 0xee, 0x5e, 0xbe, 0x65, 0xe5, 0xea, 0x04, 0x2c, 0xb8, 0x31, 
    0xc5, 0xb4, 0x85, 0x75, 0x22, 0xee, 0xcb, 0xd5, 0xab, 0xe3, 0xcb, 0x09, 0xd3, 
    0x8e, 0x9d, 0x4c, 0x56, 0x71, 0x5a, 0xcc, 0xa0, 0x0f, 0x6a, 0x5e, 0xca, 0x99, 
    0xf2, 0xd2, 0x96, 0xa1, 0x53, 0x0f, 0x1c, 0xad, 0xf3, 0x70, 0xe9, 0xce, 0x85, 
    0x3f, 0xab, 0x0e, 0x4d, 0x93, 0xf4, 0xeb, 0xb8, 0xa7, 0xd5, 0xce, 0xbe, 0x4c, 
    0xf8, 0xed, 0xed, 0xac, 0x72, 0x09, 0xef, 0xc6, 0xdc, 0xdb, 0xf6, 0xef, 0xab, 
    0x91, 0x85, 0x0f, 0x77, 0x5c, 0xdc, 0xf0, 0x71, 0xb3, 0xc9, 0x19, 0x2f, 0x17, 
    0x5c, 0x9b, 0xe8, 0xf3, 0xc8, 0x8b, 0x75, 0x4f, 0x0f, 0xcc, 0xda, 0xf9, 0x6d, 
    0xc5, 0xd9, 0xb7, 0x33, 0xff, 0xcf, 0xab, 0xf7, 0x37, 0xf6, 0xf0, 0xe2, 0xa9, 
    0x93, 0xdf, 0x3c, 0x19, 0x3c, 0xfa, 0xf4, 0x76, 0xbb, 0xfb, 0x46, 0xec, 0xfe, 
    0x3d, 0x7c, 0xb6, 0xf2, 0x8d, 0x9b, 0x16, 0x2a, 0xfb, 0x3e, 0xfe, 0xfa, 0xad, 
    0x31, 0x55, 0xd3, 0x50, 0x2e, 0xf9, 0xf7, 0xdf, 0x50, 0x08, 0x26, 0xa8, 0x97, 
    0x65, 0x06, 0xae, 0x35, 0xa0, 0x82, 0x10, 0x3a, 0xc5, 0x60, 0x83, 0x5f, 0xe5, 
    0xb7, 0x60, 0x6b, 0x10, 0xf6, 0x47, 0x61, 0x85, 0xeb, 0x11, 0xa8, 0x54, 0x82, 
    0x1a, 0x6e, 0x18, 0x95, 0x85, 0x68, 0x61, 0x98, 0x21, 0x6a, 0x22, 0x56, 0x08, 
    0x20, 0x86, 0x5b, 0xad, 0x18, 0x60, 0x8a, 0x60, 0xb9, 0x68, 0xd8, 0x83, 0x1e, 
    0xc2, 0x18, 0xa3, 0x8b, 0x2d, 0x9e, 0x27, 0xa1, 0x8d, 0x1c, 0xea, 0x88, 0x16, 
    0x8d, 0xfc, 0xa1, 0xc8, 0x23, 0x54, 0x24, 0x46, 0xa8, 0x97, 0x90, 0x43, 0x86, 
    0xd5, 0x21, 0x7f, 0x4d, 0x81, 0x88, 0x64, 0x92, 0x3f, 0x59, 0xf8, 0x90, 0x56, 
    0x40, 0xce, 0xf5, 0x24, 0x94, 0x3d, 0xe5, 0xd7, 0x10, 0x7d, 0xe7, 0x85, 0x88, 
    0xa5, 0x4c, 0xf2, 0x6d, 0xd9, 0x1e, 0x76, 0x5e, 0x7e, 0x09, 0x53, 0x77, 0x62, 
    0x72, 0xe6, 0xd9, 0x95, 0x66, 0xbe, 0x84, 0xa6, 0x79, 0x7f, 0x4d, 0xd8, 0xa6, 
    0x9b, 0xeb, 0xa5, 0x59, 0x5a, 0x70, 0x6c, 0xce, 0x59, 0xd2, 0x83, 0xae, 0x7d, 
    0xf7, 0xa3, 0x9e, 0x60, 0x26, 0x77, 0x9d, 0x53, 0x80, 0xb6, 0x25, 0xe8, 0x71, 
    0xc9, 0xc9, 0x59, 0xe8, 0x48, 0x9e, 0x0d, 0x8a, 0xd6, 0xa2, 0x27, 0xd1, 0xd8, 
    0xe7, 0x6b, 0x89, 0x2a, 0x0a, 0x69, 0x45, 0x6f, 0x22, 0x1a, 0xe7, 0xa5, 0x24, 
    0xa1, 0x39, 0xe9, 0x98, 0x9b, 0x72, 0x3a, 0xd8, 0x92, 0x9f, 0xd2, 0x77, 0xa4, 
    0xa5, 0xa2, 0x2e, 0x14, 0x66, 0xa9, 0x89, 0x91, 0x99, 0x67, 0xaa, 0x1a, 0xb9, 
    0xfa, 0x67, 0x67, 0x5c, 0x5d, 0x6a, 0x07, 0xeb, 0x44, 0x00, 0xce, 0x0a, 0x9c, 
    0x8f, 0xb6, 0xde, 0x1a, 0xab, 0x8f, 0x01, 0xba, 0xd6, 0xa4, 0x87, 0xa8, 0xfa, 
    0x4a, 0x50, 0x91, 0x3f, 0xca, 0x68, 0x9f, 0xb1, 0x0c, 0x29, 0x6b, 0xe4, 0x8e, 
    0xcc, 0xc6, 0xfa, 0xec, 0xb4, 0x86, 0x45, 0x9b, 0x99, 0xb3, 0xd4, 0xce, 0x68, 
    0xad, 0x68, 0x4b, 0x32, 0xb9, 0xd2, 0x89, 0xc5, 0x1a, 0x0b, 0x99, 0x82, 0xa5, 
    0x02, 0xdb, 0xda, 0xab, 0xcc, 0x56, 0xe7, 0x21, 0xad, 0x4e, 0xf6, 0xba, 0x2d, 
    0x00, 0x45, 0xea, 0x0a, 0x5d, 0xbb, 0xef, 0x72, 0x0b, 0xac, 0xbc, 0x2b, 0x96, 
    0xf9, 0xee, 0x87, 0x3f, 0xd2, 0x5a, 0x6b, 0x81, 0xf5, 0x1e, 0xcb, 0xaf, 0x43, 
    0xfe, 0x4a, 0x08, 0x70, 0xc0, 0xa2, 0xa9, 0x04, 0x2f, 0xc1, 0x4f, 0xad, 0x84, 
    0xb0, 0x9b, 0xee, 0x3e, 0x2c, 0xf1, 0xc4, 0x14, 0x57, 0x6c, 0xf1, 0xc5, 0x18, 
    0x67, 0xac, 0xf1, 0xc6, 0x1c, 0x77, 0xec, 0xf1, 0xc7, 0x20, 0x87, 0x2c, 0xf2, 
    0xc8, 0x24, 0x97, 0x6c, 0xb2, 0xc4, 0x05, 0x28, 0xa0, 0xf2, 0xca, 0x2c, 0xb7, 
    0xec, 0xf2, 0xcb, 0x30, 0xc7, 0x2c, 0xf3, 0xcc, 0x34, 0xd7, 0x6c, 0xf3, 0xcd, 
    0x38, 0xaf, 0x3c, 0x80, 0x01, 0xd9, 0xf6, 0xec, 0xf3, 0xcf, 0x40, 0x07, 0x1d, 
    0x34, 0x01, 0x3c, 0x0b, 0x6d, 0xf4, 0xd1, 0x48, 0x27, 0x6d, 0x24, 0xd1, 0x4a, 
    0x37, 0xed, 0xf4, 0xd3, 0x40, 0x33, 0x0d, 0xf5, 0xd4, 0x54, 0x57, 0x8d, 0x93, 
    0xd4, 0x56, 0x67, 0xad, 0x35, 0xd2, 0x58, 0x6f, 0xed, 0xf5, 0xd7, 0xd4, 0x76, 
    0x0d, 0xf6, 0xd8, 0x64, 0x0b, 0x25, 0x76, 0xd9, 0x68, 0x8f, 0x4d, 0x80, 0x00, 
    0x02, 0xb6, 0xed, 0xf6, 0xdb, 0x70, 0xc7, 0x2d, 0xf7, 0xdc, 0x74, 0xd7, 0xfd, 
    0x50, 0x00, 0x01, 0x01, 0x00, 0x21, 0xf9, 0x04, 0x09, 0x04, 0x00, 0x00, 0x00, 
    0x2c, 0x07, 0x00, 0x12, 0x00, 0x8d, 0x00, 0x62, 0x00, 0x87, 0x00, 0x00, 0x00, 
    0x12, 0x04, 0x05, 0x16, 0x06, 0x06, 0x2d, 0x0b, 0x0b, 0x31, 0x0c, 0x0d, 0x38, 
    0x0d, 0x0e, 0x3c, 0x0f, 0x0f, 0x48, 0x12, 0x12, 0x58, 0x16, 0x16, 0x8b, 0x22, 
    0x23, 0xb5, 0x2d, 0x2e, 0xc0, 0x2f, 0x30, 0x00, 0x00, 0x00, 0x00, 0x00, 0x00, 
    0x00, 0x00, 0x00, 0x00, 0x00, 0x00, 0x00, 0x00, 0x00, 0x00, 0x00, 0x00, 0x00, 
    0x00, 0x00, 0x00, 0x00, 0x00, 0x00, 0x00, 0x00, 0x00, 0x00, 0x00, 0x00, 0x00, 
    0x00, 0x00, 0x00, 0x00, 0x00, 0x00, 0x00, 0x00, 0x00, 0x00, 0x00, 0x00, 0x00, 
    0x00, 0x00, 0x00, 0x00, 0x00, 0x00, 0x00, 0x00, 0x00, 0x00, 0x00, 0x00, 0x00, 
    0x00, 0x00, 0x00, 0x00, 0x00, 0x00, 0x00, 0x00, 0x00, 0x00, 0x00, 0x00, 0x00, 
    0x00, 0x00, 0x00, 0x00, 0x00, 0x00, 0x00, 0x00, 0x00, 0x00, 0x00, 0x00, 0x00, 
    0x00, 0x00, 0x00, 0x00, 0x00, 0x00, 0x00, 0x00, 0x00, 0x00, 0x00, 0x00, 0x00, 
    0x00, 0x00, 0x00, 0x00, 0x00, 0x00, 0x00, 0x00, 0x00, 0x00, 0x00, 0x00, 0x00, 
    0x00, 0x00, 0x00, 0x00, 0x00, 0x00, 0x00, 0x00, 0x00, 0x00, 0x00, 0x00, 0x00, 
    0x00, 0x00, 0x00, 0x00, 0x00, 0x00, 0x00, 0x00, 0x00, 0x00, 0x00, 0x00, 0x00, 
    0x00, 0x00, 0x00, 0x00, 0x00, 0x00, 0x00, 0x00, 0x00, 0x00, 0x00, 0x00, 0x00, 
    0x00, 0x00, 0x00, 0x00, 0x00, 0x00, 0x00, 0x00, 0x00, 0x00, 0x00, 0x00, 0x00, 
    0x00, 0x00, 0x00, 0x00, 0x00, 0x00, 0x00, 0x00, 0x00, 0x00, 0x00, 0x00, 0x00, 
    0x00, 0x00, 0x00, 0x00, 0x00, 0x00, 0x00, 0x00, 0x00, 0x00, 0x00, 0x00, 0x00, 
    0x00, 0x00, 0x00, 0x00, 0x00, 0x00, 0x00, 0x00, 0x00, 0x00, 0x00, 0x00, 0x00, 
    0x00, 0x00, 0x00, 0x00, 0x00, 0x00, 0x00, 0x00, 0x00, 0x00, 0x00, 0x00, 0x00, 
    0x00, 0x00, 0x00, 0x00, 0x00, 0x00, 0x00, 0x00, 0x00, 0x00, 0x00, 0x00, 0x00, 
    0x00, 0x00, 0x00, 0x00, 0x00, 0x00, 0x00, 0x00, 0x00, 0x00, 0x00, 0x00, 0x00, 
    0x00, 0x00, 0x00, 0x00, 0x00, 0x00, 0x00, 0x00, 0x00, 0x00, 0x00, 0x00, 0x00, 
    0x00, 0x00, 0x00, 0x00, 0x00, 0x00, 0x00, 0x00, 0x00, 0x00, 0x00, 0x00, 0x00, 
    0x00, 0x00, 0x00, 0x00, 0x00, 0x00, 0x00, 0x00, 0x00, 0x00, 0x00, 0x00, 0x00, 
    0x00, 0x00, 0x00, 0x00, 0x00, 0x00, 0x00, 0x00, 0x00, 0x00, 0x00, 0x00, 0x00, 
    0x00, 0x00, 0x00, 0x00, 0x00, 0x00, 0x00, 0x00, 0x00, 0x00, 0x00, 0x00, 0x00, 
    0x00, 0x00, 0x00, 0x00, 0x00, 0x00, 0x00, 0x00, 0x00, 0x00, 0x00, 0x00, 0x00, 
    0x00, 0x00, 0x00, 0x00, 0x00, 0x00, 0x00, 0x00, 0x00, 0x00, 0x00, 0x00, 0x00, 
    0x00, 0x00, 0x00, 0x00, 0x00, 0x00, 0x00, 0x00, 0x00, 0x00, 0x00, 0x00, 0x00, 
    0x00, 0x00, 0x00, 0x00, 0x00, 0x00, 0x00, 0x00, 0x00, 0x00, 0x00, 0x00, 0x00, 
    0x00, 0x00, 0x00, 0x00, 0x00, 0x00, 0x00, 0x00, 0x00, 0x00, 0x00, 0x00, 0x00, 
    0x00, 0x00, 0x00, 0x00, 0x00, 0x00, 0x00, 0x00, 0x00, 0x00, 0x00, 0x00, 0x00, 
    0x00, 0x00, 0x00, 0x00, 0x00, 0x00, 0x00, 0x00, 0x00, 0x00, 0x00, 0x00, 0x00, 
    0x00, 0x00, 0x00, 0x00, 0x00, 0x00, 0x00, 0x00, 0x00, 0x00, 0x00, 0x00, 0x00, 
    0x00, 0x00, 0x00, 0x00, 0x00, 0x00, 0x00, 0x00, 0x00, 0x00, 0x00, 0x00, 0x00, 
    0x00, 0x00, 0x00, 0x00, 0x00, 0x00, 0x00, 0x00, 0x00, 0x00, 0x00, 0x00, 0x00, 
    0x00, 0x00, 0x00, 0x00, 0x00, 0x00, 0x00, 0x00, 0x00, 0x00, 0x00, 0x00, 0x00, 
    0x00, 0x00, 0x00, 0x00, 0x00, 0x00, 0x00, 0x00, 0x00, 0x00, 0x00, 0x00, 0x00, 
    0x00, 0x00, 0x00, 0x00, 0x00, 0x00, 0x00, 0x00, 0x00, 0x00, 0x00, 0x00, 0x00, 
    0x00, 0x00, 0x00, 0x00, 0x00, 0x00, 0x00, 0x00, 0x00, 0x00, 0x00, 0x00, 0x00, 
    0x00, 0x00, 0x00, 0x00, 0x00, 0x00, 0x00, 0x00, 0x00, 0x00, 0x00, 0x00, 0x00, 
    0x00, 0x00, 0x00, 0x00, 0x00, 0x00, 0x00, 0x00, 0x00, 0x00, 0x00, 0x00, 0x00, 
    0x00, 0x00, 0x00, 0x00, 0x00, 0x00, 0x00, 0x00, 0x00, 0x00, 0x00, 0x00, 0x00, 
    0x00, 0x00, 0x00, 0x00, 0x00, 0x00, 0x00, 0x00, 0x00, 0x00, 0x00, 0x00, 0x00, 
    0x00, 0x00, 0x00, 0x00, 0x00, 0x00, 0x00, 0x00, 0x00, 0x00, 0x00, 0x00, 0x00, 
    0x00, 0x00, 0x00, 0x00, 0x00, 0x00, 0x00, 0x00, 0x00, 0x00, 0x00, 0x00, 0x00, 
    0x00, 0x00, 0x00, 0x00, 0x00, 0x00, 0x00, 0x00, 0x00, 0x00, 0x00, 0x00, 0x00, 
    0x00, 0x00, 0x00, 0x00, 0x00, 0x00, 0x00, 0x00, 0x00, 0x00, 0x00, 0x00, 0x00, 
    0x00, 0x00, 0x00, 0x00, 0x00, 0x00, 0x00, 0x00, 0x00, 0x00, 0x00, 0x00, 0x00, 
    0x00, 0x00, 0x00, 0x00, 0x00, 0x00, 0x00, 0x00, 0x00, 0x00, 0x00, 0x00, 0x00, 
    0x00, 0x00, 0x00, 0x00, 0x00, 0x00, 0x00, 0x00, 0x00, 0x00, 0x00, 0x00, 0x00, 
    0x00, 0x00, 0x00, 0x00, 0x00, 0x00, 0x00, 0x00, 0x00, 0x00, 0x00, 0x00, 0x00, 
    0x00, 0x00, 0x00, 0x00, 0x00, 0x00, 0x00, 0x00, 0x00, 0x00, 0x00, 0x00, 0x00, 
    0x00, 0x00, 0x00, 0x00, 0x00, 0x00, 0x00, 0x00, 0x00, 0x00, 0x00, 0x00, 0x00, 
    0x00, 0x00, 0x00, 0x00, 0x00, 0x00, 0x00, 0x00, 0x00, 0x00, 0x00, 0x00, 0x00, 
    0x00, 0x00, 0x00, 0x00, 0x00, 0x00, 0x00, 0x00, 0x00, 0x00, 0x00, 0x00, 0x00, 
    0x00, 0x00, 0x00, 0x00, 0x00, 0x00, 0x00, 0x00, 0x00, 0x00, 0x00, 0x00, 0x00, 
    0x00, 0x00, 0x00, 0x00, 0x00, 0x00, 0x00, 0x00, 0x00, 0x00, 0x00, 0x00, 0x00, 
    0x00, 0x00, 0x00, 0x00, 0x00, 0x00, 0x00, 0x00, 0x00, 0x00, 0x00, 0x08, 0xff, 
    0x00, 0x01, 0x08, 0x1c, 0x48, 0xb0, 0xa0, 0xc1, 0x83, 0x08, 0x13, 0x2a, 0x44, 
    0x78, 0xa0, 0xa1, 0xc3, 0x87, 0x0e, 0x17, 0x4a, 0x9c, 0x48, 0xb1, 0xa2, 0xc5, 
    0x8b, 0x18, 0x15, 0x3a, 0x4c, 0xc0, 0x91, 0xe3, 0x81, 0x8e, 0x1e, 0x1b, 0x66, 
    0x1c, 0x49, 0xb2, 0xa4, 0xc9, 0x8b, 0x1b, 0x21, 0xaa, 0x6c, 0x98, 0x20, 0xe2, 
    0xc9, 0x97, 0x30, 0x63, 0x5a, 0x64, 0xe9, 0x70, 0x81, 0xcd, 0x9b, 0x38, 0x17, 
    0xa4, 0x3c, 0x20, 0xb3, 0xa7, 0x4f, 0x9f, 0x10, 0x73, 0x0a, 0xc5, 0x09, 0xf1, 
    0xa7, 0xd1, 0xa3, 0x18, 0x83, 0xde, 0x5c, 0xf9, 0x90, 0xe8, 0x43, 0xa4, 0x50, 
    0xa3, 0x1a, 0xa4, 0x79, 0xc0, 0x29, 0x82, 0xab, 0x58, 0xb1, 0x36, 0x74, 0xda, 
    0x92, 0xa7, 0xd4, 0xaf, 0x47, 0xa9, 0x5a, 0xcd, 0x4a, 0x16, 0xc1, 0xd6, 0xa5, 
    0x1f, 0x45, 0x82, 0x5d, 0x1b, 0x53, 0x2c, 0xda, 0xb2, 0x70, 0xcf, 0xda, 0xa4, 
    0xca, 0xb6, 0xae, 0xc9, 0x8f, 0x2d, 0x73, 0x1e, 0x80, 0xcb, 0xb7, 0x2a, 0x51, 
    0x8f, 0x76, 0x03, 0x67, 0xc4, 0xeb, 0x77, 0xee, 0x5e, 0xbe, 0x65, 0xe5, 0xea, 
    0x04, 0x2c, 0xb8, 0x31, 0xc5, 0xb4, 0x85, 0x75, 0x22, 0xee, 0xcb, 0xd5, 0xab, 
    0xe3, 0xcb, 0x09, 0xd3, 0x8e, 0x9d, 0x4c, 0x56, 0x71, 0x5a, 0xcc, 0xa0, 0x0f, 
    0x6a, 0x5e, 0xca, 0x99, 0xf2, 0xd2, 0x96, 0xa1, 0x53, 0x0f, 0x1c, 0xad, 0xf3, 
    0x70, 0xe9, 0xce, 0x85, 0x3f, 0xab, 0x0e, 0x4d, 0x93, 0xf4, 0xeb, 0xb8, 0xa7, 
    0xd5, 0xce, 0xbe, 0x4c, 0xf8, 0xed, 0xed, 0xac, 0x72, 0x09, 0xef, 0xc6, 0xdc, 
    0xdb, 0xf6, 0xef, 0xab, 0x91, 0x85, 0x0f, 0x77, 0x5c, 0xdc, 0xf0, 0x71, 0xb3, 
    0xc9, 0x19, 0x2f, 0x17, 0x5c, 0x9b, 0xe8, 0xf3, 0xc8, 0x8b, 0x75, 0x4f, 0x0f, 
    0xcc, 0xda, 0xf9, 0x6d, 0xc5, 0xd9, 0xb7, 0x33, 0xff, 0xcf, 0xab, 0xf7, 0x37, 
    0xf6, 0xf0, 0xe2, 0xa9, 0x93, 0xdf, 0x3c, 0x19, 0x3c, 0xfa, 0xf4, 0x76, 0xbb, 
    0xfb, 0x46, 0xec, 0xfe, 0x3d, 0x7c, 0xb6, 0xf2, 0x8d, 0x9b, 0x16, 0x2a, 0xfb, 
    0x3e, 0xfe, 0xfa, 0xad, 0x31, 0x55, 0xd3, 0x50, 0x2e, 0xf9, 0xf7, 0xdf, 0x50, 
    0x08, 0x26, 0xa8, 0x97, 0x65, 0x06, 0xae, 0x35, 0xa0, 0x82, 0x10, 0x3a, 0xc5, 
    0x60, 0x83, 0x5f, 0xe5, 0xb7, 0x60, 0x6b, 0x10, 0xf6, 0x47, 0x61, 0x85, 0xeb, 
    0x11, 0xa8, 0x54, 0x82, 0x1a, 0x6e, 0x18, 0x95, 0x85, 0x68, 0x61, 0x98, 0x21, 
    0x6a, 0x22, 0x56, 0x08, 0x20, 0x86, 0x5b, 0xad, 0x18, 0x60, 0x8a, 0x60, 0xb9, 
    0x68, 0xd8, 0x83, 0x1e, 0xc2, 0x18, 0xa3, 0x8b, 0x2d, 0x9e, 0x27, 0xa1, 0x8d, 
    0x1c, 0xea, 0x88, 0x16, 0x8d, 0xfc, 0xa1, 0xc8, 0x23, 0x54, 0x24, 0x46, 0xa8, 
    0x97, 0x90, 0x43, 0x86, 0xd5, 0x21, 0x7f, 0x4d, 0x81, 0x88, 0x64, 0x92, 0x3f, 
    0x59, 0xf8, 0x90, 0x56, 0x40, 0xce, 0xf5, 0x24, 0x94, 0x3d, 0xe5, 0xd7, 0x10, 
    0x7d, 0xe7, 0x85, 0x88, 0xa5, 0x4c, 0xf2, 0x6d, 0xd9, 0x1e, 0x76, 0x5e, 0x7e, 
    0x09, 0x53, 0x77, 0x62, 0x72, 0xe6, 0xd9, 0x95, 0x66, 0xbe, 0x84, 0xa6, 0x79, 
    0x7f, 0x4d, 0xd8, 0xa6, 0x9b, 0xeb, 0xa5, 0x59, 0x5a, 0x70, 0x6c, 0xce, 0x59, 
    0xd2, 0x83, 0xae, 0x7d, 0xf7, 0xa3, 0x9e, 0x60, 0x26, 0x77, 0x9d, 0x53, 0x80, 
    0xb6, 0x25, 0xe8, 0x71, 0xc9, 0xc9, 0x59, 0xe8, 0x48, 0x9e, 0x0d, 0x8a, 0xd6, 
    0xa2, 0x27, 0xd1, 0xd8, 0xe7, 0x6b, 0x89, 0x2a, 0x0a, 0x69, 0x45, 0x6f, 0x22, 
    0x1a, 0xe7, 0xa5, 0x24, 0xa1, 0x39, 0xe9, 0x98, 0x9b, 0x72, 0x3a, 0xd8, 0x92, 
    0x9f, 0xd2, 0x77, 0xa4, 0xa5, 0xa2, 0x2e, 0x14, 0x66, 0xa9, 0x89, 0x91, 0x99, 
    0x67, 0xaa, 0x1a, 0xb9, 0xfd, 0x67, 0x67, 0x5c, 0x5d, 0x6a, 0x07, 0xeb, 0x44, 
    0x00, 0xce, 0x0a, 0x9c, 0x8f, 0xb6, 0xde, 0x1a, 0xab, 0x8f, 0x01, 0xba, 0xd6, 
    0xa4, 0x87, 0xa8, 0xfa, 0x4a, 0x50, 0x91, 0x3f, 0xca, 0x68, 0x9f, 0xb1, 0x0c, 
    0x29, 0x6b, 0xe4, 0x8e, 0xcc, 0xc6, 0xfa, 0xec, 0xb4, 0x86, 0x45, 0x9b, 0x99, 
    0xb3, 0xd4, 0xce, 0x68, 0xad, 0x68, 0x4b, 0x32, 0xb9, 0xd2, 0x89, 0xc5, 0x1a, 
    0x0b, 0x99, 0x82, 0xa5, 0x02, 0xdb, 0xda, 0xab, 0xcc, 0x56, 0xe7, 0x21, 0xad, 
    0x4e, 0xf6, 0xba, 0x2d, 0x00, 0x45, 0xea, 0x0a, 0x5d, 0xbb, 0xef, 0x72, 0x0b, 
    0xac, 0xbc, 0x2b, 0x96, 0xf9, 0xee, 0x87, 0x3f, 0xd2, 0x5a, 0x6b, 0x81, 0xf5, 
    0x1e, 0xcb, 0xaf, 0x43, 0xfe, 0x4a, 0x08, 0x70, 0xc0, 0xa2, 0xa9, 0x04, 0x2f, 
    0xc1, 0x4f, 0xad, 0x84, 0xb0, 0x9b, 0xee, 0x3e, 0x2c, 0xf1, 0xc4, 0x14, 0x57, 
    0x6c, 0xf1, 0xc5, 0x18, 0x67, 0xac, 0xf1, 0xc6, 0x1c, 0x77, 0xec, 0xf1, 0xc7, 
    0x20, 0x87, 0x2c, 0xf2, 0xc8, 0x24, 0x97, 0x6c, 0xf2, 0xc9, 0x28, 0xa7, 0x8c, 
    0x50, 0x01, 0x0a, 0xb4, 0xec, 0xf2, 0xcb, 0x30, 0xc7, 0x2c, 0xf3, 0xcc, 0x34, 
    0xd7, 0x6c, 0xf3, 0xcd, 0x38, 0xe7, 0xac, 0xf3, 0xce, 0x2e, 0x0f, 0x60, 0x40, 
    0xb6, 0x40, 0x07, 0x2d, 0xf4, 0xd0, 0x44, 0x13, 0x4d, 0xc0, 0xcf, 0x45, 0x27, 
    0xad, 0xf4, 0xd2, 0x4c, 0x1b, 0x79, 0x74, 0xd3, 0x50, 0x47, 0x2d, 0xf5, 0xd0, 
    0x4f, 0x4f, 0x6d, 0xf5, 0xd5, 0x58, 0xe3, 0x54, 0x75, 0xd6, 0x5c, 0x77, 0xbd, 
    0xf4, 0xd6, 0x5e, 0x87, 0x2d, 0x36, 0xb5, 0x60, 0x8f, 0x6d, 0xf6, 0xd9, 0x42, 
    0x95, 0x8d, 0xf6, 0xda, 0x66, 0x13, 0x20, 0x80, 0x80, 0x70, 0xc7, 0x2d, 0xf7, 
    0xdc, 0x74, 0xd7, 0x6d, 0xf7, 0xdd, 0x78, 0x3f, 0x14, 0x40, 0x40, 0x00, 0x21, 
    0xf9, 0x04, 0x09, 0x04, 0x00, 0x00, 0x00, 0x2c, 0x07, 0x00, 0x10, 0x00, 0x8d, 
    0x00, 0x64, 0x00, 0x87, 0x00, 0x00, 0x00, 0x12, 0x04, 0x05, 0x16, 0x06, 0x06, 
    0x2d, 0x0b, 0x0b, 0x31, 0x0c, 0x0d, 0x38, 0x0d, 0x0e, 0x3c, 0x0f, 0x0f, 0x48, 
    0x12, 0x12, 0x58, 0x16, 0x16, 0x8b, 0x22, 0x23, 0xb5, 0x2d, 0x2e, 0xc0, 0x2f, 
    0x30, 0x00, 0x00, 0x00, 0x00, 0x00, 0x00, 0x00, 0x00, 0x00, 0x00, 0x00, 0x00, 
    0x00, 0x00, 0x00, 0x00, 0x00, 0x00, 0x00, 0x00, 0x00, 0x00, 0x00, 0x00, 0x00, 
    0x00, 0x00, 0x00, 0x00, 0x00, 0x00, 0x00, 0x00, 0x00, 0x00, 0x00, 0x00, 0x00, 
    0x00, 0x00, 0x00, 0x00, 0x00, 0x00, 0x00, 0x00, 0x00, 0x00, 0x00, 0x00, 0x00, 
    0x00, 0x00, 0x00, 0x00, 0x00, 0x00, 0x00, 0x00, 0x00, 0x00, 0x00, 0x00, 0x00, 
    0x00, 0x00, 0x00, 0x00, 0x00, 0x00, 0x00, 0x00, 0x00, 0x00, 0x00, 0x00, 0x00, 
    0x00, 0x00, 0x00, 0x00, 0x00, 0x00, 0x00, 0x00, 0x00, 0x00, 0x00, 0x00, 0x00, 
    0x00, 0x00, 0x00, 0x00, 0x00, 0x00, 0x00, 0x00, 0x00, 0x00, 0x00, 0x00, 0x00, 
    0x00, 0x00, 0x00, 0x00, 0x00, 0x00, 0x00, 0x00, 0x00, 0x00, 0x00, 0x00, 0x00, 
    0x00, 0x00, 0x00, 0x00, 0x00, 0x00, 0x00, 0x00, 0x00, 0x00, 0x00, 0x00, 0x00, 
    0x00, 0x00, 0x00, 0x00, 0x00, 0x00, 0x00, 0x00, 0x00, 0x00, 0x00, 0x00, 0x00, 
    0x00, 0x00, 0x00, 0x00, 0x00, 0x00, 0x00, 0x00, 0x00, 0x00, 0x00, 0x00, 0x00, 
    0x00, 0x00, 0x00, 0x00, 0x00, 0x00, 0x00, 0x00, 0x00, 0x00, 0x00, 0x00, 0x00, 
    0x00, 0x00, 0x00, 0x00, 0x00, 0x00, 0x00, 0x00, 0x00, 0x00, 0x00, 0x00, 0x00, 
    0x00, 0x00, 0x00, 0x00, 0x00, 0x00, 0x00, 0x00, 0x00, 0x00, 0x00, 0x00, 0x00, 
    0x00, 0x00, 0x00, 0x00, 0x00, 0x00, 0x00, 0x00, 0x00, 0x00, 0x00, 0x00, 0x00, 
    0x00, 0x00, 0x00, 0x00, 0x00, 0x00, 0x00, 0x00, 0x00, 0x00, 0x00, 0x00, 0x00, 
    0x00, 0x00, 0x00, 0x00, 0x00, 0x00, 0x00, 0x00, 0x00, 0x00, 0x00, 0x00, 0x00, 
    0x00, 0x00, 0x00, 0x00, 0x00, 0x00, 0x00, 0x00, 0x00, 0x00, 0x00, 0x00, 0x00, 
    0x00, 0x00, 0x00, 0x00, 0x00, 0x00, 0x00, 0x00, 0x00, 0x00, 0x00, 0x00, 0x00, 
    0x00, 0x00, 0x00, 0x00, 0x00, 0x00, 0x00, 0x00, 0x00, 0x00, 0x00, 0x00, 0x00, 
    0x00, 0x00, 0x00, 0x00, 0x00, 0x00, 0x00, 0x00, 0x00, 0x00, 0x00, 0x00, 0x00, 
    0x00, 0x00, 0x00, 0x00, 0x00, 0x00, 0x00, 0x00, 0x00, 0x00, 0x00, 0x00, 0x00, 
    0x00, 0x00, 0x00, 0x00, 0x00, 0x00, 0x00, 0x00, 0x00, 0x00, 0x00, 0x00, 0x00, 
    0x00, 0x00, 0x00, 0x00, 0x00, 0x00, 0x00, 0x00, 0x00, 0x00, 0x00, 0x00, 0x00, 
    0x00, 0x00, 0x00, 0x00, 0x00, 0x00, 0x00, 0x00, 0x00, 0x00, 0x00, 0x00, 0x00, 
    0x00, 0x00, 0x00, 0x00, 0x00, 0x00, 0x00, 0x00, 0x00, 0x00, 0x00, 0x00, 0x00, 
    0x00, 0x00, 0x00, 0x00, 0x00, 0x00, 0x00, 0x00, 0x00, 0x00, 0x00, 0x00, 0x00, 
    0x00, 0x00, 0x00, 0x00, 0x00, 0x00, 0x00, 0x00, 0x00, 0x00, 0x00, 0x00, 0x00, 
    0x00, 0x00, 0x00, 0x00, 0x00, 0x00, 0x00, 0x00, 0x00, 0x00, 0x00, 0x00, 0x00, 
    0x00, 0x00, 0x00, 0x00, 0x00, 0x00, 0x00, 0x00, 0x00, 0x00, 0x00, 0x00, 0x00, 
    0x00, 0x00, 0x00, 0x00, 0x00, 0x00, 0x00, 0x00, 0x00, 0x00, 0x00, 0x00, 0x00, 
    0x00, 0x00, 0x00, 0x00, 0x00, 0x00, 0x00, 0x00, 0x00, 0x00, 0x00, 0x00, 0x00, 
    0x00, 0x00, 0x00, 0x00, 0x00, 0x00, 0x00, 0x00, 0x00, 0x00, 0x00, 0x00, 0x00, 
    0x00, 0x00, 0x00, 0x00, 0x00, 0x00, 0x00, 0x00, 0x00, 0x00, 0x00, 0x00, 0x00, 
    0x00, 0x00, 0x00, 0x00, 0x00, 0x00, 0x00, 0x00, 0x00, 0x00, 0x00, 0x00, 0x00, 
    0x00, 0x00, 0x00, 0x00, 0x00, 0x00, 0x00, 0x00, 0x00, 0x00, 0x00, 0x00, 0x00, 
    0x00, 0x00, 0x00, 0x00, 0x00, 0x00, 0x00, 0x00, 0x00, 0x00, 0x00, 0x00, 0x00, 
    0x00, 0x00, 0x00, 0x00, 0x00, 0x00, 0x00, 0x00, 0x00, 0x00, 0x00, 0x00, 0x00, 
    0x00, 0x00, 0x00, 0x00, 0x00, 0x00, 0x00, 0x00, 0x00, 0x00, 0x00, 0x00, 0x00, 
    0x00, 0x00, 0x00, 0x00, 0x00, 0x00, 0x00, 0x00, 0x00, 0x00, 0x00, 0x00, 0x00, 
    0x00, 0x00, 0x00, 0x00, 0x00, 0x00, 0x00, 0x00, 0x00, 0x00, 0x00, 0x00, 0x00, 
    0x00, 0x00, 0x00, 0x00, 0x00, 0x00, 0x00, 0x00, 0x00, 0x00, 0x00, 0x00, 0x00, 
    0x00, 0x00, 0x00, 0x00, 0x00, 0x00, 0x00, 0x00, 0x00, 0x00, 0x00, 0x00, 0x00, 
    0x00, 0x00, 0x00, 0x00, 0x00, 0x00, 0x00, 0x00, 0x00, 0x00, 0x00, 0x00, 0x00, 
    0x00, 0x00, 0x00, 0x00, 0x00, 0x00, 0x00, 0x00, 0x00, 0x00, 0x00, 0x00, 0x00, 
    0x00, 0x00, 0x00, 0x00, 0x00, 0x00, 0x00, 0x00, 0x00, 0x00, 0x00, 0x00, 0x00, 
    0x00, 0x00, 0x00, 0x00, 0x00, 0x00, 0x00, 0x00, 0x00, 0x00, 0x00, 0x00, 0x00, 
    0x00, 0x00, 0x00, 0x00, 0x00, 0x00, 0x00, 0x00, 0x00, 0x00, 0x00, 0x00, 0x00, 
    0x00, 0x00, 0x00, 0x00, 0x00, 0x00, 0x00, 0x00, 0x00, 0x00, 0x00, 0x00, 0x00, 
    0x00, 0x00, 0x00, 0x00, 0x00, 0x00, 0x00, 0x00, 0x00, 0x00, 0x00, 0x00, 0x00, 
    0x00, 0x00, 0x00, 0x00, 0x00, 0x00, 0x00, 0x00, 0x00, 0x00, 0x00, 0x00, 0x00, 
    0x00, 0x00, 0x00, 0x00, 0x00, 0x00, 0x00, 0x00, 0x00, 0x00, 0x00, 0x00, 0x00, 
    0x00, 0x00, 0x00, 0x00, 0x00, 0x00, 0x00, 0x00, 0x00, 0x00, 0x00, 0x00, 0x00, 
    0x00, 0x00, 0x00, 0x00, 0x00, 0x00, 0x00, 0x00, 0x00, 0x00, 0x00, 0x00, 0x00, 
    0x00, 0x00, 0x00, 0x00, 0x00, 0x00, 0x00, 0x00, 0x00, 0x00, 0x00, 0x00, 0x00, 
    0x00, 0x00, 0x00, 0x00, 0x00, 0x08, 0xff, 0x00, 0x01, 0x08, 0x1c, 0x48, 0xb0, 
    0xa0, 0xc1, 0x83, 0x08, 0x13, 0x2a, 0x44, 0x78, 0xa0, 0xa1, 0xc3, 0x87, 0x0e, 
    0x17, 0x4a, 0x9c, 0x48, 0xb1, 0xa2, 0xc5, 0x8b, 0x18, 0x15, 0x3a, 0x4c, 0xc0, 
    0x91, 0xe3, 0x81, 0x8e, 0x1e, 0x1b, 0x66, 0x1c, 0x49, 0xb2, 0xa4, 0xc9, 0x8b, 
    0x1b, 0x21, 0xaa, 0x6c, 0x98, 0x20, 0xe2, 0xc9, 0x97, 0x30, 0x63, 0x5a, 0x64, 
    0xe9, 0x70, 0x81, 0xcd, 0x9b, 0x38, 0x17, 0xa4, 0x3c, 0x20, 0xb3, 0xa7, 0x4f, 
    0x9f, 0x10, 0x73, 0x0a, 0xc5, 0x09, 0xf1, 0xa7, 0xd1, 0xa3, 0x18, 0x83, 0xde, 
    0x5c, 0xf9, 0x90, 0xe8, 0x43, 0xa4, 0x50, 0xa3, 0x1a, 0xa4, 0x79, 0xc0, 0x29, 
    0x82, 0xab, 0x58, 0xb1, 0x36, 0x74, 0xda, 0x92, 0xa7, 0xd4, 0xaf, 0x47, 0xa9, 
    0x5a, 0xcd, 0x4a, 0x16, 0xc1, 0xd6, 0xa5, 0x1f, 0x45, 0x82, 0x5d, 0x1b, 0x53, 
    0x2c, 0xda, 0xb2, 0x70, 0xcf, 0xda, 0xa4, 0xca, 0xb6, 0xae, 0xc9, 0x8f, 0x2d, 
    0x73, 0x1e, 0x80, 0xcb, 0xb7, 0x2a, 0x51, 0x8f, 0x76, 0x03, 0x67, 0xc4, 0xeb, 
    0x77, 0xee, 0x5e, 0xbe, 0x65, 0xe5, 0xea, 0x04, 0x2c, 0xb8, 0x31, 0xc5, 0xb4, 
    0x85, 0x75, 0x22, 0xee, 0xcb, 0xd5, 0xab, 0xe3, 0xcb, 0x09, 0xd3, 0x8e, 0x9d, 
    0x4c, 0x56, 0x71, 0x5a, 0xcc, 0xa0, 0x0f, 0x6a, 0x5e, 0xca, 0x99, 0xf2, 0xd2, 
    0x96, 0xa1, 0x53, 0x0f, 0x1c, 0xad, 0xf3, 0x70, 0xe9, 0xce, 0x85, 0x3f, 0xab, 
    0x0e, 0x4d, 0x93, 0xf4, 0xeb, 0xb8, 0xa7, 0xd5, 0xce, 0xbe, 0x4c, 0xf8, 0xed, 
    0xed, 0xac, 0x72, 0x09, 0xef, 0xc6, 0xdc, 0xdb, 0xf6, 0xef, 0xab, 0x91, 0x85, 
    0x0f, 0x77, 0x5c, 0xdc, 0xf0, 0x71, 0xb3, 0xc9, 0x19, 0x2f, 0x17, 0x5c, 0x9b, 
    0xe8, 0xf3, 0xc8, 0x8b, 0x75, 0x4f, 0x0f, 0xcc, 0xda, 0xf9, 0x6d, 0xc5, 0xd9, 
    0xb7, 0x33, 0xff, 0xcf, 0xab, 0xf7, 0x37, 0xf6, 0xf0, 0xe2, 0xa9, 0x93, 0xdf, 
    0x3c, 0x19, 0x3c, 0xfa, 0xf4, 0x76, 0xbb, 0xfb, 0x46, 0xec, 0xfe, 0x3d, 0x7c, 
    0xb6, 0xf2, 0x8d, 0x9b, 0x16, 0x2a, 0xfb, 0x3e, 0xfe, 0xfa, 0xad, 0x31, 0x55, 
    0xd3, 0x50, 0x2e, 0xf9, 0xf7, 0xdf, 0x50, 0x08, 0x26, 0xa8, 0x97, 0x65, 0x06, 
    0xae, 0x35, 0xa0, 0x82, 0x10, 0x3a, 0xc5, 0x60, 0x83, 0x5f, 0xe5, 0xb7, 0x60, 
    0x6b, 0x10, 0xf6, 0x47, 0x61, 0x85, 0xeb, 0x11, 0xa8, 0x54, 0x82, 0x1a, 0x6e, 
    0x18, 0x95, 0x85, 0x68, 0x61, 0x98, 0x21, 0x6a, 0x22, 0x56, 0x08, 0x20, 0x86, 
    0x5b, 0xad, 0x18, 0x60, 0x8a, 0x60, 0xb9, 0x68, 0xd8, 0x83, 0x1e, 0xc2, 0x18, 
    0xa3, 0x8b, 0x2d, 0x9e, 0x27, 0xa1, 0x8d, 0x1c, 0xea, 0x88, 0x16, 0x8d, 0xfc, 
    0xa1, 0xc8, 0x23, 0x54, 0x24, 0x46, 0xa8, 0x97, 0x90, 0x43, 0x86, 0xd5, 0x21, 
    0x7f, 0x4d, 0x81, 0x88, 0x64, 0x92, 0x3f, 0x59, 0xf8, 0x90, 0x56, 0x40, 0xce, 
    0xf5, 0x24, 0x94, 0x3d, 0xe5, 0xd7, 0x10, 0x7d, 0xe7, 0x85, 0x88, 0xa5, 0x4c, 
    0xf2, 0x6d, 0xd9, 0x1e, 0x76, 0x5e, 0x7e, 0x09, 0x53, 0x77, 0x62, 0x72, 0xe6, 
    0xd9, 0x95, 0x66, 0xbe, 0x84, 0xa6, 0x79, 0x7f, 0x4d, 0xd8, 0xa6, 0x9b, 0xeb, 
    0xa5, 0x59, 0x5a, 0x70, 0x6c, 0xce, 0x59, 0xd2, 0x83, 0xae, 0x7d, 0xf7, 0xa3, 
    0x9e, 0x60, 0x26, 0x77, 0x9d, 0x53, 0x80, 0xb6, 0x25, 0xe8, 0x71, 0xc9, 0xc9, 
    0x59, 0xe8, 0x48, 0x9e, 0x0d, 0x8a, 0xd6, 0xa2, 0x27, 0xd1, 0xd8, 0xe7, 0x6b, 
    0x89, 0x2a, 0x0a, 0x69, 0x45, 0x6f, 0x22, 0x1a, 0xe7, 0xa5, 0x24, 0xa1, 0x39, 
    0xe9, 0x98, 0x9b, 0x72, 0x3a, 0xd8, 0x92, 0x9f, 0xd2, 0x77, 0xa4, 0xa5, 0xa2, 
    0x2e, 0x14, 0x66, 0xa9, 0x89, 0x91, 0x99, 0x67, 0xaa, 0x1a, 0xb9, 0xff, 0x67, 
    0x67, 0x5c, 0x5d, 0x6a, 0x07, 0xeb, 0x44, 0x00, 0xce, 0x0a, 0x9c, 0x8f, 0xb6, 
    0xde, 0x1a, 0xab, 0x8f, 0x01, 0xba, 0xd6, 0xa4, 0x87, 0xa8, 0xfa, 0x4a, 0x50, 
    0x91, 0x3f, 0xca, 0x68, 0x9f, 0xb1, 0x0c, 0x29, 0x6b, 0xe4, 0x8e, 0xcc, 0xc6, 
    0xfa, 0xec, 0xb4, 0x86, 0x45, 0x9b, 0x99, 0xb3, 0xd4, 0xce, 0x68, 0xad, 0x68, 
    0x4b, 0x32, 0xb9, 0xd2, 0x89, 0xc5, 0x1a, 0x0b, 0x99, 0x82, 0xa5, 0x02, 0xdb, 
    0xda, 0xab, 0xcc, 0x56, 0xe7, 0x21, 0xad, 0x4e, 0xf6, 0xba, 0x2d, 0x00, 0x45, 
    0xea, 0x0a, 0x5d, 0xbb, 0xef, 0x72, 0x0b, 0xac, 0xbc, 0x2b, 0x96, 0xf9, 0xee, 
    0x87, 0x3f, 0xd2, 0x5a, 0x6b, 0x81, 0xf5, 0x1e, 0xcb, 0xaf, 0x43, 0xfe, 0x4a, 
    0x08, 0x70, 0xc0, 0xa2, 0xa9, 0x04, 0x2f, 0xc1, 0x4f, 0xad, 0x84, 0xb0, 0x9b, 
    0xee, 0x3e, 0x2c, 0xf1, 0xc4, 0x14, 0x57, 0x6c, 0xf1, 0xc5, 0x18, 0x67, 0xac, 
    0xf1, 0xc6, 0x1c, 0x77, 0xec, 0xf1, 0xc7, 0x20, 0x87, 0x2c, 0xf2, 0xc8, 0x24, 
    0x97, 0x6c, 0xf2, 0xc9, 0x28, 0xa7, 0xac, 0xf2, 0xca, 0x47, 0x15, 0xa0, 0xc0, 
    0xcb, 0x30, 0xc7, 0x2c, 0xf3, 0xcc, 0x34, 0xd7, 0x6c, 0xf3, 0xcd, 0x38, 0xe7, 
    0xac, 0xf3, 0xce, 0x3c, 0xf7, 0x0c, 0xf3, 0x00, 0x06, 0x64, 0x2b, 0xf4, 0xd0, 
    0x44, 0x17, 0x6d, 0xb4, 0xd1, 0x04, 0x04, 0x7d, 0xf4, 0xd2, 0x4c, 0x37, 0xed, 
    0xb4, 0x91, 0x49, 0x3f, 0x2d, 0xf5, 0xd4, 0x54, 0x17, 0x1d, 0x75, 0xd5, 0x58, 
    0x67, 0xad, 0x35, 0x4e, 0x57, 0x6f, 0xed, 0xf5, 0xd7, 0x4d, 0x77, 0x0d, 0xf6, 
    0xd8, 0x64, 0x53, 0x2b, 0x76, 0xd9, 0x68, 0xa7, 0x2d, 0xd4, 0xd9, 0x6a, 0xb7, 
    0x8d, 0x36, 0x01, 0x02, 0x08, 0x28, 0xf7, 0xdc, 0x74, 0xd7, 0x6d, 0xf7, 0xdd, 
    0x78, 0xe7, 0xad, 0xf7, 0x43, 0x01, 0x04, 0x01, 0x04, 0x00, 0x21, 0xf9, 0x04, 
    0x09, 0x04, 0x00, 0x00, 0x00, 0x2c, 0x07, 0x00, 0x0e, 0x00, 0x8d, 0x00, 0x66, 
    0x00, 0x87, 0x00, 0x00, 0x00, 0x12, 0x04, 0x05, 0x16, 0x06, 0x06, 0x2d, 0x0b, 
    0x0b, 0x31, 0x0c, 0x0d, 0x38, 0x0d, 0x0e, 0x3c, 0x0f, 0x0f, 0x48, 0x12, 0x12, 
    0x58, 0x16, 0x16, 0x8b, 0x22, 0x23, 0xb5, 0x2d, 0x2e, 0xc0, 0x2f, 0x30, 0x00, 
    0x00, 0x00, 0x00, 0x00, 0x00, 0x00, 0x00, 0x00, 0x00, 0x00, 0x00, 0x00, 0x00, 
    0x00, 0x00, 0x00, 0x00, 0x00, 0x00, 0x00, 0x00, 0x00, 0x00, 0x00, 0x00, 0x00, 
    0x00, 0x00, 0x00, 0x00, 0x00, 0x00, 0x00, 0x00, 0x00, 0x00, 0x00, 0x00, 0x00, 
    0x00, 0x00, 0x00, 0x00, 0x00, 0x00, 0x00, 0x00, 0x00, 0x00, 0x00, 0x00, 0x00, 
    0x00, 0x00, 0x00, 0x00, 0x00, 0x00, 0x00, 0x00, 0x00, 0x00, 0x00, 0x00, 0x00, 
    0x00, 0x00, 0x00, 0x00, 0x00, 0x00, 0x00, 0x00, 0x00, 0x00, 0x00, 0x00, 0x00, 
    0x00, 0x00, 0x00, 0x00, 0x00, 0x00, 0x00, 0x00, 0x00, 0x00, 0x00, 0x00, 0x00, 
    0x00, 0x00, 0x00, 0x00, 0x00, 0x00, 0x00, 0x00, 0x00, 0x00, 0x00, 0x00, 0x00, 
    0x00, 0x00, 0x00, 0x00, 0x00, 0x00, 0x00, 0x00, 0x00, 0x00, 0x00, 0x00, 0x00, 
    0x00, 0x00, 0x00, 0x00, 0x00, 0x00, 0x00, 0x00, 0x00, 0x00, 0x00, 0x00, 0x00, 
    0x00, 0x00, 0x00, 0x00, 0x00, 0x00, 0x00, 0x00, 0x00, 0x00, 0x00, 0x00, 0x00, 
    0x00, 0x00, 0x00, 0x00, 0x00, 0x00, 0x00, 0x00, 0x00, 0x00, 0x00, 0x00, 0x00, 
    0x00, 0x00, 0x00, 0x00, 0x00, 0x00, 0x00, 0x00, 0x00, 0x00, 0x00, 0x00, 0x00, 
    0x00, 0x00, 0x00, 0x00, 0x00, 0x00, 0x00, 0x00, 0x00, 0x00, 0x00, 0x00, 0x00, 
    0x00, 0x00, 0x00, 0x00, 0x00, 0x00, 0x00, 0x00, 0x00, 0x00, 0x00, 0x00, 0x00, 
    0x00, 0x00, 0x00, 0x00, 0x00, 0x00, 0x00, 0x00, 0x00, 0x00, 0x00, 0x00, 0x00, 
    0x00, 0x00, 0x00, 0x00, 0x00, 0x00, 0x00, 0x00, 0x00, 0x00, 0x00, 0x00, 0x00, 
    0x00, 0x00, 0x00, 0x00, 0x00, 0x00, 0x00, 0x00, 0x00, 0x00, 0x00, 0x00, 0x00, 
    0x00, 0x00, 0x00, 0x00, 0x00, 0x00, 0x00, 0x00, 0x00, 0x00, 0x00, 0x00, 0x00, 
    0x00, 0x00, 0x00, 0x00, 0x00, 0x00, 0x00, 0x00, 0x00, 0x00, 0x00, 0x00, 0x00, 
    0x00, 0x00, 0x00, 0x00, 0x00, 0x00, 0x00, 0x00, 0x00, 0x00, 0x00, 0x00, 0x00, 
    0x00, 0x00, 0x00, 0x00, 0x00, 0x00, 0x00, 0x00, 0x00, 0x00, 0x00, 0x00, 0x00, 
    0x00, 0x00, 0x00, 0x00, 0x00, 0x00, 0x00, 0x00, 0x00, 0x00, 0x00, 0x00, 0x00, 
    0x00, 0x00, 0x00, 0x00, 0x00, 0x00, 0x00, 0x00, 0x00, 0x00, 0x00, 0x00, 0x00, 
    0x00, 0x00, 0x00, 0x00, 0x00, 0x00, 0x00, 0x00, 0x00, 0x00, 0x00, 0x00, 0x00, 
    0x00, 0x00, 0x00, 0x00, 0x00, 0x00, 0x00, 0x00, 0x00, 0x00, 0x00, 0x00, 0x00, 
    0x00, 0x00, 0x00, 0x00, 0x00, 0x00, 0x00, 0x00, 0x00, 0x00, 0x00, 0x00, 0x00, 
    0x00, 0x00, 0x00, 0x00, 0x00, 0x00, 0x00, 0x00, 0x00, 0x00, 0x00, 0x00, 0x00, 
    0x00, 0x00, 0x00, 0x00, 0x00, 0x00, 0x00, 0x00, 0x00, 0x00, 0x00, 0x00, 0x00, 
    0x00, 0x00, 0x00, 0x00, 0x00, 0x00, 0x00, 0x00, 0x00, 0x00, 0x00, 0x00, 0x00, 
    0x00, 0x00, 0x00, 0x00, 0x00, 0x00, 0x00, 0x00, 0x00, 0x00, 0x00, 0x00, 0x00, 
    0x00, 0x00, 0x00, 0x00, 0x00, 0x00, 0x00, 0x00, 0x00, 0x00, 0x00, 0x00, 0x00, 
    0x00, 0x00, 0x00, 0x00, 0x00, 0x00, 0x00, 0x00, 0x00, 0x00, 0x00, 0x00, 0x00, 
    0x00, 0x00, 0x00, 0x00, 0x00, 0x00, 0x00, 0x00, 0x00, 0x00, 0x00, 0x00, 0x00, 
    0x00, 0x00, 0x00, 0x00, 0x00, 0x00, 0x00, 0x00, 0x00, 0x00, 0x00, 0x00, 0x00, 
    0x00, 0x00, 0x00, 0x00, 0x00, 0x00, 0x00, 0x00, 0x00, 0x00, 0x00, 0x00, 0x00, 
    0x00, 0x00, 0x00, 0x00, 0x00, 0x00, 0x00, 0x00, 0x00, 0x00, 0x00, 0x00, 0x00, 
    0x00, 0x00, 0x00, 0x00, 0x00, 0x00, 0x00, 0x00, 0x00, 0x00, 0x00, 0x00, 0x00, 
    0x00, 0x00, 0x00, 0x00, 0x00, 0x00, 0x00, 0x00, 0x00, 0x00, 0x00, 0x00, 0x00, 
    0x00, 0x00, 0x00, 0x00, 0x00, 0x00, 0x00, 0x00, 0x00, 0x00, 0x00, 0x00, 0x00, 
    0x00, 0x00, 0x00, 0x00, 0x00, 0x00, 0x00, 0x00, 0x00, 0x00, 0x00, 0x00, 0x00, 
    0x00, 0x00, 0x00, 0x00, 0x00, 0x00, 0x00, 0x00, 0x00, 0x00, 0x00, 0x00, 0x00, 
    0x00, 0x00, 0x00, 0x00, 0x00, 0x00, 0x00, 0x00, 0x00, 0x00, 0x00, 0x00, 0x00, 
    0x00, 0x00, 0x00, 0x00, 0x00, 0x00, 0x00, 0x00, 0x00, 0x00, 0x00, 0x00, 0x00, 
    0x00, 0x00, 0x00, 0x00, 0x00, 0x00, 0x00, 0x00, 0x00, 0x00, 0x00, 0x00, 0x00, 
    0x00, 0x00, 0x00, 0x00, 0x00, 0x00, 0x00, 0x00, 0x00, 0x00, 0x00, 0x00, 0x00, 
    0x00, 0x00, 0x00, 0x00, 0x00, 0x00, 0x00, 0x00, 0x00, 0x00, 0x00, 0x00, 0x00, 
    0x00, 0x00, 0x00, 0x00, 0x00, 0x00, 0x00, 0x00, 0x00, 0x00, 0x00, 0x00, 0x00, 
    0x00, 0x00, 0x00, 0x00, 0x00, 0x00, 0x00, 0x00, 0x00, 0x00, 0x00, 0x00, 0x00, 
    0x00, 0x00, 0x00, 0x00, 0x00, 0x00, 0x00, 0x00, 0x00, 0x00, 0x00, 0x00, 0x00, 
    0x00, 0x00, 0x00, 0x00, 0x00, 0x00, 0x00, 0x00, 0x00, 0x00, 0x00, 0x00, 0x00, 
    0x00, 0x00, 0x00, 0x00, 0x00, 0x00, 0x00, 0x00, 0x00, 0x00, 0x00, 0x00, 0x00, 
    0x00, 0x00, 0x00, 0x00, 0x00, 0x00, 0x00, 0x00, 0x00, 0x00, 0x00, 0x00, 0x00, 
    0x00, 0x00, 0x00, 0x00, 0x00, 0x00, 0x00, 0x00, 0x00, 0x00, 0x00, 0x00, 0x00, 
    0x00, 0x00, 0x00, 0x00, 0x00, 0x00, 0x00, 0x00, 0x00, 0x00, 0x00, 0x00, 0x00, 
    0x00, 0x00, 0x00, 0x00, 0x00, 0x00, 0x00, 0x00, 0x00, 0x00, 0x00, 0x00, 0x00, 
    0x00, 0x00, 0x00, 0x08, 0xff, 0x00, 0x01, 0x08, 0x1c, 0x48, 0xb0, 0xa0, 0xc1, 
    0x83, 0x08, 0x13, 0x2a, 0x44, 0x78, 0xa0, 0xa1, 0xc3, 0x87, 0x0e, 0x17, 0x4a, 
    0x9c, 0x48, 0xb1, 0xa2, 0xc5, 0x8b, 0x18, 0x15, 0x3a, 0x4c, 0xc0, 0x91, 0xe3, 
    0x81, 0x8e, 0x1e, 0x1b, 0x66, 0x1c, 0x49, 0xb2, 0xa4, 0xc9, 0x8b, 0x1b, 0x21, 
    0xaa, 0x6c, 0x98, 0x20, 0xe2, 0xc9, 0x97, 0x30, 0x63, 0x5a, 0x64, 0xe9, 0x70, 
    0x81, 0xcd, 0x9b, 0x38, 0x17, 0xa4, 0x3c, 0x20, 0xb3, 0xa7, 0x4f, 0x9f, 0x10, 
    0x73, 0x0a, 0xc5, 0x09, 0xf1, 0xa7, 0xd1, 0xa3, 0x18, 0x83, 0xde, 0x5c, 0xf9, 
    0x90, 0xe8, 0x43, 0xa4, 0x50, 0xa3, 0x1a, 0xa4, 0x79, 0xc0, 0x29, 0x82, 0xab, 
    0x58, 0xb1, 0x36, 0x74, 0xda, 0x92, 0xa7, 0xd4, 0xaf, 0x47, 0xa9, 0x5a, 0xcd, 
    0x4a, 0x16, 0xc1, 0xd6, 0xa5, 0x1f, 0x45, 0x82, 0x5d, 0x1b, 0x53, 0x2c, 0xda, 
    0xb2, 0x70, 0xcf, 0xda, 0xa4, 0xca, 0xb6, 0xae, 0xc9, 0x8f, 0x2d, 0x73, 0x1e, 
    0x80, 0xcb, 0xb7, 0x2a, 0x51, 0x8f, 0x76, 0x03, 0x67, 0xc4, 0xeb, 0x77, 0xee, 
    0x5e, 0xbe, 0x65, 0xe5, 0xea, 0x04, 0x2c, 0xb8, 0x31, 0xc5, 0xb4, 0x85, 0x75, 
    0x22, 0xee, 0xcb, 0xd5, 0xab, 0xe3, 0xcb, 0x09, 0xd3, 0x8e, 0x9d, 0x4c, 0x56, 
    0x71, 0x5a, 0xcc, 0xa0, 0x0f, 0x6a, 0x5e, 0xca, 0x99, 0xf2, 0xd2, 0x96, 0xa1, 
    0x53, 0x0f, 0x1c, 0xad, 0xf3, 0x70, 0xe9, 0xce, 0x85, 0x3f, 0xab, 0x0e, 0x4d, 
    0x93, 0xf4, 0xeb, 0xb8, 0xa7, 0xd5, 0xce, 0xbe, 0x4c, 0xf8, 0xed, 0xed, 0xac, 
    0x72, 0x09, 0xef, 0xc6, 0xdc, 0xdb, 0xf6, 0xef, 0xab, 0x91, 0x85, 0x0f, 0x77, 
    0x5c, 0xdc, 0xf0, 0x71, 0xb3, 0xc9, 0x19, 0x2f, 0x17, 0x5c, 0x9b, 0xe8, 0xf3, 
    0xc8, 0x8b, 0x75, 0x4f, 0x0f, 0xcc, 0xda, 0xf9, 0x6d, 0xc5, 0xd9, 0xb7, 0x33, 
    0xff, 0xcf, 0xab, 0xf7, 0x37, 0xf6, 0xf0, 0xe2, 0xa9, 0x93, 0xdf, 0x3c, 0x19, 
    0x3c, 0xfa, 0xf4, 0x76, 0xbb, 0xfb, 0x46, 0xec, 0xfe, 0x3d, 0x7c, 0xb6, 0xf2, 
    0x8d, 0x9b, 0x16, 0x2a, 0xfb, 0x3e, 0xfe, 0xfa, 0xad, 0x31, 0x55, 0xd3, 0x50, 
    0x2e, 0xf9, 0xf7, 0xdf, 0x50, 0x08, 0x26, 0xa8, 0x97, 0x65, 0x06, 0xae, 0x35, 
    0xa0, 0x82, 0x10, 0x3a, 0xc5, 0x60, 0x83, 0x5f, 0xe5, 0xb7, 0x60, 0x6b, 0x10, 
    0xf6, 0x47, 0x61, 0x85, 0xeb, 0x11, 0xa8, 0x54, 0x82, 0x1a, 0x6e, 0x18, 0x95, 
    0x85, 0x68, 0x61, 0x98, 0x21, 0x6a, 0x22, 0x56, 0x08, 0x20, 0x86, 0x5b, 0xad, 
    0x18, 0x60, 0x8a, 0x60, 0xb9, 0x68, 0xd8, 0x83, 0x1e, 0xc2, 0x18, 0xa3, 0x8b, 
    0x2d, 0x9e, 0x27, 0xa1, 0x8d, 0x1c, 0xea, 0x88, 0x16, 0x8d, 0xfc, 0xa1, 0xc8, 
    0x23, 0x54, 0x24, 0x46, 0xa8, 0x97, 0x90, 0x43, 0x86, 0xd5, 0x21, 0x7f, 0x4d, 
    0x81, 0x88, 0x64, 0x92, 0x3f, 0x59, 0xf8, 0x90, 0x56, 0x40, 0xce, 0xf5, 0x24, 
    0x94, 0x3d, 0xe5, 0xd7, 0x10, 0x7d, 0xe7, 0x85, 0x88, 0xa5, 0x4c, 0xf2, 0x6d, 
    0xd9, 0x1e, 0x76, 0x5e, 0x7e, 0x09, 0x53, 0x77, 0x62, 0x72, 0xe6, 0xd9, 0x95, 
    0x66, 0xbe, 0x84, 0xa6, 0x79, 0x7f, 0x4d, 0xd8, 0xa6, 0x9b, 0xeb, 0xa5, 0x59, 
    0x5a, 0x70, 0x6c, 0xce, 0x59, 0xd2, 0x83, 0xae, 0x7d, 0xf7, 0xa3, 0x9e, 0x60, 
    0x26, 0x77, 0x9d, 0x53, 0x80, 0xb6, 0x25, 0xe8, 0x71, 0xc9, 0xc9, 0x59, 0xe8, 
    0x48, 0x9e, 0x0d, 0x8a, 0xd6, 0xa2, 0x27, 0xd1, 0xd8, 0xe7, 0x6b, 0x89, 0x2a, 
    0x0a, 0x69, 0x45, 0x6f, 0x22, 0x1a, 0xe7, 0xa5, 0x24, 0xa1, 0x39, 0xe9, 0x98, 
    0x9b, 0x72, 0x3a, 0xd8, 0x92, 0x9f, 0xd2, 0x77, 0xa4, 0xa5, 0xa2, 0x2e, 0x14, 
    0x66, 0xa9, 0x89, 0x91, 0x99, 0x67, 0xaa, 0x1a, 0xb9, 0xff, 0x67, 0x67, 0x5c, 
    0x5d, 0x6a, 0x07, 0xeb, 0x44, 0x00, 0xce, 0x0a, 0x9c, 0x8f, 0xb6, 0xde, 0x1a, 
    0xab, 0x8f, 0x01, 0xba, 0xd6, 0xa4, 0x87, 0xa8, 0xfa, 0x4a, 0x50, 0x91, 0x3f, 
    0xca, 0x68, 0x9f, 0xb1, 0x0c, 0x29, 0x6b, 0xe4, 0x8e, 0xcc, 0xc6, 0xfa, 0xec, 
    0xb4, 0x86, 0x45, 0x9b, 0x99, 0xb3, 0xd4, 0xce, 0x68, 0xad, 0x68, 0x4b, 0x32, 
    0xb9, 0xd2, 0x89, 0xc5, 0x1a, 0x0b, 0x99, 0x82, 0xa5, 0x02, 0xdb, 0xda, 0xab, 
    0xcc, 0x56, 0xe7, 0x21, 0xad, 0x4e, 0xf6, 0xba, 0x2d, 0x00, 0x45, 0xea, 0x0a, 
    0x5d, 0xbb, 0xef, 0x72, 0x0b, 0xac, 0xbc, 0x2b, 0x96, 0xf9, 0xee, 0x87, 0x3f, 
    0xd2, 0x5a, 0x6b, 0x81, 0xf5, 0x1e, 0xcb, 0xaf, 0x43, 0xfe, 0x4a, 0x08, 0x70, 
    0xc0, 0xa2, 0xa9, 0x04, 0x2f, 0xc1, 0x4f, 0xad, 0x84, 0xb0, 0x9b, 0xee, 0x3e, 
    0x2c, 0xf1, 0xc4, 0x14, 0x57, 0x6c, 0xf1, 0xc5, 0x18, 0x67, 0xac, 0xf1, 0xc6, 
    0x1c, 0x77, 0xec, 0xf1, 0xc7, 0x20, 0x87, 0x2c, 0xf2, 0xc8, 0x24, 0x97, 0x6c, 
    0xf2, 0xc9, 0x28, 0xa7, 0xac, 0xf2, 0xca, 0x2c, 0xb7, 0x3c, 0x5b, 0x01, 0x0a, 
    0xc4, 0x2c, 0xf3, 0xcc, 0x34, 0xd7, 0x6c, 0xf3, 0xcd, 0x38, 0xe7, 0xac, 0xf3, 
    0xce, 0x3c, 0xf7, 0xec, 0xf3, 0xcf, 0x32, 0x0f, 0x60, 0x40, 0xb6, 0x44, 0x17, 
    0x6d, 0xf4, 0xd1, 0x48, 0x23, 0x4d, 0xc0, 0xd0, 0x49, 0x37, 0xed, 0xf4, 0xd3, 
    0x50, 0x1b, 0xb9, 0x74, 0xd4, 0x54, 0x57, 0x6d, 0xf5, 0xd1, 0x53, 0x5f, 0xad, 
    0xf5, 0xd6, 0x5c, 0xe3, 0x94, 0x75, 0xd7, 0x60, 0x87, 0xfd, 0xf4, 0xd7, 0x62, 
    0x97, 0x6d, 0x36, 0xb5, 0x64, 0x9f, 0xad, 0xf6, 0xda, 0x42, 0xa5, 0xcd, 0xf6, 
    0xdb, 0x6a, 0x13, 0x20, 0x80, 0x80, 0x74, 0xd7, 0x6d, 0xf7, 0xdd, 0x78, 0xe7, 
    0xad, 0xf7, 0xde, 0x7c, 0x3f, 0x03, 0x14, 0x40, 0x40, 0x00, 0x21, 0xf9, 0x04, 
    0x09, 0x04, 0x00, 0x00, 0x00, 0x2c, 0x07, 0x00, 0x0c, 0x00, 0x8d, 0x00, 0x68, 
    0x00, 0x87, 0x00, 0x00, 0x00, 0x12, 0x04, 0x05, 0x16, 0x06, 0x06, 0x2d, 0x0b, 
    0x0b, 0x31, 0x0c, 0x0d, 0x38, 0x0d, 0x0e, 0x3c, 0x0f, 0x0f, 0x48, 0x12, 0x12, 
    0x58, 0x16, 0x16, 0x8b, 0x22, 0x23, 0xb5, 0x2d, 0x2e, 0xc0, 0x2f, 0x30, 0x00, 
    0x00, 0x00, 0x00, 0x00, 0x00, 0x00, 0x00, 0x00, 0x00, 0x00, 0x00, 0x00, 0x00, 
    0x00, 0x00, 0x00, 0x00, 0x00, 0x00, 0x00, 0x00, 0x00, 0x00, 0x00, 0x00, 0x00, 
    0x00, 0x00, 0x00, 0x00, 0x00, 0x00, 0x00, 0x00, 0x00, 0x00, 0x00, 0x00, 0x00, 
    0x00, 0x00, 0x00, 0x00, 0x00, 0x00, 0x00, 0x00, 0x00, 0x00, 0x00, 0x00, 0x00, 
    0x00, 0x00, 0x00, 0x00, 0x00, 0x00, 0x00, 0x00, 0x00, 0x00, 0x00, 0x00, 0x00, 
    0x00, 0x00, 0x00, 0x00, 0x00, 0x00, 0x00, 0x00, 0x00, 0x00, 0x00, 0x00, 0x00, 
    0x00, 0x00, 0x00, 0x00, 0x00, 0x00, 0x00, 0x00, 0x00, 0x00, 0x00, 0x00, 0x00, 
    0x00, 0x00, 0x00, 0x00, 0x00, 0x00, 0x00, 0x00, 0x00, 0x00, 0x00, 0x00, 0x00, 
    0x00, 0x00, 0x00, 0x00, 0x00, 0x00, 0x00, 0x00, 0x00, 0x00, 0x00, 0x00, 0x00, 
    0x00, 0x00, 0x00, 0x00, 0x00, 0x00, 0x00, 0x00, 0x00, 0x00, 0x00, 0x00, 0x00, 
    0x00, 0x00, 0x00, 0x00, 0x00, 0x00, 0x00, 0x00, 0x00, 0x00, 0x00, 0x00, 0x00, 
    0x00, 0x00, 0x00, 0x00, 0x00, 0x00, 0x00, 0x00, 0x00, 0x00, 0x00, 0x00, 0x00, 
    0x00, 0x00, 0x00, 0x00, 0x00, 0x00, 0x00, 0x00, 0x00, 0x00, 0x00, 0x00, 0x00, 
    0x00, 0x00, 0x00, 0x00, 0x00, 0x00, 0x00, 0x00, 0x00, 0x00, 0x00, 0x00, 0x00, 
    0x00, 0x00, 0x00, 0x00, 0x00, 0x00, 0x00, 0x00, 0x00, 0x00, 0x00, 0x00, 0x00, 
    0x00, 0x00, 0x00, 0x00, 0x00, 0x00, 0x00, 0x00, 0x00, 0x00, 0x00, 0x00, 0x00, 
    0x00, 0x00, 0x00, 0x00, 0x00, 0x00, 0x00, 0x00, 0x00, 0x00, 0x00, 0x00, 0x00, 
    0x00, 0x00, 0x00, 0x00, 0x00, 0x00, 0x00, 0x00, 0x00, 0x00, 0x00, 0x00, 0x00, 
    0x00, 0x00, 0x00, 0x00, 0x00, 0x00, 0x00, 0x00, 0x00, 0x00, 0x00, 0x00, 0x00, 
    0x00, 0x00, 0x00, 0x00, 0x00, 0x00, 0x00, 0x00, 0x00, 0x00, 0x00, 0x00, 0x00, 
    0x00, 0x00, 0x00, 0x00, 0x00, 0x00, 0x00, 0x00, 0x00, 0x00, 0x00, 0x00, 0x00, 
    0x00, 0x00, 0x00, 0x00, 0x00, 0x00, 0x00, 0x00, 0x00, 0x00, 0x00, 0x00, 0x00, 
    0x00, 0x00, 0x00, 0x00, 0x00, 0x00, 0x00, 0x00, 0x00, 0x00, 0x00, 0x00, 0x00, 
    0x00, 0x00, 0x00, 0x00, 0x00, 0x00, 0x00, 0x00, 0x00, 0x00, 0x00, 0x00, 0x00, 
    0x00, 0x00, 0x00, 0x00, 0x00, 0x00, 0x00, 0x00, 0x00, 0x00, 0x00, 0x00, 0x00, 
    0x00, 0x00, 0x00, 0x00, 0x00, 0x00, 0x00, 0x00, 0x00, 0x00, 0x00, 0x00, 0x00, 
    0x00, 0x00, 0x00, 0x00, 0x00, 0x00, 0x00, 0x00, 0x00, 0x00, 0x00, 0x00, 0x00, 
    0x00, 0x00, 0x00, 0x00, 0x00, 0x00, 0x00, 0x00, 0x00, 0x00, 0x00, 0x00, 0x00, 
    0x00, 0x00, 0x00, 0x00, 0x00, 0x00, 0x00, 0x00, 0x00, 0x00, 0x00, 0x00, 0x00, 
    0x00, 0x00, 0x00, 0x00, 0x00, 0x00, 0x00, 0x00, 0x00, 0x00, 0x00, 0x00, 0x00, 
    0x00, 0x00, 0x00, 0x00, 0x00, 0x00, 0x00, 0x00, 0x00, 0x00, 0x00, 0x00, 0x00, 
    0x00, 0x00, 0x00, 0x00, 0x00, 0x00, 0x00, 0x00, 0x00, 0x00, 0x00, 0x00, 0x00, 
    0x00, 0x00, 0x00, 0x00, 0x00, 0x00, 0x00, 0x00, 0x00, 0x00, 0x00, 0x00, 0x00, 
    0x00, 0x00, 0x00, 0x00, 0x00, 0x00, 0x00, 0x00, 0x00, 0x00, 0x00, 0x00, 0x00, 
    0x00, 0x00, 0x00, 0x00, 0x00, 0x00, 0x00, 0x00, 0x00, 0x00, 0x00, 0x00, 0x00, 
    0x00, 0x00, 0x00, 0x00, 0x00, 0x00, 0x00, 0x00, 0x00, 0x00, 0x00, 0x00, 0x00, 
    0x00, 0x00, 0x00, 0x00, 0x00, 0x00, 0x00, 0x00, 0x00, 0x00, 0x00, 0x00, 0x00, 
    0x00, 0x00, 0x00, 0x00, 0x00, 0x00, 0x00, 0x00, 0x00, 0x00, 0x00, 0x00, 0x00, 
    0x00, 0x00, 0x00, 0x00, 0x00, 0x00, 0x00, 0x00, 0x00, 0x00, 0x00, 0x00, 0x00, 
    0x00, 0x00, 0x00, 0x00, 0x00, 0x00, 0x00, 0x00, 0x00, 0x00, 0x00, 0x00, 0x00, 
    0x00, 0x00, 0x00, 0x00, 0x00, 0x00, 0x00, 0x00, 0x00, 0x00, 0x00, 0x00, 0x00, 
    0x00, 0x00, 0x00, 0x00, 0x00, 0x00, 0x00, 0x00, 0x00, 0x00, 0x00, 0x00, 0x00, 
    0x00, 0x00, 0x00, 0x00, 0x00, 0x00, 0x00, 0x00, 0x00, 0x00, 0x00, 0x00, 0x00, 
    0x00, 0x00, 0x00, 0x00, 0x00, 0x00, 0x00, 0x00, 0x00, 0x00, 0x00, 0x00, 0x00, 
    0x00, 0x00, 0x00, 0x00, 0x00, 0x00, 0x00, 0x00, 0x00, 0x00, 0x00, 0x00, 0x00, 
    0x00, 0x00, 0x00, 0x00, 0x00, 0x00, 0x00, 0x00, 0x00, 0x00, 0x00, 0x00, 0x00, 
    0x00, 0x00, 0x00, 0x00, 0x00, 0x00, 0x00, 0x00, 0x00, 0x00, 0x00, 0x00, 0x00, 
    0x00, 0x00, 0x00, 0x00, 0x00, 0x00, 0x00, 0x00, 0x00, 0x00, 0x00, 0x00, 0x00, 
    0x00, 0x00, 0x00, 0x00, 0x00, 0x00, 0x00, 0x00, 0x00, 0x00, 0x00, 0x00, 0x00, 
    0x00, 0x00, 0x00, 0x00, 0x00, 0x00, 0x00, 0x00, 0x00, 0x00, 0x00, 0x00, 0x00, 
    0x00, 0x00, 0x00, 0x00, 0x00, 0x00, 0x00, 0x00, 0x00, 0x00, 0x00, 0x00, 0x00, 
    0x00, 0x00, 0x00, 0x00, 0x00, 0x00, 0x00, 0x00, 0x00, 0x00, 0x00, 0x00, 0x00, 
    0x00, 0x00, 0x00, 0x00, 0x00, 0x00, 0x00, 0x00, 0x00, 0x00, 0x00, 0x00, 0x00, 
    0x00, 0x00, 0x00, 0x00, 0x00, 0x00, 0x00, 0x00, 0x00, 0x00, 0x00, 0x00, 0x00, 
    0x00, 0x00, 0x00, 0x00, 0x00, 0x00, 0x00, 0x00, 0x00, 0x00, 0x00, 0x00, 0x00, 
    0x00, 0x00, 0x00, 0x00, 0x00, 0x00, 0x00, 0x00, 0x00, 0x00, 0x00, 0x00, 0x00, 
    0x00, 0x00, 0x00, 0x08, 0xff, 0x00, 0x01, 0x08, 0x1c, 0x48, 0xb0, 0xa0, 0xc1, 
    0x83, 0x08, 0x13, 0x2a, 0x44, 0x78, 0xa0, 0xa1, 0xc3, 0x87, 0x0e, 0x17, 0x4a, 
    0x9c, 0x48, 0xb1, 0xa2, 0xc5, 0x8b, 0x18, 0x15, 0x3a, 0x4c, 0xc0, 0x91, 0xe3, 
    0x81, 0x8e, 0x1e, 0x1b, 0x66, 0x1c, 0x49, 0xb2, 0xa4, 0xc9, 0x8b, 0x1b, 0x21, 
    0xaa, 0x6c, 0x98, 0x20, 0xe2, 0xc9, 0x97, 0x30, 0x63, 0x5a, 0x64, 0xe9, 0x70, 
    0x81, 0xcd, 0x9b, 0x38, 0x17, 0xa4, 0x3c, 0x20, 0xb3, 0xa7, 0x4f, 0x9f, 0x10, 
    0x73, 0x0a, 0xc5, 0x09, 0xf1, 0xa7, 0xd1, 0xa3, 0x18, 0x83, 0xde, 0x5c, 0xf9, 
    0x90, 0xe8, 0x43, 0xa4, 0x50, 0xa3, 0x1a, 0xa4, 0x79, 0xc0, 0x29, 0x82, 0xab, 
    0x58, 0xb1, 0x36, 0x74, 0xda, 0x92, 0xa7, 0xd4, 0xaf, 0x47, 0xa9, 0x5a, 0xcd, 
    0x4a, 0x16, 0xc1, 0xd6, 0xa5, 0x1f, 0x45, 0x82, 0x5d, 0x1b, 0x53, 0x2c, 0xda, 
    0xb2, 0x70, 0xcf, 0xda, 0xa4, 0xca, 0xb6, 0xae, 0xc9, 0x8f, 0x2d, 0x73, 0x1e, 
    0x80, 0xcb, 0xb7, 0x2a, 0x51, 0x8f, 0x76, 0x03, 0x67, 0xc4, 0xeb, 0x77, 0xee, 
    0x5e, 0xbe, 0x65, 0xe5, 0xea, 0x04, 0x2c, 0xb8, 0x31, 0xc5, 0xb4, 0x85, 0x75, 
    0x22, 0xee, 0xcb, 0xd5, 0xab, 0xe3, 0xcb, 0x09, 0xd3, 0x8e, 0x9d, 0x4c, 0x56, 
    0x71, 0x5a, 0xcc, 0xa0, 0x0f, 0x6a, 0x5e, 0xca, 0x99, 0xf2, 0xd2, 0x96, 0xa1, 
    0x53, 0x0f, 0x1c, 0xad, 0xf3, 0x70, 0xe9, 0xce, 0x85, 0x3f, 0xab, 0x0e, 0x4d, 
    0x93, 0xf4, 0xeb, 0xb8, 0xa7, 0xd5, 0xce, 0xbe, 0x4c, 0xf8, 0xed, 0xed, 0xac, 
    0x72, 0x09, 0xef, 0xc6, 0xdc, 0xdb, 0xf6, 0xef, 0xab, 0x91, 0x85, 0x0f, 0x77, 
    0x5c, 0xdc, 0xf0, 0x71, 0xb3, 0xc9, 0x19, 0x2f, 0x17, 0x5c, 0x9b, 0xe8, 0xf3, 
    0xc8, 0x8b, 0x75, 0x4f, 0x0f, 0xcc, 0xda, 0xf9, 0x6d, 0xc5, 0xd9, 0xb7, 0x33, 
    0xff, 0xcf, 0xab, 0xf7, 0x37, 0xf6, 0xf0, 0xe2, 0xa9, 0x93, 0xdf, 0x3c, 0x19, 
    0x3c, 0xfa, 0xf4, 0x76, 0xbb, 0xfb, 0x46, 0xec, 0xfe, 0x3d, 0x7c, 0xb6, 0xf2, 
    0x8d, 0x9b, 0x16, 0x2a, 0xfb, 0x3e, 0xfe, 0xfa, 0xad, 0x31, 0x55, 0xd3, 0x50, 
    0x2e, 0xf9, 0xf7, 0xdf, 0x50, 0x08, 0x26, 0xa8, 0x97, 0x65, 0x06, 0xae, 0x35, 
    0xa0, 0x82, 0x10, 0x3a, 0xc5, 0x60, 0x83, 0x5f, 0xe5, 0xb7, 0x60, 0x6b, 0x10, 
    0xf6, 0x47, 0x61, 0x85, 0xeb, 0x11, 0xa8, 0x54, 0x82, 0x1a, 0x6e, 0x18, 0x95, 
    0x85, 0x68, 0x61, 0x98, 0x21, 0x6a, 0x22, 0x56, 0x08, 0x20, 0x86, 0x5b, 0xad, 
    0x18, 0x60, 0x8a, 0x60, 0xb9, 0x68, 0xd8, 0x83, 0x1e, 0xc2, 0x18, 0xa3, 0x8b, 
    0x2d, 0x9e, 0x27, 0xa1, 0x8d, 0x1c, 0xea, 0x88, 0x16, 0x8d, 0xfc, 0xa1, 0xc8, 
    0x23, 0x54, 0x24, 0x46, 0xa8, 0x97, 0x90, 0x43, 0x86, 0xd5, 0x21, 0x7f, 0x4d, 
    0x81, 0x88, 0x64, 0x92, 0x3f, 0x59, 0xf8, 0x90, 0x56, 0x40, 0xce, 0xf5, 0x24, 
    0x94, 0x3d, 0xe5, 0xd7, 0x10, 0x7d, 0xe7, 0x85, 0x88, 0xa5, 0x4c, 0xf2, 0x6d, 
    0xd9, 0x1e, 0x76, 0x5e, 0x7e, 0x09, 0x53, 0x77, 0x62, 0x72, 0xe6, 0xd9, 0x95, 
    0x66, 0xbe, 0x84, 0xa6, 0x79, 0x7f, 0x4d, 0xd8, 0xa6, 0x9b, 0xeb, 0xa5, 0x59, 
    0x5a, 0x70, 0x6c, 0xce, 0x59, 0xd2, 0x83, 0xae, 0x7d, 0xf7, 0xa3, 0x9e, 0x60, 
    0x26, 0x77, 0x9d, 0x53, 0x80, 0xb6, 0x25, 0xe8, 0x71, 0xc9, 0xc9, 0x59, 0xe8, 
    0x48, 0x9e, 0x0d, 0x8a, 0xd6, 0xa2, 0x27, 0xd1, 0xd8, 0xe7, 0x6b, 0x89, 0x2a, 
    0x0a, 0x69, 0x45, 0x6f, 0x22, 0x1a, 0xe7, 0xa5, 0x24, 0xa1, 0x39, 0xe9, 0x98, 
    0x9b, 0x72, 0x3a, 0xd8, 0x92, 0x9f, 0xd2, 0x77, 0xa4, 0xa5, 0xa2, 0x2e, 0x14, 
    0x66, 0xa9, 0x89, 0x91, 0x99, 0x67, 0xaa, 0x1a, 0xb9, 0xff, 0x67, 0x67, 0x5c, 
    0x5d, 0x6a, 0x07, 0xeb, 0x44, 0x00, 0xce, 0x0a, 0x9c, 0x8f, 0xb6, 0xde, 0x1a, 
    0xab, 0x8f, 0x01, 0xba, 0xd6, 0xa4, 0x87, 0xa8, 0xfa, 0x4a, 0x50, 0x91, 0x3f, 
    0xca, 0x68, 0x9f, 0xb1, 0x0c, 0x29, 0x6b, 0xe4, 0x8e, 0xcc, 0xc6, 0xfa, 0xec, 
    0xb4, 0x86, 0x45, 0x9b, 0x99, 0xb3, 0xd4, 0xce, 0x68, 0xad, 0x68, 0x4b, 0x32, 
    0xb9, 0xd2, 0x89, 0xc5, 0x1a, 0x0b, 0x99, 0x82, 0xa5, 0x02, 0xdb, 0xda, 0xab, 
    0xcc, 0x56, 0xe7, 0x21, 0xad, 0x4e, 0xf6, 0xba, 0x2d, 0x00, 0x45, 0xea, 0x0a, 
    0x5d, 0xbb, 0xef, 0x72, 0x0b, 0xac, 0xbc, 0x2b, 0x96, 0xf9, 0xee, 0x87, 0x3f, 
    0xd2, 0x5a, 0x6b, 0x81, 0xf5, 0x1e, 0xcb, 0xaf, 0x43, 0xfe, 0x4a, 0x08, 0x70, 
    0xc0, 0xa2, 0xa9, 0x04, 0x2f, 0xc1, 0x4f, 0xad, 0x84, 0xb0, 0x9b, 0xee, 0x3e, 
    0x2c, 0xf1, 0xc4, 0x14, 0x57, 0x6c, 0xf1, 0xc5, 0x18, 0x67, 0xac, 0xf1, 0xc6, 
    0x1c, 0x77, 0xec, 0xf1, 0xc7, 0x20, 0x87, 0x2c, 0xf2, 0xc8, 0x24, 0x97, 0x6c, 
    0xf2, 0xc9, 0x28, 0xa7, 0xac, 0xf2, 0xca, 0x2c, 0xb7, 0xec, 0xf2, 0xcb, 0x30, 
    0x16, 0xa0, 0xc0, 0xcc, 0x34, 0xd7, 0x6c, 0xf3, 0xcd, 0x38, 0xe7, 0xac, 0xf3, 
    0xce, 0x3c, 0xf7, 0xec, 0xf3, 0xcf, 0x40, 0x07, 0x4d, 0xf3, 0x00, 0x06, 0x64, 
    0x6b, 0xf4, 0xd1, 0x48, 0x27, 0xad, 0xb4, 0xd2, 0x04, 0x14, 0xbd, 0xf4, 0xd3, 
    0x50, 0x47, 0x2d, 0xb5, 0x91, 0x4d, 0x4f, 0x6d, 0xf5, 0xd5, 0x58, 0x27, 0x5d, 
    0x75, 0xd6, 0x5c, 0x77, 0xed, 0x35, 0x4e, 0x5b, 0x7f, 0x2d, 0xf6, 0xd8, 0x51, 
    0x87, 0x4d, 0xf6, 0xd9, 0x68, 0x53, 0x6b, 0x76, 0xda, 0x6c, 0xb7, 0x2d, 0xd4, 
    0xda, 0x6e, 0xc7, 0xcd, 0x36, 0x01, 0x02, 0x08, 0x68, 0xf7, 0xdd, 0x78, 0xe7, 
    0xad, 0xf7, 0xde, 0x7c, 0xf7, 0x06, 0xed, 0xf7, 0x43, 0x01, 0x04, 0x04, 0x00, 
    0x21, 0xf9, 0x04, 0x09, 0x04, 0x00, 0x00, 0x00, 0x2c, 0x07, 0x00, 0x0a, 0x00, 
    0x8d, 0x00, 0x6a, 0x00, 0x87, 0x00, 0x00, 0x00, 0x12, 0x04, 0x05, 0x16, 0x06, 
    0x06, 0x2d, 0x0b, 0x0b, 0x31, 0x0c, 0x0d, 0x38, 0x0d, 0x0e, 0x3c, 0x0f, 0x0f, 
    0x48, 0x12, 0x12, 0x58, 0x16, 0x16, 0x8b, 0x22, 0x23, 0xb5, 0x2d, 0x2e, 0xc0, 
    0x2f, 0x30, 0x00, 0x00, 0x00, 0x00, 0x00, 0x00, 0x00, 0x00, 0x00, 0x00, 0x00, 
    0x00, 0x00, 0x00, 0x00, 0x00, 0x00, 0x00, 0x00, 0x00, 0x00, 0x00, 0x00, 0x00, 
    0x00, 0x00, 0x00, 0x00, 0x00, 0x00, 0x00, 0x00, 0x00, 0x00, 0x00, 0x00, 0x00, 
    0x00, 0x00, 0x00, 0x00, 0x00, 0x00, 0x00, 0x00, 0x00, 0x00, 0x00, 0x00, 0x00, 
    0x00, 0x00, 0x00, 0x00, 0x00, 0x00, 0x00, 0x00, 0x00, 0x00, 0x00, 0x00, 0x00, 
    0x00, 0x00, 0x00, 0x00, 0x00, 0x00, 0x00, 0x00, 0x00, 0x00, 0x00, 0x00, 0x00, 
    0x00, 0x00, 0x00, 0x00, 0x00, 0x00, 0x00, 0x00, 0x00, 0x00, 0x00, 0x00, 0x00, 
    0x00, 0x00, 0x00, 0x00, 0x00, 0x00, 0x00, 0x00, 0x00, 0x00, 0x00, 0x00, 0x00, 
    0x00, 0x00, 0x00, 0x00, 0x00, 0x00, 0x00, 0x00, 0x00, 0x00, 0x00, 0x00, 0x00, 
    0x00, 0x00, 0x00, 0x00, 0x00, 0x00, 0x00, 0x00, 0x00, 0x00, 0x00, 0x00, 0x00, 
    0x00, 0x00, 0x00, 0x00, 0x00, 0x00, 0x00, 0x00, 0x00, 0x00, 0x00, 0x00, 0x00, 
    0x00, 0x00, 0x00, 0x00, 0x00, 0x00, 0x00, 0x00, 0x00, 0x00, 0x00, 0x00, 0x00, 
    0x00, 0x00, 0x00, 0x00, 0x00, 0x00, 0x00, 0x00, 0x00, 0x00, 0x00, 0x00, 0x00, 
    0x00, 0x00, 0x00, 0x00, 0x00, 0x00, 0x00, 0x00, 0x00, 0x00, 0x00, 0x00, 0x00, 
    0x00, 0x00, 0x00, 0x00, 0x00, 0x00, 0x00, 0x00, 0x00, 0x00, 0x00, 0x00, 0x00, 
    0x00, 0x00, 0x00, 0x00, 0x00, 0x00, 0x00, 0x00, 0x00, 0x00, 0x00, 0x00, 0x00, 
    0x00, 0x00, 0x00, 0x00, 0x00, 0x00, 0x00, 0x00, 0x00, 0x00, 0x00, 0x00, 0x00, 
    0x00, 0x00, 0x00, 0x00, 0x00, 0x00, 0x00, 0x00, 0x00, 0x00, 0x00, 0x00, 0x00, 
    0x00, 0x00, 0x00, 0x00, 0x00, 0x00, 0x00, 0x00, 0x00, 0x00, 0x00, 0x00, 0x00, 
    0x00, 0x00, 0x00, 0x00, 0x00, 0x00, 0x00, 0x00, 0x00, 0x00, 0x00, 0x00, 0x00, 
    0x00, 0x00, 0x00, 0x00, 0x00, 0x00, 0x00, 0x00, 0x00, 0x00, 0x00, 0x00, 0x00, 
    0x00, 0x00, 0x00, 0x00, 0x00, 0x00, 0x00, 0x00, 0x00, 0x00, 0x00, 0x00, 0x00, 
    0x00, 0x00, 0x00, 0x00, 0x00, 0x00, 0x00, 0x00, 0x00, 0x00, 0x00, 0x00, 0x00, 
    0x00, 0x00, 0x00, 0x00, 0x00, 0x00, 0x00, 0x00, 0x00, 0x00, 0x00, 0x00, 0x00, 
    0x00, 0x00, 0x00, 0x00, 0x00, 0x00, 0x00, 0x00, 0x00, 0x00, 0x00, 0x00, 0x00, 
    0x00, 0x00, 0x00, 0x00, 0x00, 0x00, 0x00, 0x00, 0x00, 0x00, 0x00, 0x00, 0x00, 
    0x00, 0x00, 0x00, 0x00, 0x00, 0x00, 0x00, 0x00, 0x00, 0x00, 0x00, 0x00, 0x00, 
    0x00, 0x00, 0x00, 0x00, 0x00, 0x00, 0x00, 0x00, 0x00, 0x00, 0x00, 0x00, 0x00, 
    0x00, 0x00, 0x00, 0x00, 0x00, 0x00, 0x00, 0x00, 0x00, 0x00, 0x00, 0x00, 0x00, 
    0x00, 0x00, 0x00, 0x00, 0x00, 0x00, 0x00, 0x00, 0x00, 0x00, 0x00, 0x00, 0x00, 
    0x00, 0x00, 0x00, 0x00, 0x00, 0x00, 0x00, 0x00, 0x00, 0x00, 0x00, 0x00, 0x00, 
    0x00, 0x00, 0x00, 0x00, 0x00, 0x00, 0x00, 0x00, 0x00, 0x00, 0x00, 0x00, 0x00, 
    0x00, 0x00, 0x00, 0x00, 0x00, 0x00, 0x00, 0x00, 0x00, 0x00, 0x00, 0x00, 0x00, 
    0x00, 0x00, 0x00, 0x00, 0x00, 0x00, 0x00, 0x00, 0x00, 0x00, 0x00, 0x00, 0x00, 
    0x00, 0x00, 0x00, 0x00, 0x00, 0x00, 0x00, 0x00, 0x00, 0x00, 0x00, 0x00, 0x00, 
    0x00, 0x00, 0x00, 0x00, 0x00, 0x00, 0x00, 0x00, 0x00, 0x00, 0x00, 0x00, 0x00, 
    0x00, 0x00, 0x00, 0x00, 0x00, 0x00, 0x00, 0x00, 0x00, 0x00, 0x00, 0x00, 0x00, 
    0x00, 0x00, 0x00, 0x00, 0x00, 0x00, 0x00, 0x00, 0x00, 0x00, 0x00, 0x00, 0x00, 
    0x00, 0x00, 0x00, 0x00, 0x00, 0x00, 0x00, 0x00, 0x00, 0x00, 0x00, 0x00, 0x00, 
    0x00, 0x00, 0x00, 0x00, 0x00, 0x00, 0x00, 0x00, 0x00, 0x00, 0x00, 0x00, 0x00, 
    0x00, 0x00, 0x00, 0x00, 0x00, 0x00, 0x00, 0x00, 0x00, 0x00, 0x00, 0x00, 0x00, 
    0x00, 0x00, 0x00, 0x00, 0x00, 0x00, 0x00, 0x00, 0x00, 0x00, 0x00, 0x00, 0x00, 
    0x00, 0x00, 0x00, 0x00, 0x00, 0x00, 0x00, 0x00, 0x00, 0x00, 0x00, 0x00, 0x00, 
    0x00, 0x00, 0x00, 0x00, 0x00, 0x00, 0x00, 0x00, 0x00, 0x00, 0x00, 0x00, 0x00, 
    0x00, 0x00, 0x00, 0x00, 0x00, 0x00, 0x00, 0x00, 0x00, 0x00, 0x00, 0x00, 0x00, 
    0x00, 0x00, 0x00, 0x00, 0x00, 0x00, 0x00, 0x00, 0x00, 0x00, 0x00, 0x00, 0x00, 
    0x00, 0x00, 0x00, 0x00, 0x00, 0x00, 0x00, 0x00, 0x00, 0x00, 0x00, 0x00, 0x00, 
    0x00, 0x00, 0x00, 0x00, 0x00, 0x00, 0x00, 0x00, 0x00, 0x00, 0x00, 0x00, 0x00, 
    0x00, 0x00, 0x00, 0x00, 0x00, 0x00, 0x00, 0x00, 0x00, 0x00, 0x00, 0x00, 0x00, 
    0x00, 0x00, 0x00, 0x00, 0x00, 0x00, 0x00, 0x00, 0x00, 0x00, 0x00, 0x00, 0x00, 
    0x00, 0x00, 0x00, 0x00, 0x00, 0x00, 0x00, 0x00, 0x00, 0x00, 0x00, 0x00, 0x00, 
    0x00, 0x00, 0x00, 0x00, 0x00, 0x00, 0x00, 0x00, 0x00, 0x00, 0x00, 0x00, 0x00, 
    0x00, 0x00, 0x00, 0x00, 0x00, 0x00, 0x00, 0x00, 0x00, 0x00, 0x00, 0x00, 0x00, 
    0x00, 0x00, 0x00, 0x00, 0x00, 0x00, 0x00, 0x00, 0x00, 0x00, 0x00, 0x00, 0x00, 
    0x00, 0x00, 0x00, 0x00, 0x00, 0x00, 0x00, 0x00, 0x00, 0x00, 0x00, 0x00, 0x00, 
    0x00, 0x00, 0x00, 0x00, 0x00, 0x00, 0x00, 0x00, 0x00, 0x00, 0x00, 0x00, 0x00, 
    0x00, 0x00, 0x00, 0x00, 0x00, 0x00, 0x08, 0xff, 0x00, 0x01, 0x08, 0x1c, 0x48, 
    0xb0, 0xa0, 0xc1, 0x83, 0x08, 0x13, 0x2a, 0x44, 0x78, 0xa0, 0xa1, 0xc3, 0x87, 
    0x0e, 0x17, 0x4a, 0x9c, 0x48, 0xb1, 0xa2, 0xc5, 0x8b, 0x18, 0x15, 0x3a, 0x4c, 
    0xc0, 0x91, 0xe3, 0x81, 0x8e, 0x1e, 0x1b, 0x66, 0x1c, 0x49, 0xb2, 0xa4, 0xc9, 
    0x8b, 0x1b, 0x21, 0xaa, 0x6c, 0x98, 0x20, 0xe2, 0xc9, 0x97, 0x30, 0x63, 0x5a, 
    0x64, 0xe9, 0x70, 0x81, 0xcd, 0x9b, 0x38, 0x17, 0xa4, 0x3c, 0x20, 0xb3, 0xa7, 
    0x4f, 0x9f, 0x10, 0x73, 0x0a, 0xc5, 0x09, 0xf1, 0xa7, 0xd1, 0xa3, 0x18, 0x83, 
    0xde, 0x5c, 0xf9, 0x90, 0xe8, 0x43, 0xa4, 0x50, 0xa3, 0x1a, 0xa4, 0x79, 0xc0, 
    0x29, 0x82, 0xab, 0x58, 0xb1, 0x36, 0x74, 0xda, 0x92, 0xa7, 0xd4, 0xaf, 0x47, 
    0xa9, 0x5a, 0xcd, 0x4a, 0x16, 0xc1, 0xd6, 0xa5, 0x1f, 0x45, 0x82, 0x5d, 0x1b, 
    0x53, 0x2c, 0xda, 0xb2, 0x70, 0xcf, 0xda, 0xa4, 0xca, 0xb6, 0xae, 0xc9, 0x8f, 
    0x2d, 0x73, 0x1e, 0x80, 0xcb, 0xb7, 0x2a, 0x51, 0x8f, 0x76, 0x03, 0x67, 0xc4, 
    0xeb, 0x77, 0xee, 0x5e, 0xbe, 0x65, 0xe5, 0xea, 0x04, 0x2c, 0xb8, 0x31, 0xc5, 
    0xb4, 0x85, 0x75, 0x22, 0xee, 0xcb, 0xd5, 0xab, 0xe3, 0xcb, 0x09, 0xd3, 0x8e, 
    0x9d, 0x4c, 0x56, 0x71, 0x5a, 0xcc, 0xa0, 0x0f, 0x6a, 0x5e, 0xca, 0x99, 0xf2, 
    0xd2, 0x96, 0xa1, 0x53, 0x0f, 0x1c, 0xad, 0xf3, 0x70, 0xe9, 0xce, 0x85, 0x3f, 
    0xab, 0x0e, 0x4d, 0x93, 0xf4, 0xeb, 0xb8, 0xa7, 0xd5, 0xce, 0xbe, 0x4c, 0xf8, 
    0xed, 0xed, 0xac, 0x72, 0x09, 0xef, 0xc6, 0xdc, 0xdb, 0xf6, 0xef, 0xab, 0x91, 
    0x85, 0x0f, 0x77, 0x5c, 0xdc, 0xf0, 0x71, 0xb3, 0xc9, 0x19, 0x2f, 0x17, 0x5c, 
    0x9b, 0xe8, 0xf3, 0xc8, 0x8b, 0x75, 0x4f, 0x0f, 0xcc, 0xda, 0xf9, 0x6d, 0xc5, 
    0xd9, 0xb7, 0x33, 0xff, 0xcf, 0xab, 0xf7, 0x37, 0xf6, 0xf0, 0xe2, 0xa9, 0x93, 
    0xdf, 0x3c, 0x19, 0x3c, 0xfa, 0xf4, 0x76, 0xbb, 0xfb, 0x46, 0xec, 0xfe, 0x3d, 
    0x7c, 0xb6, 0xf2, 0x8d, 0x9b, 0x16, 0x2a, 0xfb, 0x3e, 0xfe, 0xfa, 0xad, 0x31, 
    0x55, 0xd3, 0x50, 0x2e, 0xf9, 0xf7, 0xdf, 0x50, 0x08, 0x26, 0xa8, 0x97, 0x65, 
    0x06, 0xae, 0x35, 0xa0, 0x82, 0x10, 0x3a, 0xc5, 0x60, 0x83, 0x5f, 0xe5, 0xb7, 
    0x60, 0x6b, 0x10, 0xf6, 0x47, 0x61, 0x85, 0xeb, 0x11, 0xa8, 0x54, 0x82, 0x1a, 
    0x6e, 0x18, 0x95, 0x85, 0x68, 0x61, 0x98, 0x21, 0x6a, 0x22, 0x56, 0x08, 0x20, 
    0x86, 0x5b, 0xad, 0x18, 0x60, 0x8a, 0x60, 0xb9, 0x68, 0xd8, 0x83, 0x1e, 0xc2, 
    0x18, 0xa3, 0x8b, 0x2d, 0x9e, 0x27, 0xa1, 0x8d, 0x1c, 0xea, 0x88, 0x16, 0x8d, 
    0xfc, 0xa1, 0xc8, 0x23, 0x54, 0x24, 0x46, 0xa8, 0x97, 0x90, 0x43, 0x86, 0xd5, 
    0x21, 0x7f, 0x4d, 0x81, 0x88, 0x64, 0x92, 0x3f, 0x59, 0xf8, 0x90, 0x56, 0x40, 
    0xce, 0xf5, 0x24, 0x94, 0x3d, 0xe5, 0xd7, 0x10, 0x7d, 0xe7, 0x85, 0x88, 0xa5, 
    0x4c, 0xf2, 0x6d, 0xd9, 0x1e, 0x76, 0x5e, 0x7e, 0x09, 0x53, 0x77, 0x62, 0x72, 
    0xe6, 0xd9, 0x95, 0x66, 0xbe, 0x84, 0xa6, 0x79, 0x7f, 0x4d, 0xd8, 0xa6, 0x9b, 
    0xeb, 0xa5, 0x59, 0x5a, 0x70, 0x6c, 0xce, 0x59, 0xd2, 0x83, 0xae, 0x7d, 0xf7, 
    0xa3, 0x9e, 0x60, 0x26, 0x77, 0x9d, 0x53, 0x80, 0xb6, 0x25, 0xe8, 0x71, 0xc9, 
    0xc9, 0x59, 0xe8, 0x48, 0x9e, 0x0d, 0x8a, 0xd6, 0xa2, 0x27, 0xd1, 0xd8, 0xe7, 
    0x6b, 0x89, 0x2a, 0x0a, 0x69, 0x45, 0x6f, 0x22, 0x1a, 0xe7, 0xa5, 0x24, 0xa1, 
    0x39, 0xe9, 0x98, 0x9b, 0x72, 0x3a, 0xd8, 0x92, 0x9f, 0xd2, 0x77, 0xa4, 0xa5, 
    0xa2, 0x2e, 0x14, 0x66, 0xa9, 0x89, 0x91, 0x99, 0x67, 0xaa, 0x1a, 0xb9, 0xff, 
    0x67, 0x67, 0x5c, 0x5d, 0x6a, 0x07, 0xeb, 0x44, 0x00, 0xce, 0x0a, 0x9c, 0x8f, 
    0xb6, 0xde, 0x1a, 0xab, 0x8f, 0x01, 0xba, 0xd6, 0xa4, 0x87, 0xa8, 0xfa, 0x4a, 
    0x50, 0x91, 0x3f, 0xca, 0x68, 0x9f, 0xb1, 0x0c, 0x29, 0x6b, 0xe4, 0x8e, 0xcc, 
    0xc6, 0xfa, 0xec, 0xb4, 0x86, 0x45, 0x9b, 0x99, 0xb3, 0xd4, 0xce, 0x68, 0xad, 
    0x68, 0x4b, 0x32, 0xb9, 0xd2, 0x89, 0xc5, 0x1a, 0x0b, 0x99, 0x82, 0xa5, 0x02, 
    0xdb, 0xda, 0xab, 0xcc, 0x56, 0xe7, 0x21, 0xad, 0x4e, 0xf6, 0xba, 0x2d, 0x00, 
    0x45, 0xea, 0x0a, 0x5d, 0xbb, 0xef, 0x72, 0x0b, 0xac, 0xbc, 0x2b, 0x96, 0xf9, 
    0xee, 0x87, 0x3f, 0xd2, 0x5a, 0x6b, 0x81, 0xf5, 0x1e, 0xcb, 0xaf, 0x43, 0xfe, 
    0x4a, 0x08, 0x70, 0xc0, 0xa2, 0xa9, 0x04, 0x2f, 0xc1, 0x4f, 0xad, 0x84, 0xb0, 
    0x9b, 0xee, 0x3e, 0x2c, 0xf1, 0xc4, 0x14, 0x57, 0x6c, 0xf1, 0xc5, 0x18, 0x67, 
    0xac, 0xf1, 0xc6, 0x1c, 0x77, 0xec, 0xf1, 0xc7, 0x20, 0x87, 0x2c, 0xf2, 0xc8, 
    0x24, 0x97, 0x6c, 0xf2, 0xc9, 0x28, 0xa7, 0xac, 0xf2, 0xca, 0x2c, 0xb7, 0xec, 
    0xf2, 0xcb, 0x30, 0xc7, 0x5c, 0x68, 0x01, 0x0a, 0xd4, 0x6c, 0xf3, 0xcd, 0x38, 
    0xe7, 0xac, 0xf3, 0xce, 0x3c, 0xf7, 0xec, 0xf3, 0xcf, 0x40, 0x07, 0x2d, 0xf4, 
    0xd0, 0x36, 0x0f, 0x60, 0x40, 0xb6, 0x48, 0x27, 0xad, 0xf4, 0xd2, 0x4c, 0x33, 
    0x4d, 0xc0, 0xd1, 0x4d, 0x47, 0x2d, 0xf5, 0xd4, 0x54, 0x1b, 0xf9, 0x74, 0xd5, 
    0x58, 0x67, 0xad, 0xf5, 0xd2, 0x57, 0x6f, 0xed, 0xf5, 0xd7, 0x60, 0xe3, 0xd4, 
    0x75, 0xd8, 0x64, 0x97, 0x3d, 0xf5, 0xd8, 0x66, 0xa7, 0xad, 0x36, 0xb5, 0x68, 
    0xaf, 0xed, 0xf6, 0xdb, 0x42, 0xb5, 0x0d, 0xf7, 0xdc, 0x6e, 0x13, 0x20, 0x80, 
    0x80, 0x78, 0xe7, 0xad, 0xf7, 0xde, 0x7c, 0xf7, 0x08, 0xed, 0xf7, 0xdf, 0x80, 
    0x3f, 0x14, 0x40, 0x40, 0x00, 0x21, 0xf9, 0x04, 0x09, 0x04, 0x00, 0x00, 0x00, 
    0x2c, 0x07, 0x00, 0x08, 0x00, 0x8d, 0x00, 0x6c, 0x00, 0x87, 0x00, 0x00, 0x00, 
    0x12, 0x04, 0x05, 0x16, 0x06, 0x06, 0x2d, 0x0b, 0x0b, 0x31, 0x0c, 0x0d, 0x38, 
    0x0d, 0x0e, 0x3c, 0x0f, 0x0f, 0x48, 0x12, 0x12, 0x58, 0x16, 0x16, 0x8b, 0x22, 
    0x23, 0xb5, 0x2d, 0x2e, 0xc0, 0x2f, 0x30, 0x00, 0x00, 0x00, 0x00, 0x00, 0x00, 
    0x00, 0x00, 0x00, 0x00, 0x00, 0x00, 0x00, 0x00, 0x00, 0x00, 0x00, 0x00, 0x00, 
    0x00, 0x00, 0x00, 0x00, 0x00, 0x00, 0x00, 0x00, 0x00, 0x00, 0x00, 0x00, 0x00, 
    0x00, 0x00, 0x00, 0x00, 0x00, 0x00, 0x00, 0x00, 0x00, 0x00, 0x00, 0x00, 0x00, 
    0x00, 0x00, 0x00, 0x00, 0x00, 0x00, 0x00, 0x00, 0x00, 0x00, 0x00, 0x00, 0x00, 
    0x00, 0x00, 0x00, 0x00, 0x00, 0x00, 0x00, 0x00, 0x00, 0x00, 0x00, 0x00, 0x00, 
    0x00, 0x00, 0x00, 0x00, 0x00, 0x00, 0x00, 0x00, 0x00, 0x00, 0x00, 0x00, 0x00, 
    0x00, 0x00, 0x00, 0x00, 0x00, 0x00, 0x00, 0x00, 0x00, 0x00, 0x00, 0x00, 0x00, 
    0x00, 0x00, 0x00, 0x00, 0x00, 0x00, 0x00, 0x00, 0x00, 0x00, 0x00, 0x00, 0x00, 
    0x00, 0x00, 0x00, 0x00, 0x00, 0x00, 0x00, 0x00, 0x00, 0x00, 0x00, 0x00, 0x00, 
    0x00, 0x00, 0x00, 0x00, 0x00, 0x00, 0x00, 0x00, 0x00, 0x00, 0x00, 0x00, 0x00, 
    0x00, 0x00, 0x00, 0x00, 0x00, 0x00, 0x00, 0x00, 0x00, 0x00, 0x00, 0x00, 0x00, 
    0x00, 0x00, 0x00, 0x00, 0x00, 0x00, 0x00, 0x00, 0x00, 0x00, 0x00, 0x00, 0x00, 
    0x00, 0x00, 0x00, 0x00, 0x00, 0x00, 0x00, 0x00, 0x00, 0x00, 0x00, 0x00, 0x00, 
    0x00, 0x00, 0x00, 0x00, 0x00, 0x00, 0x00, 0x00, 0x00, 0x00, 0x00, 0x00, 0x00, 
    0x00, 0x00, 0x00, 0x00, 0x00, 0x00, 0x00, 0x00, 0x00, 0x00, 0x00, 0x00, 0x00, 
    0x00, 0x00, 0x00, 0x00, 0x00, 0x00, 0x00, 0x00, 0x00, 0x00, 0x00, 0x00, 0x00, 
    0x00, 0x00, 0x00, 0x00, 0x00, 0x00, 0x00, 0x00, 0x00, 0x00, 0x00, 0x00, 0x00, 
    0x00, 0x00, 0x00, 0x00, 0x00, 0x00, 0x00, 0x00, 0x00, 0x00, 0x00, 0x00, 0x00, 
    0x00, 0x00, 0x00, 0x00, 0x00, 0x00, 0x00, 0x00, 0x00, 0x00, 0x00, 0x00, 0x00, 
    0x00, 0x00, 0x00, 0x00, 0x00, 0x00, 0x00, 0x00, 0x00, 0x00, 0x00, 0x00, 0x00, 
    0x00, 0x00, 0x00, 0x00, 0x00, 0x00, 0x00, 0x00, 0x00, 0x00, 0x00, 0x00, 0x00, 
    0x00, 0x00, 0x00, 0x00, 0x00, 0x00, 0x00, 0x00, 0x00, 0x00, 0x00, 0x00, 0x00, 
    0x00, 0x00, 0x00, 0x00, 0x00, 0x00, 0x00, 0x00, 0x00, 0x00, 0x00, 0x00, 0x00, 
    0x00, 0x00, 0x00, 0x00, 0x00, 0x00, 0x00, 0x00, 0x00, 0x00, 0x00, 0x00, 0x00, 
    0x00, 0x00, 0x00, 0x00, 0x00, 0x00, 0x00, 0x00, 0x00, 0x00, 0x00, 0x00, 0x00, 
    0x00, 0x00, 0x00, 0x00, 0x00, 0x00, 0x00, 0x00, 0x00, 0x00, 0x00, 0x00, 0x00, 
    0x00, 0x00, 0x00, 0x00, 0x00, 0x00, 0x00, 0x00, 0x00, 0x00, 0x00, 0x00, 0x00, 
    0x00, 0x00, 0x00, 0x00, 0x00, 0x00, 0x00, 0x00, 0x00, 0x00, 0x00, 0x00, 0x00, 
    0x00, 0x00, 0x00, 0x00, 0x00, 0x00, 0x00, 0x00, 0x00, 0x00, 0x00, 0x00, 0x00, 
    0x00, 0x00, 0x00, 0x00, 0x00, 0x00, 0x00, 0x00, 0x00, 0x00, 0x00, 0x00, 0x00, 
    0x00, 0x00, 0x00, 0x00, 0x00, 0x00, 0x00, 0x00, 0x00, 0x00, 0x00, 0x00, 0x00, 
    0x00, 0x00, 0x00, 0x00, 0x00, 0x00, 0x00, 0x00, 0x00, 0x00, 0x00, 0x00, 0x00, 
    0x00, 0x00, 0x00, 0x00, 0x00, 0x00, 0x00, 0x00, 0x00, 0x00, 0x00, 0x00, 0x00, 
    0x00, 0x00, 0x00, 0x00, 0x00, 0x00, 0x00, 0x00, 0x00, 0x00, 0x00, 0x00, 0x00, 
    0x00, 0x00, 0x00, 0x00, 0x00, 0x00, 0x00, 0x00, 0x00, 0x00, 0x00, 0x00, 0x00, 
    0x00, 0x00, 0x00, 0x00, 0x00, 0x00, 0x00, 0x00, 0x00, 0x00, 0x00, 0x00, 0x00, 
    0x00, 0x00, 0x00, 0x00, 0x00, 0x00, 0x00, 0x00, 0x00, 0x00, 0x00, 0x00, 0x00, 
    0x00, 0x00, 0x00, 0x00, 0x00, 0x00, 0x00, 0x00, 0x00, 0x00, 0x00, 0x00, 0x00, 
    0x00, 0x00, 0x00, 0x00, 0x00, 0x00, 0x00, 0x00, 0x00, 0x00, 0x00, 0x00, 0x00, 
    0x00, 0x00, 0x00, 0x00, 0x00, 0x00, 0x00, 0x00, 0x00, 0x00, 0x00, 0x00, 0x00, 
    0x00, 0x00, 0x00, 0x00, 0x00, 0x00, 0x00, 0x00, 0x00, 0x00, 0x00, 0x00, 0x00, 
    0x00, 0x00, 0x00, 0x00, 0x00, 0x00, 0x00, 0x00, 0x00, 0x00, 0x00, 0x00, 0x00, 
    0x00, 0x00, 0x00, 0x00, 0x00, 0x00, 0x00, 0x00, 0x00, 0x00, 0x00, 0x00, 0x00, 
    0x00, 0x00, 0x00, 0x00, 0x00, 0x00, 0x00, 0x00, 0x00, 0x00, 0x00, 0x00, 0x00, 
    0x00, 0x00, 0x00, 0x00, 0x00, 0x00, 0x00, 0x00, 0x00, 0x00, 0x00, 0x00, 0x00, 
    0x00, 0x00, 0x00, 0x00, 0x00, 0x00, 0x00, 0x00, 0x00, 0x00, 0x00, 0x00, 0x00, 
    0x00, 0x00, 0x00, 0x00, 0x00, 0x00, 0x00, 0x00, 0x00, 0x00, 0x00, 0x00, 0x00, 
    0x00, 0x00, 0x00, 0x00, 0x00, 0x00, 0x00, 0x00, 0x00, 0x00, 0x00, 0x00, 0x00, 
    0x00, 0x00, 0x00, 0x00, 0x00, 0x00, 0x00, 0x00, 0x00, 0x00, 0x00, 0x00, 0x00, 
    0x00, 0x00, 0x00, 0x00, 0x00, 0x00, 0x00, 0x00, 0x00, 0x00, 0x00, 0x00, 0x00, 
    0x00, 0x00, 0x00, 0x00, 0x00, 0x00, 0x00, 0x00, 0x00, 0x00, 0x00, 0x00, 0x00, 
    0x00, 0x00, 0x00, 0x00, 0x00, 0x00, 0x00, 0x00, 0x00, 0x00, 0x00, 0x00, 0x00, 
    0x00, 0x00, 0x00, 0x00, 0x00, 0x00, 0x00, 0x00, 0x00, 0x00, 0x00, 0x00, 0x00, 
    0x00, 0x00, 0x00, 0x00, 0x00, 0x00, 0x00, 0x00, 0x00, 0x00, 0x00, 0x00, 0x00, 
    0x00, 0x00, 0x00, 0x00, 0x00, 0x00, 0x00, 0x00, 0x00, 0x00, 0x00, 0x00, 0x00, 
    0x00, 0x00, 0x00, 0x00, 0x00, 0x00, 0x00, 0x00, 0x00, 0x00, 0x00, 0x08, 0xff, 
    0x00, 0x01, 0x08, 0x1c, 0x48, 0xb0, 0xa0, 0xc1, 0x83, 0x08, 0x13, 0x2a, 0x44, 
    0x78, 0xa0, 0xa1, 0xc3, 0x87, 0x0e, 0x17, 0x4a, 0x9c, 0x48, 0xb1, 0xa2, 0xc5, 
    0x8b, 0x18, 0x15, 0x3a, 0x4c, 0xc0, 0x91, 0xe3, 0x81, 0x8e, 0x1e, 0x1b, 0x66, 
    0x1c, 0x49, 0xb2, 0xa4, 0xc9, 0x8b, 0x1b, 0x21, 0xaa, 0x6c, 0x98, 0x20, 0xe2, 
    0xc9, 0x97, 0x30, 0x63, 0x5a, 0x64, 0xe9, 0x70, 0x81, 0xcd, 0x9b, 0x38, 0x17, 
    0xa4, 0x3c, 0x20, 0xb3, 0xa7, 0x4f, 0x9f, 0x10, 0x73, 0x0a, 0xc5, 0x09, 0xf1, 
    0xa7, 0xd1, 0xa3, 0x18, 0x83, 0xde, 0x5c, 0xf9, 0x90, 0xe8, 0x43, 0xa4, 0x50, 
    0xa3, 0x1a, 0xa4, 0x79, 0xc0, 0x29, 0x82, 0xab, 0x58, 0xb1, 0x36, 0x74, 0xda, 
    0x92, 0xa7, 0xd4, 0xaf, 0x47, 0xa9, 0x5a, 0xcd, 0x4a, 0x16, 0xc1, 0xd6, 0xa5, 
    0x1f, 0x45, 0x82, 0x5d, 0x1b, 0x53, 0x2c, 0xda, 0xb2, 0x70, 0xcf, 0xda, 0xa4, 
    0xca, 0xb6, 0xae, 0xc9, 0x8f, 0x2d, 0x73, 0x1e, 0x80, 0xcb, 0xb7, 0x2a, 0x51, 
    0x8f, 0x76, 0x03, 0x67, 0xc4, 0xeb, 0x77, 0xee, 0x5e, 0xbe, 0x65, 0xe5, 0xea, 
    0x04, 0x2c, 0xb8, 0x31, 0xc5, 0xb4, 0x85, 0x75, 0x22, 0xee, 0xcb, 0xd5, 0xab, 
    0xe3, 0xcb, 0x09, 0xd3, 0x8e, 0x9d, 0x4c, 0x56, 0x71, 0x5a, 0xcc, 0xa0, 0x0f, 
    0x6a, 0x5e, 0xca, 0x99, 0xf2, 0xd2, 0x96, 0xa1, 0x53, 0x0f, 0x1c, 0xad, 0xf3, 
    0x70, 0xe9, 0xce, 0x85, 0x3f, 0xab, 0x0e, 0x4d, 0x93, 0xf4, 0xeb, 0xb8, 0xa7, 
    0xd5, 0xce, 0xbe, 0x4c, 0xf8, 0xed, 0xed, 0xac, 0x72, 0x09, 0xef, 0xc6, 0xdc, 
    0xdb, 0xf6, 0xef, 0xab, 0x91, 0x85, 0x0f, 0x77, 0x5c, 0xdc, 0xf0, 0x71, 0xb3, 
    0xc9, 0x19, 0x2f, 0x17, 0x5c, 0x9b, 0xe8, 0xf3, 0xc8, 0x8b, 0x75, 0x4f, 0x0f, 
    0xcc, 0xda, 0xf9, 0x6d, 0xc5, 0xd9, 0xb7, 0x33, 0xff, 0xcf, 0xab, 0xf7, 0x37, 
    0xf6, 0xf0, 0xe2, 0xa9, 0x93, 0xdf, 0x3c, 0x19, 0x3c, 0xfa, 0xf4, 0x76, 0xbb, 
    0xfb, 0x46, 0xec, 0xfe, 0x3d, 0x7c, 0xb6, 0xf2, 0x8d, 0x9b, 0x16, 0x2a, 0xfb, 
    0x3e, 0xfe, 0xfa, 0xad, 0x31, 0x55, 0xd3, 0x50, 0x2e, 0xf9, 0xf7, 0xdf, 0x50, 
    0x08, 0x26, 0xa8, 0x97, 0x65, 0x06, 0xae, 0x35, 0xa0, 0x82, 0x10, 0x3a, 0xc5, 
    0x60, 0x83, 0x5f, 0xe5, 0xb7, 0x60, 0x6b, 0x10, 0xf6, 0x47, 0x61, 0x85, 0xeb, 
    0x11, 0xa8, 0x54, 0x82, 0x1a, 0x6e, 0x18, 0x95, 0x85, 0x68, 0x61, 0x98, 0x21, 
    0x6a, 0x22, 0x56, 0x08, 0x20, 0x86, 0x5b, 0xad, 0x18, 0x60, 0x8a, 0x60, 0xb9, 
    0x68, 0xd8, 0x83, 0x1e, 0xc2, 0x18, 0xa3, 0x8b, 0x2d, 0x9e, 0x27, 0xa1, 0x8d, 
    0x1c, 0xea, 0x88, 0x16, 0x8d, 0xfc, 0xa1, 0xc8, 0x23, 0x54, 0x24, 0x46, 0xa8, 
    0x97, 0x90, 0x43, 0x86, 0xd5, 0x21, 0x7f, 0x4d, 0x81, 0x88, 0x64, 0x92, 0x3f, 
    0x59, 0xf8, 0x90, 0x56, 0x40, 0xce, 0xf5, 0x24, 0x94, 0x3d, 0xe5, 0xd7, 0x10, 
    0x7d, 0xe7, 0x85, 0x88, 0xa5, 0x4c, 0xf2, 0x6d, 0xd9, 0x1e, 0x76, 0x5e, 0x7e, 
    0x09, 0x53, 0x77, 0x62, 0x72, 0xe6, 0xd9, 0x95, 0x66, 0xbe, 0x84, 0xa6, 0x79, 
    0x7f, 0x4d, 0xd8, 0xa6, 0x9b, 0xeb, 0xa5, 0x59, 0x5a, 0x70, 0x6c, 0xce, 0x59, 
    0xd2, 0x83, 0xae, 0x7d, 0xf7, 0xa3, 0x9e, 0x60, 0x26, 0x77, 0x9d, 0x53, 0x80, 
    0xb6, 0x25, 0xe8, 0x71, 0xc9, 0xc9, 0x59, 0xe8, 0x48, 0x9e, 0x0d, 0x8a, 0xd6, 
    0xa2, 0x27, 0xd1, 0xd8, 0xe7, 0x6b, 0x89, 0x2a, 0x0a, 0x69, 0x45, 0x6f, 0x22, 
    0x1a, 0xe7, 0xa5, 0x24, 0xa1, 0x39, 0xe9, 0x98, 0x9b, 0x72, 0x3a, 0xd8, 0x92, 
    0x9f, 0xd2, 0x77, 0xa4, 0xa5, 0xa2, 0x2e, 0x14, 0x66, 0xa9, 0x89, 0x91, 0x99, 
    0x67, 0xaa, 0x1a, 0xb9, 0xff, 0x67, 0x67, 0x5c, 0x5d, 0x6a, 0x07, 0xeb, 0x44, 
    0x00, 0xce, 0x0a, 0x9c, 0x8f, 0xb6, 0xde, 0x1a, 0xab, 0x8f, 0x01, 0xba, 0xd6, 
    0xa4, 0x87, 0xa8, 0xfa, 0x4a, 0x50, 0x91, 0x3f, 0xca, 0x68, 0x9f, 0xb1, 0x0c, 
    0x29, 0x6b, 0xe4, 0x8e, 0xcc, 0xc6, 0xfa, 0xec, 0xb4, 0x86, 0x45, 0x9b, 0x99, 
    0xb3, 0xd4, 0xce, 0x68, 0xad, 0x68, 0x4b, 0x32, 0xb9, 0xd2, 0x89, 0xc5, 0x1a, 
    0x0b, 0x99, 0x82, 0xa5, 0x02, 0xdb, 0xda, 0xab, 0xcc, 0x56, 0xe7, 0x21, 0xad, 
    0x4e, 0xf6, 0xba, 0x2d, 0x00, 0x45, 0xea, 0x0a, 0x5d, 0xbb, 0xef, 0x72, 0x0b, 
    0xac, 0xbc, 0x2b, 0x96, 0xf9, 0xee, 0x87, 0x3f, 0xd2, 0x5a, 0x6b, 0x81, 0xf5, 
    0x1e, 0xcb, 0xaf, 0x43, 0xfe, 0x4a, 0x08, 0x70, 0xc0, 0xa2, 0xa9, 0x04, 0x2f, 
    0xc1, 0x4f, 0xad, 0x84, 0xb0, 0x9b, 0xee, 0x3e, 0x2c, 0xf1, 0xc4, 0x14, 0x57, 
    0x6c, 0xf1, 0xc5, 0x18, 0x67, 0xac, 0xf1, 0xc6, 0x1c, 0x77, 0xec, 0xf1, 0xc7, 
    0x20, 0x87, 0x2c, 0xf2, 0xc8, 0x24, 0x97, 0x6c, 0xf2, 0xc9, 0x28, 0xa7, 0xac, 
    0xf2, 0xca, 0x2c, 0xb7, 0xec, 0xf2, 0xcb, 0x30, 0xc7, 0x2c, 0xf3, 0xcc, 0xbe, 
    0x16, 0xa0, 0xc0, 0xcd, 0x38, 0xe7, 0xac, 0xf3, 0xce, 0x3c, 0xf7, 0xec, 0xf3, 
    0xcf, 0x40, 0x07, 0x2d, 0xf4, 0xd0, 0x44, 0x17, 0x8d, 0xf3, 0x00, 0x06, 0x64, 
    0xab, 0xf4, 0xd2, 0x4c, 0x37, 0xed, 0xb4, 0xd3, 0x04, 0x24, 0xfd, 0xf4, 0xd4, 
    0x54, 0x57, 0x6d, 0xb5, 0x91, 0x51, 0x5f, 0xad, 0xf5, 0xd6, 0x5c, 0x37, 0x9d, 
    0x75, 0xd7, 0x60, 0x87, 0x2d, 0x36, 0x4e, 0x5f, 0x8f, 0x6d, 0xf6, 0xd9, 0x55, 
    0x97, 0x8d, 0xf6, 0xda, 0x6c, 0x53, 0xab, 0x76, 0xdb, 0x70, 0xc7, 0x2d, 0xd4, 
    0xdb, 0x72, 0xd7, 0x0d, 0x37, 0x01, 0x02, 0x08, 0xa8, 0xf7, 0xde, 0x7c, 0xf7, 
    0x0b, 0xed, 0xf7, 0xdf, 0x80, 0x07, 0x2e, 0xf8, 0x43, 0x01, 0x04, 0x04, 0x00, 
    0x3b
};

const lv_img_dsc_t gif_probing = {
  .header.cf = LV_IMG_CF_RAW_CHROMA_KEYED,
  .header.always_zero = 0,
  .header.reserved = 0,
  .header.w = 155,
  .header.h = 123,
  .data_size = 46710,
  .data = gif_probing_map,
};
