/* GENERATED by tools/stealthburner/gen_sprites.py -- do not edit.
 *
 * Sprites for the live toolhead scene. See toolhead_scene.h for the
 * projection constants, which are derived from this same bed artwork. */
#ifdef __has_include
    #if __has_include("lvgl.h")
        #ifndef LV_LVGL_H_INCLUDE_SIMPLE
            #define LV_LVGL_H_INCLUDE_SIMPLE
        #endif
    #endif
#endif

#if defined(LV_LVGL_H_INCLUDE_SIMPLE)
    #include "lvgl.h"
#else
    #include "lvgl/lvgl.h"
#endif

#include "toolhead_scene.h"

#ifndef LV_ATTRIBUTE_MEM_ALIGN
#define LV_ATTRIBUTE_MEM_ALIGN
#endif
static const LV_ATTRIBUTE_MEM_ALIGN LV_ATTRIBUTE_LARGE_CONST uint8_t sb_bed_map[] = {
    0x00,0x00,0x00,0x00,0x00,0x00,0x00,0x00,0x00,0x00,0x00,0x00,
    0x00,0x00,0x00,0x00,0x00,0x00,0x00,0x00,0x00,0x00,0x00,0x00,
    0x00,0x00,0x00,0x00,0x00,0x00,0x00,0x00,0x00,0x00,0x00,0x00,
    0x00,0x00,0x00,0x00,0x00,0x00,0x00,0x00,0x00,0x00,0x00,0x00,
    0x00,0x00,0x00,0x00,0x00,0x00,0x00,0x00,0x00,0x00,0x00,0x00,
    0x00,0x00,0x00,0x00,0x00,0x00,0x00,0x00,0x00,0x00,0x00,0x00,
    0x00,0x00,0x00,0x00,0x00,0x00,0x00,0x00,0x00,0x00,0x00,0x00,
    0x00,0x00,0x00,0x00,0x08,0xff,0x82,0x48,0xff,0x24,0x99,0xff,
    0x45,0xa9,0xff,0x45,0xa9,0xff,0x45,0xa9,0xff,0x45,0xa9,0xff,
    0x45,0xa9,0xff,0x45,0xa9,0xff,0x45,0xa9,0xff,0x45,0xa9,0xff,
    0x45,0xa9,0xff,0x45,0xa9,0xff,0x45,0xa9,0xff,0x45,0xa9,0xff,
    0x45,0xa9,0xff,0x45,0xa9,0xff,0x45,0xa9,0xff,0x45,0xa9,0xff,
    0x45,0xa9,0xff,0x45,0xa9,0xff,0x45,0xa9,0xff,0x45,0xa9,0xff,
    0x45,0xa9,0xff,0x45,0xa9,0xff,0x45,0xa9,0xff,0x45,0xa9,0xff,
    0x45,0xa9,0xff,0x45,0xa9,0xff,0x45,0xa9,0xff,0x45,0xa9,0xff,
    0x45,0xa9,0xff,0x45,0xa9,0xff,0x45,0xa9,0xff,0x45,0xa9,0xff,
    0x45,0xa9,0xff,0x45,0xa9,0xff,0x45,0xa9,0xff,0x45,0xa9,0xff,
    0x45,0xa9,0xff,0x45,0xa9,0xff,0x45,0xa9,0xff,0x45,0xa9,0xff,
    0x45,0xa9,0xff,0x45,0xa9,0xff,0x45,0xa9,0xff,0x45,0xa9,0xff,
    0x45,0xa9,0xff,0x45,0xa9,0xff,0x45,0xa9,0xff,0x45,0xa9,0xff,
    0x45,0xa9,0xff,0x45,0xa9,0xff,0x45,0xa9,0xff,0x45,0xa9,0xff,
    0x45,0xa9,0xff,0x45,0xa9,0xff,0x45,0xa9,0xff,0x45,0xa9,0xff,
    0x45,0xa9,0xff,0x45,0xa9,0xff,0x45,0xa9,0xff,0x45,0xa9,0xff,
    0x45,0xa9,0xff,0x45,0xa9,0xff,0x45,0xa9,0xff,0x45,0xa9,0xff,
    0x45,0xa9,0xff,0x45,0xa9,0xff,0x45,0xa9,0xff,0x45,0xa9,0xff,
    0x45,0xa9,0xff,0x45,0xa9,0xff,0x45,0xa9,0xff,0x45,0xa9,0xff,
    0x45,0xa9,0xff,0x45,0xa9,0xff,0x45,0xa9,0xff,0x45,0xa9,0xff,
    0x45,0xa9,0xff,0x45,0xa9,0xff,0x45,0xa9,0xff,0x45,0xa9,0xff,
    0x45,0xa9,0xff,0x45,0xa9,0xff,0x45,0xa9,0xff,0x45,0xa9,0xff,
    0x45,0xa9,0xff,0x45,0xa9,0xff,0x45,0xa9,0xff,0x45,0xa9,0xff,
    0x45,0xa9,0xff,0x45,0xa9,0xff,0x45,0xa9,0xff,0x45,0xa9,0xff,
    0x45,0xa9,0xff,0x45,0xa9,0xff,0x45,0xa9,0xff,0x45,0xa1,0xff,
    0xc3,0x60,0xff,0x20,0x18,0xff,0x00,0x00,0x00,0x00,0x00,0x00,
    0x00,0x00,0x00,0x00,0x00,0x00,0x00,0x00,0x00,0x00,0x00,0x00,
    0x00,0x00,0x00,0x00,0x00,0x00,0x00,0x00,0x00,0x00,0x00,0x00,
    0x00,0x00,0x00,0x00,0x00,0x00,0x00,0x00,0x00,0x00,0x00,0x00,
    0x00,0x00,0x00,0x00,0x00,0x00,0x00,0x00,0x00,0x00,0x00,0x00,
    0x00,0x00,0x00,0x00,0x00,0x00,0x00,0x00,0x00,0x00,0x00,0x00,
    0x00,0x00,0x00,0x00,0x00,0x00,0x00,0x00,0x00,0x00,0x00,0x00,
    0x00,0x00,0x00,0x00,0x00,0x00,0x00,0x00,0x00,0x00,0x00,0x00,
    0x00,0x00,0x00,0x00,0x00,0x00,0x00,0x00,0x00,0x00,0x00,0x00,
    0x00,0x00,0x00,0x00,0x00,0x00,0x00,0x00,0x00,0x00,0x00,0x00,
    0x00,0x00,0x00,0x00,0x00,0x00,0x00,0x00,0x00,0x00,0x00,0x00,
    0x00,0x00,0x00,0x00,0x00,0x00,0x00,0x00,0x00,0x00,0x00,0x00,
    0x00,0x00,0x00,0x00,0x00,0x00,0x00,0x00,0x00,0x00,0x00,0x00,
    0x00,0x00,0x00,0x00,0x00,0x00,0x00,0x00,0x00,0x00,0x00,0x00,
    0x00,0x00,0x00,0x00,0x00,0x00,0x00,0x00,0x00,0x20,0x18,0xff,
    0xc3,0x60,0xff,0x45,0xa9,0xff,0x66,0xc1,0xff,0x66,0xc1,0xff,
    0x66,0xc1,0xff,0x66,0xc1,0xff,0x66,0xc1,0xff,0x66,0xc1,0xff,
    0x66,0xc1,0xff,0x66,0xc1,0xff,0x66,0xc1,0xff,0x66,0xc1,0xff,
    0x66,0xc1,0xff,0x66,0xc1,0xff,0x66,0xc1,0xff,0x66,0xc1,0xff,
    0x66,0xc1,0xff,0x66,0xc1,0xff,0x66,0xc1,0xff,0x66,0xc1,0xff,
    0x66,0xc1,0xff,0x66,0xc1,0xff,0x66,0xc1,0xff,0x66,0xc1,0xff,
    0x66,0xc1,0xff,0x66,0xc1,0xff,0x66,0xc1,0xff,0x66,0xc1,0xff,
    0x66,0xc1,0xff,0x66,0xc1,0xff,0x66,0xc1,0xff,0x66,0xc1,0xff,
    0x66,0xc1,0xff,0x66,0xc1,0xff,0x66,0xc1,0xff,0x66,0xc1,0xff,
    0x66,0xc1,0xff,0x66,0xc1,0xff,0x66,0xc1,0xff,0x66,0xc1,0xff,
    0x66,0xc1,0xff,0x66,0xc1,0xff,0x66,0xc1,0xff,0x66,0xc1,0xff,
    0x66,0xc1,0xff,0x66,0xc1,0xff,0x66,0xc1,0xff,0x66,0xc1,0xff,
    0x66,0xc1,0xff,0x66,0xc1,0xff,0x66,0xc1,0xff,0x66,0xc1,0xff,
    0x66,0xc1,0xff,0x66,0xc1,0xff,0x66,0xc1,0xff,0x66,0xc1,0xff,
    0x66,0xc1,0xff,0x66,0xc1,0xff,0x66,0xc1,0xff,0x66,0xc1,0xff,
    0x66,0xc1,0xff,0x66,0xc1,0xff,0x66,0xc1,0xff,0x66,0xc1,0xff,
    0x66,0xc1,0xff,0x66,0xc1,0xff,0x66,0xc1,0xff,0x66,0xc1,0xff,
    0x66,0xc1,0xff,0x66,0xc1,0xff,0x66,0xc1,0xff,0x66,0xc1,0xff,
    0x66,0xc1,0xff,0x66,0xc1,0xff,0x66,0xc1,0xff,0x66,0xc1,0xff,
    0x66,0xc1,0xff,0x66,0xc1,0xff,0x66,0xc1,0xff,0x66,0xc1,0xff,
    0x66,0xc1,0xff,0x66,0xc1,0xff,0x66,0xc1,0xff,0x66,0xc1,0xff,
    0x66,0xc1,0xff,0x66,0xc1,0xff,0x66,0xc1,0xff,0x66,0xc1,0xff,
    0x66,0xc1,0xff,0x66,0xc1,0xff,0x66,0xc1,0xff,0x66,0xc1,0xff,
    0x66,0xc1,0xff,0x66,0xc1,0xff,0x66,0xc1,0xff,0x66,0xc1,0xff,
    0x66,0xc1,0xff,0x66,0xc1,0xff,0x66,0xc1,0xff,0x66,0xc1,0xff,
    0x66,0xc1,0xff,0x65,0xb9,0xff,0xe4,0x80,0xff,0x61,0x30,0xff,
    0x00,0x00,0xff,0x00,0x00,0x00,0x00,0x00,0x00,0x00,0x00,0x00,
    0x00,0x00,0x00,0x00,0x00,0x00,0x00,0x00,0x00,0x00,0x00,0x00,
    0x00,0x00,0x00,0x00,0x00,0x00,0x00,0x00,0x00,0x00,0x00,0x00,
    0x00,0x00,0x00,0x00,0x00,0x00,0x00,0x00,0x00,0x00,0x00,0x00,
    0x00,0x00,0x00,0x00,0x00,0x00,0x00,0x00,0x00,0x00,0x00,0x00,
    0x00,0x00,0x00,0x00,0x00,0x00,0x00,0x00,0x00,0x00,0x00,0x00,
    0x00,0x00,0x00,0x00,0x00,0x00,0x00,0x00,0x00,0x00,0x00,0x00,
    0x00,0x00,0x00,0x00,0x00,0x00,0x00,0x00,0x00,0x00,0x00,0x00,
    0x00,0x00,0x00,0x00,0x00,0x00,0x00,0x00,0x00,0x00,0x00,0x00,
    0x00,0x00,0x00,0x00,0x00,0x00,0x00,0x00,0x00,0x00,0x00,0x00,
    0x00,0x00,0x00,0x00,0x00,0x00,0x00,0x00,0x00,0x00,0x00,0x00,
    0x00,0x00,0x00,0x00,0x00,0x00,0x00,0x00,0x00,0x00,0x00,0x00,
    0x00,0x00,0x00,0x00,0x00,0x00,0x00,0x00,0x00,0x00,0x00,0x00,
    0x00,0x00,0xff,0x41,0x28,0xff,0xe4,0x78,0xff,0x65,0xb9,0xff,
    0x66,0xc1,0xff,0x66,0xc1,0xff,0x66,0xc1,0xff,0x66,0xc1,0xff,
    0x66,0xc1,0xff,0x66,0xc1,0xff,0x66,0xc1,0xff,0x66,0xc1,0xff,
    0x66,0xc1,0xff,0x66,0xc1,0xff,0x66,0xc1,0xff,0x66,0xc1,0xff,
    0x66,0xc1,0xff,0x66,0xc1,0xff,0x66,0xc1,0xff,0x66,0xc1,0xff,
    0x66,0xc1,0xff,0x66,0xc1,0xff,0x66,0xc1,0xff,0x66,0xc1,0xff,
    0x66,0xc1,0xff,0x66,0xc1,0xff,0x66,0xc1,0xff,0x66,0xc1,0xff,
    0x66,0xc1,0xff,0x66,0xc1,0xff,0x66,0xc1,0xff,0x66,0xc1,0xff,
    0x66,0xc1,0xff,0x66,0xc1,0xff,0x66,0xc1,0xff,0x66,0xc1,0xff,
    0x66,0xc1,0xff,0x66,0xc1,0xff,0x66,0xc1,0xff,0x66,0xc1,0xff,
    0x66,0xc1,0xff,0x66,0xc1,0xff,0x66,0xc1,0xff,0x66,0xc1,0xff,
    0x66,0xc1,0xff,0x66,0xc1,0xff,0x66,0xc1,0xff,0x66,0xc1,0xff,
    0x66,0xc1,0xff,0x66,0xc1,0xff,0x66,0xc1,0xff,0x66,0xc1,0xff,
    0x66,0xc1,0xff,0x66,0xc1,0xff,0x66,0xc1,0xff,0x66,0xc1,0xff,
    0x66,0xc1,0xff,0x66,0xc1,0xff,0x66,0xc1,0xff,0x66,0xc1,0xff,
    0x66,0xc1,0xff,0x66,0xc1,0xff,0x66,0xc1,0xff,0x66,0xc1,0xff,
    0x66,0xc1,0xff,0x66,0xc1,0xff,0x66,0xc1,0xff,0x66,0xc1,0xff,
    0x66,0xc1,0xff,0x66,0xc1,0xff,0x66,0xc1,0xff,0x66,0xc1,0xff,
    0x66,0xc1,0xff,0x66,0xc1,0xff,0x66,0xc1,0xff,0x66,0xc1,0xff,
    0x66,0xc1,0xff,0x66,0xc1,0xff,0x66,0xc1,0xff,0x66,0xc1,0xff,
    0x66,0xc1,0xff,0x66,0xc1,0xff,0x66,0xc1,0xff,0x66,0xc1,0xff,
    0x66,0xc1,0xff,0x66,0xc1,0xff,0x66,0xc1,0xff,0x66,0xc1,0xff,
    0x66,0xc1,0xff,0x66,0xc1,0xff,0x66,0xc1,0xff,0x66,0xc1,0xff,
    0x66,0xc1,0xff,0x66,0xc1,0xff,0x66,0xc1,0xff,0x66,0xc1,0xff,
    0x66,0xc1,0xff,0x66,0xc1,0xff,0x66,0xc1,0xff,0x66,0xc1,0xff,
    0x66,0xc1,0xff,0x66,0xc1,0xff,0x66,0xc1,0xff,0x66,0xc1,0xff,
    0x66,0xc1,0xff,0x66,0xc1,0xff,0x66,0xc1,0xff,0x66,0xb9,0xff,
    0x24,0x99,0xff,0x82,0x48,0xff,0x00,0x08,0xff,0x00,0x00,0x00,
    0x00,0x00,0x00,0x00,0x00,0x00,0x00,0x00,0x00,0x00,0x00,0x00,
    0x00,0x00,0x00,0x00,0x00,0x00,0x00,0x00,0x00,0x00,0x00,0x00,
    0x00,0x00,0x00,0x00,0x00,0x00,0x00,0x00,0x00,0x00,0x00,0x00,
    0x00,0x00,0x00,0x00,0x00,0x00,0x00,0x00,0x00,0x00,0x00,0x00,
    0x00,0x00,0x00,0x00,0x00,0x00,0x00,0x00,0x00,0x00,0x00,0x00,
    0x00,0x00,0x00,0x00,0x00,0x00,0x00,0x00,0x00,0x00,0x00,0x00,
    0x00,0x00,0x00,0x00,0x00,0x00,0x00,0x00,0x00,0x00,0x00,0x00,
    0x00,0x00,0x00,0x00,0x00,0x00,0x00,0x00,0x00,0x00,0x00,0x00,
    0x00,0x00,0x00,0x00,0x00,0x00,0x00,0x00,0x00,0x00,0x00,0x00,
    0x00,0x00,0x00,0x00,0x00,0x00,0x00,0x00,0x00,0x00,0x00,0x00,
    0x00,0x00,0x00,0x00,0x00,0x00,0x00,0x00,0x00,0x00,0x00,0x00,
    0x00,0x00,0x00,0x00,0x00,0x00,0x00,0x08,0xff,0x82,0x48,0xff,
    0x24,0x99,0xff,0x66,0xb9,0xff,0x66,0xc1,0xff,0x66,0xc1,0xff,
    0x66,0xc1,0xff,0x66,0xc1,0xff,0x66,0xc1,0xff,0x66,0xc1,0xff,
    0x66,0xc1,0xff,0x66,0xc1,0xff,0x66,0xc1,0xff,0x66,0xc1,0xff,
    0x66,0xc1,0xff,0x66,0xc1,0xff,0x66,0xc1,0xff,0x66,0xc1,0xff,
    0x66,0xc1,0xff,0x66,0xc1,0xff,0x66,0xc1,0xff,0x66,0xc1,0xff,
    0x66,0xc1,0xff,0x66,0xc1,0xff,0x66,0xc1,0xff,0x66,0xc1,0xff,
    0x66,0xc1,0xff,0x66,0xc1,0xff,0x66,0xc1,0xff,0x66,0xc1,0xff,
    0x66,0xc1,0xff,0x66,0xc1,0xff,0x66,0xc1,0xff,0x66,0xc1,0xff,
    0x66,0xc1,0xff,0x66,0xc1,0xff,0x66,0xc1,0xff,0x66,0xc1,0xff,
    0x66,0xc1,0xff,0x66,0xc1,0xff,0x66,0xc1,0xff,0x66,0xc1,0xff,
    0x66,0xc1,0xff,0x66,0xc1,0xff,0x66,0xc1,0xff,0x66,0xc1,0xff,
    0x66,0xc1,0xff,0x66,0xc1,0xff,0x66,0xc1,0xff,0x66,0xc1,0xff,
    0x66,0xc1,0xff,0x66,0xc1,0xff,0x66,0xc1,0xff,0x66,0xc1,0xff,
    0x66,0xc1,0xff,0x66,0xc1,0xff,0x66,0xc1,0xff,0x66,0xc1,0xff,
    0x66,0xc1,0xff,0x66,0xc1,0xff,0x66,0xc1,0xff,0x66,0xc1,0xff,
    0x66,0xc1,0xff,0x66,0xc1,0xff,0x66,0xc1,0xff,0x66,0xc1,0xff,
    0x66,0xc1,0xff,0x66,0xc1,0xff,0x66,0xc1,0xff,0x66,0xc1,0xff,
    0x66,0xc1,0xff,0x66,0xc1,0xff,0x66,0xc1,0xff,0x66,0xc1,0xff,
    0x66,0xc1,0xff,0x66,0xc1,0xff,0x66,0xc1,0xff,0x66,0xc1,0xff,
    0x66,0xc1,0xff,0x66,0xc1,0xff,0x66,0xc1,0xff,0x66,0xc1,0xff,
    0x66,0xc1,0xff,0x66,0xc1,0xff,0x66,0xc1,0xff,0x66,0xc1,0xff,
    0x66,0xc1,0xff,0x66,0xc1,0xff,0x66,0xc1,0xff,0x66,0xc1,0xff,
    0x66,0xc1,0xff,0x66,0xc1,0xff,0x66,0xc1,0xff,0x66,0xc1,0xff,
    0x66,0xc1,0xff,0x66,0xc1,0xff,0x66,0xc1,0xff,0x66,0xc1,0xff,
    0x66,0xc1,0xff,0x66,0xc1,0xff,0x66,0xc1,0xff,0x66,0xc1,0xff,
    0x66,0xc1,0xff,0x66,0xc1,0xff,0x66,0xc1,0xff,0x66,0xc1,0xff,
    0x66,0xc1,0xff,0x66,0xc1,0xff,0x66,0xc1,0xff,0x66,0xc1,0xff,
    0x66,0xc1,0xff,0x66,0xc1,0xff,0x45,0xa9,0xff,0xc3,0x60,0xff,
    0x20,0x18,0xff,0x00,0x00,0x00,0x00,0x00,0x00,0x00,0x00,0x00,
    0x00,0x00,0x00,0x00,0x00,0x00,0x00,0x00,0x00,0x00,0x00,0x00,
    0x00,0x00,0x00,0x00,0x00,0x00,0x00,0x00,0x00,0x00,0x00,0x00,
    0x00,0x00,0x00,0x00,0x00,0x00,0x00,0x00,0x00,0x00,0x00,0x00,
    0x00,0x00,0x00,0x00,0x00,0x00,0x00,0x00,0x00,0x00,0x00,0x00,
    0x00,0x00,0x00,0x00,0x00,0x00,0x00,0x00,0x00,0x00,0x00,0x00,
    0x00,0x00,0x00,0x00,0x00,0x00,0x00,0x00,0x00,0x00,0x00,0x00,
    0x00,0x00,0x00,0x00,0x00,0x00,0x00,0x00,0x00,0x00,0x00,0x00,
    0x00,0x00,0x00,0x00,0x00,0x00,0x00,0x00,0x00,0x00,0x00,0x00,
    0x00,0x00,0x00,0x00,0x00,0x00,0x00,0x00,0x00,0x00,0x00,0x00,
    0x00,0x00,0x00,0x00,0x00,0x00,0x00,0x00,0x00,0x00,0x00,0x00,
    0x20,0x18,0xff,0xc3,0x60,0xff,0x45,0xa9,0xff,0x66,0xc1,0xff,
    0x66,0xc1,0xff,0x66,0xc1,0xff,0x66,0xc1,0xff,0x66,0xc1,0xff,
    0x66,0xc1,0xff,0x66,0xc1,0xff,0x66,0xc1,0xff,0x66,0xc1,0xff,
    0x66,0xc1,0xff,0x66,0xc1,0xff,0x66,0xc1,0xff,0x66,0xc1,0xff,
    0x66,0xc1,0xff,0x66,0xc1,0xff,0x66,0xc1,0xff,0x66,0xc1,0xff,
    0x66,0xc1,0xff,0x66,0xc1,0xff,0x66,0xc1,0xff,0x66,0xc1,0xff,
    0x66,0xc1,0xff,0x66,0xc1,0xff,0x66,0xc1,0xff,0x66,0xc1,0xff,
    0x66,0xc1,0xff,0x66,0xc1,0xff,0x66,0xc1,0xff,0x66,0xc1,0xff,
    0x66,0xc1,0xff,0x66,0xc1,0xff,0x66,0xc1,0xff,0x66,0xc1,0xff,
    0x66,0xc1,0xff,0x66,0xc1,0xff,0x66,0xc1,0xff,0x66,0xc1,0xff,
    0x66,0xc1,0xff,0x66,0xc1,0xff,0x66,0xc1,0xff,0x66,0xc1,0xff,
    0x66,0xc1,0xff,0x66,0xc1,0xff,0x66,0xc1,0xff,0x66,0xc1,0xff,
    0x66,0xc1,0xff,0x66,0xc1,0xff,0x66,0xc1,0xff,0x66,0xc1,0xff,
    0x66,0xc1,0xff,0x66,0xc1,0xff,0x66,0xc1,0xff,0x66,0xc1,0xff,
    0x66,0xc1,0xff,0x66,0xc1,0xff,0x66,0xc1,0xff,0x66,0xc1,0xff,
    0x66,0xc1,0xff,0x66,0xc1,0xff,0x66,0xc1,0xff,0x66,0xc1,0xff,
    0x66,0xc1,0xff,0x66,0xc1,0xff,0x66,0xc1,0xff,0x66,0xc1,0xff,
    0x66,0xc1,0xff,0x66,0xc1,0xff,0x66,0xc1,0xff,0x66,0xc1,0xff,
    0x66,0xc1,0xff,0x66,0xc1,0xff,0x66,0xc1,0xff,0x66,0xc1,0xff,
    0x66,0xc1,0xff,0x66,0xc1,0xff,0x66,0xc1,0xff,0x66,0xc1,0xff,
    0x66,0xc1,0xff,0x66,0xc1,0xff,0x66,0xc1,0xff,0x66,0xc1,0xff,
    0x66,0xc1,0xff,0x66,0xc1,0xff,0x66,0xc1,0xff,0x66,0xc1,0xff,
    0x66,0xc1,0xff,0x66,0xc1,0xff,0x66,0xc1,0xff,0x66,0xc1,0xff,
    0x66,0xc1,0xff,0x66,0xc1,0xff,0x66,0xc1,0xff,0x66,0xc1,0xff,
    0x66,0xc1,0xff,0x66,0xc1,0xff,0x66,0xc1,0xff,0x66,0xc1,0xff,
    0x66,0xc1,0xff,0x66,0xc1,0xff,0x66,0xc1,0xff,0x66,0xc1,0xff,
    0x66,0xc1,0xff,0x66,0xc1,0xff,0x66,0xc1,0xff,0x66,0xc1,0xff,
    0x66,0xc1,0xff,0x66,0xc1,0xff,0x66,0xc1,0xff,0x66,0xc1,0xff,
    0x66,0xc1,0xff,0x66,0xc1,0xff,0x66,0xc1,0xff,0x66,0xc1,0xff,
    0x65,0xb9,0xff,0xe4,0x78,0xff,0x41,0x28,0xff,0x00,0x00,0xff,
    0x00,0x00,0x00,0x00,0x00,0x00,0x00,0x00,0x00,0x00,0x00,0x00,
    0x00,0x00,0x00,0x00,0x00,0x00,0x00,0x00,0x00,0x00,0x00,0x00,
    0x00,0x00,0x00,0x00,0x00,0x00,0x00,0x00,0x00,0x00,0x00,0x00,
    0x00,0x00,0x00,0x00,0x00,0x00,0x00,0x00,0x00,0x00,0x00,0x00,
    0x00,0x00,0x00,0x00,0x00,0x00,0x00,0x00,0x00,0x00,0x00,0x00,
    0x00,0x00,0x00,0x00,0x00,0x00,0x00,0x00,0x00,0x00,0x00,0x00,
    0x00,0x00,0x00,0x00,0x00,0x00,0x00,0x00,0x00,0x00,0x00,0x00,
    0x00,0x00,0x00,0x00,0x00,0x00,0x00,0x00,0x00,0x00,0x00,0x00,
    0x00,0x00,0x00,0x00,0x00,0x00,0x00,0x00,0x00,0x00,0x00,0x00,
    0x00,0x00,0x00,0x00,0x00,0xff,0x41,0x28,0xff,0xe4,0x78,0xff,
    0x65,0xb9,0xff,0x66,0xc1,0xff,0x66,0xc1,0xff,0x66,0xc1,0xff,
    0x66,0xc1,0xff,0x66,0xc1,0xff,0x66,0xc1,0xff,0x66,0xc1,0xff,
    0x66,0xc1,0xff,0x66,0xc1,0xff,0x66,0xc1,0xff,0x66,0xc1,0xff,
    0x66,0xc1,0xff,0x66,0xc1,0xff,0x66,0xc1,0xff,0x66,0xc1,0xff,
    0x66,0xc1,0xff,0x66,0xc1,0xff,0x66,0xc1,0xff,0x66,0xc1,0xff,
    0x66,0xc1,0xff,0x66,0xc1,0xff,0x66,0xc1,0xff,0x66,0xc1,0xff,
    0x66,0xc1,0xff,0x66,0xc1,0xff,0x66,0xc1,0xff,0x66,0xc1,0xff,
    0x66,0xc1,0xff,0x66,0xc1,0xff,0x66,0xc1,0xff,0x66,0xc1,0xff,
    0x66,0xc1,0xff,0x66,0xc1,0xff,0x66,0xc1,0xff,0x66,0xc1,0xff,
    0x66,0xc1,0xff,0x66,0xc1,0xff,0x66,0xc1,0xff,0x66,0xc1,0xff,
    0x66,0xc1,0xff,0x66,0xc1,0xff,0x66,0xc1,0xff,0x66,0xc1,0xff,
    0x66,0xc1,0xff,0x66,0xc1,0xff,0x66,0xc1,0xff,0x66,0xc1,0xff,
    0x66,0xc1,0xff,0x66,0xc1,0xff,0x66,0xc1,0xff,0x66,0xc1,0xff,
    0x66,0xc1,0xff,0x66,0xc1,0xff,0x66,0xc1,0xff,0x66,0xc1,0xff,
    0x66,0xc1,0xff,0x66,0xc1,0xff,0x66,0xc1,0xff,0x66,0xc1,0xff,
    0x66,0xc1,0xff,0x66,0xc1,0xff,0x66,0xc1,0xff,0x66,0xc1,0xff,
    0x66,0xc1,0xff,0x66,0xc1,0xff,0x66,0xc1,0xff,0x66,0xc1,0xff,
    0x66,0xc1,0xff,0x66,0xc1,0xff,0x66,0xc1,0xff,0x66,0xc1,0xff,
    0x66,0xc1,0xff,0x66,0xc1,0xff,0x66,0xc1,0xff,0x66,0xc1,0xff,
    0x66,0xc1,0xff,0x66,0xc1,0xff,0x66,0xc1,0xff,0x66,0xc1,0xff,
    0x66,0xc1,0xff,0x66,0xc1,0xff,0x66,0xc1,0xff,0x66,0xc1,0xff,
    0x66,0xc1,0xff,0x66,0xc1,0xff,0x66,0xc1,0xff,0x66,0xc1,0xff,
    0x66,0xc1,0xff,0x66,0xc1,0xff,0x66,0xc1,0xff,0x66,0xc1,0xff,
    0x66,0xc1,0xff,0x66,0xc1,0xff,0x66,0xc1,0xff,0x66,0xc1,0xff,
    0x66,0xc1,0xff,0x66,0xc1,0xff,0x66,0xc1,0xff,0x66,0xc1,0xff,
    0x66,0xc1,0xff,0x66,0xc1,0xff,0x66,0xc1,0xff,0x66,0xc1,0xff,
    0x66,0xc1,0xff,0x66,0xc1,0xff,0x66,0xc1,0xff,0x66,0xc1,0xff,
    0x66,0xc1,0xff,0x66,0xc1,0xff,0x66,0xc1,0xff,0x66,0xc1,0xff,
    0x66,0xc1,0xff,0x66,0xc1,0xff,0x66,0xc1,0xff,0x66,0xc1,0xff,
    0x66,0xc1,0xff,0x66,0xc1,0xff,0x66,0xb9,0xff,0x24,0x99,0xff,
    0x82,0x48,0xff,0x00,0x08,0xff,0x00,0x00,0x00,0x00,0x00,0x00,
    0x00,0x00,0x00,0x00,0x00,0x00,0x00,0x00,0x00,0x00,0x00,0x00,
    0x00,0x00,0x00,0x00,0x00,0x00,0x00,0x00,0x00,0x00,0x00,0x00,
    0x00,0x00,0x00,0x00,0x00,0x00,0x00,0x00,0x00,0x00,0x00,0x00,
    0x00,0x00,0x00,0x00,0x00,0x00,0x00,0x00,0x00,0x00,0x00,0x00,
    0x00,0x00,0x00,0x00,0x00,0x00,0x00,0x00,0x00,0x00,0x00,0x00,
    0x00,0x00,0x00,0x00,0x00,0x00,0x00,0x00,0x00,0x00,0x00,0x00,
    0x00,0x00,0x00,0x00,0x00,0x00,0x00,0x00,0x00,0x00,0x00,0x00,
    0x00,0x00,0x00,0x00,0x00,0x00,0x00,0x00,0x00,0x00,0x08,0xff,
    0x82,0x40,0xff,0x24,0x91,0xff,0x66,0xb9,0xff,0x66,0xc1,0xff,
    0x66,0xc1,0xff,0x66,0xc1,0xff,0x66,0xc1,0xff,0x66,0xc1,0xff,
    0x66,0xc1,0xff,0x66,0xc1,0xff,0x66,0xc1,0xff,0x66,0xc1,0xff,
    0x66,0xc1,0xff,0x66,0xc1,0xff,0x66,0xc1,0xff,0x66,0xc1,0xff,
    0x66,0xc1,0xff,0x66,0xc1,0xff,0x66,0xc1,0xff,0x66,0xc1,0xff,
    0x66,0xc1,0xff,0x66,0xc1,0xff,0x66,0xc1,0xff,0x66,0xc1,0xff,
    0x66,0xc1,0xff,0x66,0xc1,0xff,0x66,0xc1,0xff,0x66,0xc1,0xff,
    0x66,0xc1,0xff,0x66,0xc1,0xff,0x66,0xc1,0xff,0x66,0xc1,0xff,
    0x66,0xc1,0xff,0x66,0xc1,0xff,0x66,0xc1,0xff,0x66,0xc1,0xff,
    0x66,0xc1,0xff,0x66,0xc1,0xff,0x66,0xc1,0xff,0x66,0xc1,0xff,
    0x66,0xc1,0xff,0x66,0xc1,0xff,0x66,0xc1,0xff,0x66,0xc1,0xff,
    0x66,0xc1,0xff,0x66,0xc1,0xff,0x66,0xc1,0xff,0x66,0xc1,0xff,
    0x66,0xc1,0xff,0x66,0xc1,0xff,0x66,0xc1,0xff,0x66,0xc1,0xff,
    0x66,0xc1,0xff,0x66,0xc1,0xff,0x66,0xc1,0xff,0x66,0xc1,0xff,
    0x66,0xc1,0xff,0x66,0xc1,0xff,0x66,0xc1,0xff,0x66,0xc1,0xff,
    0x66,0xc1,0xff,0x66,0xc1,0xff,0x66,0xc1,0xff,0x66,0xc1,0xff,
    0x66,0xc1,0xff,0x66,0xc1,0xff,0x66,0xc1,0xff,0x66,0xc1,0xff,
    0x66,0xc1,0xff,0x66,0xc1,0xff,0x66,0xc1,0xff,0x66,0xc1,0xff,
    0x66,0xc1,0xff,0x66,0xc1,0xff,0x66,0xc1,0xff,0x66,0xc1,0xff,
    0x66,0xc1,0xff,0x66,0xc1,0xff,0x66,0xc1,0xff,0x66,0xc1,0xff,
    0x66,0xc1,0xff,0x66,0xc1,0xff,0x66,0xc1,0xff,0x66,0xc1,0xff,
    0x66,0xc1,0xff,0x66,0xc1,0xff,0x66,0xc1,0xff,0x66,0xc1,0xff,
    0x66,0xc1,0xff,0x66,0xc1,0xff,0x66,0xc1,0xff,0x66,0xc1,0xff,
    0x66,0xc1,0xff,0x66,0xc1,0xff,0x66,0xc1,0xff,0x66,0xc1,0xff,
    0x66,0xc1,0xff,0x66,0xc1,0xff,0x66,0xc1,0xff,0x66,0xc1,0xff,
    0x66,0xc1,0xff,0x66,0xc1,0xff,0x66,0xc1,0xff,0x66,0xc1,0xff,
    0x66,0xc1,0xff,0x66,0xc1,0xff,0x66,0xc1,0xff,0x66,0xc1,0xff,
    0x66,0xc1,0xff,0x66,0xc1,0xff,0x66,0xc1,0xff,0x66,0xc1,0xff,
    0x66,0xc1,0xff,0x66,0xc1,0xff,0x66,0xc1,0xff,0x66,0xc1,0xff,
    0x66,0xc1,0xff,0x66,0xc1,0xff,0x66,0xc1,0xff,0x66,0xc1,0xff,
    0x66,0xc1,0xff,0x66,0xc1,0xff,0x66,0xc1,0xff,0x66,0xc1,0xff,
    0x66,0xc1,0xff,0x45,0xa9,0xff,0xc3,0x60,0xff,0x20,0x10,0xff,
    0x00,0x00,0x00,0x00,0x00,0x00,0x00,0x00,0x00,0x00,0x00,0x00,
    0x00,0x00,0x00,0x00,0x00,0x00,0x00,0x00,0x00,0x00,0x00,0x00,
    0x00,0x00,0x00,0x00,0x00,0x00,0x00,0x00,0x00,0x00,0x00,0x00,
    0x00,0x00,0x00,0x00,0x00,0x00,0x00,0x00,0x00,0x00,0x00,0x00,
    0x00,0x00,0x00,0x00,0x00,0x00,0x00,0x00,0x00,0x00,0x00,0x00,
    0x00,0x00,0x00,0x00,0x00,0x00,0x00,0x00,0x00,0x00,0x00,0x00,
    0x00,0x00,0x00,0x00,0x00,0x00,0x00,0x00,0x00,0x00,0x00,0x00,
    0x00,0x00,0x00,0x20,0x10,0xff,0xc3,0x60,0xff,0x45,0xa9,0xff,
    0x66,0xc1,0xff,0x66,0xc1,0xff,0x66,0xc1,0xff,0x66,0xc1,0xff,
    0x66,0xc1,0xff,0x66,0xc1,0xff,0x66,0xc1,0xff,0x66,0xc1,0xff,
    0x66,0xc1,0xff,0x66,0xc1,0xff,0x66,0xc1,0xff,0x66,0xc1,0xff,
    0x66,0xc1,0xff,0x66,0xc1,0xff,0x66,0xc1,0xff,0x66,0xc1,0xff,
    0x66,0xc1,0xff,0x66,0xc1,0xff,0x66,0xc1,0xff,0x66,0xc1,0xff,
    0x66,0xc1,0xff,0x66,0xc1,0xff,0x66,0xc1,0xff,0x66,0xc1,0xff,
    0x66,0xc1,0xff,0x66,0xc1,0xff,0x66,0xc1,0xff,0x66,0xc1,0xff,
    0x66,0xc1,0xff,0x66,0xc1,0xff,0x66,0xc1,0xff,0x66,0xc1,0xff,
    0x66,0xc1,0xff,0x66,0xc1,0xff,0x66,0xc1,0xff,0x66,0xc1,0xff,
    0x66,0xc1,0xff,0x66,0xc1,0xff,0x66,0xc1,0xff,0x66,0xc1,0xff,
    0x66,0xc1,0xff,0x66,0xc1,0xff,0x66,0xc1,0xff,0x66,0xc1,0xff,
    0x66,0xc1,0xff,0x66,0xc1,0xff,0x66,0xc1,0xff,0x66,0xc1,0xff,
    0x66,0xc1,0xff,0x66,0xc1,0xff,0x66,0xc1,0xff,0x66,0xc1,0xff,
    0x66,0xc1,0xff,0x66,0xc1,0xff,0x66,0xc1,0xff,0x66,0xc1,0xff,
    0x66,0xc1,0xff,0x66,0xc1,0xff,0x66,0xc1,0xff,0x66,0xc1,0xff,
    0x66,0xc1,0xff,0x66,0xc1,0xff,0x66,0xc1,0xff,0x66,0xc1,0xff,
    0x66,0xc1,0xff,0x66,0xc1,0xff,0x66,0xc1,0xff,0x66,0xc1,0xff,
    0x66,0xc1,0xff,0x66,0xc1,0xff,0x66,0xc1,0xff,0x66,0xc1,0xff,
    0x66,0xc1,0xff,0x66,0xc1,0xff,0x66,0xc1,0xff,0x66,0xc1,0xff,
    0x66,0xc1,0xff,0x66,0xc1,0xff,0x66,0xc1,0xff,0x66,0xc1,0xff,
    0x66,0xc1,0xff,0x66,0xc1,0xff,0x66,0xc1,0xff,0x66,0xc1,0xff,
    0x66,0xc1,0xff,0x66,0xc1,0xff,0x66,0xc1,0xff,0x66,0xc1,0xff,
    0x66,0xc1,0xff,0x66,0xc1,0xff,0x66,0xc1,0xff,0x66,0xc1,0xff,
    0x66,0xc1,0xff,0x66,0xc1,0xff,0x66,0xc1,0xff,0x66,0xc1,0xff,
    0x66,0xc1,0xff,0x66,0xc1,0xff,0x66,0xc1,0xff,0x66,0xc1,0xff,
    0x66,0xc1,0xff,0x66,0xc1,0xff,0x66,0xc1,0xff,0x66,0xc1,0xff,
    0x66,0xc1,0xff,0x66,0xc1,0xff,0x66,0xc1,0xff,0x66,0xc1,0xff,
    0x66,0xc1,0xff,0x66,0xc1,0xff,0x66,0xc1,0xff,0x66,0xc1,0xff,
    0x66,0xc1,0xff,0x66,0xc1,0xff,0x66,0xc1,0xff,0x66,0xc1,0xff,
    0x66,0xc1,0xff,0x66,0xc1,0xff,0x66,0xc1,0xff,0x66,0xc1,0xff,
    0x66,0xc1,0xff,0x66,0xc1,0xff,0x66,0xc1,0xff,0x66,0xc1,0xff,
    0x66,0xc1,0xff,0x66,0xc1,0xff,0x66,0xc1,0xff,0x65,0xb9,0xff,
    0xe3,0x78,0xff,0x41,0x28,0xff,0x00,0x00,0xff,0x00,0x00,0x00,
    0x00,0x00,0x00,0x00,0x00,0x00,0x00,0x00,0x00,0x00,0x00,0x00,
    0x00,0x00,0x00,0x00,0x00,0x00,0x00,0x00,0x00,0x00,0x00,0x00,
    0x00,0x00,0x00,0x00,0x00,0x00,0x00,0x00,0x00,0x00,0x00,0x00,
    0x00,0x00,0x00,0x00,0x00,0x00,0x00,0x00,0x00,0x00,0x00,0x00,
    0x00,0x00,0x00,0x00,0x00,0x00,0x00,0x00,0x00,0x00,0x00,0x00,
    0x00,0x00,0x00,0x00,0x00,0x00,0x00,0x00,0xff,0x41,0x28,0xff,
    0xe3,0x78,0xff,0x65,0xb9,0xff,0x66,0xc1,0xff,0x66,0xc1,0xff,
    0x66,0xc1,0xff,0x66,0xc1,0xff,0x66,0xc1,0xff,0x66,0xc1,0xff,
    0x66,0xc1,0xff,0x66,0xc1,0xff,0x66,0xc1,0xff,0x66,0xc1,0xff,
    0x66,0xc1,0xff,0x66,0xc1,0xff,0x66,0xc1,0xff,0x66,0xc1,0xff,
    0x66,0xc1,0xff,0x66,0xc1,0xff,0x66,0xc1,0xff,0x66,0xc1,0xff,
    0x66,0xc1,0xff,0x66,0xc1,0xff,0x66,0xc1,0xff,0x66,0xc1,0xff,
    0x66,0xc1,0xff,0x66,0xc1,0xff,0x66,0xc1,0xff,0x66,0xc1,0xff,
    0x66,0xc1,0xff,0x66,0xc1,0xff,0x66,0xc1,0xff,0x66,0xc1,0xff,
    0x66,0xc1,0xff,0x66,0xc1,0xff,0x66,0xc1,0xff,0x66,0xc1,0xff,
    0x66,0xc1,0xff,0x66,0xc1,0xff,0x66,0xc1,0xff,0x66,0xc1,0xff,
    0x66,0xc1,0xff,0x66,0xc1,0xff,0x66,0xc1,0xff,0x66,0xc1,0xff,
    0x66,0xc1,0xff,0x66,0xc1,0xff,0x66,0xc1,0xff,0x66,0xc1,0xff,
    0x66,0xc1,0xff,0x66,0xc1,0xff,0x66,0xc1,0xff,0x66,0xc1,0xff,
    0x66,0xc1,0xff,0x66,0xc1,0xff,0x66,0xc1,0xff,0x66,0xc1,0xff,
    0x66,0xc1,0xff,0x66,0xc1,0xff,0x66,0xc1,0xff,0x66,0xc1,0xff,
    0x66,0xc1,0xff,0x66,0xc1,0xff,0x66,0xc1,0xff,0x66,0xc1,0xff,
    0x66,0xc1,0xff,0x66,0xc1,0xff,0x66,0xc1,0xff,0x66,0xc1,0xff,
    0x66,0xc1,0xff,0x66,0xc1,0xff,0x66,0xc1,0xff,0x66,0xc1,0xff,
    0x66,0xc1,0xff,0x66,0xc1,0xff,0x66,0xc1,0xff,0x66,0xc1,0xff,
    0x66,0xc1,0xff,0x66,0xc1,0xff,0x66,0xc1,0xff,0x66,0xc1,0xff,
    0x66,0xc1,0xff,0x66,0xc1,0xff,0x66,0xc1,0xff,0x66,0xc1,0xff,
    0x66,0xc1,0xff,0x66,0xc1,0xff,0x66,0xc1,0xff,0x66,0xc1,0xff,
    0x66,0xc1,0xff,0x66,0xc1,0xff,0x66,0xc1,0xff,0x66,0xc1,0xff,
    0x66,0xc1,0xff,0x66,0xc1,0xff,0x66,0xc1,0xff,0x66,0xc1,0xff,
    0x66,0xc1,0xff,0x66,0xc1,0xff,0x66,0xc1,0xff,0x66,0xc1,0xff,
    0x66,0xc1,0xff,0x66,0xc1,0xff,0x66,0xc1,0xff,0x66,0xc1,0xff,
    0x66,0xc1,0xff,0x66,0xc1,0xff,0x66,0xc1,0xff,0x66,0xc1,0xff,
    0x66,0xc1,0xff,0x66,0xc1,0xff,0x66,0xc1,0xff,0x66,0xc1,0xff,
    0x66,0xc1,0xff,0x66,0xc1,0xff,0x66,0xc1,0xff,0x66,0xc1,0xff,
    0x66,0xc1,0xff,0x66,0xc1,0xff,0x66,0xc1,0xff,0x66,0xc1,0xff,
    0x66,0xc1,0xff,0x66,0xc1,0xff,0x66,0xc1,0xff,0x66,0xc1,0xff,
    0x66,0xc1,0xff,0x66,0xc1,0xff,0x66,0xc1,0xff,0x66,0xc1,0xff,
    0x66,0xc1,0xff,0x66,0xc1,0xff,0x66,0xc1,0xff,0x66,0xc1,0xff,
    0x66,0xc1,0xff,0x66,0xb9,0xff,0x24,0x91,0xff,0x82,0x40,0xff,
    0x00,0x08,0xff,0x00,0x00,0x00,0x00,0x00,0x00,0x00,0x00,0x00,
    0x00,0x00,0x00,0x00,0x00,0x00,0x00,0x00,0x00,0x00,0x00,0x00,
    0x00,0x00,0x00,0x00,0x00,0x00,0x00,0x00,0x00,0x00,0x00,0x00,
    0x00,0x00,0x00,0x00,0x00,0x00,0x00,0x00,0x00,0x00,0x00,0x00,
    0x00,0x00,0x00,0x00,0x00,0x00,0x00,0x00,0x00,0x00,0x00,0x00,
    0x00,0x08,0xff,0x82,0x40,0xff,0x24,0x91,0xff,0x66,0xb9,0xff,
    0x66,0xc1,0xff,0x66,0xc1,0xff,0x66,0xc1,0xff,0x66,0xc1,0xff,
    0x66,0xc1,0xff,0x66,0xc1,0xff,0x66,0xc1,0xff,0x66,0xc1,0xff,
    0x66,0xc1,0xff,0x66,0xc1,0xff,0x66,0xc1,0xff,0x66,0xc1,0xff,
    0x66,0xc1,0xff,0x66,0xc1,0xff,0x66,0xc1,0xff,0x66,0xc1,0xff,
    0x66,0xc1,0xff,0x66,0xc1,0xff,0x66,0xc1,0xff,0x66,0xc1,0xff,
    0x66,0xc1,0xff,0x66,0xc1,0xff,0x66,0xc1,0xff,0x66,0xc1,0xff,
    0x66,0xc1,0xff,0x66,0xc1,0xff,0x66,0xc1,0xff,0x66,0xc1,0xff,
    0x66,0xc1,0xff,0x66,0xc1,0xff,0x66,0xc1,0xff,0x66,0xc1,0xff,
    0x66,0xc1,0xff,0x66,0xc1,0xff,0x66,0xc1,0xff,0x66,0xc1,0xff,
    0x66,0xc1,0xff,0x66,0xc1,0xff,0x66,0xc1,0xff,0x66,0xc1,0xff,
    0x66,0xc1,0xff,0x66,0xc1,0xff,0x66,0xc1,0xff,0x66,0xc1,0xff,
    0x66,0xc1,0xff,0x66,0xc1,0xff,0x66,0xc1,0xff,0x66,0xc1,0xff,
    0x66,0xc1,0xff,0x66,0xc1,0xff,0x66,0xc1,0xff,0x66,0xc1,0xff,
    0x66,0xc1,0xff,0x66,0xc1,0xff,0x66,0xc1,0xff,0x66,0xc1,0xff,
    0x66,0xc1,0xff,0x66,0xc1,0xff,0x66,0xc1,0xff,0x66,0xc1,0xff,
    0x66,0xc1,0xff,0x66,0xc1,0xff,0x66,0xc1,0xff,0x66,0xc1,0xff,
    0x66,0xc1,0xff,0x66,0xc1,0xff,0x66,0xc1,0xff,0x66,0xc1,0xff,
    0x66,0xc1,0xff,0x66,0xc1,0xff,0x66,0xc1,0xff,0x66,0xc1,0xff,
    0x66,0xc1,0xff,0x66,0xc1,0xff,0x66,0xc1,0xff,0x66,0xc1,0xff,
    0x66,0xc1,0xff,0x66,0xc1,0xff,0x66,0xc1,0xff,0x66,0xc1,0xff,
    0x66,0xc1,0xff,0x66,0xc1,0xff,0x66,0xc1,0xff,0x66,0xc1,0xff,
    0x66,0xc1,0xff,0x66,0xc1,0xff,0x66,0xc1,0xff,0x66,0xc1,0xff,
    0x66,0xc1,0xff,0x66,0xc1,0xff,0x66,0xc1,0xff,0x66,0xc1,0xff,
    0x66,0xc1,0xff,0x66,0xc1,0xff,0x66,0xc1,0xff,0x66,0xc1,0xff,
    0x66,0xc1,0xff,0x66,0xc1,0xff,0x66,0xc1,0xff,0x66,0xc1,0xff,
    0x66,0xc1,0xff,0x66,0xc1,0xff,0x66,0xc1,0xff,0x66,0xc1,0xff,
    0x66,0xc1,0xff,0x66,0xc1,0xff,0x66,0xc1,0xff,0x66,0xc1,0xff,
    0x66,0xc1,0xff,0x66,0xc1,0xff,0x66,0xc1,0xff,0x66,0xc1,0xff,
    0x66,0xc1,0xff,0x66,0xc1,0xff,0x66,0xc1,0xff,0x66,0xc1,0xff,
    0x66,0xc1,0xff,0x66,0xc1,0xff,0x66,0xc1,0xff,0x66,0xc1,0xff,
    0x66,0xc1,0xff,0x66,0xc1,0xff,0x66,0xc1,0xff,0x66,0xc1,0xff,
    0x66,0xc1,0xff,0x66,0xc1,0xff,0x66,0xc1,0xff,0x66,0xc1,0xff,
    0x66,0xc1,0xff,0x66,0xc1,0xff,0x66,0xc1,0xff,0x66,0xc1,0xff,
    0x66,0xc1,0xff,0x66,0xc1,0xff,0x66,0xc1,0xff,0x66,0xc1,0xff,
    0x45,0xa9,0xff,0xa3,0x60,0xff,0x20,0x10,0xff,0x00,0x00,0x00,
    0x00,0x00,0x00,0x00,0x00,0x00,0x00,0x00,0x00,0x00,0x00,0x00,
    0x00,0x00,0x00,0x00,0x00,0x00,0x00,0x00,0x00,0x00,0x00,0x00,
    0x00,0x00,0x00,0x00,0x00,0x00,0x00,0x00,0x00,0x00,0x00,0x00,
    0x00,0x00,0x00,0x00,0x00,0x00,0x20,0x10,0xff,0xa3,0x58,0xff,
    0x45,0xa9,0xff,0x66,0xc1,0xff,0x66,0xc1,0xff,0x66,0xc1,0xff,
    0x66,0xc1,0xff,0x66,0xc1,0xff,0x66,0xc1,0xff,0x66,0xc1,0xff,
    0x66,0xc1,0xff,0x66,0xc1,0xff,0x66,0xc1,0xff,0x66,0xc1,0xff,
    0x66,0xc1,0xff,0x66,0xc1,0xff,0x66,0xc1,0xff,0x66,0xc1,0xff,
    0x66,0xc1,0xff,0x66,0xc1,0xff,0x66,0xc1,0xff,0x66,0xc1,0xff,
    0x66,0xc1,0xff,0x66,0xc1,0xff,0x66,0xc1,0xff,0x66,0xc1,0xff,
    0x66,0xc1,0xff,0x66,0xc1,0xff,0x66,0xc1,0xff,0x66,0xc1,0xff,
    0x66,0xc1,0xff,0x66,0xc1,0xff,0x66,0xc1,0xff,0x66,0xc1,0xff,
    0x66,0xc1,0xff,0x66,0xc1,0xff,0x66,0xc1,0xff,0x66,0xc1,0xff,
    0x66,0xc1,0xff,0x66,0xc1,0xff,0x66,0xc1,0xff,0x66,0xc1,0xff,
    0x66,0xc1,0xff,0x66,0xc1,0xff,0x66,0xc1,0xff,0x66,0xc1,0xff,
    0x66,0xc1,0xff,0x66,0xc1,0xff,0x66,0xc1,0xff,0x66,0xc1,0xff,
    0x66,0xc1,0xff,0x66,0xc1,0xff,0x66,0xc1,0xff,0x66,0xc1,0xff,
    0x66,0xc1,0xff,0x66,0xc1,0xff,0x66,0xc1,0xff,0x66,0xc1,0xff,
    0x66,0xc1,0xff,0x66,0xc1,0xff,0x66,0xc1,0xff,0x66,0xc1,0xff,
    0x66,0xc1,0xff,0x66,0xc1,0xff,0x66,0xc1,0xff,0x66,0xc1,0xff,
    0x66,0xc1,0xff,0x66,0xc1,0xff,0x66,0xc1,0xff,0x66,0xc1,0xff,
    0x66,0xc1,0xff,0x66,0xc1,0xff,0x66,0xc1,0xff,0x66,0xc1,0xff,
    0x66,0xc1,0xff,0x66,0xc1,0xff,0x66,0xc1,0xff,0x66,0xc1,0xff,
    0x66,0xc1,0xff,0x66,0xc1,0xff,0x66,0xc1,0xff,0x66,0xc1,0xff,
    0x66,0xc1,0xff,0x66,0xc1,0xff,0x66,0xc1,0xff,0x66,0xc1,0xff,
    0x66,0xc1,0xff,0x66,0xc1,0xff,0x66,0xc1,0xff,0x66,0xc1,0xff,
    0x66,0xc1,0xff,0x66,0xc1,0xff,0x66,0xc1,0xff,0x66,0xc1,0xff,
    0x66,0xc1,0xff,0x66,0xc1,0xff,0x66,0xc1,0xff,0x66,0xc1,0xff,
    0x66,0xc1,0xff,0x66,0xc1,0xff,0x66,0xc1,0xff,0x66,0xc1,0xff,
    0x66,0xc1,0xff,0x66,0xc1,0xff,0x66,0xc1,0xff,0x66,0xc1,0xff,
    0x66,0xc1,0xff,0x66,0xc1,0xff,0x66,0xc1,0xff,0x66,0xc1,0xff,
    0x66,0xc1,0xff,0x66,0xc1,0xff,0x66,0xc1,0xff,0x66,0xc1,0xff,
    0x66,0xc1,0xff,0x66,0xc1,0xff,0x66,0xc1,0xff,0x66,0xc1,0xff,
    0x66,0xc1,0xff,0x66,0xc1,0xff,0x66,0xc1,0xff,0x66,0xc1,0xff,
    0x66,0xc1,0xff,0x66,0xc1,0xff,0x66,0xc1,0xff,0x66,0xc1,0xff,
    0x66,0xc1,0xff,0x66,0xc1,0xff,0x66,0xc1,0xff,0x66,0xc1,0xff,
    0x66,0xc1,0xff,0x66,0xc1,0xff,0x66,0xc1,0xff,0x66,0xc1,0xff,
    0x66,0xc1,0xff,0x66,0xc1,0xff,0x66,0xc1,0xff,0x66,0xc1,0xff,
    0x66,0xc1,0xff,0x66,0xc1,0xff,0x66,0xc1,0xff,0x66,0xc1,0xff,
    0x66,0xc1,0xff,0x66,0xc1,0xff,0x65,0xb9,0xff,0xe3,0x78,0xff,
    0x41,0x28,0xff,0x00,0x00,0xff,0x00,0x00,0x00,0x00,0x00,0x00,
    0x00,0x00,0x00,0x00,0x00,0x00,0x00,0x00,0x00,0x00,0x00,0x00,
    0x00,0x00,0x00,0x00,0x00,0x00,0x00,0x00,0x00,0x00,0x00,0xff,
    0x41,0x28,0xff,0xe3,0x78,0xff,0x65,0xb1,0xff,0x66,0xc1,0xff,
    0x66,0xc1,0xff,0x66,0xc1,0xff,0x66,0xc1,0xff,0x66,0xc1,0xff,
    0x66,0xc1,0xff,0x66,0xc1,0xff,0x66,0xc1,0xff,0x66,0xc1,0xff,
    0x66,0xc1,0xff,0x66,0xc1,0xff,0x66,0xc1,0xff,0x66,0xc1,0xff,
    0x66,0xc1,0xff,0x66,0xc1,0xff,0x66,0xc1,0xff,0x66,0xc1,0xff,
    0x66,0xc1,0xff,0x66,0xc1,0xff,0x66,0xc1,0xff,0x66,0xc1,0xff,
    0x66,0xc1,0xff,0x66,0xc1,0xff,0x66,0xc1,0xff,0x66,0xc1,0xff,
    0x66,0xc1,0xff,0x66,0xc1,0xff,0x66,0xc1,0xff,0x66,0xc1,0xff,
    0x66,0xc1,0xff,0x66,0xc1,0xff,0x66,0xc1,0xff,0x66,0xc1,0xff,
    0x66,0xc1,0xff,0x66,0xc1,0xff,0x66,0xc1,0xff,0x66,0xc1,0xff,
    0x66,0xc1,0xff,0x66,0xc1,0xff,0x66,0xc1,0xff,0x66,0xc1,0xff,
    0x66,0xc1,0xff,0x66,0xc1,0xff,0x66,0xc1,0xff,0x66,0xc1,0xff,
    0x66,0xc1,0xff,0x66,0xc1,0xff,0x66,0xc1,0xff,0x66,0xc1,0xff,
    0x66,0xc1,0xff,0x66,0xc1,0xff,0x66,0xc1,0xff,0x66,0xc1,0xff,
    0x66,0xc1,0xff,0x66,0xc1,0xff,0x66,0xc1,0xff,0x66,0xc1,0xff,
    0x66,0xc1,0xff,0x66,0xc1,0xff,0x66,0xc1,0xff,0x66,0xc1,0xff,
    0x66,0xc1,0xff,0x66,0xc1,0xff,0x66,0xc1,0xff,0x66,0xc1,0xff,
    0x66,0xc1,0xff,0x66,0xc1,0xff,0x66,0xc1,0xff,0x66,0xc1,0xff,
    0x66,0xc1,0xff,0x66,0xc1,0xff,0x66,0xc1,0xff,0x66,0xc1,0xff,
    0x66,0xc1,0xff,0x66,0xc1,0xff,0x66,0xc1,0xff,0x66,0xc1,0xff,
    0x66,0xc1,0xff,0x66,0xc1,0xff,0x66,0xc1,0xff,0x66,0xc1,0xff,
    0x66,0xc1,0xff,0x66,0xc1,0xff,0x66,0xc1,0xff,0x66,0xc1,0xff,
    0x66,0xc1,0xff,0x66,0xc1,0xff,0x66,0xc1,0xff,0x66,0xc1,0xff,
    0x66,0xc1,0xff,0x66,0xc1,0xff,0x66,0xc1,0xff,0x66,0xc1,0xff,
    0x66,0xc1,0xff,0x66,0xc1,0xff,0x66,0xc1,0xff,0x66,0xc1,0xff,
    0x66,0xc1,0xff,0x66,0xc1,0xff,0x66,0xc1,0xff,0x66,0xc1,0xff,
    0x66,0xc1,0xff,0x66,0xc1,0xff,0x66,0xc1,0xff,0x66,0xc1,0xff,
    0x66,0xc1,0xff,0x66,0xc1,0xff,0x66,0xc1,0xff,0x66,0xc1,0xff,
    0x66,0xc1,0xff,0x66,0xc1,0xff,0x66,0xc1,0xff,0x66,0xc1,0xff,
    0x66,0xc1,0xff,0x66,0xc1,0xff,0x66,0xc1,0xff,0x66,0xc1,0xff,
    0x66,0xc1,0xff,0x66,0xc1,0xff,0x66,0xc1,0xff,0x66,0xc1,0xff,
    0x66,0xc1,0xff,0x66,0xc1,0xff,0x66,0xc1,0xff,0x66,0xc1,0xff,
    0x66,0xc1,0xff,0x66,0xc1,0xff,0x66,0xc1,0xff,0x66,0xc1,0xff,
    0x66,0xc1,0xff,0x66,0xc1,0xff,0x66,0xc1,0xff,0x66,0xc1,0xff,
    0x66,0xc1,0xff,0x66,0xc1,0xff,0x66,0xc1,0xff,0x66,0xc1,0xff,
    0x66,0xc1,0xff,0x66,0xc1,0xff,0x66,0xc1,0xff,0x66,0xc1,0xff,
    0x66,0xc1,0xff,0x66,0xc1,0xff,0x66,0xc1,0xff,0x66,0xc1,0xff,
    0x66,0xb9,0xff,0x24,0x91,0xff,0x82,0x40,0xff,0x00,0x08,0xff,
    0x00,0x00,0x00,0x00,0x00,0x00,0x00,0x00,0x00,0x00,0x00,0x00,
    0x00,0x00,0x00,0x00,0x00,0xff,0x82,0x40,0xff,0x24,0x91,0xff,
    0x65,0xb9,0xff,0x66,0xc1,0xff,0x66,0xc1,0xff,0x66,0xc1,0xff,
    0x66,0xc1,0xff,0x66,0xc1,0xff,0x66,0xc1,0xff,0x66,0xc1,0xff,
    0x66,0xc1,0xff,0x66,0xc1,0xff,0x66,0xc1,0xff,0x66,0xc1,0xff,
    0x66,0xc1,0xff,0x66,0xc1,0xff,0x66,0xc1,0xff,0x66,0xc1,0xff,
    0x66,0xc1,0xff,0x66,0xc1,0xff,0x66,0xc1,0xff,0x66,0xc1,0xff,
    0x66,0xc1,0xff,0x66,0xc1,0xff,0x66,0xc1,0xff,0x66,0xc1,0xff,
    0x66,0xc1,0xff,0x66,0xc1,0xff,0x66,0xc1,0xff,0x66,0xc1,0xff,
    0x66,0xc1,0xff,0x66,0xc1,0xff,0x66,0xc1,0xff,0x66,0xc1,0xff,
    0x66,0xc1,0xff,0x66,0xc1,0xff,0x66,0xc1,0xff,0x66,0xc1,0xff,
    0x66,0xc1,0xff,0x66,0xc1,0xff,0x66,0xc1,0xff,0x66,0xc1,0xff,
    0x66,0xc1,0xff,0x66,0xc1,0xff,0x66,0xc1,0xff,0x66,0xc1,0xff,
    0x66,0xc1,0xff,0x66,0xc1,0xff,0x66,0xc1,0xff,0x66,0xc1,0xff,
    0x66,0xc1,0xff,0x66,0xc1,0xff,0x66,0xc1,0xff,0x66,0xc1,0xff,
    0x66,0xc1,0xff,0x66,0xc1,0xff,0x66,0xc1,0xff,0x66,0xc1,0xff,
    0x66,0xc1,0xff,0x66,0xc1,0xff,0x66,0xc1,0xff,0x66,0xc1,0xff,
    0x66,0xc1,0xff,0x66,0xc1,0xff,0x66,0xc1,0xff,0x66,0xc1,0xff,
    0x66,0xc1,0xff,0x66,0xc1,0xff,0x66,0xc1,0xff,0x66,0xc1,0xff,
    0x66,0xc1,0xff,0x66,0xc1,0xff,0x66,0xc1,0xff,0x66,0xc1,0xff,
    0x66,0xc1,0xff,0x66,0xc1,0xff,0x66,0xc1,0xff,0x66,0xc1,0xff,
    0x66,0xc1,0xff,0x66,0xc1,0xff,0x66,0xc1,0xff,0x66,0xc1,0xff,
    0x66,0xc1,0xff,0x66,0xc1,0xff,0x66,0xc1,0xff,0x66,0xc1,0xff,
    0x66,0xc1,0xff,0x66,0xc1,0xff,0x66,0xc1,0xff,0x66,0xc1,0xff,
    0x66,0xc1,0xff,0x66,0xc1,0xff,0x66,0xc1,0xff,0x66,0xc1,0xff,
    0x66,0xc1,0xff,0x66,0xc1,0xff,0x66,0xc1,0xff,0x66,0xc1,0xff,
    0x66,0xc1,0xff,0x66,0xc1,0xff,0x66,0xc1,0xff,0x66,0xc1,0xff,
    0x66,0xc1,0xff,0x66,0xc1,0xff,0x66,0xc1,0xff,0x66,0xc1,0xff,
    0x66,0xc1,0xff,0x66,0xc1,0xff,0x66,0xc1,0xff,0x66,0xc1,0xff,
    0x66,0xc1,0xff,0x66,0xc1,0xff,0x66,0xc1,0xff,0x66,0xc1,0xff,
    0x66,0xc1,0xff,0x66,0xc1,0xff,0x66,0xc1,0xff,0x66,0xc1,0xff,
    0x66,0xc1,0xff,0x66,0xc1,0xff,0x66,0xc1,0xff,0x66,0xc1,0xff,
    0x66,0xc1,0xff,0x66,0xc1,0xff,0x66,0xc1,0xff,0x66,0xc1,0xff,
    0x66,0xc1,0xff,0x66,0xc1,0xff,0x66,0xc1,0xff,0x66,0xc1,0xff,
    0x66,0xc1,0xff,0x66,0xc1,0xff,0x66,0xc1,0xff,0x66,0xc1,0xff,
    0x66,0xc1,0xff,0x66,0xc1,0xff,0x66,0xc1,0xff,0x66,0xc1,0xff,
    0x66,0xc1,0xff,0x66,0xc1,0xff,0x66,0xc1,0xff,0x66,0xc1,0xff,
    0x66,0xc1,0xff,0x66,0xc1,0xff,0x66,0xc1,0xff,0x66,0xc1,0xff,
    0x66,0xc1,0xff,0x66,0xc1,0xff,0x66,0xc1,0xff,0x66,0xc1,0xff,
    0x66,0xc1,0xff,0x66,0xc1,0xff,0x66,0xc1,0xff,0x45,0xa9,0xff,
    0xa3,0x58,0xff,0x20,0x10,0xff,0x00,0x00,0x00,0x00,0x00,0x00,
    0x61,0x48,0xff,0x04,0xa1,0xff,0x45,0xb9,0xff,0x45,0xb9,0xff,
    0x45,0xb9,0xff,0x45,0xb9,0xff,0x45,0xb9,0xff,0x45,0xb9,0xff,
    0x45,0xb9,0xff,0x45,0xb9,0xff,0x45,0xb9,0xff,0x45,0xb9,0xff,
    0x45,0xb9,0xff,0x45,0xb9,0xff,0x45,0xb9,0xff,0x45,0xb9,0xff,
    0x45,0xb9,0xff,0x45,0xb9,0xff,0x45,0xb9,0xff,0x45,0xb9,0xff,
    0x45,0xb9,0xff,0x45,0xb9,0xff,0x45,0xb9,0xff,0x45,0xb9,0xff,
    0x45,0xb9,0xff,0x45,0xb9,0xff,0x45,0xb9,0xff,0x45,0xb9,0xff,
    0x45,0xb9,0xff,0x45,0xb9,0xff,0x45,0xb9,0xff,0x45,0xb9,0xff,
    0x45,0xb9,0xff,0x45,0xb9,0xff,0x45,0xb9,0xff,0x45,0xb9,0xff,
    0x45,0xb9,0xff,0x45,0xb9,0xff,0x45,0xb9,0xff,0x45,0xb9,0xff,
    0x45,0xb9,0xff,0x45,0xb9,0xff,0x45,0xb9,0xff,0x45,0xb9,0xff,
    0x45,0xb9,0xff,0x45,0xb9,0xff,0x45,0xb9,0xff,0x45,0xb9,0xff,
    0x45,0xb9,0xff,0x45,0xb9,0xff,0x45,0xb9,0xff,0x45,0xb9,0xff,
    0x45,0xb9,0xff,0x45,0xb9,0xff,0x45,0xb9,0xff,0x45,0xb9,0xff,
    0x45,0xb9,0xff,0x45,0xb9,0xff,0x45,0xb9,0xff,0x45,0xb9,0xff,
    0x45,0xb9,0xff,0x45,0xb9,0xff,0x45,0xb9,0xff,0x45,0xb9,0xff,
    0x45,0xb9,0xff,0x45,0xb9,0xff,0x45,0xb9,0xff,0x45,0xb9,0xff,
    0x45,0xb9,0xff,0x45,0xb9,0xff,0x45,0xb9,0xff,0x45,0xb9,0xff,
    0x45,0xb9,0xff,0x45,0xb9,0xff,0x45,0xb9,0xff,0x45,0xb9,0xff,
    0x45,0xb9,0xff,0x45,0xb9,0xff,0x45,0xb9,0xff,0x45,0xb9,0xff,
    0x45,0xb9,0xff,0x45,0xb9,0xff,0x45,0xb9,0xff,0x45,0xb9,0xff,
    0x45,0xb9,0xff,0x45,0xb9,0xff,0x45,0xb9,0xff,0x45,0xb9,0xff,
    0x45,0xb9,0xff,0x45,0xb9,0xff,0x45,0xb9,0xff,0x45,0xb9,0xff,
    0x45,0xb9,0xff,0x45,0xb9,0xff,0x45,0xb9,0xff,0x45,0xb9,0xff,
    0x45,0xb9,0xff,0x45,0xb9,0xff,0x45,0xb9,0xff,0x45,0xb9,0xff,
    0x45,0xb9,0xff,0x45,0xb9,0xff,0x45,0xb9,0xff,0x45,0xb9,0xff,
    0x45,0xb9,0xff,0x45,0xb9,0xff,0x45,0xb9,0xff,0x45,0xb9,0xff,
    0x45,0xb9,0xff,0x45,0xb9,0xff,0x45,0xb9,0xff,0x45,0xb9,0xff,
    0x45,0xb9,0xff,0x45,0xb9,0xff,0x45,0xb9,0xff,0x45,0xb9,0xff,
    0x45,0xb9,0xff,0x45,0xb9,0xff,0x45,0xb9,0xff,0x45,0xb9,0xff,
    0x45,0xb9,0xff,0x45,0xb9,0xff,0x45,0xb9,0xff,0x45,0xb9,0xff,
    0x45,0xb9,0xff,0x45,0xb9,0xff,0x45,0xb9,0xff,0x45,0xb9,0xff,
    0x45,0xb9,0xff,0x45,0xb9,0xff,0x45,0xb9,0xff,0x45,0xb9,0xff,
    0x45,0xb9,0xff,0x45,0xb9,0xff,0x45,0xb9,0xff,0x45,0xb9,0xff,
    0x45,0xb9,0xff,0x45,0xb9,0xff,0x45,0xb9,0xff,0x45,0xb9,0xff,
    0x45,0xb9,0xff,0x45,0xb9,0xff,0x45,0xb9,0xff,0x45,0xb9,0xff,
    0x45,0xb9,0xff,0x45,0xb9,0xff,0x45,0xb9,0xff,0x45,0xb9,0xff,
    0x45,0xb9,0xff,0x45,0xb9,0xff,0x45,0xb9,0xff,0x45,0xb9,0xff,
    0x45,0xb9,0xff,0x45,0xb9,0xff,0x45,0xb9,0xff,0x45,0xb9,0xff,
    0x45,0xb9,0xff,0x24,0xb1,0xff,0xa2,0x70,0xff,0x00,0x08,0xff,
    0xa3,0x88,0xff,0xe3,0xa8,0xff,0xe3,0xa8,0xff,0xe3,0xa8,0xff,
    0xe3,0xa8,0xff,0xe3,0xa8,0xff,0xe3,0xa8,0xff,0xe3,0xa8,0xff,
    0xe3,0xa8,0xff,0xe3,0xa8,0xff,0xe3,0xa8,0xff,0xe3,0xa8,0xff,
    0xe3,0xa8,0xff,0xe3,0xa8,0xff,0xe3,0xa8,0xff,0xe3,0xa8,0xff,
    0xe3,0xa8,0xff,0xe3,0xa8,0xff,0xe3,0xa8,0xff,0xe3,0xa8,0xff,
    0xe3,0xa8,0xff,0xe3,0xa8,0xff,0xe3,0xa8,0xff,0xe3,0xa8,0xff,
    0xe3,0xa8,0xff,0xe3,0xa8,0xff,0xe3,0xa8,0xff,0xe3,0xa8,0xff,
    0xe3,0xa8,0xff,0xe3,0xa8,0xff,0xe3,0xa8,0xff,0xe3,0xa8,0xff,
    0xe3,0xa8,0xff,0xe3,0xa8,0xff,0xe3,0xa8,0xff,0xe3,0xa8,0xff,
    0xe3,0xa8,0xff,0xe3,0xa8,0xff,0xe3,0xa8,0xff,0xe3,0xa8,0xff,
    0xe3,0xa8,0xff,0xe3,0xa8,0xff,0xe3,0xa8,0xff,0xe3,0xa8,0xff,
    0xe3,0xa8,0xff,0xe3,0xa8,0xff,0xe3,0xa8,0xff,0xe3,0xa8,0xff,
    0xe3,0xa8,0xff,0xe3,0xa8,0xff,0xe3,0xa8,0xff,0xe3,0xa8,0xff,
    0xe3,0xa8,0xff,0xe3,0xa8,0xff,0xe3,0xa8,0xff,0xe3,0xa8,0xff,
    0xe3,0xa8,0xff,0xe3,0xa8,0xff,0xe3,0xa8,0xff,0xe3,0xa8,0xff,
    0xe3,0xa8,0xff,0xe3,0xa8,0xff,0xe3,0xa8,0xff,0xe3,0xa8,0xff,
    0xe3,0xa8,0xff,0xe3,0xa8,0xff,0xe3,0xa8,0xff,0xe3,0xa8,0xff,
    0xe3,0xa8,0xff,0xe3,0xa8,0xff,0xe3,0xa8,0xff,0xe3,0xa8,0xff,
    0xe3,0xa8,0xff,0xe3,0xa8,0xff,0xe3,0xa8,0xff,0xe3,0xa8,0xff,
    0xe3,0xa8,0xff,0xe3,0xa8,0xff,0xe3,0xa8,0xff,0xe3,0xa8,0xff,
    0xe3,0xa8,0xff,0xe3,0xa8,0xff,0xe3,0xa8,0xff,0xe3,0xa8,0xff,
    0xe3,0xa8,0xff,0xe3,0xa8,0xff,0xe3,0xa8,0xff,0xe3,0xa8,0xff,
    0xe3,0xa8,0xff,0xe3,0xa8,0xff,0xe3,0xa8,0xff,0xe3,0xa8,0xff,
    0xe3,0xa8,0xff,0xe3,0xa8,0xff,0xe3,0xa8,0xff,0xe3,0xa8,0xff,
    0xe3,0xa8,0xff,0xe3,0xa8,0xff,0xe3,0xa8,0xff,0xe3,0xa8,0xff,
    0xe3,0xa8,0xff,0xe3,0xa8,0xff,0xe3,0xa8,0xff,0xe3,0xa8,0xff,
    0xe3,0xa8,0xff,0xe3,0xa8,0xff,0xe3,0xa8,0xff,0xe3,0xa8,0xff,
    0xe3,0xa8,0xff,0xe3,0xa8,0xff,0xe3,0xa8,0xff,0xe3,0xa8,0xff,
    0xe3,0xa8,0xff,0xe3,0xa8,0xff,0xe3,0xa8,0xff,0xe3,0xa8,0xff,
    0xe3,0xa8,0xff,0xe3,0xa8,0xff,0xe3,0xa8,0xff,0xe3,0xa8,0xff,
    0xe3,0xa8,0xff,0xe3,0xa8,0xff,0xe3,0xa8,0xff,0xe3,0xa8,0xff,
    0xe3,0xa8,0xff,0xe3,0xa8,0xff,0xe3,0xa8,0xff,0xe3,0xa8,0xff,
    0xe3,0xa8,0xff,0xe3,0xa8,0xff,0xe3,0xa8,0xff,0xe3,0xa8,0xff,
    0xe3,0xa8,0xff,0xe3,0xa8,0xff,0xe3,0xa8,0xff,0xe3,0xa8,0xff,
    0xe3,0xa8,0xff,0xe3,0xa8,0xff,0xe3,0xa8,0xff,0xe3,0xa8,0xff,
    0xe3,0xa8,0xff,0xe3,0xa8,0xff,0xe3,0xa8,0xff,0xe3,0xa8,0xff,
    0xe3,0xa8,0xff,0xe3,0xa8,0xff,0xe3,0xa8,0xff,0xe3,0xa8,0xff,
    0xe3,0xa8,0xff,0xe3,0xa8,0xff,0xe3,0xa8,0xff,0xe3,0xa8,0xff,
    0xe3,0xa8,0xff,0xe3,0xa8,0xff,0xe3,0xa8,0xff,0xe3,0xa8,0xff,
    0xe3,0xa8,0xff,0xe3,0xa8,0xff,0xe3,0xa8,0xff,0x20,0x18,0xff,
    0xa3,0x88,0xff,0xe3,0xa8,0xff,0xe3,0xa8,0xff,0xe3,0xa8,0xff,
    0xe3,0xa8,0xff,0xe3,0xa8,0xff,0xe3,0xa8,0xff,0xe3,0xa8,0xff,
    0xe3,0xa8,0xff,0xe3,0xa8,0xff,0xe3,0xa8,0xff,0xe3,0xa8,0xff,
    0xe3,0xa8,0xff,0xe3,0xa8,0xff,0xe3,0xa8,0xff,0xe3,0xa8,0xff,
    0xe3,0xa8,0xff,0xe3,0xa8,0xff,0xe3,0xa8,0xff,0xe3,0xa8,0xff,
    0xe3,0xa8,0xff,0xe3,0xa8,0xff,0xe3,0xa8,0xff,0xe3,0xa8,0xff,
    0xe3,0xa8,0xff,0xe3,0xa8,0xff,0xe3,0xa8,0xff,0xe3,0xa8,0xff,
    0xe3,0xa8,0xff,0xe3,0xa8,0xff,0xe3,0xa8,0xff,0xe3,0xa8,0xff,
    0xe3,0xa8,0xff,0xe3,0xa8,0xff,0xe3,0xa8,0xff,0xe3,0xa8,0xff,
    0xe3,0xa8,0xff,0xe3,0xa8,0xff,0xe3,0xa8,0xff,0xe3,0xa8,0xff,
    0xe3,0xa8,0xff,0xe3,0xa8,0xff,0xe3,0xa8,0xff,0xe3,0xa8,0xff,
    0xe3,0xa8,0xff,0xe3,0xa8,0xff,0xe3,0xa8,0xff,0xe3,0xa8,0xff,
    0xe3,0xa8,0xff,0xe3,0xa8,0xff,0xe3,0xa8,0xff,0xe3,0xa8,0xff,
    0xe3,0xa8,0xff,0xe3,0xa8,0xff,0xe3,0xa8,0xff,0xe3,0xa8,0xff,
    0xe3,0xa8,0xff,0xe3,0xa8,0xff,0xe3,0xa8,0xff,0xe3,0xa8,0xff,
    0xe3,0xa8,0xff,0xe3,0xa8,0xff,0xe3,0xa8,0xff,0xe3,0xa8,0xff,
    0xe3,0xa8,0xff,0xe3,0xa8,0xff,0xe3,0xa8,0xff,0xe3,0xa8,0xff,
    0xe3,0xa8,0xff,0xe3,0xa8,0xff,0xe3,0xa8,0xff,0xe3,0xa8,0xff,
    0xe3,0xa8,0xff,0xe3,0xa8,0xff,0xe3,0xa8,0xff,0xe3,0xa8,0xff,
    0xe3,0xa8,0xff,0xe3,0xa8,0xff,0xe3,0xa8,0xff,0xe3,0xa8,0xff,
    0xe3,0xa8,0xff,0xe3,0xa8,0xff,0xe3,0xa8,0xff,0xe3,0xa8,0xff,
    0xe3,0xa8,0xff,0xe3,0xa8,0xff,0xe3,0xa8,0xff,0xe3,0xa8,0xff,
    0xe3,0xa8,0xff,0xe3,0xa8,0xff,0xe3,0xa8,0xff,0xe3,0xa8,0xff,
    0xe3,0xa8,0xff,0xe3,0xa8,0xff,0xe3,0xa8,0xff,0xe3,0xa8,0xff,
    0xe3,0xa8,0xff,0xe3,0xa8,0xff,0xe3,0xa8,0xff,0xe3,0xa8,0xff,
    0xe3,0xa8,0xff,0xe3,0xa8,0xff,0xe3,0xa8,0xff,0xe3,0xa8,0xff,
    0xe3,0xa8,0xff,0xe3,0xa8,0xff,0xe3,0xa8,0xff,0xe3,0xa8,0xff,
    0xe3,0xa8,0xff,0xe3,0xa8,0xff,0xe3,0xa8,0xff,0xe3,0xa8,0xff,
    0xe3,0xa8,0xff,0xe3,0xa8,0xff,0xe3,0xa8,0xff,0xe3,0xa8,0xff,
    0xe3,0xa8,0xff,0xe3,0xa8,0xff,0xe3,0xa8,0xff,0xe3,0xa8,0xff,
    0xe3,0xa8,0xff,0xe3,0xa8,0xff,0xe3,0xa8,0xff,0xe3,0xa8,0xff,
    0xe3,0xa8,0xff,0xe3,0xa8,0xff,0xe3,0xa8,0xff,0xe3,0xa8,0xff,
    0xe3,0xa8,0xff,0xe3,0xa8,0xff,0xe3,0xa8,0xff,0xe3,0xa8,0xff,
    0xe3,0xa8,0xff,0xe3,0xa8,0xff,0xe3,0xa8,0xff,0xe3,0xa8,0xff,
    0xe3,0xa8,0xff,0xe3,0xa8,0xff,0xe3,0xa8,0xff,0xe3,0xa8,0xff,
    0xe3,0xa8,0xff,0xe3,0xa8,0xff,0xe3,0xa8,0xff,0xe3,0xa8,0xff,
    0xe3,0xa8,0xff,0xe3,0xa8,0xff,0xe3,0xa8,0xff,0xe3,0xa8,0xff,
    0xe3,0xa8,0xff,0xe3,0xa8,0xff,0xe3,0xa8,0xff,0xe3,0xa8,0xff,
    0xe3,0xa8,0xff,0xe3,0xa8,0xff,0xe3,0xa8,0xff,0xe3,0xa8,0xff,
    0xe3,0xa8,0xff,0xe3,0xa8,0xff,0xe3,0xa8,0xff,0x20,0x18,0xff,
    0xa3,0x88,0xff,0xe3,0xa8,0xff,0xe3,0xa8,0xff,0xe3,0xa8,0xff,
    0xe3,0xa8,0xff,0xe3,0xa8,0xff,0xe3,0xa8,0xff,0xe3,0xa8,0xff,
    0xe3,0xa8,0xff,0xe3,0xa8,0xff,0xe3,0xa8,0xff,0xe3,0xa8,0xff,
    0xe3,0xa8,0xff,0xe3,0xa8,0xff,0xe3,0xa8,0xff,0xe3,0xa8,0xff,
    0xe3,0xa8,0xff,0xe3,0xa8,0xff,0xe3,0xa8,0xff,0xe3,0xa8,0xff,
    0xe3,0xa8,0xff,0xe3,0xa8,0xff,0xe3,0xa8,0xff,0xe3,0xa8,0xff,
    0xe3,0xa8,0xff,0xe3,0xa8,0xff,0xe3,0xa8,0xff,0xe3,0xa8,0xff,
    0xe3,0xa8,0xff,0xe3,0xa8,0xff,0xe3,0xa8,0xff,0xe3,0xa8,0xff,
    0xe3,0xa8,0xff,0xe3,0xa8,0xff,0xe3,0xa8,0xff,0xe3,0xa8,0xff,
    0xe3,0xa8,0xff,0xe3,0xa8,0xff,0xe3,0xa8,0xff,0xe3,0xa8,0xff,
    0xe3,0xa8,0xff,0xe3,0xa8,0xff,0xe3,0xa8,0xff,0xe3,0xa8,0xff,
    0xe3,0xa8,0xff,0xe3,0xa8,0xff,0xe3,0xa8,0xff,0xe3,0xa8,0xff,
    0xe3,0xa8,0xff,0xe3,0xa8,0xff,0xe3,0xa8,0xff,0xe3,0xa8,0xff,
    0xe3,0xa8,0xff,0xe3,0xa8,0xff,0xe3,0xa8,0xff,0xe3,0xa8,0xff,
    0xe3,0xa8,0xff,0xe3,0xa8,0xff,0xe3,0xa8,0xff,0xe3,0xa8,0xff,
    0xe3,0xa8,0xff,0xe3,0xa8,0xff,0xe3,0xa8,0xff,0xe3,0xa8,0xff,
    0xe3,0xa8,0xff,0xe3,0xa8,0xff,0xe3,0xa8,0xff,0xe3,0xa8,0xff,
    0xe3,0xa8,0xff,0xe3,0xa8,0xff,0xe3,0xa8,0xff,0xe3,0xa8,0xff,
    0xe3,0xa8,0xff,0xe3,0xa8,0xff,0xe3,0xa8,0xff,0xe3,0xa8,0xff,
    0xe3,0xa8,0xff,0xe3,0xa8,0xff,0xe3,0xa8,0xff,0xe3,0xa8,0xff,
    0xe3,0xa8,0xff,0xe3,0xa8,0xff,0xe3,0xa8,0xff,0xe3,0xa8,0xff,
    0xe3,0xa8,0xff,0xe3,0xa8,0xff,0xe3,0xa8,0xff,0xe3,0xa8,0xff,
    0xe3,0xa8,0xff,0xe3,0xa8,0xff,0xe3,0xa8,0xff,0xe3,0xa8,0xff,
    0xe3,0xa8,0xff,0xe3,0xa8,0xff,0xe3,0xa8,0xff,0xe3,0xa8,0xff,
    0xe3,0xa8,0xff,0xe3,0xa8,0xff,0xe3,0xa8,0xff,0xe3,0xa8,0xff,
    0xe3,0xa8,0xff,0xe3,0xa8,0xff,0xe3,0xa8,0xff,0xe3,0xa8,0xff,
    0xe3,0xa8,0xff,0xe3,0xa8,0xff,0xe3,0xa8,0xff,0xe3,0xa8,0xff,
    0xe3,0xa8,0xff,0xe3,0xa8,0xff,0xe3,0xa8,0xff,0xe3,0xa8,0xff,
    0xe3,0xa8,0xff,0xe3,0xa8,0xff,0xe3,0xa8,0xff,0xe3,0xa8,0xff,
    0xe3,0xa8,0xff,0xe3,0xa8,0xff,0xe3,0xa8,0xff,0xe3,0xa8,0xff,
    0xe3,0xa8,0xff,0xe3,0xa8,0xff,0xe3,0xa8,0xff,0xe3,0xa8,0xff,
    0xe3,0xa8,0xff,0xe3,0xa8,0xff,0xe3,0xa8,0xff,0xe3,0xa8,0xff,
    0xe3,0xa8,0xff,0xe3,0xa8,0xff,0xe3,0xa8,0xff,0xe3,0xa8,0xff,
    0xe3,0xa8,0xff,0xe3,0xa8,0xff,0xe3,0xa8,0xff,0xe3,0xa8,0xff,
    0xe3,0xa8,0xff,0xe3,0xa8,0xff,0xe3,0xa8,0xff,0xe3,0xa8,0xff,
    0xe3,0xa8,0xff,0xe3,0xa8,0xff,0xe3,0xa8,0xff,0xe3,0xa8,0xff,
    0xe3,0xa8,0xff,0xe3,0xa8,0xff,0xe3,0xa8,0xff,0xe3,0xa8,0xff,
    0xe3,0xa8,0xff,0xe3,0xa8,0xff,0xe3,0xa8,0xff,0xe3,0xa8,0xff,
    0xe3,0xa8,0xff,0xe3,0xa8,0xff,0xe3,0xa8,0xff,0xe3,0xa8,0xff,
    0xe3,0xa8,0xff,0xe3,0xa8,0xff,0xe3,0xa8,0xff,0x20,0x18,0xff,
    0xa3,0x88,0xff,0xe3,0xa8,0xff,0xe3,0xa8,0xff,0xe3,0xa8,0xff,
    0xe3,0xa8,0xff,0xe3,0xa8,0xff,0xe3,0xa8,0xff,0xe3,0xa8,0xff,
    0xe3,0xa8,0xff,0xe3,0xa8,0xff,0xe3,0xa8,0xff,0xe3,0xa8,0xff,
    0xe3,0xa8,0xff,0xe3,0xa8,0xff,0xe3,0xa8,0xff,0xe3,0xa8,0xff,
    0xe3,0xa8,0xff,0xe3,0xa8,0xff,0xe3,0xa8,0xff,0xe3,0xa8,0xff,
    0xe3,0xa8,0xff,0xe3,0xa8,0xff,0xe3,0xa8,0xff,0xe3,0xa8,0xff,
    0xe3,0xa8,0xff,0xe3,0xa8,0xff,0xe3,0xa8,0xff,0xe3,0xa8,0xff,
    0xe3,0xa8,0xff,0xe3,0xa8,0xff,0xe3,0xa8,0xff,0xe3,0xa8,0xff,
    0xe3,0xa8,0xff,0xe3,0xa8,0xff,0xe3,0xa8,0xff,0xe3,0xa8,0xff,
    0xe3,0xa8,0xff,0xe3,0xa8,0xff,0xe3,0xa8,0xff,0xe3,0xa8,0xff,
    0xe3,0xa8,0xff,0xe3,0xa8,0xff,0xe3,0xa8,0xff,0xe3,0xa8,0xff,
    0xe3,0xa8,0xff,0xe3,0xa8,0xff,0xe3,0xa8,0xff,0xe3,0xa8,0xff,
    0xe3,0xa8,0xff,0xe3,0xa8,0xff,0xe3,0xa8,0xff,0xe3,0xa8,0xff,
    0xe3,0xa8,0xff,0xe3,0xa8,0xff,0xe3,0xa8,0xff,0xe3,0xa8,0xff,
    0xe3,0xa8,0xff,0xe3,0xa8,0xff,0xe3,0xa8,0xff,0xe3,0xa8,0xff,
    0xe3,0xa8,0xff,0xe3,0xa8,0xff,0xe3,0xa8,0xff,0xe3,0xa8,0xff,
    0xe3,0xa8,0xff,0xe3,0xa8,0xff,0xe3,0xa8,0xff,0xe3,0xa8,0xff,
    0xe3,0xa8,0xff,0xe3,0xa8,0xff,0xe3,0xa8,0xff,0xe3,0xa8,0xff,
    0xe3,0xa8,0xff,0xe3,0xa8,0xff,0xe3,0xa8,0xff,0xe3,0xa8,0xff,
    0xe3,0xa8,0xff,0xe3,0xa8,0xff,0xe3,0xa8,0xff,0xe3,0xa8,0xff,
    0xe3,0xa8,0xff,0xe3,0xa8,0xff,0xe3,0xa8,0xff,0xe3,0xa8,0xff,
    0xe3,0xa8,0xff,0xe3,0xa8,0xff,0xe3,0xa8,0xff,0xe3,0xa8,0xff,
    0xe3,0xa8,0xff,0xe3,0xa8,0xff,0xe3,0xa8,0xff,0xe3,0xa8,0xff,
    0xe3,0xa8,0xff,0xe3,0xa8,0xff,0xe3,0xa8,0xff,0xe3,0xa8,0xff,
    0xe3,0xa8,0xff,0xe3,0xa8,0xff,0xe3,0xa8,0xff,0xe3,0xa8,0xff,
    0xe3,0xa8,0xff,0xe3,0xa8,0xff,0xe3,0xa8,0xff,0xe3,0xa8,0xff,
    0xe3,0xa8,0xff,0xe3,0xa8,0xff,0xe3,0xa8,0xff,0xe3,0xa8,0xff,
    0xe3,0xa8,0xff,0xe3,0xa8,0xff,0xe3,0xa8,0xff,0xe3,0xa8,0xff,
    0xe3,0xa8,0xff,0xe3,0xa8,0xff,0xe3,0xa8,0xff,0xe3,0xa8,0xff,
    0xe3,0xa8,0xff,0xe3,0xa8,0xff,0xe3,0xa8,0xff,0xe3,0xa8,0xff,
    0xe3,0xa8,0xff,0xe3,0xa8,0xff,0xe3,0xa8,0xff,0xe3,0xa8,0xff,
    0xe3,0xa8,0xff,0xe3,0xa8,0xff,0xe3,0xa8,0xff,0xe3,0xa8,0xff,
    0xe3,0xa8,0xff,0xe3,0xa8,0xff,0xe3,0xa8,0xff,0xe3,0xa8,0xff,
    0xe3,0xa8,0xff,0xe3,0xa8,0xff,0xe3,0xa8,0xff,0xe3,0xa8,0xff,
    0xe3,0xa8,0xff,0xe3,0xa8,0xff,0xe3,0xa8,0xff,0xe3,0xa8,0xff,
    0xe3,0xa8,0xff,0xe3,0xa8,0xff,0xe3,0xa8,0xff,0xe3,0xa8,0xff,
    0xe3,0xa8,0xff,0xe3,0xa8,0xff,0xe3,0xa8,0xff,0xe3,0xa8,0xff,
    0xe3,0xa8,0xff,0xe3,0xa8,0xff,0xe3,0xa8,0xff,0xe3,0xa8,0xff,
    0xe3,0xa8,0xff,0xe3,0xa8,0xff,0xe3,0xa8,0xff,0xe3,0xa8,0xff,
    0xe3,0xa8,0xff,0xe3,0xa8,0xff,0xe3,0xa8,0xff,0x20,0x18,0xff,
    0xa3,0x88,0xff,0xe3,0xa8,0xff,0xe3,0xa8,0xff,0xe3,0xa8,0xff,
    0xe3,0xa8,0xff,0xe3,0xa8,0xff,0xe3,0xa8,0xff,0xe3,0xa8,0xff,
    0xe3,0xa8,0xff,0xe3,0xa8,0xff,0xe3,0xa8,0xff,0xe3,0xa8,0xff,
    0xe3,0xa8,0xff,0xe3,0xa8,0xff,0xe3,0xa8,0xff,0xe3,0xa8,0xff,
    0xe3,0xa8,0xff,0xe3,0xa8,0xff,0xe3,0xa8,0xff,0xe3,0xa8,0xff,
    0xe3,0xa8,0xff,0xe3,0xa8,0xff,0xe3,0xa8,0xff,0xe3,0xa8,0xff,
    0xe3,0xa8,0xff,0xe3,0xa8,0xff,0xe3,0xa8,0xff,0xe3,0xa8,0xff,
    0xe3,0xa8,0xff,0xe3,0xa8,0xff,0xe3,0xa8,0xff,0xe3,0xa8,0xff,
    0xe3,0xa8,0xff,0xe3,0xa8,0xff,0xe3,0xa8,0xff,0xe3,0xa8,0xff,
    0xe3,0xa8,0xff,0xe3,0xa8,0xff,0xe3,0xa8,0xff,0xe3,0xa8,0xff,
    0xe3,0xa8,0xff,0xe3,0xa8,0xff,0xe3,0xa8,0xff,0xe3,0xa8,0xff,
    0xe3,0xa8,0xff,0xe3,0xa8,0xff,0xe3,0xa8,0xff,0xe3,0xa8,0xff,
    0xe3,0xa8,0xff,0xe3,0xa8,0xff,0xe3,0xa8,0xff,0xe3,0xa8,0xff,
    0xe3,0xa8,0xff,0xe3,0xa8,0xff,0xe3,0xa8,0xff,0xe3,0xa8,0xff,
    0xe3,0xa8,0xff,0xe3,0xa8,0xff,0xe3,0xa8,0xff,0xe3,0xa8,0xff,
    0xe3,0xa8,0xff,0xe3,0xa8,0xff,0xe3,0xa8,0xff,0xe3,0xa8,0xff,
    0xe3,0xa8,0xff,0xe3,0xa8,0xff,0xe3,0xa8,0xff,0xe3,0xa8,0xff,
    0xe3,0xa8,0xff,0xe3,0xa8,0xff,0xe3,0xa8,0xff,0xe3,0xa8,0xff,
    0xe3,0xa8,0xff,0xe3,0xa8,0xff,0xe3,0xa8,0xff,0xe3,0xa8,0xff,
    0xe3,0xa8,0xff,0xe3,0xa8,0xff,0xe3,0xa8,0xff,0xe3,0xa8,0xff,
    0xe3,0xa8,0xff,0xe3,0xa8,0xff,0xe3,0xa8,0xff,0xe3,0xa8,0xff,
    0xe3,0xa8,0xff,0xe3,0xa8,0xff,0xe3,0xa8,0xff,0xe3,0xa8,0xff,
    0xe3,0xa8,0xff,0xe3,0xa8,0xff,0xe3,0xa8,0xff,0xe3,0xa8,0xff,
    0xe3,0xa8,0xff,0xe3,0xa8,0xff,0xe3,0xa8,0xff,0xe3,0xa8,0xff,
    0xe3,0xa8,0xff,0xe3,0xa8,0xff,0xe3,0xa8,0xff,0xe3,0xa8,0xff,
    0xe3,0xa8,0xff,0xe3,0xa8,0xff,0xe3,0xa8,0xff,0xe3,0xa8,0xff,
    0xe3,0xa8,0xff,0xe3,0xa8,0xff,0xe3,0xa8,0xff,0xe3,0xa8,0xff,
    0xe3,0xa8,0xff,0xe3,0xa8,0xff,0xe3,0xa8,0xff,0xe3,0xa8,0xff,
    0xe3,0xa8,0xff,0xe3,0xa8,0xff,0xe3,0xa8,0xff,0xe3,0xa8,0xff,
    0xe3,0xa8,0xff,0xe3,0xa8,0xff,0xe3,0xa8,0xff,0xe3,0xa8,0xff,
    0xe3,0xa8,0xff,0xe3,0xa8,0xff,0xe3,0xa8,0xff,0xe3,0xa8,0xff,
    0xe3,0xa8,0xff,0xe3,0xa8,0xff,0xe3,0xa8,0xff,0xe3,0xa8,0xff,
    0xe3,0xa8,0xff,0xe3,0xa8,0xff,0xe3,0xa8,0xff,0xe3,0xa8,0xff,
    0xe3,0xa8,0xff,0xe3,0xa8,0xff,0xe3,0xa8,0xff,0xe3,0xa8,0xff,
    0xe3,0xa8,0xff,0xe3,0xa8,0xff,0xe3,0xa8,0xff,0xe3,0xa8,0xff,
    0xe3,0xa8,0xff,0xe3,0xa8,0xff,0xe3,0xa8,0xff,0xe3,0xa8,0xff,
    0xe3,0xa8,0xff,0xe3,0xa8,0xff,0xe3,0xa8,0xff,0xe3,0xa8,0xff,
    0xe3,0xa8,0xff,0xe3,0xa8,0xff,0xe3,0xa8,0xff,0xe3,0xa8,0xff,
    0xe3,0xa8,0xff,0xe3,0xa8,0xff,0xe3,0xa8,0xff,0xe3,0xa8,0xff,
    0xe3,0xa8,0xff,0xe3,0xa8,0xff,0xe3,0xa8,0xff,0x20,0x18,0xff,
    0xa3,0x88,0xff,0xe3,0xa8,0xff,0xe3,0xa8,0xff,0xe3,0xa8,0xff,
    0xe3,0xa8,0xff,0xe3,0xa8,0xff,0xe3,0xa8,0xff,0xe3,0xa8,0xff,
    0xe3,0xa8,0xff,0xe3,0xa8,0xff,0xe3,0xa8,0xff,0xe3,0xa8,0xff,
    0xe3,0xa8,0xff,0xe3,0xa8,0xff,0xe3,0xa8,0xff,0xe3,0xa8,0xff,
    0xe3,0xa8,0xff,0xe3,0xa8,0xff,0xe3,0xa8,0xff,0xe3,0xa8,0xff,
    0xe3,0xa8,0xff,0xe3,0xa8,0xff,0xe3,0xa8,0xff,0xe3,0xa8,0xff,
    0xe3,0xa8,0xff,0xe3,0xa8,0xff,0xe3,0xa8,0xff,0xe3,0xa8,0xff,
    0xe3,0xa8,0xff,0xe3,0xa8,0xff,0xe3,0xa8,0xff,0xe3,0xa8,0xff,
    0xe3,0xa8,0xff,0xe3,0xa8,0xff,0xe3,0xa8,0xff,0xe3,0xa8,0xff,
    0xe3,0xa8,0xff,0xe3,0xa8,0xff,0xe3,0xa8,0xff,0xe3,0xa8,0xff,
    0xe3,0xa8,0xff,0xe3,0xa8,0xff,0xe3,0xa8,0xff,0xe3,0xa8,0xff,
    0xe3,0xa8,0xff,0xe3,0xa8,0xff,0xe3,0xa8,0xff,0xe3,0xa8,0xff,
    0xe3,0xa8,0xff,0xe3,0xa8,0xff,0xe3,0xa8,0xff,0xe3,0xa8,0xff,
    0xe3,0xa8,0xff,0xe3,0xa8,0xff,0xe3,0xa8,0xff,0xe3,0xa8,0xff,
    0xe3,0xa8,0xff,0xe3,0xa8,0xff,0xe3,0xa8,0xff,0xe3,0xa8,0xff,
    0xe3,0xa8,0xff,0xe3,0xa8,0xff,0xe3,0xa8,0xff,0xe3,0xa8,0xff,
    0xe3,0xa8,0xff,0xe3,0xa8,0xff,0xe3,0xa8,0xff,0xe3,0xa8,0xff,
    0xe3,0xa8,0xff,0xe3,0xa8,0xff,0xe3,0xa8,0xff,0xe3,0xa8,0xff,
    0xe3,0xa8,0xff,0xe3,0xa8,0xff,0xe3,0xa8,0xff,0xe3,0xa8,0xff,
    0xe3,0xa8,0xff,0xe3,0xa8,0xff,0xe3,0xa8,0xff,0xe3,0xa8,0xff,
    0xe3,0xa8,0xff,0xe3,0xa8,0xff,0xe3,0xa8,0xff,0xe3,0xa8,0xff,
    0xe3,0xa8,0xff,0xe3,0xa8,0xff,0xe3,0xa8,0xff,0xe3,0xa8,0xff,
    0xe3,0xa8,0xff,0xe3,0xa8,0xff,0xe3,0xa8,0xff,0xe3,0xa8,0xff,
    0xe3,0xa8,0xff,0xe3,0xa8,0xff,0xe3,0xa8,0xff,0xe3,0xa8,0xff,
    0xe3,0xa8,0xff,0xe3,0xa8,0xff,0xe3,0xa8,0xff,0xe3,0xa8,0xff,
    0xe3,0xa8,0xff,0xe3,0xa8,0xff,0xe3,0xa8,0xff,0xe3,0xa8,0xff,
    0xe3,0xa8,0xff,0xe3,0xa8,0xff,0xe3,0xa8,0xff,0xe3,0xa8,0xff,
    0xe3,0xa8,0xff,0xe3,0xa8,0xff,0xe3,0xa8,0xff,0xe3,0xa8,0xff,
    0xe3,0xa8,0xff,0xe3,0xa8,0xff,0xe3,0xa8,0xff,0xe3,0xa8,0xff,
    0xe3,0xa8,0xff,0xe3,0xa8,0xff,0xe3,0xa8,0xff,0xe3,0xa8,0xff,
    0xe3,0xa8,0xff,0xe3,0xa8,0xff,0xe3,0xa8,0xff,0xe3,0xa8,0xff,
    0xe3,0xa8,0xff,0xe3,0xa8,0xff,0xe3,0xa8,0xff,0xe3,0xa8,0xff,
    0xe3,0xa8,0xff,0xe3,0xa8,0xff,0xe3,0xa8,0xff,0xe3,0xa8,0xff,
    0xe3,0xa8,0xff,0xe3,0xa8,0xff,0xe3,0xa8,0xff,0xe3,0xa8,0xff,
    0xe3,0xa8,0xff,0xe3,0xa8,0xff,0xe3,0xa8,0xff,0xe3,0xa8,0xff,
    0xe3,0xa8,0xff,0xe3,0xa8,0xff,0xe3,0xa8,0xff,0xe3,0xa8,0xff,
    0xe3,0xa8,0xff,0xe3,0xa8,0xff,0xe3,0xa8,0xff,0xe3,0xa8,0xff,
    0xe3,0xa8,0xff,0xe3,0xa8,0xff,0xe3,0xa8,0xff,0xe3,0xa8,0xff,
    0xe3,0xa8,0xff,0xe3,0xa8,0xff,0xe3,0xa8,0xff,0xe3,0xa8,0xff,
    0xe3,0xa8,0xff,0xe3,0xa8,0xff,0xe3,0xa8,0xff,0x20,0x18,0xff,
    0xa3,0x88,0xff,0xe3,0xa8,0xff,0xe3,0xa8,0xff,0xe3,0xa8,0xff,
    0xe3,0xa8,0xff,0xe3,0xa8,0xff,0xe3,0xa8,0xff,0xe3,0xa8,0xff,
    0xe3,0xa8,0xff,0xe3,0xa8,0xff,0xe3,0xa8,0xff,0xe3,0xa8,0xff,
    0xe3,0xa8,0xff,0xe3,0xa8,0xff,0xe3,0xa8,0xff,0xe3,0xa8,0xff,
    0xe3,0xa8,0xff,0xe3,0xa8,0xff,0xe3,0xa8,0xff,0xe3,0xa8,0xff,
    0xe3,0xa8,0xff,0xe3,0xa8,0xff,0xe3,0xa8,0xff,0xe3,0xa8,0xff,
    0xe3,0xa8,0xff,0xe3,0xa8,0xff,0xe3,0xa8,0xff,0xe3,0xa8,0xff,
    0xe3,0xa8,0xff,0xe3,0xa8,0xff,0xe3,0xa8,0xff,0xe3,0xa8,0xff,
    0xe3,0xa8,0xff,0xe3,0xa8,0xff,0xe3,0xa8,0xff,0xe3,0xa8,0xff,
    0xe3,0xa8,0xff,0xe3,0xa8,0xff,0xe3,0xa8,0xff,0xe3,0xa8,0xff,
    0xe3,0xa8,0xff,0xe3,0xa8,0xff,0xe3,0xa8,0xff,0xe3,0xa8,0xff,
    0xe3,0xa8,0xff,0xe3,0xa8,0xff,0xe3,0xa8,0xff,0xe3,0xa8,0xff,
    0xe3,0xa8,0xff,0xe3,0xa8,0xff,0xe3,0xa8,0xff,0xe3,0xa8,0xff,
    0xe3,0xa8,0xff,0xe3,0xa8,0xff,0xe3,0xa8,0xff,0xe3,0xa8,0xff,
    0xe3,0xa8,0xff,0xe3,0xa8,0xff,0xe3,0xa8,0xff,0xe3,0xa8,0xff,
    0xe3,0xa8,0xff,0xe3,0xa8,0xff,0xe3,0xa8,0xff,0xe3,0xa8,0xff,
    0xe3,0xa8,0xff,0xe3,0xa8,0xff,0xe3,0xa8,0xff,0xe3,0xa8,0xff,
    0xe3,0xa8,0xff,0xe3,0xa8,0xff,0xe3,0xa8,0xff,0xe3,0xa8,0xff,
    0xe3,0xa8,0xff,0xe3,0xa8,0xff,0xe3,0xa8,0xff,0xe3,0xa8,0xff,
    0xe3,0xa8,0xff,0xe3,0xa8,0xff,0xe3,0xa8,0xff,0xe3,0xa8,0xff,
    0xe3,0xa8,0xff,0xe3,0xa8,0xff,0xe3,0xa8,0xff,0xe3,0xa8,0xff,
    0xe3,0xa8,0xff,0xe3,0xa8,0xff,0xe3,0xa8,0xff,0xe3,0xa8,0xff,
    0xe3,0xa8,0xff,0xe3,0xa8,0xff,0xe3,0xa8,0xff,0xe3,0xa8,0xff,
    0xe3,0xa8,0xff,0xe3,0xa8,0xff,0xe3,0xa8,0xff,0xe3,0xa8,0xff,
    0xe3,0xa8,0xff,0xe3,0xa8,0xff,0xe3,0xa8,0xff,0xe3,0xa8,0xff,
    0xe3,0xa8,0xff,0xe3,0xa8,0xff,0xe3,0xa8,0xff,0xe3,0xa8,0xff,
    0xe3,0xa8,0xff,0xe3,0xa8,0xff,0xe3,0xa8,0xff,0xe3,0xa8,0xff,
    0xe3,0xa8,0xff,0xe3,0xa8,0xff,0xe3,0xa8,0xff,0xe3,0xa8,0xff,
    0xe3,0xa8,0xff,0xe3,0xa8,0xff,0xe3,0xa8,0xff,0xe3,0xa8,0xff,
    0xe3,0xa8,0xff,0xe3,0xa8,0xff,0xe3,0xa8,0xff,0xe3,0xa8,0xff,
    0xe3,0xa8,0xff,0xe3,0xa8,0xff,0xe3,0xa8,0xff,0xe3,0xa8,0xff,
    0xe3,0xa8,0xff,0xe3,0xa8,0xff,0xe3,0xa8,0xff,0xe3,0xa8,0xff,
    0xe3,0xa8,0xff,0xe3,0xa8,0xff,0xe3,0xa8,0xff,0xe3,0xa8,0xff,
    0xe3,0xa8,0xff,0xe3,0xa8,0xff,0xe3,0xa8,0xff,0xe3,0xa8,0xff,
    0xe3,0xa8,0xff,0xe3,0xa8,0xff,0xe3,0xa8,0xff,0xe3,0xa8,0xff,
    0xe3,0xa8,0xff,0xe3,0xa8,0xff,0xe3,0xa8,0xff,0xe3,0xa8,0xff,
    0xe3,0xa8,0xff,0xe3,0xa8,0xff,0xe3,0xa8,0xff,0xe3,0xa8,0xff,
    0xe3,0xa8,0xff,0xe3,0xa8,0xff,0xe3,0xa8,0xff,0xe3,0xa8,0xff,
    0xe3,0xa8,0xff,0xe3,0xa8,0xff,0xe3,0xa8,0xff,0xe3,0xa8,0xff,
    0xe3,0xa8,0xff,0xe3,0xa8,0xff,0xe3,0xa8,0xff,0x20,0x18,0xff,
    0xa3,0x88,0xff,0xe3,0xa8,0xff,0xe3,0xa8,0xff,0xe3,0xa8,0xff,
    0xe3,0xa8,0xff,0xe3,0xa8,0xff,0xe3,0xa8,0xff,0xe3,0xa8,0xff,
    0xe3,0xa8,0xff,0xe3,0xa8,0xff,0xe3,0xa8,0xff,0xe3,0xa8,0xff,
    0xe3,0xa8,0xff,0xe3,0xa8,0xff,0xe3,0xa8,0xff,0xe3,0xa8,0xff,
    0xe3,0xa8,0xff,0xe3,0xa8,0xff,0xe3,0xa8,0xff,0xe3,0xa8,0xff,
    0xe3,0xa8,0xff,0xe3,0xa8,0xff,0xe3,0xa8,0xff,0xe3,0xa8,0xff,
    0xe3,0xa8,0xff,0xe3,0xa8,0xff,0xe3,0xa8,0xff,0xe3,0xa8,0xff,
    0xe3,0xa8,0xff,0xe3,0xa8,0xff,0xe3,0xa8,0xff,0xe3,0xa8,0xff,
    0xe3,0xa8,0xff,0xe3,0xa8,0xff,0xe3,0xa8,0xff,0xe3,0xa8,0xff,
    0xe3,0xa8,0xff,0xe3,0xa8,0xff,0xe3,0xa8,0xff,0xe3,0xa8,0xff,
    0xe3,0xa8,0xff,0xe3,0xa8,0xff,0xe3,0xa8,0xff,0xe3,0xa8,0xff,
    0xe3,0xa8,0xff,0xe3,0xa8,0xff,0xe3,0xa8,0xff,0xe3,0xa8,0xff,
    0xe3,0xa8,0xff,0xe3,0xa8,0xff,0xe3,0xa8,0xff,0xe3,0xa8,0xff,
    0xe3,0xa8,0xff,0xe3,0xa8,0xff,0xe3,0xa8,0xff,0xe3,0xa8,0xff,
    0xe3,0xa8,0xff,0xe3,0xa8,0xff,0xe3,0xa8,0xff,0xe3,0xa8,0xff,
    0xe3,0xa8,0xff,0xe3,0xa8,0xff,0xe3,0xa8,0xff,0xe3,0xa8,0xff,
    0xe3,0xa8,0xff,0xe3,0xa8,0xff,0xe3,0xa8,0xff,0xe3,0xa8,0xff,
    0xe3,0xa8,0xff,0xe3,0xa8,0xff,0xe3,0xa8,0xff,0xe3,0xa8,0xff,
    0xe3,0xa8,0xff,0xe3,0xa8,0xff,0xe3,0xa8,0xff,0xe3,0xa8,0xff,
    0xe3,0xa8,0xff,0xe3,0xa8,0xff,0xe3,0xa8,0xff,0xe3,0xa8,0xff,
    0xe3,0xa8,0xff,0xe3,0xa8,0xff,0xe3,0xa8,0xff,0xe3,0xa8,0xff,
    0xe3,0xa8,0xff,0xe3,0xa8,0xff,0xe3,0xa8,0xff,0xe3,0xa8,0xff,
    0xe3,0xa8,0xff,0xe3,0xa8,0xff,0xe3,0xa8,0xff,0xe3,0xa8,0xff,
    0xe3,0xa8,0xff,0xe3,0xa8,0xff,0xe3,0xa8,0xff,0xe3,0xa8,0xff,
    0xe3,0xa8,0xff,0xe3,0xa8,0xff,0xe3,0xa8,0xff,0xe3,0xa8,0xff,
    0xe3,0xa8,0xff,0xe3,0xa8,0xff,0xe3,0xa8,0xff,0xe3,0xa8,0xff,
    0xe3,0xa8,0xff,0xe3,0xa8,0xff,0xe3,0xa8,0xff,0xe3,0xa8,0xff,
    0xe3,0xa8,0xff,0xe3,0xa8,0xff,0xe3,0xa8,0xff,0xe3,0xa8,0xff,
    0xe3,0xa8,0xff,0xe3,0xa8,0xff,0xe3,0xa8,0xff,0xe3,0xa8,0xff,
    0xe3,0xa8,0xff,0xe3,0xa8,0xff,0xe3,0xa8,0xff,0xe3,0xa8,0xff,
    0xe3,0xa8,0xff,0xe3,0xa8,0xff,0xe3,0xa8,0xff,0xe3,0xa8,0xff,
    0xe3,0xa8,0xff,0xe3,0xa8,0xff,0xe3,0xa8,0xff,0xe3,0xa8,0xff,
    0xe3,0xa8,0xff,0xe3,0xa8,0xff,0xe3,0xa8,0xff,0xe3,0xa8,0xff,
    0xe3,0xa8,0xff,0xe3,0xa8,0xff,0xe3,0xa8,0xff,0xe3,0xa8,0xff,
    0xe3,0xa8,0xff,0xe3,0xa8,0xff,0xe3,0xa8,0xff,0xe3,0xa8,0xff,
    0xe3,0xa8,0xff,0xe3,0xa8,0xff,0xe3,0xa8,0xff,0xe3,0xa8,0xff,
    0xe3,0xa8,0xff,0xe3,0xa8,0xff,0xe3,0xa8,0xff,0xe3,0xa8,0xff,
    0xe3,0xa8,0xff,0xe3,0xa8,0xff,0xe3,0xa8,0xff,0xe3,0xa8,0xff,
    0xe3,0xa8,0xff,0xe3,0xa8,0xff,0xe3,0xa8,0xff,0xe3,0xa8,0xff,
    0xe3,0xa8,0xff,0xe3,0xa8,0xff,0xe3,0xa8,0xff,0x20,0x18,0xff,
    0xa3,0x88,0xff,0xe3,0xa8,0xff,0xe3,0xa8,0xff,0xe3,0xa8,0xff,
    0xe3,0xa8,0xff,0xe3,0xa8,0xff,0xe3,0xa8,0xff,0xe3,0xa8,0xff,
    0xe3,0xa8,0xff,0xe3,0xa8,0xff,0xe3,0xa8,0xff,0xe3,0xa8,0xff,
    0xe3,0xa8,0xff,0xe3,0xa8,0xff,0xe3,0xa8,0xff,0xe3,0xa8,0xff,
    0xe3,0xa8,0xff,0xe3,0xa8,0xff,0xe3,0xa8,0xff,0xe3,0xa8,0xff,
    0xe3,0xa8,0xff,0xe3,0xa8,0xff,0xe3,0xa8,0xff,0xe3,0xa8,0xff,
    0xe3,0xa8,0xff,0xe3,0xa8,0xff,0xe3,0xa8,0xff,0xe3,0xa8,0xff,
    0xe3,0xa8,0xff,0xe3,0xa8,0xff,0xe3,0xa8,0xff,0xe3,0xa8,0xff,
    0xe3,0xa8,0xff,0xe3,0xa8,0xff,0xe3,0xa8,0xff,0xe3,0xa8,0xff,
    0xe3,0xa8,0xff,0xe3,0xa8,0xff,0xe3,0xa8,0xff,0xe3,0xa8,0xff,
    0xe3,0xa8,0xff,0xe3,0xa8,0xff,0xe3,0xa8,0xff,0xe3,0xa8,0xff,
    0xe3,0xa8,0xff,0xe3,0xa8,0xff,0xe3,0xa8,0xff,0xe3,0xa8,0xff,
    0xe3,0xa8,0xff,0xe3,0xa8,0xff,0xe3,0xa8,0xff,0xe3,0xa8,0xff,
    0xe3,0xa8,0xff,0xe3,0xa8,0xff,0xe3,0xa8,0xff,0xe3,0xa8,0xff,
    0xe3,0xa8,0xff,0xe3,0xa8,0xff,0xe3,0xa8,0xff,0xe3,0xa8,0xff,
    0xe3,0xa8,0xff,0xe3,0xa8,0xff,0xe3,0xa8,0xff,0xe3,0xa8,0xff,
    0xe3,0xa8,0xff,0xe3,0xa8,0xff,0xe3,0xa8,0xff,0xe3,0xa8,0xff,
    0xe3,0xa8,0xff,0xe3,0xa8,0xff,0xe3,0xa8,0xff,0xe3,0xa8,0xff,
    0xe3,0xa8,0xff,0xe3,0xa8,0xff,0xe3,0xa8,0xff,0xe3,0xa8,0xff,
    0xe3,0xa8,0xff,0xe3,0xa8,0xff,0xe3,0xa8,0xff,0xe3,0xa8,0xff,
    0xe3,0xa8,0xff,0xe3,0xa8,0xff,0xe3,0xa8,0xff,0xe3,0xa8,0xff,
    0xe3,0xa8,0xff,0xe3,0xa8,0xff,0xe3,0xa8,0xff,0xe3,0xa8,0xff,
    0xe3,0xa8,0xff,0xe3,0xa8,0xff,0xe3,0xa8,0xff,0xe3,0xa8,0xff,
    0xe3,0xa8,0xff,0xe3,0xa8,0xff,0xe3,0xa8,0xff,0xe3,0xa8,0xff,
    0xe3,0xa8,0xff,0xe3,0xa8,0xff,0xe3,0xa8,0xff,0xe3,0xa8,0xff,
    0xe3,0xa8,0xff,0xe3,0xa8,0xff,0xe3,0xa8,0xff,0xe3,0xa8,0xff,
    0xe3,0xa8,0xff,0xe3,0xa8,0xff,0xe3,0xa8,0xff,0xe3,0xa8,0xff,
    0xe3,0xa8,0xff,0xe3,0xa8,0xff,0xe3,0xa8,0xff,0xe3,0xa8,0xff,
    0xe3,0xa8,0xff,0xe3,0xa8,0xff,0xe3,0xa8,0xff,0xe3,0xa8,0xff,
    0xe3,0xa8,0xff,0xe3,0xa8,0xff,0xe3,0xa8,0xff,0xe3,0xa8,0xff,
    0xe3,0xa8,0xff,0xe3,0xa8,0xff,0xe3,0xa8,0xff,0xe3,0xa8,0xff,
    0xe3,0xa8,0xff,0xe3,0xa8,0xff,0xe3,0xa8,0xff,0xe3,0xa8,0xff,
    0xe3,0xa8,0xff,0xe3,0xa8,0xff,0xe3,0xa8,0xff,0xe3,0xa8,0xff,
    0xe3,0xa8,0xff,0xe3,0xa8,0xff,0xe3,0xa8,0xff,0xe3,0xa8,0xff,
    0xe3,0xa8,0xff,0xe3,0xa8,0xff,0xe3,0xa8,0xff,0xe3,0xa8,0xff,
    0xe3,0xa8,0xff,0xe3,0xa8,0xff,0xe3,0xa8,0xff,0xe3,0xa8,0xff,
    0xe3,0xa8,0xff,0xe3,0xa8,0xff,0xe3,0xa8,0xff,0xe3,0xa8,0xff,
    0xe3,0xa8,0xff,0xe3,0xa8,0xff,0xe3,0xa8,0xff,0xe3,0xa8,0xff,
    0xe3,0xa8,0xff,0xe3,0xa8,0xff,0xe3,0xa8,0xff,0xe3,0xa8,0xff,
    0xe3,0xa8,0xff,0xe3,0xa8,0xff,0xe3,0xa8,0xff,0x20,0x18,0xff,
    0x00,0x08,0xff,0x00,0x08,0xff,0x00,0x08,0xff,0x00,0x08,0xff,
    0x00,0x08,0xff,0x00,0x08,0xff,0x00,0x08,0xff,0x00,0x08,0xff,
    0x00,0x08,0xff,0x00,0x08,0xff,0x00,0x08,0xff,0x00,0x08,0xff,
    0x00,0x08,0xff,0x00,0x08,0xff,0x00,0x08,0xff,0x00,0x08,0xff,
    0x00,0x08,0xff,0x00,0x08,0xff,0x00,0x08,0xff,0x00,0x08,0xff,
    0x00,0x08,0xff,0x00,0x08,0xff,0x00,0x08,0xff,0x00,0x08,0xff,
    0x00,0x08,0xff,0x00,0x08,0xff,0x00,0x08,0xff,0x00,0x08,0xff,
    0x00,0x08,0xff,0x00,0x08,0xff,0x00,0x08,0xff,0x00,0x08,0xff,
    0x00,0x08,0xff,0x00,0x08,0xff,0x00,0x08,0xff,0x00,0x08,0xff,
    0x00,0x08,0xff,0x00,0x08,0xff,0x00,0x08,0xff,0x00,0x08,0xff,
    0x00,0x08,0xff,0x00,0x08,0xff,0x00,0x08,0xff,0x00,0x08,0xff,
    0x00,0x08,0xff,0x00,0x08,0xff,0x00,0x08,0xff,0x00,0x08,0xff,
    0x00,0x08,0xff,0x00,0x08,0xff,0x00,0x08,0xff,0x00,0x08,0xff,
    0x00,0x08,0xff,0x00,0x08,0xff,0x00,0x08,0xff,0x00,0x08,0xff,
    0x00,0x08,0xff,0x00,0x08,0xff,0x00,0x08,0xff,0x00,0x08,0xff,
    0x00,0x08,0xff,0x00,0x08,0xff,0x00,0x08,0xff,0x00,0x08,0xff,
    0x00,0x08,0xff,0x00,0x08,0xff,0x00,0x08,0xff,0x00,0x08,0xff,
    0x00,0x08,0xff,0x00,0x08,0xff,0x00,0x08,0xff,0x00,0x08,0xff,
    0x00,0x08,0xff,0x00,0x08,0xff,0x00,0x08,0xff,0x00,0x08,0xff,
    0x00,0x08,0xff,0x00,0x08,0xff,0x00,0x08,0xff,0x00,0x08,0xff,
    0x00,0x08,0xff,0x00,0x08,0xff,0x00,0x08,0xff,0x00,0x08,0xff,
    0x00,0x08,0xff,0x00,0x08,0xff,0x00,0x08,0xff,0x00,0x08,0xff,
    0x00,0x08,0xff,0x00,0x08,0xff,0x00,0x08,0xff,0x00,0x08,0xff,
    0x00,0x08,0xff,0x00,0x08,0xff,0x00,0x08,0xff,0x00,0x08,0xff,
    0x00,0x08,0xff,0x00,0x08,0xff,0x00,0x08,0xff,0x00,0x08,0xff,
    0x00,0x08,0xff,0x00,0x08,0xff,0x00,0x08,0xff,0x00,0x08,0xff,
    0x00,0x08,0xff,0x00,0x08,0xff,0x00,0x08,0xff,0x00,0x08,0xff,
    0x00,0x08,0xff,0x00,0x08,0xff,0x00,0x08,0xff,0x00,0x08,0xff,
    0x00,0x08,0xff,0x00,0x08,0xff,0x00,0x08,0xff,0x00,0x08,0xff,
    0x00,0x08,0xff,0x00,0x08,0xff,0x00,0x08,0xff,0x00,0x08,0xff,
    0x00,0x08,0xff,0x00,0x08,0xff,0x00,0x08,0xff,0x00,0x08,0xff,
    0x00,0x08,0xff,0x00,0x08,0xff,0x00,0x08,0xff,0x00,0x08,0xff,
    0x00,0x08,0xff,0x00,0x08,0xff,0x00,0x08,0xff,0x00,0x08,0xff,
    0x00,0x08,0xff,0x00,0x08,0xff,0x00,0x08,0xff,0x00,0x08,0xff,
    0x00,0x08,0xff,0x00,0x08,0xff,0x00,0x08,0xff,0x00,0x08,0xff,
    0x00,0x08,0xff,0x00,0x08,0xff,0x00,0x08,0xff,0x00,0x08,0xff,
    0x00,0x08,0xff,0x00,0x08,0xff,0x00,0x08,0xff,0x00,0x08,0xff,
    0x00,0x08,0xff,0x00,0x08,0xff,0x00,0x08,0xff,0x00,0x08,0xff,
    0x00,0x08,0xff,0x00,0x08,0xff,0x00,0x08,0xff,0x00,0x08,0xff,
    0x00,0x08,0xff,0x00,0x08,0xff,0x00,0x08,0xff,0x00,0x00,0xff
};
const lv_img_dsc_t sb_bed = {
  .header.cf = LV_IMG_CF_TRUE_COLOR_ALPHA,
  .header.always_zero = 0,
  .header.reserved = 0,
  .header.w = 160,
  .header.h = 24,
  .data_size = 11520,
  .data = sb_bed_map,
};
static const LV_ATTRIBUTE_MEM_ALIGN LV_ATTRIBUTE_LARGE_CONST uint8_t sb_head_0_map[] = {
    0x00,0x00,0x00,0x00,0x00,0x00,0x00,0x00,0x00,0x00,0x00,0x00,
    0x00,0x00,0x00,0x82,0x48,0xff,0x82,0x48,0xff,0x82,0x48,0xff,
    0x82,0x48,0xff,0x82,0x48,0xff,0x82,0x48,0xff,0x82,0x48,0xff,
    0x82,0x48,0xff,0x82,0x48,0xff,0x00,0x00,0x00,0x00,0x00,0x00,
    0x00,0x00,0x00,0x00,0x00,0x00,0x00,0x00,0x00,0x00,0x00,0x00,
    0x00,0x00,0x00,0x00,0x00,0x00,0x00,0x00,0x00,0x82,0x48,0xff,
    0x82,0x48,0xff,0x82,0x48,0xff,0x82,0x48,0xff,0x82,0x48,0xff,
    0x82,0x48,0xff,0x82,0x48,0xff,0x82,0x48,0xff,0x82,0x48,0xff,
    0x82,0x48,0xff,0x82,0x48,0xff,0x00,0x00,0x00,0x00,0x00,0x00,
    0x00,0x00,0x00,0x00,0x00,0x00,0x00,0x00,0x00,0x00,0x00,0x00,
    0x82,0x48,0xff,0x82,0x48,0xff,0x82,0x48,0xff,0x82,0x48,0xff,
    0x66,0xc1,0xff,0x82,0x48,0xff,0x82,0x48,0xff,0x82,0x48,0xff,
    0x82,0x48,0xff,0x82,0x48,0xff,0x66,0xc1,0xff,0x82,0x48,0xff,
    0x82,0x48,0xff,0x82,0x48,0xff,0x82,0x48,0xff,0x00,0x00,0x00,
    0x00,0x00,0x00,0x00,0x00,0x00,0x82,0x48,0xff,0x82,0x48,0xff,
    0x82,0x48,0xff,0x82,0x48,0xff,0x66,0xc1,0xff,0x82,0x48,0xff,
    0x82,0x48,0xff,0xa2,0x58,0xff,0xa2,0x58,0xff,0xa2,0x58,0xff,
    0x82,0x48,0xff,0x82,0x48,0xff,0x66,0xc1,0xff,0x82,0x48,0xff,
    0x82,0x48,0xff,0x82,0x48,0xff,0x82,0x48,0xff,0x00,0x00,0x00,
    0x00,0x00,0x00,0x82,0x48,0xff,0x82,0x48,0xff,0x82,0x48,0xff,
    0x66,0xc1,0xff,0x82,0x48,0xff,0x82,0x48,0xff,0xa2,0x58,0xff,
    0xa2,0x58,0xff,0xa2,0x58,0xff,0xa2,0x58,0xff,0xa2,0x58,0xff,
    0x82,0x48,0xff,0x82,0x48,0xff,0x66,0xc1,0xff,0x82,0x48,0xff,
    0x82,0x48,0xff,0x82,0x48,0xff,0x00,0x00,0x00,0x82,0x48,0xff,
    0x82,0x48,0xff,0x82,0x48,0xff,0x66,0xc1,0xff,0x66,0xc1,0xff,
    0x82,0x48,0xff,0xa2,0x58,0xff,0xa2,0x58,0xff,0xa2,0x58,0xff,
    0xa2,0x58,0xff,0xa2,0x58,0xff,0xa2,0x58,0xff,0xa2,0x58,0xff,
    0x82,0x48,0xff,0x66,0xc1,0xff,0x66,0xc1,0xff,0x82,0x48,0xff,
    0x82,0x48,0xff,0x82,0x48,0xff,0x82,0x48,0xff,0x04,0x89,0xff,
    0x82,0x48,0xff,0x66,0xc1,0xff,0x82,0x48,0xff,0x82,0x48,0xff,
    0xa2,0x58,0xff,0xa2,0x58,0xff,0xa2,0x58,0xff,0xa2,0x58,0xff,
    0xa2,0x58,0xff,0xa2,0x58,0xff,0xa2,0x58,0xff,0x82,0x48,0xff,
    0x82,0x48,0xff,0x66,0xc1,0xff,0x82,0x48,0xff,0x04,0x89,0xff,
    0x82,0x48,0xff,0x82,0x48,0xff,0x04,0x89,0xff,0x82,0x48,0xff,
    0x66,0xc1,0xff,0x82,0x48,0xff,0xa2,0x58,0xff,0xa2,0x58,0xff,
    0xa2,0x58,0xff,0xa2,0x58,0xff,0xa2,0x58,0xff,0xa2,0x58,0xff,
    0xa2,0x58,0xff,0xa2,0x58,0xff,0xa2,0x58,0xff,0x82,0x48,0xff,
    0x66,0xc1,0xff,0x82,0x48,0xff,0x04,0x89,0xff,0x82,0x48,0xff,
    0x82,0x48,0xff,0x04,0x89,0xff,0x82,0x48,0xff,0x66,0xc1,0xff,
    0x82,0x48,0xff,0xa2,0x58,0xff,0xa2,0x58,0xff,0xa2,0x58,0xff,
    0xa2,0x58,0xff,0xa2,0x58,0xff,0xa2,0x58,0xff,0xa2,0x58,0xff,
    0xa2,0x58,0xff,0xa2,0x58,0xff,0x82,0x48,0xff,0x66,0xc1,0xff,
    0x82,0x48,0xff,0x04,0x89,0xff,0x82,0x48,0xff,0x82,0x48,0xff,
    0x04,0x89,0xff,0x82,0x48,0xff,0x66,0xc1,0xff,0x82,0x48,0xff,
    0x82,0x48,0xff,0xa2,0x58,0xff,0xa2,0x58,0xff,0xa2,0x58,0xff,
    0xa2,0x58,0xff,0xa2,0x58,0xff,0xa2,0x58,0xff,0xa2,0x58,0xff,
    0x82,0x48,0xff,0x82,0x48,0xff,0x66,0xc1,0xff,0x82,0x48,0xff,
    0x04,0x89,0xff,0x82,0x48,0xff,0x82,0x48,0xff,0x04,0x89,0xff,
    0x82,0x48,0xff,0x66,0xc1,0xff,0x66,0xc1,0xff,0x82,0x48,0xff,
    0xa2,0x58,0xff,0xa2,0x58,0xff,0xa2,0x58,0xff,0xa2,0x58,0xff,
    0xa2,0x58,0xff,0xa2,0x58,0xff,0xa2,0x58,0xff,0x82,0x48,0xff,
    0x66,0xc1,0xff,0x66,0xc1,0xff,0x82,0x48,0xff,0x04,0x89,0xff,
    0x82,0x48,0xff,0x82,0x48,0xff,0x82,0x48,0xff,0x82,0x48,0xff,
    0x66,0xc1,0xff,0x66,0xc1,0xff,0x82,0x48,0xff,0x82,0x48,0xff,
    0xa2,0x58,0xff,0xa2,0x58,0xff,0xa2,0x58,0xff,0xa2,0x58,0xff,
    0xa2,0x58,0xff,0x82,0x48,0xff,0x82,0x48,0xff,0x66,0xc1,0xff,
    0x66,0xc1,0xff,0x82,0x48,0xff,0x82,0x48,0xff,0x82,0x48,0xff,
    0x00,0x00,0x00,0x82,0x48,0xff,0x82,0x48,0xff,0x66,0xc1,0xff,
    0x66,0xc1,0xff,0x66,0xc1,0xff,0x82,0x48,0xff,0x82,0x48,0xff,
    0x82,0x48,0xff,0xa2,0x58,0xff,0x82,0x48,0xff,0x82,0x48,0xff,
    0x82,0x48,0xff,0x66,0xc1,0xff,0x66,0xc1,0xff,0x66,0xc1,0xff,
    0x82,0x48,0xff,0x82,0x48,0xff,0x00,0x00,0x00,0x00,0x00,0x00,
    0x82,0x48,0xff,0x82,0x48,0xff,0x66,0xc1,0xff,0x66,0xc1,0xff,
    0x66,0xc1,0xff,0x66,0xc1,0xff,0x66,0xc1,0xff,0x82,0x48,0xff,
    0x82,0x48,0xff,0x82,0x48,0xff,0x66,0xc1,0xff,0x66,0xc1,0xff,
    0x66,0xc1,0xff,0x66,0xc1,0xff,0x66,0xc1,0xff,0x82,0x48,0xff,
    0x82,0x48,0xff,0x00,0x00,0x00,0x00,0x00,0x00,0x82,0x48,0xff,
    0x82,0x48,0xff,0x66,0xc1,0xff,0x66,0xc1,0xff,0x66,0xc1,0xff,
    0x66,0xc1,0xff,0x66,0xc1,0xff,0x82,0x48,0xff,0x82,0x48,0xff,
    0x82,0x48,0xff,0x66,0xc1,0xff,0x66,0xc1,0xff,0x66,0xc1,0xff,
    0x66,0xc1,0xff,0x66,0xc1,0xff,0x82,0x48,0xff,0x82,0x48,0xff,
    0x00,0x00,0x00,0x00,0x00,0x00,0x82,0x48,0xff,0x82,0x48,0xff,
    0x66,0xc1,0xff,0x66,0xc1,0xff,0x66,0xc1,0xff,0x66,0xc1,0xff,
    0x82,0x48,0xff,0x82,0x48,0xff,0x82,0x48,0xff,0x66,0xc1,0xff,
    0x66,0xc1,0xff,0x66,0xc1,0xff,0x66,0xc1,0xff,0x66,0xc1,0xff,
    0x66,0xc1,0xff,0x82,0x48,0xff,0x82,0x48,0xff,0x00,0x00,0x00,
    0x00,0x00,0x00,0x82,0x48,0xff,0x82,0x48,0xff,0x66,0xc1,0xff,
    0x66,0xc1,0xff,0x66,0xc1,0xff,0x66,0xc1,0xff,0x66,0xc1,0xff,
    0x82,0x48,0xff,0x82,0x48,0xff,0x82,0x48,0xff,0x66,0xc1,0xff,
    0x66,0xc1,0xff,0x66,0xc1,0xff,0x66,0xc1,0xff,0x66,0xc1,0xff,
    0x82,0x48,0xff,0x82,0x48,0xff,0x00,0x00,0x00,0x00,0x00,0x00,
    0x82,0x48,0xff,0x82,0x48,0xff,0x66,0xc1,0xff,0x66,0xc1,0xff,
    0x66,0xc1,0xff,0x66,0xc1,0xff,0x66,0xc1,0xff,0x82,0x48,0xff,
    0x82,0x48,0xff,0x82,0x48,0xff,0x66,0xc1,0xff,0x66,0xc1,0xff,
    0x66,0xc1,0xff,0x66,0xc1,0xff,0x66,0xc1,0xff,0x82,0x48,0xff,
    0x82,0x48,0xff,0x00,0x00,0x00,0x00,0x00,0x00,0x00,0x00,0x00,
    0x82,0x48,0xff,0x66,0xc1,0xff,0x66,0xc1,0xff,0x66,0xc1,0xff,
    0x66,0xc1,0xff,0x66,0xc1,0xff,0x82,0x48,0xff,0x82,0x48,0xff,
    0x82,0x48,0xff,0x66,0xc1,0xff,0x66,0xc1,0xff,0x66,0xc1,0xff,
    0x66,0xc1,0xff,0x66,0xc1,0xff,0x82,0x48,0xff,0x00,0x00,0x00,
    0x00,0x00,0x00,0x00,0x00,0x00,0x00,0x00,0x00,0x82,0x48,0xff,
    0x66,0xc1,0xff,0x66,0xc1,0xff,0x66,0xc1,0xff,0x82,0x48,0xff,
    0x82,0x48,0xff,0x82,0x48,0xff,0x82,0x48,0xff,0x82,0x48,0xff,
    0x82,0x48,0xff,0x82,0x48,0xff,0x66,0xc1,0xff,0x66,0xc1,0xff,
    0x66,0xc1,0xff,0x82,0x48,0xff,0x00,0x00,0x00,0x00,0x00,0x00,
    0x00,0x00,0x00,0x82,0x48,0xff,0x82,0x48,0xff,0x66,0xc1,0xff,
    0x66,0xc1,0xff,0x82,0x48,0xff,0x82,0x48,0xff,0xa2,0x58,0xff,
    0xa2,0x58,0xff,0xa2,0x58,0xff,0xa2,0x58,0xff,0xa2,0x58,0xff,
    0x82,0x48,0xff,0x82,0x48,0xff,0x66,0xc1,0xff,0x66,0xc1,0xff,
    0x82,0x48,0xff,0x82,0x48,0xff,0x00,0x00,0x00,0x00,0x00,0x00,
    0x82,0x48,0xff,0x82,0x48,0xff,0x66,0xc1,0xff,0x66,0xc1,0xff,
    0x82,0x48,0xff,0xa2,0x58,0xff,0xa2,0x58,0xff,0xa2,0x58,0xff,
    0xa2,0x58,0xff,0xa2,0x58,0xff,0xa2,0x58,0xff,0xa2,0x58,0xff,
    0x82,0x48,0xff,0x66,0xc1,0xff,0x66,0xc1,0xff,0x82,0x48,0xff,
    0x82,0x48,0xff,0x00,0x00,0x00,0x00,0x00,0x00,0x82,0x48,0xff,
    0x82,0x48,0xff,0x66,0xc1,0xff,0x82,0x48,0xff,0x82,0x48,0xff,
    0xa2,0x58,0xff,0xa2,0x58,0xff,0xa2,0x58,0xff,0xa2,0x58,0xff,
    0xa2,0x58,0xff,0xa2,0x58,0xff,0xa2,0x58,0xff,0x82,0x48,0xff,
    0x82,0x48,0xff,0x66,0xc1,0xff,0x82,0x48,0xff,0x82,0x48,0xff,
    0x00,0x00,0x00,0x00,0x00,0x00,0x82,0x48,0xff,0x82,0x48,0xff,
    0x66,0xc1,0xff,0x82,0x48,0xff,0xa2,0x58,0xff,0xa2,0x58,0xff,
    0xa2,0x58,0xff,0xa2,0x58,0xff,0xa2,0x58,0xff,0xa2,0x58,0xff,
    0xa2,0x58,0xff,0xa2,0x58,0xff,0xa2,0x58,0xff,0x82,0x48,0xff,
    0x66,0xc1,0xff,0x82,0x48,0xff,0x82,0x48,0xff,0x00,0x00,0x00,
    0x00,0x00,0x00,0x82,0x48,0xff,0x82,0x48,0xff,0x66,0xc1,0xff,
    0x82,0x48,0xff,0x82,0x48,0xff,0xa2,0x58,0xff,0xa2,0x58,0xff,
    0xa2,0x58,0xff,0xa2,0x58,0xff,0xa2,0x58,0xff,0xa2,0x58,0xff,
    0xa2,0x58,0xff,0x82,0x48,0xff,0x82,0x48,0xff,0x66,0xc1,0xff,
    0x82,0x48,0xff,0x82,0x48,0xff,0x00,0x00,0x00,0x00,0x00,0x00,
    0x82,0x48,0xff,0x82,0x48,0xff,0x66,0xc1,0xff,0x66,0xc1,0xff,
    0x82,0x48,0xff,0xa2,0x58,0xff,0xa2,0x58,0xff,0xa2,0x58,0xff,
    0xa2,0x58,0xff,0xa2,0x58,0xff,0xa2,0x58,0xff,0xa2,0x58,0xff,
    0x82,0x48,0xff,0x66,0xc1,0xff,0x66,0xc1,0xff,0x82,0x48,0xff,
    0x82,0x48,0xff,0x00,0x00,0x00,0x00,0x00,0x00,0x82,0x48,0xff,
    0x82,0x48,0xff,0x66,0xc1,0xff,0x66,0xc1,0xff,0x82,0x48,0xff,
    0x82,0x48,0xff,0xa2,0x58,0xff,0xa2,0x58,0xff,0xa2,0x58,0xff,
    0xa2,0x58,0xff,0xa2,0x58,0xff,0x82,0x48,0xff,0x82,0x48,0xff,
    0x66,0xc1,0xff,0x66,0xc1,0xff,0x82,0x48,0xff,0x82,0x48,0xff,
    0x00,0x00,0x00,0x00,0x00,0x00,0x82,0x48,0xff,0x82,0x48,0xff,
    0x66,0xc1,0xff,0x66,0xc1,0xff,0x66,0xc1,0xff,0x82,0x48,0xff,
    0x82,0x48,0xff,0x82,0x48,0xff,0x82,0x48,0xff,0x82,0x48,0xff,
    0x82,0x48,0xff,0x82,0x48,0xff,0x66,0xc1,0xff,0x66,0xc1,0xff,
    0x66,0xc1,0xff,0x82,0x48,0xff,0x82,0x48,0xff,0x00,0x00,0x00,
    0x82,0x48,0xff,0x82,0x48,0xff,0x82,0x48,0xff,0x66,0xc1,0xff,
    0x66,0xc1,0xff,0x66,0xc1,0xff,0x66,0xc1,0xff,0x66,0xc1,0xff,
    0x82,0x48,0xff,0x82,0x48,0xff,0x82,0x48,0xff,0x66,0xc1,0xff,
    0x66,0xc1,0xff,0x66,0xc1,0xff,0x66,0xc1,0xff,0x66,0xc1,0xff,
    0x82,0x48,0xff,0x82,0x48,0xff,0x82,0x48,0xff,0x82,0x48,0xff,
    0x82,0x48,0xff,0x66,0xc1,0xff,0x66,0xc1,0xff,0x66,0xc1,0xff,
    0x66,0xc1,0xff,0x66,0xc1,0xff,0x66,0xc1,0xff,0x66,0xc1,0xff,
    0x66,0xc1,0xff,0x66,0xc1,0xff,0x66,0xc1,0xff,0x66,0xc1,0xff,
    0x66,0xc1,0xff,0x66,0xc1,0xff,0x66,0xc1,0xff,0x66,0xc1,0xff,
    0x82,0x48,0xff,0x82,0x48,0xff,0x82,0x48,0xff,0x82,0x48,0xff,
    0x66,0xc1,0xff,0x66,0xc1,0xff,0x66,0xc1,0xff,0x66,0xc1,0xff,
    0x66,0xc1,0xff,0x82,0x48,0xff,0x82,0x48,0xff,0x82,0x48,0xff,
    0x82,0x48,0xff,0x82,0x48,0xff,0x66,0xc1,0xff,0x66,0xc1,0xff,
    0x66,0xc1,0xff,0x66,0xc1,0xff,0x66,0xc1,0xff,0x82,0x48,0xff,
    0x82,0x48,0xff,0x82,0x48,0xff,0x82,0x48,0xff,0x66,0xc1,0xff,
    0x66,0xc1,0xff,0x66,0xc1,0xff,0x66,0xc1,0xff,0x82,0x48,0xff,
    0x82,0x48,0xff,0xa2,0x58,0xff,0xa2,0x58,0xff,0xa2,0x58,0xff,
    0x82,0x48,0xff,0x82,0x48,0xff,0x66,0xc1,0xff,0x66,0xc1,0xff,
    0x66,0xc1,0xff,0x66,0xc1,0xff,0x82,0x48,0xff,0x82,0x48,0xff,
    0x82,0x48,0xff,0x82,0x48,0xff,0x82,0x48,0xff,0x66,0xc1,0xff,
    0x66,0xc1,0xff,0x66,0xc1,0xff,0x82,0x48,0xff,0x82,0x48,0xff,
    0xa2,0x58,0xff,0xa2,0x58,0xff,0xa2,0x58,0xff,0x82,0x48,0xff,
    0x82,0x48,0xff,0x66,0xc1,0xff,0x66,0xc1,0xff,0x66,0xc1,0xff,
    0x82,0x48,0xff,0x82,0x48,0xff,0x82,0x48,0xff,0x00,0x00,0x00,
    0x82,0x48,0xff,0x82,0x48,0xff,0x82,0x48,0xff,0x82,0x48,0xff,
    0x82,0x48,0xff,0x82,0x48,0xff,0x82,0x48,0xff,0x82,0x48,0xff,
    0x82,0x48,0xff,0x82,0x48,0xff,0x82,0x48,0xff,0x82,0x48,0xff,
    0x82,0x48,0xff,0x82,0x48,0xff,0x82,0x48,0xff,0x82,0x48,0xff,
    0x82,0x48,0xff,0x00,0x00,0x00,0x00,0x00,0x00,0x00,0x00,0x00,
    0x00,0x00,0x00,0x00,0x00,0x00,0x82,0x48,0xff,0x82,0x48,0xff,
    0x00,0x00,0x00,0x00,0x00,0x00,0x00,0x00,0x00,0x82,0x48,0xff,
    0x00,0x00,0x00,0x00,0x00,0x00,0x00,0x00,0x00,0x82,0x48,0xff,
    0x82,0x48,0xff,0x00,0x00,0x00,0x00,0x00,0x00,0x00,0x00,0x00,
    0x00,0x00,0x00
};
const lv_img_dsc_t sb_head_0 = {
  .header.cf = LV_IMG_CF_TRUE_COLOR_ALPHA,
  .header.always_zero = 0,
  .header.reserved = 0,
  .header.w = 19,
  .header.h = 35,
  .data_size = 1995,
  .data = sb_head_0_map,
};
static const LV_ATTRIBUTE_MEM_ALIGN LV_ATTRIBUTE_LARGE_CONST uint8_t sb_head_1_map[] = {
    0x00,0x00,0x00,0x00,0x00,0x00,0x00,0x00,0x00,0x00,0x00,0x00,
    0x00,0x00,0x00,0x00,0x00,0x00,0x82,0x48,0xff,0x82,0x48,0xff,
    0x82,0x48,0xff,0x82,0x48,0xff,0x82,0x48,0xff,0x82,0x48,0xff,
    0x82,0x48,0xff,0x82,0x48,0xff,0x00,0x00,0x00,0x00,0x00,0x00,
    0x00,0x00,0x00,0x00,0x00,0x00,0x00,0x00,0x00,0x00,0x00,0x00,
    0x00,0x00,0x00,0x00,0x00,0x00,0x00,0x00,0x00,0x00,0x00,0x00,
    0x82,0x48,0xff,0x82,0x48,0xff,0x82,0x48,0xff,0x82,0x48,0xff,
    0x82,0x48,0xff,0x82,0x48,0xff,0x82,0x48,0xff,0x82,0x48,0xff,
    0x82,0x48,0xff,0x82,0x48,0xff,0x82,0x48,0xff,0x82,0x48,0xff,
    0x00,0x00,0x00,0x00,0x00,0x00,0x00,0x00,0x00,0x00,0x00,0x00,
    0x00,0x00,0x00,0x00,0x00,0x00,0x00,0x00,0x00,0x82,0x48,0xff,
    0x82,0x48,0xff,0x82,0x48,0xff,0x82,0x48,0xff,0x66,0xc1,0xff,
    0x66,0xc1,0xff,0x66,0xc1,0xff,0x66,0xc1,0xff,0x66,0xc1,0xff,
    0x66,0xc1,0xff,0x82,0x48,0xff,0x82,0x48,0xff,0x82,0x48,0xff,
    0x82,0x48,0xff,0x00,0x00,0x00,0x00,0x00,0x00,0x00,0x00,0x00,
    0x00,0x00,0x00,0x00,0x00,0x00,0x82,0x48,0xff,0x82,0x48,0xff,
    0x82,0x48,0xff,0x66,0xc1,0xff,0x82,0x48,0xff,0x82,0x48,0xff,
    0x82,0x48,0xff,0x82,0x48,0xff,0x82,0x48,0xff,0x82,0x48,0xff,
    0x82,0x48,0xff,0x82,0x48,0xff,0x66,0xc1,0xff,0x82,0x48,0xff,
    0x82,0x48,0xff,0x82,0x48,0xff,0x00,0x00,0x00,0x00,0x00,0x00,
    0x00,0x00,0x00,0x82,0x48,0xff,0x82,0x48,0xff,0x82,0x48,0xff,
    0x66,0xc1,0xff,0x66,0xc1,0xff,0x82,0x48,0xff,0xa2,0x58,0xff,
    0xa2,0x58,0xff,0xa2,0x58,0xff,0xa2,0x58,0xff,0xa2,0x58,0xff,
    0xa2,0x58,0xff,0x82,0x48,0xff,0x66,0xc1,0xff,0x66,0xc1,0xff,
    0x82,0x48,0xff,0x82,0x48,0xff,0x82,0x48,0xff,0x00,0x00,0x00,
    0x82,0x48,0xff,0x82,0x48,0xff,0x82,0x48,0xff,0x66,0xc1,0xff,
    0x66,0xc1,0xff,0x82,0x48,0xff,0x82,0x48,0xff,0xa2,0x58,0xff,
    0xa2,0x58,0xff,0xa2,0x58,0xff,0xa2,0x58,0xff,0xa2,0x58,0xff,
    0xa2,0x58,0xff,0x82,0x48,0xff,0x82,0x48,0xff,0x66,0xc1,0xff,
    0x66,0xc1,0xff,0x82,0x48,0xff,0x82,0x48,0xff,0x82,0x48,0xff,
    0x82,0x48,0xff,0x04,0x89,0xff,0x82,0x48,0xff,0x66,0xc1,0xff,
    0x66,0xc1,0xff,0x82,0x48,0xff,0xa2,0x58,0xff,0xa2,0x58,0xff,
    0xa2,0x58,0xff,0xa2,0x58,0xff,0xa2,0x58,0xff,0xa2,0x58,0xff,
    0xa2,0x58,0xff,0xa2,0x58,0xff,0x82,0x48,0xff,0x66,0xc1,0xff,
    0x66,0xc1,0xff,0x82,0x48,0xff,0x04,0x89,0xff,0x82,0x48,0xff,
    0x82,0x48,0xff,0x04,0x89,0xff,0x82,0x48,0xff,0x66,0xc1,0xff,
    0x82,0x48,0xff,0x82,0x48,0xff,0xa2,0x58,0xff,0xa2,0x58,0xff,
    0xa2,0x58,0xff,0xa2,0x58,0xff,0xa2,0x58,0xff,0xa2,0x58,0xff,
    0xa2,0x58,0xff,0xa2,0x58,0xff,0x82,0x48,0xff,0x82,0x48,0xff,
    0x66,0xc1,0xff,0x82,0x48,0xff,0x04,0x89,0xff,0x82,0x48,0xff,
    0x82,0x48,0xff,0x04,0x89,0xff,0x82,0x48,0xff,0x66,0xc1,0xff,
    0x82,0x48,0xff,0xa2,0x58,0xff,0xa2,0x58,0xff,0xa2,0x58,0xff,
    0xa2,0x58,0xff,0xa2,0x58,0xff,0xa2,0x58,0xff,0xa2,0x58,0xff,
    0xa2,0x58,0xff,0xa2,0x58,0xff,0xa2,0x58,0xff,0x82,0x48,0xff,
    0x66,0xc1,0xff,0x82,0x48,0xff,0x04,0x89,0xff,0x82,0x48,0xff,
    0x82,0x48,0xff,0x04,0x89,0xff,0x82,0x48,0xff,0x66,0xc1,0xff,
    0x82,0x48,0xff,0x82,0x48,0xff,0xa2,0x58,0xff,0xa2,0x58,0xff,
    0xa2,0x58,0xff,0xa2,0x58,0xff,0xa2,0x58,0xff,0xa2,0x58,0xff,
    0xa2,0x58,0xff,0xa2,0x58,0xff,0x82,0x48,0xff,0x82,0x48,0xff,
    0x66,0xc1,0xff,0x82,0x48,0xff,0x04,0x89,0xff,0x82,0x48,0xff,
    0x82,0x48,0xff,0x04,0x89,0xff,0x82,0x48,0xff,0x66,0xc1,0xff,
    0x66,0xc1,0xff,0x82,0x48,0xff,0xa2,0x58,0xff,0xa2,0x58,0xff,
    0xa2,0x58,0xff,0xa2,0x58,0xff,0xa2,0x58,0xff,0xa2,0x58,0xff,
    0xa2,0x58,0xff,0xa2,0x58,0xff,0x82,0x48,0xff,0x66,0xc1,0xff,
    0x66,0xc1,0xff,0x82,0x48,0xff,0x04,0x89,0xff,0x82,0x48,0xff,
    0x82,0x48,0xff,0x04,0x89,0xff,0x82,0x48,0xff,0x66,0xc1,0xff,
    0x66,0xc1,0xff,0x82,0x48,0xff,0x82,0x48,0xff,0xa2,0x58,0xff,
    0xa2,0x58,0xff,0xa2,0x58,0xff,0xa2,0x58,0xff,0xa2,0x58,0xff,
    0xa2,0x58,0xff,0x82,0x48,0xff,0x82,0x48,0xff,0x66,0xc1,0xff,
    0x66,0xc1,0xff,0x82,0x48,0xff,0x04,0x89,0xff,0x82,0x48,0xff,
    0x82,0x48,0xff,0x82,0x48,0xff,0x82,0x48,0xff,0x66,0xc1,0xff,
    0x66,0xc1,0xff,0x66,0xc1,0xff,0x82,0x48,0xff,0xa2,0x58,0xff,
    0xa2,0x58,0xff,0xa2,0x58,0xff,0xa2,0x58,0xff,0xa2,0x58,0xff,
    0xa2,0x58,0xff,0x82,0x48,0xff,0x66,0xc1,0xff,0x66,0xc1,0xff,
    0x66,0xc1,0xff,0x82,0x48,0xff,0x82,0x48,0xff,0x82,0x48,0xff,
    0x00,0x00,0x00,0x82,0x48,0xff,0x82,0x48,0xff,0x66,0xc1,0xff,
    0x66,0xc1,0xff,0x66,0xc1,0xff,0x82,0x48,0xff,0x82,0x48,0xff,
    0x82,0x48,0xff,0x82,0x48,0xff,0x82,0x48,0xff,0x82,0x48,0xff,
    0x82,0x48,0xff,0x82,0x48,0xff,0x66,0xc1,0xff,0x66,0xc1,0xff,
    0x66,0xc1,0xff,0x82,0x48,0xff,0x82,0x48,0xff,0x00,0x00,0x00,
    0x00,0x00,0x00,0x82,0x48,0xff,0x82,0x48,0xff,0x66,0xc1,0xff,
    0x66,0xc1,0xff,0x66,0xc1,0xff,0x66,0xc1,0xff,0x66,0xc1,0xff,
    0x66,0xc1,0xff,0x66,0xc1,0xff,0x66,0xc1,0xff,0x66,0xc1,0xff,
    0x66,0xc1,0xff,0x66,0xc1,0xff,0x66,0xc1,0xff,0x66,0xc1,0xff,
    0x66,0xc1,0xff,0x82,0x48,0xff,0x82,0x48,0xff,0x00,0x00,0x00,
    0x00,0x00,0x00,0x82,0x48,0xff,0x82,0x48,0xff,0x66,0xc1,0xff,
    0x66,0xc1,0xff,0x66,0xc1,0xff,0x66,0xc1,0xff,0x66,0xc1,0xff,
    0x82,0x48,0xff,0x82,0x48,0xff,0x82,0x48,0xff,0x66,0xc1,0xff,
    0x66,0xc1,0xff,0x66,0xc1,0xff,0x66,0xc1,0xff,0x66,0xc1,0xff,
    0x66,0xc1,0xff,0x82,0x48,0xff,0x82,0x48,0xff,0x00,0x00,0x00,
    0x00,0x00,0x00,0x82,0x48,0xff,0x82,0x48,0xff,0x66,0xc1,0xff,
    0x66,0xc1,0xff,0x66,0xc1,0xff,0x66,0xc1,0xff,0x66,0xc1,0xff,
    0x82,0x48,0xff,0x82,0x48,0xff,0x82,0x48,0xff,0x82,0x48,0xff,
    0x66,0xc1,0xff,0x66,0xc1,0xff,0x66,0xc1,0xff,0x66,0xc1,0xff,
    0x66,0xc1,0xff,0x82,0x48,0xff,0x82,0x48,0xff,0x00,0x00,0x00,
    0x00,0x00,0x00,0x82,0x48,0xff,0x82,0x48,0xff,0x66,0xc1,0xff,
    0x66,0xc1,0xff,0x66,0xc1,0xff,0x66,0xc1,0xff,0x66,0xc1,0xff,
    0x66,0xc1,0xff,0x82,0x48,0xff,0x82,0x48,0xff,0x82,0x48,0xff,
    0x66,0xc1,0xff,0x66,0xc1,0xff,0x66,0xc1,0xff,0x66,0xc1,0xff,
    0x66,0xc1,0xff,0x82,0x48,0xff,0x82,0x48,0xff,0x00,0x00,0x00,
    0x00,0x00,0x00,0x82,0x48,0xff,0x82,0x48,0xff,0x82,0x48,0xff,
    0x66,0xc1,0xff,0x66,0xc1,0xff,0x66,0xc1,0xff,0x66,0xc1,0xff,
    0x82,0x48,0xff,0x82,0x48,0xff,0x82,0x48,0xff,0x66,0xc1,0xff,
    0x66,0xc1,0xff,0x66,0xc1,0xff,0x66,0xc1,0xff,0x66,0xc1,0xff,
    0x82,0x48,0xff,0x82,0x48,0xff,0x82,0x48,0xff,0x00,0x00,0x00,
    0x00,0x00,0x00,0x00,0x00,0x00,0x82,0x48,0xff,0x82,0x48,0xff,
    0x66,0xc1,0xff,0x66,0xc1,0xff,0x66,0xc1,0xff,0x66,0xc1,0xff,
    0x66,0xc1,0xff,0x82,0x48,0xff,0x82,0x48,0xff,0x66,0xc1,0xff,
    0x66,0xc1,0xff,0x66,0xc1,0xff,0x66,0xc1,0xff,0x66,0xc1,0xff,
    0x82,0x48,0xff,0x82,0x48,0xff,0x00,0x00,0x00,0x00,0x00,0x00,
    0x00,0x00,0x00,0x00,0x00,0x00,0x82,0x48,0xff,0x82,0x48,0xff,
    0x66,0xc1,0xff,0x66,0xc1,0xff,0x66,0xc1,0xff,0x82,0x48,0xff,
    0x82,0x48,0xff,0x82,0x48,0xff,0x82,0x48,0xff,0x82,0x48,0xff,
    0x82,0x48,0xff,0x66,0xc1,0xff,0x66,0xc1,0xff,0x66,0xc1,0xff,
    0x82,0x48,0xff,0x82,0x48,0xff,0x00,0x00,0x00,0x00,0x00,0x00,
    0x00,0x00,0x00,0x82,0x48,0xff,0x82,0x48,0xff,0x82,0x48,0xff,
    0x66,0xc1,0xff,0x66,0xc1,0xff,0x82,0x48,0xff,0x82,0x48,0xff,
    0xa2,0x58,0xff,0xa2,0x58,0xff,0xa2,0x58,0xff,0xa2,0x58,0xff,
    0x82,0x48,0xff,0x82,0x48,0xff,0x66,0xc1,0xff,0x66,0xc1,0xff,
    0x82,0x48,0xff,0x82,0x48,0xff,0x82,0x48,0xff,0x00,0x00,0x00,
    0x00,0x00,0x00,0x82,0x48,0xff,0x82,0x48,0xff,0x66,0xc1,0xff,
    0x66,0xc1,0xff,0x82,0x48,0xff,0x82,0x48,0xff,0xa2,0x58,0xff,
    0xa2,0x58,0xff,0xa2,0x58,0xff,0xa2,0x58,0xff,0xa2,0x58,0xff,
    0xa2,0x58,0xff,0x82,0x48,0xff,0x82,0x48,0xff,0x66,0xc1,0xff,
    0x66,0xc1,0xff,0x82,0x48,0xff,0x82,0x48,0xff,0x00,0x00,0x00,
    0x00,0x00,0x00,0x82,0x48,0xff,0x82,0x48,0xff,0x66,0xc1,0xff,
    0x66,0xc1,0xff,0x82,0x48,0xff,0xa2,0x58,0xff,0xa2,0x58,0xff,
    0xa2,0x58,0xff,0xa2,0x58,0xff,0xa2,0x58,0xff,0xa2,0x58,0xff,
    0xa2,0x58,0xff,0xa2,0x58,0xff,0x82,0x48,0xff,0x66,0xc1,0xff,
    0x66,0xc1,0xff,0x82,0x48,0xff,0x82,0x48,0xff,0x00,0x00,0x00,
    0x00,0x00,0x00,0x82,0x48,0xff,0x82,0x48,0xff,0x66,0xc1,0xff,
    0x82,0x48,0xff,0x82,0x48,0xff,0xa2,0x58,0xff,0xa2,0x58,0xff,
    0xa2,0x58,0xff,0xa2,0x58,0xff,0xa2,0x58,0xff,0xa2,0x58,0xff,
    0xa2,0x58,0xff,0xa2,0x58,0xff,0x82,0x48,0xff,0x82,0x48,0xff,
    0x66,0xc1,0xff,0x82,0x48,0xff,0x82,0x48,0xff,0x00,0x00,0x00,
    0x00,0x00,0x00,0x82,0x48,0xff,0x82,0x48,0xff,0x66,0xc1,0xff,
    0x82,0x48,0xff,0x82,0x48,0xff,0xa2,0x58,0xff,0xa2,0x58,0xff,
    0xa2,0x58,0xff,0xa2,0x58,0xff,0xa2,0x58,0xff,0xa2,0x58,0xff,
    0xa2,0x58,0xff,0xa2,0x58,0xff,0x82,0x48,0xff,0x82,0x48,0xff,
    0x66,0xc1,0xff,0x82,0x48,0xff,0x82,0x48,0xff,0x00,0x00,0x00,
    0x00,0x00,0x00,0x82,0x48,0xff,0x82,0x48,0xff,0x66,0xc1,0xff,
    0x66,0xc1,0xff,0x82,0x48,0xff,0xa2,0x58,0xff,0xa2,0x58,0xff,
    0xa2,0x58,0xff,0xa2,0x58,0xff,0xa2,0x58,0xff,0xa2,0x58,0xff,
    0xa2,0x58,0xff,0xa2,0x58,0xff,0x82,0x48,0xff,0x66,0xc1,0xff,
    0x66,0xc1,0xff,0x82,0x48,0xff,0x82,0x48,0xff,0x00,0x00,0x00,
    0x00,0x00,0x00,0x82,0x48,0xff,0x82,0x48,0xff,0x66,0xc1,0xff,
    0x66,0xc1,0xff,0x82,0x48,0xff,0x82,0x48,0xff,0xa2,0x58,0xff,
    0xa2,0x58,0xff,0xa2,0x58,0xff,0xa2,0x58,0xff,0xa2,0x58,0xff,
    0xa2,0x58,0xff,0x82,0x48,0xff,0x82,0x48,0xff,0x66,0xc1,0xff,
    0x66,0xc1,0xff,0x82,0x48,0xff,0x82,0x48,0xff,0x00,0x00,0x00,
    0x00,0x00,0x00,0x82,0x48,0xff,0x82,0x48,0xff,0x66,0xc1,0xff,
    0x66,0xc1,0xff,0x66,0xc1,0xff,0x82,0x48,0xff,0x82,0x48,0xff,
    0xa2,0x58,0xff,0xa2,0x58,0xff,0xa2,0x58,0xff,0xa2,0x58,0xff,
    0x82,0x48,0xff,0x82,0x48,0xff,0x66,0xc1,0xff,0x66,0xc1,0xff,
    0x66,0xc1,0xff,0x82,0x48,0xff,0x82,0x48,0xff,0x00,0x00,0x00,
    0x00,0x00,0x00,0x82,0x48,0xff,0x82,0x48,0xff,0x66,0xc1,0xff,
    0x66,0xc1,0xff,0x66,0xc1,0xff,0x66,0xc1,0xff,0x82,0x48,0xff,
    0x82,0x48,0xff,0x82,0x48,0xff,0x82,0x48,0xff,0x82,0x48,0xff,
    0x82,0x48,0xff,0x66,0xc1,0xff,0x66,0xc1,0xff,0x66,0xc1,0xff,
    0x66,0xc1,0xff,0x82,0x48,0xff,0x82,0x48,0xff,0x00,0x00,0x00,
    0x82,0x48,0xff,0x82,0x48,0xff,0x66,0xc1,0xff,0x66,0xc1,0xff,
    0x66,0xc1,0xff,0x66,0xc1,0xff,0x66,0xc1,0xff,0x66,0xc1,0xff,
    0x66,0xc1,0xff,0x66,0xc1,0xff,0x66,0xc1,0xff,0x66,0xc1,0xff,
    0x66,0xc1,0xff,0x66,0xc1,0xff,0x66,0xc1,0xff,0x66,0xc1,0xff,
    0x66,0xc1,0xff,0x66,0xc1,0xff,0x82,0x48,0xff,0x82,0x48,0xff,
    0x82,0x48,0xff,0x82,0x48,0xff,0x66,0xc1,0xff,0x66,0xc1,0xff,
    0x66,0xc1,0xff,0x66,0xc1,0xff,0x66,0xc1,0xff,0x66,0xc1,0xff,
    0x82,0x48,0xff,0x82,0x48,0xff,0x82,0x48,0xff,0x82,0x48,0xff,
    0x66,0xc1,0xff,0x66,0xc1,0xff,0x66,0xc1,0xff,0x66,0xc1,0xff,
    0x66,0xc1,0xff,0x66,0xc1,0xff,0x82,0x48,0xff,0x82,0x48,0xff,
    0x82,0x48,0xff,0x82,0x48,0xff,0x66,0xc1,0xff,0x66,0xc1,0xff,
    0x66,0xc1,0xff,0x66,0xc1,0xff,0x66,0xc1,0xff,0x82,0x48,0xff,
    0x82,0x48,0xff,0x82,0x48,0xff,0x82,0x48,0xff,0x82,0x48,0xff,
    0x82,0x48,0xff,0x66,0xc1,0xff,0x66,0xc1,0xff,0x66,0xc1,0xff,
    0x66,0xc1,0xff,0x66,0xc1,0xff,0x82,0x48,0xff,0x82,0x48,0xff,
    0x82,0x48,0xff,0x82,0x48,0xff,0x82,0x48,0xff,0x66,0xc1,0xff,
    0x66,0xc1,0xff,0x66,0xc1,0xff,0x82,0x48,0xff,0x82,0x48,0xff,
    0xa2,0x58,0xff,0xa2,0x58,0xff,0xa2,0x58,0xff,0xa2,0x58,0xff,
    0x82,0x48,0xff,0x82,0x48,0xff,0x66,0xc1,0xff,0x66,0xc1,0xff,
    0x66,0xc1,0xff,0x82,0x48,0xff,0x82,0x48,0xff,0x82,0x48,0xff,
    0x00,0x00,0x00,0x82,0x48,0xff,0x82,0x48,0xff,0x82,0x48,0xff,
    0x66,0xc1,0xff,0x66,0xc1,0xff,0x82,0x48,0xff,0x82,0x48,0xff,
    0xa2,0x58,0xff,0xa2,0x58,0xff,0xa2,0x58,0xff,0xa2,0x58,0xff,
    0x82,0x48,0xff,0x82,0x48,0xff,0x66,0xc1,0xff,0x66,0xc1,0xff,
    0x82,0x48,0xff,0x82,0x48,0xff,0x82,0x48,0xff,0x00,0x00,0x00,
    0x00,0x00,0x00,0x82,0x48,0xff,0x82,0x48,0xff,0x82,0x48,0xff,
    0x82,0x48,0xff,0x82,0x48,0xff,0x82,0x48,0xff,0x82,0x48,0xff,
    0x82,0x48,0xff,0x82,0x48,0xff,0x82,0x48,0xff,0x82,0x48,0xff,
    0x82,0x48,0xff,0x82,0x48,0xff,0x82,0x48,0xff,0x82,0x48,0xff,
    0x82,0x48,0xff,0x82,0x48,0xff,0x82,0x48,0xff,0x00,0x00,0x00,
    0x00,0x00,0x00,0x00,0x00,0x00,0x00,0x00,0x00,0x00,0x00,0x00,
    0x00,0x00,0x00,0x00,0x00,0x00,0x00,0x00,0x00,0x00,0x00,0x00,
    0x00,0x00,0x00,0x82,0x48,0xff,0x82,0x48,0xff,0x00,0x00,0x00,
    0x00,0x00,0x00,0x00,0x00,0x00,0x00,0x00,0x00,0x00,0x00,0x00,
    0x00,0x00,0x00,0x00,0x00,0x00,0x00,0x00,0x00,0x00,0x00,0x00
};
const lv_img_dsc_t sb_head_1 = {
  .header.cf = LV_IMG_CF_TRUE_COLOR_ALPHA,
  .header.always_zero = 0,
  .header.reserved = 0,
  .header.w = 20,
  .header.h = 37,
  .data_size = 2220,
  .data = sb_head_1_map,
};
static const LV_ATTRIBUTE_MEM_ALIGN LV_ATTRIBUTE_LARGE_CONST uint8_t sb_head_2_map[] = {
    0x00,0x00,0x00,0x00,0x00,0x00,0x00,0x00,0x00,0x00,0x00,0x00,
    0x00,0x00,0x00,0x00,0x00,0x00,0x82,0x48,0xff,0x82,0x48,0xff,
    0x82,0x48,0xff,0x82,0x48,0xff,0x82,0x48,0xff,0x82,0x48,0xff,
    0x82,0x48,0xff,0x82,0x48,0xff,0x82,0x48,0xff,0x00,0x00,0x00,
    0x00,0x00,0x00,0x00,0x00,0x00,0x00,0x00,0x00,0x00,0x00,0x00,
    0x00,0x00,0x00,0x00,0x00,0x00,0x00,0x00,0x00,0x00,0x00,0x00,
    0x00,0x00,0x00,0x82,0x48,0xff,0x82,0x48,0xff,0x82,0x48,0xff,
    0x82,0x48,0xff,0x82,0x48,0xff,0x82,0x48,0xff,0x82,0x48,0xff,
    0x82,0x48,0xff,0x82,0x48,0xff,0x82,0x48,0xff,0x82,0x48,0xff,
    0x82,0x48,0xff,0x82,0x48,0xff,0x00,0x00,0x00,0x00,0x00,0x00,
    0x00,0x00,0x00,0x00,0x00,0x00,0x00,0x00,0x00,0x00,0x00,0x00,
    0x00,0x00,0x00,0x82,0x48,0xff,0x82,0x48,0xff,0x82,0x48,0xff,
    0x82,0x48,0xff,0x66,0xc1,0xff,0x66,0xc1,0xff,0x66,0xc1,0xff,
    0x66,0xc1,0xff,0x66,0xc1,0xff,0x66,0xc1,0xff,0x66,0xc1,0xff,
    0x82,0x48,0xff,0x82,0x48,0xff,0x82,0x48,0xff,0x82,0x48,0xff,
    0x00,0x00,0x00,0x00,0x00,0x00,0x00,0x00,0x00,0x00,0x00,0x00,
    0x00,0x00,0x00,0x82,0x48,0xff,0x82,0x48,0xff,0x82,0x48,0xff,
    0x66,0xc1,0xff,0x82,0x48,0xff,0x82,0x48,0xff,0x82,0x48,0xff,
    0x82,0x48,0xff,0x82,0x48,0xff,0x82,0x48,0xff,0x82,0x48,0xff,
    0x82,0x48,0xff,0x82,0x48,0xff,0x66,0xc1,0xff,0x82,0x48,0xff,
    0x82,0x48,0xff,0x82,0x48,0xff,0x00,0x00,0x00,0x00,0x00,0x00,
    0x00,0x00,0x00,0x82,0x48,0xff,0x82,0x48,0xff,0x82,0x48,0xff,
    0x66,0xc1,0xff,0x66,0xc1,0xff,0x82,0x48,0xff,0xa2,0x58,0xff,
    0xa2,0x58,0xff,0xa2,0x58,0xff,0xa2,0x58,0xff,0xa2,0x58,0xff,
    0xa2,0x58,0xff,0xa2,0x58,0xff,0x82,0x48,0xff,0x66,0xc1,0xff,
    0x66,0xc1,0xff,0x82,0x48,0xff,0x82,0x48,0xff,0x82,0x48,0xff,
    0x00,0x00,0x00,0x82,0x48,0xff,0x82,0x48,0xff,0x82,0x48,0xff,
    0x66,0xc1,0xff,0x66,0xc1,0xff,0x82,0x48,0xff,0x82,0x48,0xff,
    0xa2,0x58,0xff,0xa2,0x58,0xff,0xa2,0x58,0xff,0xa2,0x58,0xff,
    0xa2,0x58,0xff,0xa2,0x58,0xff,0xa2,0x58,0xff,0x82,0x48,0xff,
    0x82,0x48,0xff,0x66,0xc1,0xff,0x66,0xc1,0xff,0x82,0x48,0xff,
    0x82,0x48,0xff,0x82,0x48,0xff,0x82,0x48,0xff,0x04,0x89,0xff,
    0x82,0x48,0xff,0x66,0xc1,0xff,0x66,0xc1,0xff,0x82,0x48,0xff,
    0xa2,0x58,0xff,0xa2,0x58,0xff,0xa2,0x58,0xff,0xa2,0x58,0xff,
    0xa2,0x58,0xff,0xa2,0x58,0xff,0xa2,0x58,0xff,0xa2,0x58,0xff,
    0xa2,0x58,0xff,0x82,0x48,0xff,0x66,0xc1,0xff,0x66,0xc1,0xff,
    0x82,0x48,0xff,0x04,0x89,0xff,0x82,0x48,0xff,0x82,0x48,0xff,
    0x04,0x89,0xff,0x82,0x48,0xff,0x66,0xc1,0xff,0x82,0x48,0xff,
    0x82,0x48,0xff,0xa2,0x58,0xff,0xa2,0x58,0xff,0xa2,0x58,0xff,
    0xa2,0x58,0xff,0xa2,0x58,0xff,0xa2,0x58,0xff,0xa2,0x58,0xff,
    0xa2,0x58,0xff,0xa2,0x58,0xff,0x82,0x48,0xff,0x82,0x48,0xff,
    0x66,0xc1,0xff,0x82,0x48,0xff,0x04,0x89,0xff,0x82,0x48,0xff,
    0x82,0x48,0xff,0x04,0x89,0xff,0x82,0x48,0xff,0x66,0xc1,0xff,
    0x82,0x48,0xff,0xa2,0x58,0xff,0xa2,0x58,0xff,0xa2,0x58,0xff,
    0xa2,0x58,0xff,0xa2,0x58,0xff,0xa2,0x58,0xff,0xa2,0x58,0xff,
    0xa2,0x58,0xff,0xa2,0x58,0xff,0xa2,0x58,0xff,0xa2,0x58,0xff,
    0x82,0x48,0xff,0x66,0xc1,0xff,0x82,0x48,0xff,0x04,0x89,0xff,
    0x82,0x48,0xff,0x82,0x48,0xff,0x04,0x89,0xff,0x82,0x48,0xff,
    0x66,0xc1,0xff,0x82,0x48,0xff,0x82,0x48,0xff,0xa2,0x58,0xff,
    0xa2,0x58,0xff,0xa2,0x58,0xff,0xa2,0x58,0xff,0xa2,0x58,0xff,
    0xa2,0x58,0xff,0xa2,0x58,0xff,0xa2,0x58,0xff,0xa2,0x58,0xff,
    0x82,0x48,0xff,0x82,0x48,0xff,0x66,0xc1,0xff,0x82,0x48,0xff,
    0x04,0x89,0xff,0x82,0x48,0xff,0x82,0x48,0xff,0x04,0x89,0xff,
    0x82,0x48,0xff,0x66,0xc1,0xff,0x66,0xc1,0xff,0x82,0x48,0xff,
    0xa2,0x58,0xff,0xa2,0x58,0xff,0xa2,0x58,0xff,0xa2,0x58,0xff,
    0xa2,0x58,0xff,0xa2,0x58,0xff,0xa2,0x58,0xff,0xa2,0x58,0xff,
    0xa2,0x58,0xff,0x82,0x48,0xff,0x66,0xc1,0xff,0x66,0xc1,0xff,
    0x82,0x48,0xff,0x04,0x89,0xff,0x82,0x48,0xff,0x82,0x48,0xff,
    0x04,0x89,0xff,0x82,0x48,0xff,0x66,0xc1,0xff,0x66,0xc1,0xff,
    0x82,0x48,0xff,0x82,0x48,0xff,0xa2,0x58,0xff,0xa2,0x58,0xff,
    0xa2,0x58,0xff,0xa2,0x58,0xff,0xa2,0x58,0xff,0xa2,0x58,0xff,
    0xa2,0x58,0xff,0x82,0x48,0xff,0x82,0x48,0xff,0x66,0xc1,0xff,
    0x66,0xc1,0xff,0x82,0x48,0xff,0x04,0x89,0xff,0x82,0x48,0xff,
    0x82,0x48,0xff,0x82,0x48,0xff,0x82,0x48,0xff,0x66,0xc1,0xff,
    0x66,0xc1,0xff,0x66,0xc1,0xff,0x82,0x48,0xff,0xa2,0x58,0xff,
    0xa2,0x58,0xff,0xa2,0x58,0xff,0xa2,0x58,0xff,0xa2,0x58,0xff,
    0xa2,0x58,0xff,0xa2,0x58,0xff,0x82,0x48,0xff,0x66,0xc1,0xff,
    0x66,0xc1,0xff,0x66,0xc1,0xff,0x82,0x48,0xff,0x82,0x48,0xff,
    0x82,0x48,0xff,0x00,0x00,0x00,0x82,0x48,0xff,0x82,0x48,0xff,
    0x66,0xc1,0xff,0x66,0xc1,0xff,0x66,0xc1,0xff,0x82,0x48,0xff,
    0x82,0x48,0xff,0x82,0x48,0xff,0xa2,0x58,0xff,0xa2,0x58,0xff,
    0xa2,0x58,0xff,0x82,0x48,0xff,0x82,0x48,0xff,0x82,0x48,0xff,
    0x66,0xc1,0xff,0x66,0xc1,0xff,0x66,0xc1,0xff,0x82,0x48,0xff,
    0x82,0x48,0xff,0x00,0x00,0x00,0x00,0x00,0x00,0x82,0x48,0xff,
    0x82,0x48,0xff,0x66,0xc1,0xff,0x66,0xc1,0xff,0x66,0xc1,0xff,
    0x66,0xc1,0xff,0x66,0xc1,0xff,0x82,0x48,0xff,0x82,0x48,0xff,
    0x82,0x48,0xff,0x82,0x48,0xff,0x82,0x48,0xff,0x66,0xc1,0xff,
    0x66,0xc1,0xff,0x66,0xc1,0xff,0x66,0xc1,0xff,0x66,0xc1,0xff,
    0x82,0x48,0xff,0x82,0x48,0xff,0x00,0x00,0x00,0x00,0x00,0x00,
    0x82,0x48,0xff,0x82,0x48,0xff,0x66,0xc1,0xff,0x66,0xc1,0xff,
    0x66,0xc1,0xff,0x66,0xc1,0xff,0x66,0xc1,0xff,0x66,0xc1,0xff,
    0x82,0x48,0xff,0x82,0x48,0xff,0x82,0x48,0xff,0x66,0xc1,0xff,
    0x66,0xc1,0xff,0x66,0xc1,0xff,0x66,0xc1,0xff,0x66,0xc1,0xff,
    0x66,0xc1,0xff,0x82,0x48,0xff,0x82,0x48,0xff,0x00,0x00,0x00,
    0x00,0x00,0x00,0x82,0x48,0xff,0x82,0x48,0xff,0x66,0xc1,0xff,
    0x66,0xc1,0xff,0x66,0xc1,0xff,0x66,0xc1,0xff,0x66,0xc1,0xff,
    0x82,0x48,0xff,0x82,0x48,0xff,0x82,0x48,0xff,0x66,0xc1,0xff,
    0x66,0xc1,0xff,0x66,0xc1,0xff,0x66,0xc1,0xff,0x66,0xc1,0xff,
    0x66,0xc1,0xff,0x66,0xc1,0xff,0x82,0x48,0xff,0x82,0x48,0xff,
    0x00,0x00,0x00,0x00,0x00,0x00,0x82,0x48,0xff,0x82,0x48,0xff,
    0x66,0xc1,0xff,0x66,0xc1,0xff,0x66,0xc1,0xff,0x66,0xc1,0xff,
    0x66,0xc1,0xff,0x82,0x48,0xff,0x82,0x48,0xff,0x82,0x48,0xff,
    0x82,0x48,0xff,0x66,0xc1,0xff,0x66,0xc1,0xff,0x66,0xc1,0xff,
    0x66,0xc1,0xff,0x66,0xc1,0xff,0x66,0xc1,0xff,0x82,0x48,0xff,
    0x82,0x48,0xff,0x00,0x00,0x00,0x00,0x00,0x00,0x82,0x48,0xff,
    0x82,0x48,0xff,0x66,0xc1,0xff,0x66,0xc1,0xff,0x66,0xc1,0xff,
    0x66,0xc1,0xff,0x66,0xc1,0xff,0x66,0xc1,0xff,0x82,0x48,0xff,
    0x66,0xc1,0xff,0x82,0x48,0xff,0x66,0xc1,0xff,0x66,0xc1,0xff,
    0x66,0xc1,0xff,0x66,0xc1,0xff,0x66,0xc1,0xff,0x66,0xc1,0xff,
    0x82,0x48,0xff,0x82,0x48,0xff,0x00,0x00,0x00,0x00,0x00,0x00,
    0x82,0x48,0xff,0x82,0x48,0xff,0x82,0x48,0xff,0x66,0xc1,0xff,
    0x66,0xc1,0xff,0x66,0xc1,0xff,0x66,0xc1,0xff,0x66,0xc1,0xff,
    0x66,0xc1,0xff,0x66,0xc1,0xff,0x66,0xc1,0xff,0x66,0xc1,0xff,
    0x66,0xc1,0xff,0x66,0xc1,0xff,0x66,0xc1,0xff,0x66,0xc1,0xff,
    0x82,0x48,0xff,0x82,0x48,0xff,0x82,0x48,0xff,0x00,0x00,0x00,
    0x00,0x00,0x00,0x00,0x00,0x00,0x82,0x48,0xff,0x82,0x48,0xff,
    0x66,0xc1,0xff,0x66,0xc1,0xff,0x66,0xc1,0xff,0x66,0xc1,0xff,
    0x82,0x48,0xff,0x82,0x48,0xff,0x82,0x48,0xff,0x82,0x48,0xff,
    0x82,0x48,0xff,0x66,0xc1,0xff,0x66,0xc1,0xff,0x66,0xc1,0xff,
    0x66,0xc1,0xff,0x82,0x48,0xff,0x82,0x48,0xff,0x00,0x00,0x00,
    0x00,0x00,0x00,0x00,0x00,0x00,0x00,0x00,0x00,0x82,0x48,0xff,
    0x82,0x48,0xff,0x66,0xc1,0xff,0x66,0xc1,0xff,0x82,0x48,0xff,
    0x82,0x48,0xff,0x82,0x48,0xff,0xa2,0x58,0xff,0xa2,0x58,0xff,
    0xa2,0x58,0xff,0x82,0x48,0xff,0x82,0x48,0xff,0x82,0x48,0xff,
    0x66,0xc1,0xff,0x66,0xc1,0xff,0x82,0x48,0xff,0x82,0x48,0xff,
    0x00,0x00,0x00,0x00,0x00,0x00,0x00,0x00,0x00,0x00,0x00,0x00,
    0x82,0x48,0xff,0x82,0x48,0xff,0x66,0xc1,0xff,0x82,0x48,0xff,
    0x82,0x48,0xff,0xa2,0x58,0xff,0xa2,0x58,0xff,0xa2,0x58,0xff,
    0xa2,0x58,0xff,0xa2,0x58,0xff,0xa2,0x58,0xff,0xa2,0x58,0xff,
    0x82,0x48,0xff,0x82,0x48,0xff,0x66,0xc1,0xff,0x82,0x48,0xff,
    0x82,0x48,0xff,0x00,0x00,0x00,0x00,0x00,0x00,0x00,0x00,0x00,
    0x82,0x48,0xff,0x82,0x48,0xff,0x66,0xc1,0xff,0x66,0xc1,0xff,
    0x82,0x48,0xff,0xa2,0x58,0xff,0xa2,0x58,0xff,0xa2,0x58,0xff,
    0xa2,0x58,0xff,0xa2,0x58,0xff,0xa2,0x58,0xff,0xa2,0x58,0xff,
    0xa2,0x58,0xff,0xa2,0x58,0xff,0x82,0x48,0xff,0x66,0xc1,0xff,
    0x66,0xc1,0xff,0x82,0x48,0xff,0x82,0x48,0xff,0x00,0x00,0x00,
    0x00,0x00,0x00,0x82,0x48,0xff,0x82,0x48,0xff,0x66,0xc1,0xff,
    0x66,0xc1,0xff,0x82,0x48,0xff,0xa2,0x58,0xff,0xa2,0x58,0xff,
    0xa2,0x58,0xff,0xa2,0x58,0xff,0xa2,0x58,0xff,0xa2,0x58,0xff,
    0xa2,0x58,0xff,0xa2,0x58,0xff,0xa2,0x58,0xff,0x82,0x48,0xff,
    0x66,0xc1,0xff,0x66,0xc1,0xff,0x82,0x48,0xff,0x82,0x48,0xff,
    0x00,0x00,0x00,0x00,0x00,0x00,0x82,0x48,0xff,0x82,0x48,0xff,
    0x66,0xc1,0xff,0x66,0xc1,0xff,0x82,0x48,0xff,0xa2,0x58,0xff,
    0xa2,0x58,0xff,0xa2,0x58,0xff,0xa2,0x58,0xff,0xa2,0x58,0xff,
    0xa2,0x58,0xff,0xa2,0x58,0xff,0xa2,0x58,0xff,0xa2,0x58,0xff,
    0x82,0x48,0xff,0x66,0xc1,0xff,0x66,0xc1,0xff,0x82,0x48,0xff,
    0x82,0x48,0xff,0x00,0x00,0x00,0x00,0x00,0x00,0x82,0x48,0xff,
    0x82,0x48,0xff,0x66,0xc1,0xff,0x66,0xc1,0xff,0x82,0x48,0xff,
    0xa2,0x58,0xff,0xa2,0x58,0xff,0xa2,0x58,0xff,0xa2,0x58,0xff,
    0xa2,0x58,0xff,0xa2,0x58,0xff,0xa2,0x58,0xff,0xa2,0x58,0xff,
    0xa2,0x58,0xff,0x82,0x48,0xff,0x66,0xc1,0xff,0x66,0xc1,0xff,
    0x82,0x48,0xff,0x82,0x48,0xff,0x00,0x00,0x00,0x00,0x00,0x00,
    0x82,0x48,0xff,0x82,0x48,0xff,0x66,0xc1,0xff,0x66,0xc1,0xff,
    0x82,0x48,0xff,0xa2,0x58,0xff,0xa2,0x58,0xff,0xa2,0x58,0xff,
    0xa2,0x58,0xff,0xa2,0x58,0xff,0xa2,0x58,0xff,0xa2,0x58,0xff,
    0xa2,0x58,0xff,0xa2,0x58,0xff,0x82,0x48,0xff,0x66,0xc1,0xff,
    0x66,0xc1,0xff,0x82,0x48,0xff,0x82,0x48,0xff,0x00,0x00,0x00,
    0x00,0x00,0x00,0x82,0x48,0xff,0x82,0x48,0xff,0x66,0xc1,0xff,
    0x66,0xc1,0xff,0x82,0x48,0xff,0x82,0x48,0xff,0xa2,0x58,0xff,
    0xa2,0x58,0xff,0xa2,0x58,0xff,0xa2,0x58,0xff,0xa2,0x58,0xff,
    0xa2,0x58,0xff,0xa2,0x58,0xff,0x82,0x48,0xff,0x82,0x48,0xff,
    0x66,0xc1,0xff,0x66,0xc1,0xff,0x82,0x48,0xff,0x82,0x48,0xff,
    0x00,0x00,0x00,0x00,0x00,0x00,0x82,0x48,0xff,0x82,0x48,0xff,
    0x66,0xc1,0xff,0x66,0xc1,0xff,0x66,0xc1,0xff,0x82,0x48,0xff,
    0x82,0x48,0xff,0x82,0x48,0xff,0xa2,0x58,0xff,0xa2,0x58,0xff,
    0xa2,0x58,0xff,0x82,0x48,0xff,0x82,0x48,0xff,0x82,0x48,0xff,
    0x66,0xc1,0xff,0x66,0xc1,0xff,0x66,0xc1,0xff,0x82,0x48,0xff,
    0x82,0x48,0xff,0x00,0x00,0x00,0x00,0x00,0x00,0x82,0x48,0xff,
    0x82,0x48,0xff,0x66,0xc1,0xff,0x66,0xc1,0xff,0x66,0xc1,0xff,
    0x66,0xc1,0xff,0x66,0xc1,0xff,0x82,0x48,0xff,0x82,0x48,0xff,
    0x82,0x48,0xff,0x82,0x48,0xff,0x82,0x48,0xff,0x66,0xc1,0xff,
    0x66,0xc1,0xff,0x66,0xc1,0xff,0x66,0xc1,0xff,0x66,0xc1,0xff,
    0x82,0x48,0xff,0x82,0x48,0xff,0x00,0x00,0x00,0x82,0x48,0xff,
    0x82,0x48,0xff,0x66,0xc1,0xff,0x66,0xc1,0xff,0x66,0xc1,0xff,
    0x66,0xc1,0xff,0x66,0xc1,0xff,0x66,0xc1,0xff,0x66,0xc1,0xff,
    0x66,0xc1,0xff,0x66,0xc1,0xff,0x66,0xc1,0xff,0x66,0xc1,0xff,
    0x66,0xc1,0xff,0x66,0xc1,0xff,0x66,0xc1,0xff,0x66,0xc1,0xff,
    0x66,0xc1,0xff,0x66,0xc1,0xff,0x82,0x48,0xff,0x82,0x48,0xff,
    0x82,0x48,0xff,0x82,0x48,0xff,0x66,0xc1,0xff,0x66,0xc1,0xff,
    0x66,0xc1,0xff,0x66,0xc1,0xff,0x66,0xc1,0xff,0x66,0xc1,0xff,
    0x82,0x48,0xff,0x82,0x48,0xff,0x82,0x48,0xff,0x82,0x48,0xff,
    0x82,0x48,0xff,0x66,0xc1,0xff,0x66,0xc1,0xff,0x66,0xc1,0xff,
    0x66,0xc1,0xff,0x66,0xc1,0xff,0x66,0xc1,0xff,0x82,0x48,0xff,
    0x82,0x48,0xff,0x82,0x48,0xff,0x82,0x48,0xff,0x66,0xc1,0xff,
    0x66,0xc1,0xff,0x66,0xc1,0xff,0x66,0xc1,0xff,0x66,0xc1,0xff,
    0x82,0x48,0xff,0x82,0x48,0xff,0x82,0x48,0xff,0x82,0x48,0xff,
    0x82,0x48,0xff,0x82,0x48,0xff,0x82,0x48,0xff,0x66,0xc1,0xff,
    0x66,0xc1,0xff,0x66,0xc1,0xff,0x66,0xc1,0xff,0x66,0xc1,0xff,
    0x82,0x48,0xff,0x82,0x48,0xff,0x82,0x48,0xff,0x82,0x48,0xff,
    0x82,0x48,0xff,0x66,0xc1,0xff,0x66,0xc1,0xff,0x66,0xc1,0xff,
    0x66,0xc1,0xff,0x82,0x48,0xff,0x82,0x48,0xff,0xa2,0x58,0xff,
    0xa2,0x58,0xff,0xa2,0x58,0xff,0x82,0x48,0xff,0x82,0x48,0xff,
    0x66,0xc1,0xff,0x66,0xc1,0xff,0x66,0xc1,0xff,0x66,0xc1,0xff,
    0x82,0x48,0xff,0x82,0x48,0xff,0x82,0x48,0xff,0x00,0x00,0x00,
    0x82,0x48,0xff,0x82,0x48,0xff,0x82,0x48,0xff,0x66,0xc1,0xff,
    0x66,0xc1,0xff,0x82,0x48,0xff,0x82,0x48,0xff,0x82,0x48,0xff,
    0xa2,0x58,0xff,0xa2,0x58,0xff,0xa2,0x58,0xff,0x82,0x48,0xff,
    0x82,0x48,0xff,0x82,0x48,0xff,0x66,0xc1,0xff,0x66,0xc1,0xff,
    0x82,0x48,0xff,0x82,0x48,0xff,0x82,0x48,0xff,0x00,0x00,0x00,
    0x00,0x00,0x00,0x82,0x48,0xff,0x82,0x48,0xff,0x82,0x48,0xff,
    0x82,0x48,0xff,0x82,0x48,0xff,0x82,0x48,0xff,0x82,0x48,0xff,
    0x82,0x48,0xff,0x82,0x48,0xff,0x82,0x48,0xff,0x82,0x48,0xff,
    0x82,0x48,0xff,0x82,0x48,0xff,0x82,0x48,0xff,0x82,0x48,0xff,
    0x82,0x48,0xff,0x82,0x48,0xff,0x82,0x48,0xff,0x82,0x48,0xff,
    0x00,0x00,0x00,0x00,0x00,0x00,0x00,0x00,0x00,0x00,0x00,0x00,
    0x00,0x00,0x00,0x00,0x00,0x00,0x00,0x00,0x00,0x00,0x00,0x00,
    0x00,0x00,0x00,0x00,0x00,0x00,0x82,0x48,0xff,0x82,0x48,0xff,
    0x82,0x48,0xff,0x00,0x00,0x00,0x00,0x00,0x00,0x00,0x00,0x00,
    0x00,0x00,0x00,0x00,0x00,0x00,0x00,0x00,0x00,0x00,0x00,0x00,
    0x00,0x00,0x00,0x00,0x00,0x00
};
const lv_img_dsc_t sb_head_2 = {
  .header.cf = LV_IMG_CF_TRUE_COLOR_ALPHA,
  .header.always_zero = 0,
  .header.reserved = 0,
  .header.w = 21,
  .header.h = 38,
  .data_size = 2394,
  .data = sb_head_2_map,
};
static const LV_ATTRIBUTE_MEM_ALIGN LV_ATTRIBUTE_LARGE_CONST uint8_t sb_head_3_map[] = {
    0x00,0x00,0x00,0x00,0x00,0x00,0x00,0x00,0x00,0x00,0x00,0x00,
    0x00,0x00,0x00,0x00,0x00,0x00,0x82,0x48,0xff,0x82,0x48,0xff,
    0x82,0x48,0xff,0x82,0x48,0xff,0x82,0x48,0xff,0x82,0x48,0xff,
    0x82,0x48,0xff,0x82,0x48,0xff,0x82,0x48,0xff,0x00,0x00,0x00,
    0x00,0x00,0x00,0x00,0x00,0x00,0x00,0x00,0x00,0x00,0x00,0x00,
    0x00,0x00,0x00,0x00,0x00,0x00,0x00,0x00,0x00,0x00,0x00,0x00,
    0x00,0x00,0x00,0x00,0x00,0x00,0x82,0x48,0xff,0x82,0x48,0xff,
    0x82,0x48,0xff,0x82,0x48,0xff,0x82,0x48,0xff,0x82,0x48,0xff,
    0x82,0x48,0xff,0x82,0x48,0xff,0x82,0x48,0xff,0x82,0x48,0xff,
    0x82,0x48,0xff,0x00,0x00,0x00,0x00,0x00,0x00,0x00,0x00,0x00,
    0x00,0x00,0x00,0x00,0x00,0x00,0x00,0x00,0x00,0x00,0x00,0x00,
    0x00,0x00,0x00,0x82,0x48,0xff,0x82,0x48,0xff,0x82,0x48,0xff,
    0x82,0x48,0xff,0x66,0xc1,0xff,0x66,0xc1,0xff,0x66,0xc1,0xff,
    0x66,0xc1,0xff,0x66,0xc1,0xff,0x66,0xc1,0xff,0x66,0xc1,0xff,
    0x82,0x48,0xff,0x82,0x48,0xff,0x82,0x48,0xff,0x82,0x48,0xff,
    0x00,0x00,0x00,0x00,0x00,0x00,0x00,0x00,0x00,0x00,0x00,0x00,
    0x00,0x00,0x00,0x82,0x48,0xff,0x82,0x48,0xff,0x82,0x48,0xff,
    0x82,0x48,0xff,0x66,0xc1,0xff,0x82,0x48,0xff,0x82,0x48,0xff,
    0x82,0x48,0xff,0x82,0x48,0xff,0x82,0x48,0xff,0x82,0x48,0xff,
    0x82,0x48,0xff,0x66,0xc1,0xff,0x82,0x48,0xff,0x82,0x48,0xff,
    0x82,0x48,0xff,0x82,0x48,0xff,0x00,0x00,0x00,0x00,0x00,0x00,
    0x00,0x00,0x00,0x82,0x48,0xff,0x82,0x48,0xff,0x82,0x48,0xff,
    0x82,0x48,0xff,0x66,0xc1,0xff,0x82,0x48,0xff,0x82,0x48,0xff,
    0xa2,0x58,0xff,0xa2,0x58,0xff,0xa2,0x58,0xff,0xa2,0x58,0xff,
    0xa2,0x58,0xff,0x82,0x48,0xff,0x82,0x48,0xff,0x66,0xc1,0xff,
    0x82,0x48,0xff,0x82,0x48,0xff,0x82,0x48,0xff,0x82,0x48,0xff,
    0x00,0x00,0x00,0x82,0x48,0xff,0x82,0x48,0xff,0x82,0x48,0xff,
    0x82,0x48,0xff,0x66,0xc1,0xff,0x66,0xc1,0xff,0x82,0x48,0xff,
    0xa2,0x58,0xff,0xa2,0x58,0xff,0xa2,0x58,0xff,0xa2,0x58,0xff,
    0xa2,0x58,0xff,0xa2,0x58,0xff,0xa2,0x58,0xff,0x82,0x48,0xff,
    0x66,0xc1,0xff,0x66,0xc1,0xff,0x82,0x48,0xff,0x82,0x48,0xff,
    0x82,0x48,0xff,0x82,0x48,0xff,0x82,0x48,0xff,0x04,0x89,0xff,
    0x82,0x48,0xff,0x66,0xc1,0xff,0x66,0xc1,0xff,0x82,0x48,0xff,
    0x82,0x48,0xff,0xa2,0x58,0xff,0xa2,0x58,0xff,0xa2,0x58,0xff,
    0xa2,0x58,0xff,0xa2,0x58,0xff,0xa2,0x58,0xff,0xa2,0x58,0xff,
    0x82,0x48,0xff,0x82,0x48,0xff,0x66,0xc1,0xff,0x66,0xc1,0xff,
    0x82,0x48,0xff,0x04,0x89,0xff,0x82,0x48,0xff,0x82,0x48,0xff,
    0x04,0x89,0xff,0x82,0x48,0xff,0x66,0xc1,0xff,0x82,0x48,0xff,
    0x82,0x48,0xff,0xa2,0x58,0xff,0xa2,0x58,0xff,0xa2,0x58,0xff,
    0xa2,0x58,0xff,0xa2,0x58,0xff,0xa2,0x58,0xff,0xa2,0x58,0xff,
    0xa2,0x58,0xff,0xa2,0x58,0xff,0x82,0x48,0xff,0x82,0x48,0xff,
    0x66,0xc1,0xff,0x82,0x48,0xff,0x04,0x89,0xff,0x82,0x48,0xff,
    0x82,0x48,0xff,0x04,0x89,0xff,0x82,0x48,0xff,0x66,0xc1,0xff,
    0x82,0x48,0xff,0xa2,0x58,0xff,0xa2,0x58,0xff,0xa2,0x58,0xff,
    0xa2,0x58,0xff,0xa2,0x58,0xff,0xa2,0x58,0xff,0xa2,0x58,0xff,
    0xa2,0x58,0xff,0xa2,0x58,0xff,0xa2,0x58,0xff,0xa2,0x58,0xff,
    0x82,0x48,0xff,0x66,0xc1,0xff,0x82,0x48,0xff,0x04,0x89,0xff,
    0x82,0x48,0xff,0x82,0x48,0xff,0x04,0x89,0xff,0x82,0x48,0xff,
    0x66,0xc1,0xff,0x82,0x48,0xff,0x82,0x48,0xff,0xa2,0x58,0xff,
    0xa2,0x58,0xff,0xa2,0x58,0xff,0xa2,0x58,0xff,0xa2,0x58,0xff,
    0xa2,0x58,0xff,0xa2,0x58,0xff,0xa2,0x58,0xff,0xa2,0x58,0xff,
    0x82,0x48,0xff,0x82,0x48,0xff,0x66,0xc1,0xff,0x82,0x48,0xff,
    0x04,0x89,0xff,0x82,0x48,0xff,0x82,0x48,0xff,0x04,0x89,0xff,
    0x82,0x48,0xff,0x66,0xc1,0xff,0x66,0xc1,0xff,0x82,0x48,0xff,
    0xa2,0x58,0xff,0xa2,0x58,0xff,0xa2,0x58,0xff,0xa2,0x58,0xff,
    0xa2,0x58,0xff,0xa2,0x58,0xff,0xa2,0x58,0xff,0xa2,0x58,0xff,
    0xa2,0x58,0xff,0x82,0x48,0xff,0x66,0xc1,0xff,0x66,0xc1,0xff,
    0x82,0x48,0xff,0x04,0x89,0xff,0x82,0x48,0xff,0x82,0x48,0xff,
    0x04,0x89,0xff,0x82,0x48,0xff,0x66,0xc1,0xff,0x66,0xc1,0xff,
    0x82,0x48,0xff,0x82,0x48,0xff,0xa2,0x58,0xff,0xa2,0x58,0xff,
    0xa2,0x58,0xff,0xa2,0x58,0xff,0xa2,0x58,0xff,0xa2,0x58,0xff,
    0xa2,0x58,0xff,0x82,0x48,0xff,0x82,0x48,0xff,0x66,0xc1,0xff,
    0x66,0xc1,0xff,0x82,0x48,0xff,0x04,0x89,0xff,0x82,0x48,0xff,
    0x82,0x48,0xff,0x82,0x48,0xff,0x82,0x48,0xff,0x66,0xc1,0xff,
    0x66,0xc1,0xff,0x66,0xc1,0xff,0x82,0x48,0xff,0xa2,0x58,0xff,
    0xa2,0x58,0xff,0xa2,0x58,0xff,0xa2,0x58,0xff,0xa2,0x58,0xff,
    0xa2,0x58,0xff,0xa2,0x58,0xff,0x82,0x48,0xff,0x66,0xc1,0xff,
    0x66,0xc1,0xff,0x66,0xc1,0xff,0x82,0x48,0xff,0x82,0x48,0xff,
    0x82,0x48,0xff,0x00,0x00,0x00,0x82,0x48,0xff,0x82,0x48,0xff,
    0x66,0xc1,0xff,0x66,0xc1,0xff,0x66,0xc1,0xff,0x82,0x48,0xff,
    0x82,0x48,0xff,0xa2,0x58,0xff,0xa2,0x58,0xff,0xa2,0x58,0xff,
    0xa2,0x58,0xff,0xa2,0x58,0xff,0x82,0x48,0xff,0x82,0x48,0xff,
    0x66,0xc1,0xff,0x66,0xc1,0xff,0x66,0xc1,0xff,0x82,0x48,0xff,
    0x82,0x48,0xff,0x00,0x00,0x00,0x00,0x00,0x00,0x82,0x48,0xff,
    0x82,0x48,0xff,0x66,0xc1,0xff,0x66,0xc1,0xff,0x66,0xc1,0xff,
    0x66,0xc1,0xff,0x82,0x48,0xff,0x82,0x48,0xff,0x82,0x48,0xff,
    0x82,0x48,0xff,0x82,0x48,0xff,0x82,0x48,0xff,0x82,0x48,0xff,
    0x66,0xc1,0xff,0x66,0xc1,0xff,0x66,0xc1,0xff,0x66,0xc1,0xff,
    0x82,0x48,0xff,0x82,0x48,0xff,0x00,0x00,0x00,0x00,0x00,0x00,
    0x82,0x48,0xff,0x82,0x48,0xff,0x66,0xc1,0xff,0x66,0xc1,0xff,
    0x66,0xc1,0xff,0x66,0xc1,0xff,0x66,0xc1,0xff,0x66,0xc1,0xff,
    0x66,0xc1,0xff,0x66,0xc1,0xff,0x66,0xc1,0xff,0x66,0xc1,0xff,
    0x66,0xc1,0xff,0x66,0xc1,0xff,0x66,0xc1,0xff,0x66,0xc1,0xff,
    0x66,0xc1,0xff,0x82,0x48,0xff,0x82,0x48,0xff,0x00,0x00,0x00,
    0x00,0x00,0x00,0x82,0x48,0xff,0x82,0x48,0xff,0x66,0xc1,0xff,
    0x66,0xc1,0xff,0x66,0xc1,0xff,0x66,0xc1,0xff,0x66,0xc1,0xff,
    0x66,0xc1,0xff,0x82,0x48,0xff,0x82,0x48,0xff,0x82,0x48,0xff,
    0x66,0xc1,0xff,0x66,0xc1,0xff,0x66,0xc1,0xff,0x66,0xc1,0xff,
    0x66,0xc1,0xff,0x66,0xc1,0xff,0x82,0x48,0xff,0x82,0x48,0xff,
    0x00,0x00,0x00,0x00,0x00,0x00,0x82,0x48,0xff,0x82,0x48,0xff,
    0x66,0xc1,0xff,0x66,0xc1,0xff,0x66,0xc1,0xff,0x66,0xc1,0xff,
    0x66,0xc1,0xff,0x82,0x48,0xff,0x82,0x48,0xff,0x82,0x48,0xff,
    0x66,0xc1,0xff,0x82,0x48,0xff,0x66,0xc1,0xff,0x66,0xc1,0xff,
    0x66,0xc1,0xff,0x66,0xc1,0xff,0x66,0xc1,0xff,0x82,0x48,0xff,
    0x82,0x48,0xff,0x00,0x00,0x00,0x00,0x00,0x00,0x82,0x48,0xff,
    0x82,0x48,0xff,0x82,0x48,0xff,0x66,0xc1,0xff,0x66,0xc1,0xff,
    0x66,0xc1,0xff,0x66,0xc1,0xff,0x66,0xc1,0xff,0x82,0x48,0xff,
    0x82,0x48,0xff,0x82,0x48,0xff,0x66,0xc1,0xff,0x66,0xc1,0xff,
    0x66,0xc1,0xff,0x66,0xc1,0xff,0x66,0xc1,0xff,0x82,0x48,0xff,
    0x82,0x48,0xff,0x82,0x48,0xff,0x00,0x00,0x00,0x00,0x00,0x00,
    0x00,0x00,0x00,0x82,0x48,0xff,0x82,0x48,0xff,0x66,0xc1,0xff,
    0x66,0xc1,0xff,0x66,0xc1,0xff,0x66,0xc1,0xff,0x66,0xc1,0xff,
    0x82,0x48,0xff,0x82,0x48,0xff,0x82,0x48,0xff,0x66,0xc1,0xff,
    0x66,0xc1,0xff,0x66,0xc1,0xff,0x66,0xc1,0xff,0x66,0xc1,0xff,
    0x82,0x48,0xff,0x82,0x48,0xff,0x00,0x00,0x00,0x00,0x00,0x00,
    0x00,0x00,0x00,0x00,0x00,0x00,0x82,0x48,0xff,0x82,0x48,0xff,
    0x66,0xc1,0xff,0x66,0xc1,0xff,0x66,0xc1,0xff,0x66,0xc1,0xff,
    0x66,0xc1,0xff,0x82,0x48,0xff,0x82,0x48,0xff,0x82,0x48,0xff,
    0x66,0xc1,0xff,0x66,0xc1,0xff,0x66,0xc1,0xff,0x66,0xc1,0xff,
    0x66,0xc1,0xff,0x82,0x48,0xff,0x82,0x48,0xff,0x00,0x00,0x00,
    0x00,0x00,0x00,0x00,0x00,0x00,0x00,0x00,0x00,0x82,0x48,0xff,
    0x82,0x48,0xff,0x66,0xc1,0xff,0x66,0xc1,0xff,0x66,0xc1,0xff,
    0x82,0x48,0xff,0x82,0x48,0xff,0x82,0x48,0xff,0xa2,0x58,0xff,
    0x82,0x48,0xff,0x82,0x48,0xff,0x82,0x48,0xff,0x66,0xc1,0xff,
    0x66,0xc1,0xff,0x66,0xc1,0xff,0x82,0x48,0xff,0x82,0x48,0xff,
    0x00,0x00,0x00,0x00,0x00,0x00,0x00,0x00,0x00,0x00,0x00,0x00,
    0x82,0x48,0xff,0x82,0x48,0xff,0x66,0xc1,0xff,0x66,0xc1,0xff,
    0x82,0x48,0xff,0x82,0x48,0xff,0xa2,0x58,0xff,0xa2,0x58,0xff,
    0xa2,0x58,0xff,0xa2,0x58,0xff,0xa2,0x58,0xff,0x82,0x48,0xff,
    0x82,0x48,0xff,0x66,0xc1,0xff,0x66,0xc1,0xff,0x82,0x48,0xff,
    0x82,0x48,0xff,0x00,0x00,0x00,0x00,0x00,0x00,0x00,0x00,0x00,
    0x00,0x00,0x00,0x82,0x48,0xff,0x82,0x48,0xff,0x66,0xc1,0xff,
    0x82,0x48,0xff,0x82,0x48,0xff,0xa2,0x58,0xff,0xa2,0x58,0xff,
    0xa2,0x58,0xff,0xa2,0x58,0xff,0xa2,0x58,0xff,0xa2,0x58,0xff,
    0xa2,0x58,0xff,0x82,0x48,0xff,0x82,0x48,0xff,0x66,0xc1,0xff,
    0x82,0x48,0xff,0x82,0x48,0xff,0x00,0x00,0x00,0x00,0x00,0x00,
    0x00,0x00,0x00,0x00,0x00,0x00,0x82,0x48,0xff,0x82,0x48,0xff,
    0x66,0xc1,0xff,0x82,0x48,0xff,0xa2,0x58,0xff,0xa2,0x58,0xff,
    0xa2,0x58,0xff,0xa2,0x58,0xff,0xa2,0x58,0xff,0xa2,0x58,0xff,
    0xa2,0x58,0xff,0xa2,0x58,0xff,0xa2,0x58,0xff,0x82,0x48,0xff,
    0x66,0xc1,0xff,0x82,0x48,0xff,0x82,0x48,0xff,0x00,0x00,0x00,
    0x00,0x00,0x00,0x00,0x00,0x00,0x82,0x48,0xff,0x82,0x48,0xff,
    0x82,0x48,0xff,0x66,0xc1,0xff,0x82,0x48,0xff,0xa2,0x58,0xff,
    0xa2,0x58,0xff,0xa2,0x58,0xff,0xa2,0x58,0xff,0xa2,0x58,0xff,
    0xa2,0x58,0xff,0xa2,0x58,0xff,0xa2,0x58,0xff,0xa2,0x58,0xff,
    0x82,0x48,0xff,0x66,0xc1,0xff,0x82,0x48,0xff,0x82,0x48,0xff,
    0x82,0x48,0xff,0x00,0x00,0x00,0x00,0x00,0x00,0x82,0x48,0xff,
    0x82,0x48,0xff,0x66,0xc1,0xff,0x66,0xc1,0xff,0x82,0x48,0xff,
    0xa2,0x58,0xff,0xa2,0x58,0xff,0xa2,0x58,0xff,0xa2,0x58,0xff,
    0xa2,0x58,0xff,0xa2,0x58,0xff,0xa2,0x58,0xff,0xa2,0x58,0xff,
    0xa2,0x58,0xff,0x82,0x48,0xff,0x66,0xc1,0xff,0x66,0xc1,0xff,
    0x82,0x48,0xff,0x82,0x48,0xff,0x00,0x00,0x00,0x00,0x00,0x00,
    0x82,0x48,0xff,0x82,0x48,0xff,0x66,0xc1,0xff,0x66,0xc1,0xff,
    0x82,0x48,0xff,0xa2,0x58,0xff,0xa2,0x58,0xff,0xa2,0x58,0xff,
    0xa2,0x58,0xff,0xa2,0x58,0xff,0xa2,0x58,0xff,0xa2,0x58,0xff,
    0xa2,0x58,0xff,0xa2,0x58,0xff,0x82,0x48,0xff,0x66,0xc1,0xff,
    0x66,0xc1,0xff,0x82,0x48,0xff,0x82,0x48,0xff,0x00,0x00,0x00,
    0x00,0x00,0x00,0x82,0x48,0xff,0x82,0x48,0xff,0x66,0xc1,0xff,
    0x66,0xc1,0xff,0x82,0x48,0xff,0x82,0x48,0xff,0xa2,0x58,0xff,
    0xa2,0x58,0xff,0xa2,0x58,0xff,0xa2,0x58,0xff,0xa2,0x58,0xff,
    0xa2,0x58,0xff,0xa2,0x58,0xff,0x82,0x48,0xff,0x82,0x48,0xff,
    0x66,0xc1,0xff,0x66,0xc1,0xff,0x82,0x48,0xff,0x82,0x48,0xff,
    0x00,0x00,0x00,0x00,0x00,0x00,0x82,0x48,0xff,0x82,0x48,0xff,
    0x66,0xc1,0xff,0x66,0xc1,0xff,0x66,0xc1,0xff,0x82,0x48,0xff,
    0x82,0x48,0xff,0xa2,0x58,0xff,0xa2,0x58,0xff,0xa2,0x58,0xff,
    0xa2,0x58,0xff,0xa2,0x58,0xff,0x82,0x48,0xff,0x82,0x48,0xff,
    0x66,0xc1,0xff,0x66,0xc1,0xff,0x66,0xc1,0xff,0x82,0x48,0xff,
    0x82,0x48,0xff,0x00,0x00,0x00,0x00,0x00,0x00,0x82,0x48,0xff,
    0x82,0x48,0xff,0x66,0xc1,0xff,0x66,0xc1,0xff,0x66,0xc1,0xff,
    0x66,0xc1,0xff,0x82,0x48,0xff,0x82,0x48,0xff,0x82,0x48,0xff,
    0xa2,0x58,0xff,0x82,0x48,0xff,0x82,0x48,0xff,0x82,0x48,0xff,
    0x66,0xc1,0xff,0x66,0xc1,0xff,0x66,0xc1,0xff,0x66,0xc1,0xff,
    0x82,0x48,0xff,0x82,0x48,0xff,0x00,0x00,0x00,0x00,0x00,0x00,
    0x82,0x48,0xff,0x82,0x48,0xff,0x66,0xc1,0xff,0x66,0xc1,0xff,
    0x66,0xc1,0xff,0x66,0xc1,0xff,0x66,0xc1,0xff,0x66,0xc1,0xff,
    0x82,0x48,0xff,0x82,0x48,0xff,0x82,0x48,0xff,0x66,0xc1,0xff,
    0x66,0xc1,0xff,0x66,0xc1,0xff,0x66,0xc1,0xff,0x66,0xc1,0xff,
    0x66,0xc1,0xff,0x82,0x48,0xff,0x82,0x48,0xff,0x00,0x00,0x00,
    0x82,0x48,0xff,0x82,0x48,0xff,0x82,0x48,0xff,0x66,0xc1,0xff,
    0x66,0xc1,0xff,0x66,0xc1,0xff,0x66,0xc1,0xff,0x66,0xc1,0xff,
    0x66,0xc1,0xff,0x66,0xc1,0xff,0x66,0xc1,0xff,0x66,0xc1,0xff,
    0x66,0xc1,0xff,0x66,0xc1,0xff,0x66,0xc1,0xff,0x66,0xc1,0xff,
    0x66,0xc1,0xff,0x66,0xc1,0xff,0x82,0x48,0xff,0x82,0x48,0xff,
    0x82,0x48,0xff,0x82,0x48,0xff,0x82,0x48,0xff,0x66,0xc1,0xff,
    0x66,0xc1,0xff,0x66,0xc1,0xff,0x66,0xc1,0xff,0x66,0xc1,0xff,
    0x66,0xc1,0xff,0x82,0x48,0xff,0x82,0x48,0xff,0x82,0x48,0xff,
    0x82,0x48,0xff,0x82,0x48,0xff,0x66,0xc1,0xff,0x66,0xc1,0xff,
    0x66,0xc1,0xff,0x66,0xc1,0xff,0x66,0xc1,0xff,0x66,0xc1,0xff,
    0x82,0x48,0xff,0x82,0x48,0xff,0x82,0x48,0xff,0x82,0x48,0xff,
    0x82,0x48,0xff,0x66,0xc1,0xff,0x66,0xc1,0xff,0x66,0xc1,0xff,
    0x66,0xc1,0xff,0x82,0x48,0xff,0x82,0x48,0xff,0xa2,0x58,0xff,
    0xa2,0x58,0xff,0xa2,0x58,0xff,0x82,0x48,0xff,0x82,0x48,0xff,
    0x66,0xc1,0xff,0x66,0xc1,0xff,0x66,0xc1,0xff,0x66,0xc1,0xff,
    0x82,0x48,0xff,0x82,0x48,0xff,0x82,0x48,0xff,0x82,0x48,0xff,
    0x82,0x48,0xff,0x82,0x48,0xff,0x66,0xc1,0xff,0x66,0xc1,0xff,
    0x66,0xc1,0xff,0x66,0xc1,0xff,0x82,0x48,0xff,0x82,0x48,0xff,
    0xa2,0x58,0xff,0xa2,0x58,0xff,0xa2,0x58,0xff,0x82,0x48,0xff,
    0x82,0x48,0xff,0x66,0xc1,0xff,0x66,0xc1,0xff,0x66,0xc1,0xff,
    0x66,0xc1,0xff,0x82,0x48,0xff,0x82,0x48,0xff,0x82,0x48,0xff,
    0x00,0x00,0x00,0x82,0x48,0xff,0x82,0x48,0xff,0x82,0x48,0xff,
    0x66,0xc1,0xff,0x66,0xc1,0xff,0x82,0x48,0xff,0x82,0x48,0xff,
    0x82,0x48,0xff,0xa2,0x58,0xff,0xa2,0x58,0xff,0xa2,0x58,0xff,
    0x82,0x48,0xff,0x82,0x48,0xff,0x82,0x48,0xff,0x66,0xc1,0xff,
    0x66,0xc1,0xff,0x82,0x48,0xff,0x82,0x48,0xff,0x82,0x48,0xff,
    0x00,0x00,0x00,0x00,0x00,0x00,0x00,0x00,0x00,0x82,0x48,0xff,
    0x82,0x48,0xff,0x82,0x48,0xff,0x82,0x48,0xff,0x82,0x48,0xff,
    0x82,0x48,0xff,0x82,0x48,0xff,0x82,0x48,0xff,0x82,0x48,0xff,
    0x82,0x48,0xff,0x82,0x48,0xff,0x82,0x48,0xff,0x82,0x48,0xff,
    0x82,0x48,0xff,0x82,0x48,0xff,0x82,0x48,0xff,0x82,0x48,0xff,
    0x00,0x00,0x00,0x00,0x00,0x00,0x00,0x00,0x00,0x00,0x00,0x00,
    0x00,0x00,0x00,0x00,0x00,0x00,0x00,0x00,0x00,0x00,0x00,0x00,
    0x00,0x00,0x00,0x00,0x00,0x00,0x00,0x00,0x00,0x00,0x00,0x00,
    0x82,0x48,0xff,0x00,0x00,0x00,0x00,0x00,0x00,0x00,0x00,0x00,
    0x00,0x00,0x00,0x00,0x00,0x00,0x00,0x00,0x00,0x00,0x00,0x00,
    0x00,0x00,0x00,0x00,0x00,0x00,0x00,0x00,0x00
};
const lv_img_dsc_t sb_head_3 = {
  .header.cf = LV_IMG_CF_TRUE_COLOR_ALPHA,
  .header.always_zero = 0,
  .header.reserved = 0,
  .header.w = 21,
  .header.h = 39,
  .data_size = 2457,
  .data = sb_head_3_map,
};
static const LV_ATTRIBUTE_MEM_ALIGN LV_ATTRIBUTE_LARGE_CONST uint8_t sb_head_4_map[] = {
    0x00,0x00,0x00,0x00,0x00,0x00,0x00,0x00,0x00,0x00,0x00,0x00,
    0x00,0x00,0x00,0x00,0x00,0x00,0x82,0x48,0xff,0x82,0x48,0xff,
    0x82,0x48,0xff,0x82,0x48,0xff,0x82,0x48,0xff,0x82,0x48,0xff,
    0x82,0x48,0xff,0x82,0x48,0xff,0x82,0x48,0xff,0x82,0x48,0xff,
    0x00,0x00,0x00,0x00,0x00,0x00,0x00,0x00,0x00,0x00,0x00,0x00,
    0x00,0x00,0x00,0x00,0x00,0x00,0x00,0x00,0x00,0x00,0x00,0x00,
    0x00,0x00,0x00,0x00,0x00,0x00,0x00,0x00,0x00,0x82,0x48,0xff,
    0x82,0x48,0xff,0x82,0x48,0xff,0x82,0x48,0xff,0x82,0x48,0xff,
    0x82,0x48,0xff,0x82,0x48,0xff,0x82,0x48,0xff,0x82,0x48,0xff,
    0x82,0x48,0xff,0x82,0x48,0xff,0x82,0x48,0xff,0x00,0x00,0x00,
    0x00,0x00,0x00,0x00,0x00,0x00,0x00,0x00,0x00,0x00,0x00,0x00,
    0x00,0x00,0x00,0x00,0x00,0x00,0x00,0x00,0x00,0x82,0x48,0xff,
    0x82,0x48,0xff,0x82,0x48,0xff,0x82,0x48,0xff,0x82,0x48,0xff,
    0x66,0xc1,0xff,0x66,0xc1,0xff,0x66,0xc1,0xff,0x66,0xc1,0xff,
    0x66,0xc1,0xff,0x66,0xc1,0xff,0x82,0x48,0xff,0x82,0x48,0xff,
    0x82,0x48,0xff,0x82,0x48,0xff,0x82,0x48,0xff,0x00,0x00,0x00,
    0x00,0x00,0x00,0x00,0x00,0x00,0x00,0x00,0x00,0x00,0x00,0x00,
    0x82,0x48,0xff,0x82,0x48,0xff,0x82,0x48,0xff,0x82,0x48,0xff,
    0x66,0xc1,0xff,0x82,0x48,0xff,0x82,0x48,0xff,0x82,0x48,0xff,
    0x82,0x48,0xff,0x82,0x48,0xff,0x82,0x48,0xff,0x82,0x48,0xff,
    0x82,0x48,0xff,0x66,0xc1,0xff,0x82,0x48,0xff,0x82,0x48,0xff,
    0x82,0x48,0xff,0x82,0x48,0xff,0x00,0x00,0x00,0x00,0x00,0x00,
    0x00,0x00,0x00,0x82,0x48,0xff,0x82,0x48,0xff,0x82,0x48,0xff,
    0x82,0x48,0xff,0x66,0xc1,0xff,0x82,0x48,0xff,0x82,0x48,0xff,
    0xa2,0x58,0xff,0xa2,0x58,0xff,0xa2,0x58,0xff,0xa2,0x58,0xff,
    0xa2,0x58,0xff,0xa2,0x58,0xff,0x82,0x48,0xff,0x82,0x48,0xff,
    0x66,0xc1,0xff,0x82,0x48,0xff,0x82,0x48,0xff,0x82,0x48,0xff,
    0x82,0x48,0xff,0x00,0x00,0x00,0x00,0x00,0x00,0x82,0x48,0xff,
    0x82,0x48,0xff,0x82,0x48,0xff,0x66,0xc1,0xff,0x66,0xc1,0xff,
    0x82,0x48,0xff,0xa2,0x58,0xff,0xa2,0x58,0xff,0xa2,0x58,0xff,
    0xa2,0x58,0xff,0xa2,0x58,0xff,0xa2,0x58,0xff,0xa2,0x58,0xff,
    0xa2,0x58,0xff,0x82,0x48,0xff,0x66,0xc1,0xff,0x66,0xc1,0xff,
    0x82,0x48,0xff,0x82,0x48,0xff,0x82,0x48,0xff,0x00,0x00,0x00,
    0x82,0x48,0xff,0x82,0x48,0xff,0x82,0x48,0xff,0x66,0xc1,0xff,
    0x66,0xc1,0xff,0x82,0x48,0xff,0x82,0x48,0xff,0xa2,0x58,0xff,
    0xa2,0x58,0xff,0xa2,0x58,0xff,0xa2,0x58,0xff,0xa2,0x58,0xff,
    0xa2,0x58,0xff,0xa2,0x58,0xff,0xa2,0x58,0xff,0x82,0x48,0xff,
    0x82,0x48,0xff,0x66,0xc1,0xff,0x66,0xc1,0xff,0x82,0x48,0xff,
    0x82,0x48,0xff,0x82,0x48,0xff,0x82,0x48,0xff,0x04,0x89,0xff,
    0x82,0x48,0xff,0x66,0xc1,0xff,0x66,0xc1,0xff,0x82,0x48,0xff,
    0xa2,0x58,0xff,0xa2,0x58,0xff,0xa2,0x58,0xff,0xa2,0x58,0xff,
    0xa2,0x58,0xff,0xa2,0x58,0xff,0xa2,0x58,0xff,0xa2,0x58,0xff,
    0xa2,0x58,0xff,0xa2,0x58,0xff,0x82,0x48,0xff,0x66,0xc1,0xff,
    0x66,0xc1,0xff,0x82,0x48,0xff,0x04,0x89,0xff,0x82,0x48,0xff,
    0x82,0x48,0xff,0x04,0x89,0xff,0x82,0x48,0xff,0x66,0xc1,0xff,
    0x82,0x48,0xff,0x82,0x48,0xff,0xa2,0x58,0xff,0xa2,0x58,0xff,
    0xa2,0x58,0xff,0xa2,0x58,0xff,0xa2,0x58,0xff,0xa2,0x58,0xff,
    0xa2,0x58,0xff,0xa2,0x58,0xff,0xa2,0x58,0xff,0xa2,0x58,0xff,
    0x82,0x48,0xff,0x82,0x48,0xff,0x66,0xc1,0xff,0x82,0x48,0xff,
    0x04,0x89,0xff,0x82,0x48,0xff,0x82,0x48,0xff,0x04,0x89,0xff,
    0x82,0x48,0xff,0x66,0xc1,0xff,0x82,0x48,0xff,0x82,0x48,0xff,
    0xa2,0x58,0xff,0xa2,0x58,0xff,0xa2,0x58,0xff,0xa2,0x58,0xff,
    0xa2,0x58,0xff,0xa2,0x58,0xff,0xa2,0x58,0xff,0xa2,0x58,0xff,
    0xa2,0x58,0xff,0xa2,0x58,0xff,0x82,0x48,0xff,0x82,0x48,0xff,
    0x66,0xc1,0xff,0x82,0x48,0xff,0x04,0x89,0xff,0x82,0x48,0xff,
    0x82,0x48,0xff,0x04,0x89,0xff,0x82,0x48,0xff,0x66,0xc1,0xff,
    0x66,0xc1,0xff,0x82,0x48,0xff,0xa2,0x58,0xff,0xa2,0x58,0xff,
    0xa2,0x58,0xff,0xa2,0x58,0xff,0xa2,0x58,0xff,0xa2,0x58,0xff,
    0xa2,0x58,0xff,0xa2,0x58,0xff,0xa2,0x58,0xff,0xa2,0x58,0xff,
    0x82,0x48,0xff,0x66,0xc1,0xff,0x66,0xc1,0xff,0x82,0x48,0xff,
    0x04,0x89,0xff,0x82,0x48,0xff,0x82,0x48,0xff,0x04,0x89,0xff,
    0x82,0x48,0xff,0x66,0xc1,0xff,0x66,0xc1,0xff,0x82,0x48,0xff,
    0x82,0x48,0xff,0xa2,0x58,0xff,0xa2,0x58,0xff,0xa2,0x58,0xff,
    0xa2,0x58,0xff,0xa2,0x58,0xff,0xa2,0x58,0xff,0xa2,0x58,0xff,
    0xa2,0x58,0xff,0x82,0x48,0xff,0x82,0x48,0xff,0x66,0xc1,0xff,
    0x66,0xc1,0xff,0x82,0x48,0xff,0x04,0x89,0xff,0x82,0x48,0xff,
    0x82,0x48,0xff,0x82,0x48,0xff,0x82,0x48,0xff,0x66,0xc1,0xff,
    0x66,0xc1,0xff,0x66,0xc1,0xff,0x82,0x48,0xff,0xa2,0x58,0xff,
    0xa2,0x58,0xff,0xa2,0x58,0xff,0xa2,0x58,0xff,0xa2,0x58,0xff,
    0xa2,0x58,0xff,0xa2,0x58,0xff,0xa2,0x58,0xff,0x82,0x48,0xff,
    0x66,0xc1,0xff,0x66,0xc1,0xff,0x66,0xc1,0xff,0x82,0x48,0xff,
    0x82,0x48,0xff,0x82,0x48,0xff,0x00,0x00,0x00,0x82,0x48,0xff,
    0x82,0x48,0xff,0x66,0xc1,0xff,0x66,0xc1,0xff,0x66,0xc1,0xff,
    0x82,0x48,0xff,0x82,0x48,0xff,0xa2,0x58,0xff,0xa2,0x58,0xff,
    0xa2,0x58,0xff,0xa2,0x58,0xff,0xa2,0x58,0xff,0xa2,0x58,0xff,
    0x82,0x48,0xff,0x82,0x48,0xff,0x66,0xc1,0xff,0x66,0xc1,0xff,
    0x66,0xc1,0xff,0x82,0x48,0xff,0x82,0x48,0xff,0x00,0x00,0x00,
    0x00,0x00,0x00,0x82,0x48,0xff,0x82,0x48,0xff,0x66,0xc1,0xff,
    0x66,0xc1,0xff,0x66,0xc1,0xff,0x66,0xc1,0xff,0x82,0x48,0xff,
    0x82,0x48,0xff,0x82,0x48,0xff,0x82,0x48,0xff,0x82,0x48,0xff,
    0x82,0x48,0xff,0x82,0x48,0xff,0x82,0x48,0xff,0x66,0xc1,0xff,
    0x66,0xc1,0xff,0x66,0xc1,0xff,0x66,0xc1,0xff,0x82,0x48,0xff,
    0x82,0x48,0xff,0x00,0x00,0x00,0x00,0x00,0x00,0x82,0x48,0xff,
    0x82,0x48,0xff,0x66,0xc1,0xff,0x66,0xc1,0xff,0x66,0xc1,0xff,
    0x66,0xc1,0xff,0x66,0xc1,0xff,0x66,0xc1,0xff,0x66,0xc1,0xff,
    0x66,0xc1,0xff,0x66,0xc1,0xff,0x66,0xc1,0xff,0x66,0xc1,0xff,
    0x66,0xc1,0xff,0x66,0xc1,0xff,0x66,0xc1,0xff,0x66,0xc1,0xff,
    0x66,0xc1,0xff,0x82,0x48,0xff,0x82,0x48,0xff,0x00,0x00,0x00,
    0x00,0x00,0x00,0x82,0x48,0xff,0x82,0x48,0xff,0x66,0xc1,0xff,
    0x66,0xc1,0xff,0x66,0xc1,0xff,0x66,0xc1,0xff,0x66,0xc1,0xff,
    0x66,0xc1,0xff,0x82,0x48,0xff,0x82,0x48,0xff,0x82,0x48,0xff,
    0x66,0xc1,0xff,0x66,0xc1,0xff,0x66,0xc1,0xff,0x66,0xc1,0xff,
    0x66,0xc1,0xff,0x66,0xc1,0xff,0x66,0xc1,0xff,0x82,0x48,0xff,
    0x82,0x48,0xff,0x00,0x00,0x00,0x00,0x00,0x00,0x82,0x48,0xff,
    0x82,0x48,0xff,0x66,0xc1,0xff,0x66,0xc1,0xff,0x66,0xc1,0xff,
    0x66,0xc1,0xff,0x66,0xc1,0xff,0x66,0xc1,0xff,0x82,0x48,0xff,
    0x82,0x48,0xff,0x82,0x48,0xff,0x66,0xc1,0xff,0x66,0xc1,0xff,
    0x66,0xc1,0xff,0x66,0xc1,0xff,0x66,0xc1,0xff,0x66,0xc1,0xff,
    0x66,0xc1,0xff,0x82,0x48,0xff,0x82,0x48,0xff,0x00,0x00,0x00,
    0x00,0x00,0x00,0x82,0x48,0xff,0x82,0x48,0xff,0x82,0x48,0xff,
    0x66,0xc1,0xff,0x66,0xc1,0xff,0x66,0xc1,0xff,0x66,0xc1,0xff,
    0x66,0xc1,0xff,0x66,0xc1,0xff,0x82,0x48,0xff,0x66,0xc1,0xff,
    0x82,0x48,0xff,0x66,0xc1,0xff,0x66,0xc1,0xff,0x66,0xc1,0xff,
    0x66,0xc1,0xff,0x66,0xc1,0xff,0x82,0x48,0xff,0x82,0x48,0xff,
    0x82,0x48,0xff,0x00,0x00,0x00,0x00,0x00,0x00,0x00,0x00,0x00,
    0x82,0x48,0xff,0x82,0x48,0xff,0x66,0xc1,0xff,0x66,0xc1,0xff,
    0x66,0xc1,0xff,0x66,0xc1,0xff,0x66,0xc1,0xff,0x82,0x48,0xff,
    0x82,0x48,0xff,0x82,0x48,0xff,0x66,0xc1,0xff,0x66,0xc1,0xff,
    0x66,0xc1,0xff,0x66,0xc1,0xff,0x66,0xc1,0xff,0x66,0xc1,0xff,
    0x82,0x48,0xff,0x82,0x48,0xff,0x00,0x00,0x00,0x00,0x00,0x00,
    0x00,0x00,0x00,0x00,0x00,0x00,0x82,0x48,0xff,0x82,0x48,0xff,
    0x66,0xc1,0xff,0x66,0xc1,0xff,0x66,0xc1,0xff,0x66,0xc1,0xff,
    0x66,0xc1,0xff,0x66,0xc1,0xff,0x66,0xc1,0xff,0x66,0xc1,0xff,
    0x66,0xc1,0xff,0x66,0xc1,0xff,0x66,0xc1,0xff,0x66,0xc1,0xff,
    0x66,0xc1,0xff,0x66,0xc1,0xff,0x82,0x48,0xff,0x82,0x48,0xff,
    0x00,0x00,0x00,0x00,0x00,0x00,0x00,0x00,0x00,0x00,0x00,0x00,
    0x82,0x48,0xff,0x82,0x48,0xff,0x66,0xc1,0xff,0x66,0xc1,0xff,
    0x66,0xc1,0xff,0x66,0xc1,0xff,0x66,0xc1,0xff,0x82,0x48,0xff,
    0x82,0x48,0xff,0x82,0x48,0xff,0x82,0x48,0xff,0x66,0xc1,0xff,
    0x66,0xc1,0xff,0x66,0xc1,0xff,0x66,0xc1,0xff,0x66,0xc1,0xff,
    0x82,0x48,0xff,0x82,0x48,0xff,0x00,0x00,0x00,0x00,0x00,0x00,
    0x00,0x00,0x00,0x00,0x00,0x00,0x82,0x48,0xff,0x82,0x48,0xff,
    0x66,0xc1,0xff,0x66,0xc1,0xff,0x66,0xc1,0xff,0x82,0x48,0xff,
    0x82,0x48,0xff,0x82,0x48,0xff,0xa2,0x58,0xff,0xa2,0x58,0xff,
    0x82,0x48,0xff,0x82,0x48,0xff,0x82,0x48,0xff,0x66,0xc1,0xff,
    0x66,0xc1,0xff,0x66,0xc1,0xff,0x82,0x48,0xff,0x82,0x48,0xff,
    0x00,0x00,0x00,0x00,0x00,0x00,0x00,0x00,0x00,0x00,0x00,0x00,
    0x82,0x48,0xff,0x82,0x48,0xff,0x66,0xc1,0xff,0x66,0xc1,0xff,
    0x82,0x48,0xff,0x82,0x48,0xff,0xa2,0x58,0xff,0xa2,0x58,0xff,
    0xa2,0x58,0xff,0xa2,0x58,0xff,0xa2,0x58,0xff,0xa2,0x58,0xff,
    0x82,0x48,0xff,0x82,0x48,0xff,0x66,0xc1,0xff,0x66,0xc1,0xff,
    0x82,0x48,0xff,0x82,0x48,0xff,0x00,0x00,0x00,0x00,0x00,0x00,
    0x00,0x00,0x00,0x00,0x00,0x00,0x82,0x48,0xff,0x82,0x48,0xff,
    0x66,0xc1,0xff,0x82,0x48,0xff,0x82,0x48,0xff,0xa2,0x58,0xff,
    0xa2,0x58,0xff,0xa2,0x58,0xff,0xa2,0x58,0xff,0xa2,0x58,0xff,
    0xa2,0x58,0xff,0xa2,0x58,0xff,0xa2,0x58,0xff,0x82,0x48,0xff,
    0x82,0x48,0xff,0x66,0xc1,0xff,0x82,0x48,0xff,0x82,0x48,0xff,
    0x00,0x00,0x00,0x00,0x00,0x00,0x00,0x00,0x00,0x00,0x00,0x00,
    0x82,0x48,0xff,0x82,0x48,0xff,0x66,0xc1,0xff,0x82,0x48,0xff,
    0xa2,0x58,0xff,0xa2,0x58,0xff,0xa2,0x58,0xff,0xa2,0x58,0xff,
    0xa2,0x58,0xff,0xa2,0x58,0xff,0xa2,0x58,0xff,0xa2,0x58,0xff,
    0xa2,0x58,0xff,0xa2,0x58,0xff,0x82,0x48,0xff,0x66,0xc1,0xff,
    0x82,0x48,0xff,0x82,0x48,0xff,0x00,0x00,0x00,0x00,0x00,0x00,
    0x00,0x00,0x00,0x82,0x48,0xff,0x82,0x48,0xff,0x82,0x48,0xff,
    0x66,0xc1,0xff,0x82,0x48,0xff,0xa2,0x58,0xff,0xa2,0x58,0xff,
    0xa2,0x58,0xff,0xa2,0x58,0xff,0xa2,0x58,0xff,0xa2,0x58,0xff,
    0xa2,0x58,0xff,0xa2,0x58,0xff,0xa2,0x58,0xff,0xa2,0x58,0xff,
    0x82,0x48,0xff,0x66,0xc1,0xff,0x82,0x48,0xff,0x82,0x48,0xff,
    0x82,0x48,0xff,0x00,0x00,0x00,0x00,0x00,0x00,0x82,0x48,0xff,
    0x82,0x48,0xff,0x66,0xc1,0xff,0x66,0xc1,0xff,0x82,0x48,0xff,
    0xa2,0x58,0xff,0xa2,0x58,0xff,0xa2,0x58,0xff,0xa2,0x58,0xff,
    0xa2,0x58,0xff,0xa2,0x58,0xff,0xa2,0x58,0xff,0xa2,0x58,0xff,
    0xa2,0x58,0xff,0xa2,0x58,0xff,0x82,0x48,0xff,0x66,0xc1,0xff,
    0x66,0xc1,0xff,0x82,0x48,0xff,0x82,0x48,0xff,0x00,0x00,0x00,
    0x00,0x00,0x00,0x82,0x48,0xff,0x82,0x48,0xff,0x66,0xc1,0xff,
    0x66,0xc1,0xff,0x82,0x48,0xff,0x82,0x48,0xff,0xa2,0x58,0xff,
    0xa2,0x58,0xff,0xa2,0x58,0xff,0xa2,0x58,0xff,0xa2,0x58,0xff,
    0xa2,0x58,0xff,0xa2,0x58,0xff,0xa2,0x58,0xff,0x82,0x48,0xff,
    0x82,0x48,0xff,0x66,0xc1,0xff,0x66,0xc1,0xff,0x82,0x48,0xff,
    0x82,0x48,0xff,0x00,0x00,0x00,0x00,0x00,0x00,0x82,0x48,0xff,
    0x82,0x48,0xff,0x66,0xc1,0xff,0x66,0xc1,0xff,0x66,0xc1,0xff,
    0x82,0x48,0xff,0xa2,0x58,0xff,0xa2,0x58,0xff,0xa2,0x58,0xff,
    0xa2,0x58,0xff,0xa2,0x58,0xff,0xa2,0x58,0xff,0xa2,0x58,0xff,
    0xa2,0x58,0xff,0x82,0x48,0xff,0x66,0xc1,0xff,0x66,0xc1,0xff,
    0x66,0xc1,0xff,0x82,0x48,0xff,0x82,0x48,0xff,0x00,0x00,0x00,
    0x00,0x00,0x00,0x82,0x48,0xff,0x82,0x48,0xff,0x66,0xc1,0xff,
    0x66,0xc1,0xff,0x66,0xc1,0xff,0x82,0x48,0xff,0x82,0x48,0xff,
    0xa2,0x58,0xff,0xa2,0x58,0xff,0xa2,0x58,0xff,0xa2,0x58,0xff,
    0xa2,0x58,0xff,0xa2,0x58,0xff,0x82,0x48,0xff,0x82,0x48,0xff,
    0x66,0xc1,0xff,0x66,0xc1,0xff,0x66,0xc1,0xff,0x82,0x48,0xff,
    0x82,0x48,0xff,0x00,0x00,0x00,0x00,0x00,0x00,0x82,0x48,0xff,
    0x82,0x48,0xff,0x66,0xc1,0xff,0x66,0xc1,0xff,0x66,0xc1,0xff,
    0x66,0xc1,0xff,0x82,0x48,0xff,0x82,0x48,0xff,0x82,0x48,0xff,
    0x82,0x48,0xff,0x82,0x48,0xff,0x82,0x48,0xff,0x82,0x48,0xff,
    0x82,0x48,0xff,0x66,0xc1,0xff,0x66,0xc1,0xff,0x66,0xc1,0xff,
    0x66,0xc1,0xff,0x82,0x48,0xff,0x82,0x48,0xff,0x00,0x00,0x00,
    0x00,0x00,0x00,0x82,0x48,0xff,0x82,0x48,0xff,0x66,0xc1,0xff,
    0x66,0xc1,0xff,0x66,0xc1,0xff,0x66,0xc1,0xff,0x66,0xc1,0xff,
    0x66,0xc1,0xff,0x66,0xc1,0xff,0x82,0x48,0xff,0x82,0x48,0xff,
    0x66,0xc1,0xff,0x66,0xc1,0xff,0x66,0xc1,0xff,0x66,0xc1,0xff,
    0x66,0xc1,0xff,0x66,0xc1,0xff,0x66,0xc1,0xff,0x82,0x48,0xff,
    0x82,0x48,0xff,0x00,0x00,0x00,0x82,0x48,0xff,0x82,0x48,0xff,
    0x82,0x48,0xff,0x66,0xc1,0xff,0x66,0xc1,0xff,0x66,0xc1,0xff,
    0x66,0xc1,0xff,0x66,0xc1,0xff,0x66,0xc1,0xff,0x66,0xc1,0xff,
    0x66,0xc1,0xff,0x66,0xc1,0xff,0x66,0xc1,0xff,0x66,0xc1,0xff,
    0x66,0xc1,0xff,0x66,0xc1,0xff,0x66,0xc1,0xff,0x66,0xc1,0xff,
    0x66,0xc1,0xff,0x82,0x48,0xff,0x82,0x48,0xff,0x82,0x48,0xff,
    0x82,0x48,0xff,0x82,0x48,0xff,0x66,0xc1,0xff,0x66,0xc1,0xff,
    0x66,0xc1,0xff,0x66,0xc1,0xff,0x66,0xc1,0xff,0x66,0xc1,0xff,
    0x82,0x48,0xff,0x82,0x48,0xff,0x82,0x48,0xff,0x82,0x48,0xff,
    0x82,0x48,0xff,0x82,0x48,0xff,0x66,0xc1,0xff,0x66,0xc1,0xff,
    0x66,0xc1,0xff,0x66,0xc1,0xff,0x66,0xc1,0xff,0x66,0xc1,0xff,
    0x82,0x48,0xff,0x82,0x48,0xff,0x82,0x48,0xff,0x82,0x48,0xff,
    0x82,0x48,0xff,0x66,0xc1,0xff,0x66,0xc1,0xff,0x66,0xc1,0xff,
    0x66,0xc1,0xff,0x66,0xc1,0xff,0x82,0x48,0xff,0xa2,0x58,0xff,
    0xa2,0x58,0xff,0xa2,0x58,0xff,0xa2,0x58,0xff,0x82,0x48,0xff,
    0x66,0xc1,0xff,0x66,0xc1,0xff,0x66,0xc1,0xff,0x66,0xc1,0xff,
    0x66,0xc1,0xff,0x82,0x48,0xff,0x82,0x48,0xff,0x82,0x48,0xff,
    0x82,0x48,0xff,0x82,0x48,0xff,0x82,0x48,0xff,0x66,0xc1,0xff,
    0x66,0xc1,0xff,0x66,0xc1,0xff,0x66,0xc1,0xff,0x82,0x48,0xff,
    0x82,0x48,0xff,0xa2,0x58,0xff,0xa2,0x58,0xff,0xa2,0x58,0xff,
    0xa2,0x58,0xff,0x82,0x48,0xff,0x82,0x48,0xff,0x66,0xc1,0xff,
    0x66,0xc1,0xff,0x66,0xc1,0xff,0x66,0xc1,0xff,0x82,0x48,0xff,
    0x82,0x48,0xff,0x82,0x48,0xff,0x00,0x00,0x00,0x82,0x48,0xff,
    0x82,0x48,0xff,0x82,0x48,0xff,0x66,0xc1,0xff,0x66,0xc1,0xff,
    0x66,0xc1,0xff,0x82,0x48,0xff,0x82,0x48,0xff,0xa2,0x58,0xff,
    0xa2,0x58,0xff,0xa2,0x58,0xff,0xa2,0x58,0xff,0x82,0x48,0xff,
    0x82,0x48,0xff,0x66,0xc1,0xff,0x66,0xc1,0xff,0x66,0xc1,0xff,
    0x82,0x48,0xff,0x82,0x48,0xff,0x82,0x48,0xff,0x00,0x00,0x00,
    0x00,0x00,0x00,0x00,0x00,0x00,0x82,0x48,0xff,0x82,0x48,0xff,
    0x82,0x48,0xff,0x82,0x48,0xff,0x82,0x48,0xff,0x82,0x48,0xff,
    0x82,0x48,0xff,0x82,0x48,0xff,0x82,0x48,0xff,0x82,0x48,0xff,
    0x82,0x48,0xff,0x82,0x48,0xff,0x82,0x48,0xff,0x82,0x48,0xff,
    0x82,0x48,0xff,0x82,0x48,0xff,0x82,0x48,0xff,0x82,0x48,0xff,
    0x00,0x00,0x00,0x00,0x00,0x00,0x00,0x00,0x00,0x00,0x00,0x00,
    0x00,0x00,0x00,0x00,0x00,0x00,0x00,0x00,0x00,0x00,0x00,0x00,
    0x00,0x00,0x00,0x00,0x00,0x00,0x00,0x00,0x00,0x00,0x00,0x00,
    0x82,0x48,0xff,0x82,0x48,0xff,0x00,0x00,0x00,0x00,0x00,0x00,
    0x00,0x00,0x00,0x00,0x00,0x00,0x00,0x00,0x00,0x00,0x00,0x00,
    0x00,0x00,0x00,0x00,0x00,0x00,0x00,0x00,0x00,0x00,0x00,0x00
};
const lv_img_dsc_t sb_head_4 = {
  .header.cf = LV_IMG_CF_TRUE_COLOR_ALPHA,
  .header.always_zero = 0,
  .header.reserved = 0,
  .header.w = 22,
  .header.h = 40,
  .data_size = 2640,
  .data = sb_head_4_map,
};
static const LV_ATTRIBUTE_MEM_ALIGN LV_ATTRIBUTE_LARGE_CONST uint8_t sb_head_5_map[] = {
    0x00,0x00,0x00,0x00,0x00,0x00,0x00,0x00,0x00,0x00,0x00,0x00,
    0x00,0x00,0x00,0x00,0x00,0x00,0x82,0x48,0xff,0x82,0x48,0xff,
    0x82,0x48,0xff,0x82,0x48,0xff,0x82,0x48,0xff,0x82,0x48,0xff,
    0x82,0x48,0xff,0x82,0x48,0xff,0x82,0x48,0xff,0x82,0x48,0xff,
    0x00,0x00,0x00,0x00,0x00,0x00,0x00,0x00,0x00,0x00,0x00,0x00,
    0x00,0x00,0x00,0x00,0x00,0x00,0x00,0x00,0x00,0x00,0x00,0x00,
    0x00,0x00,0x00,0x00,0x00,0x00,0x00,0x00,0x00,0x82,0x48,0xff,
    0x82,0x48,0xff,0x82,0x48,0xff,0x82,0x48,0xff,0x82,0x48,0xff,
    0x82,0x48,0xff,0x82,0x48,0xff,0x82,0x48,0xff,0x82,0x48,0xff,
    0x82,0x48,0xff,0x82,0x48,0xff,0x82,0x48,0xff,0x00,0x00,0x00,
    0x00,0x00,0x00,0x00,0x00,0x00,0x00,0x00,0x00,0x00,0x00,0x00,
    0x00,0x00,0x00,0x00,0x00,0x00,0x00,0x00,0x00,0x00,0x00,0x00,
    0x82,0x48,0xff,0x82,0x48,0xff,0x82,0x48,0xff,0x82,0x48,0xff,
    0x66,0xc1,0xff,0x66,0xc1,0xff,0x66,0xc1,0xff,0x66,0xc1,0xff,
    0x66,0xc1,0xff,0x66,0xc1,0xff,0x82,0x48,0xff,0x82,0x48,0xff,
    0x82,0x48,0xff,0x82,0x48,0xff,0x00,0x00,0x00,0x00,0x00,0x00,
    0x00,0x00,0x00,0x00,0x00,0x00,0x00,0x00,0x00,0x00,0x00,0x00,
    0x82,0x48,0xff,0x82,0x48,0xff,0x82,0x48,0xff,0x82,0x48,0xff,
    0x66,0xc1,0xff,0x82,0x48,0xff,0x82,0x48,0xff,0x82,0x48,0xff,
    0x82,0x48,0xff,0x82,0x48,0xff,0x82,0x48,0xff,0x82,0x48,0xff,
    0x82,0x48,0xff,0x66,0xc1,0xff,0x82,0x48,0xff,0x82,0x48,0xff,
    0x82,0x48,0xff,0x82,0x48,0xff,0x00,0x00,0x00,0x00,0x00,0x00,
    0x00,0x00,0x00,0x82,0x48,0xff,0x82,0x48,0xff,0x82,0x48,0xff,
    0x82,0x48,0xff,0x66,0xc1,0xff,0x82,0x48,0xff,0x82,0x48,0xff,
    0xa2,0x58,0xff,0xa2,0x58,0xff,0xa2,0x58,0xff,0xa2,0x58,0xff,
    0xa2,0x58,0xff,0xa2,0x58,0xff,0x82,0x48,0xff,0x82,0x48,0xff,
    0x66,0xc1,0xff,0x82,0x48,0xff,0x82,0x48,0xff,0x82,0x48,0xff,
    0x82,0x48,0xff,0x00,0x00,0x00,0x00,0x00,0x00,0x82,0x48,0xff,
    0x82,0x48,0xff,0x82,0x48,0xff,0x66,0xc1,0xff,0x66,0xc1,0xff,
    0x82,0x48,0xff,0xa2,0x58,0xff,0xa2,0x58,0xff,0xa2,0x58,0xff,
    0xa2,0x58,0xff,0xa2,0x58,0xff,0xa2,0x58,0xff,0xa2,0x58,0xff,
    0xa2,0x58,0xff,0x82,0x48,0xff,0x66,0xc1,0xff,0x66,0xc1,0xff,
    0x82,0x48,0xff,0x82,0x48,0xff,0x82,0x48,0xff,0x00,0x00,0x00,
    0x82,0x48,0xff,0x82,0x48,0xff,0x82,0x48,0xff,0x66,0xc1,0xff,
    0x66,0xc1,0xff,0x82,0x48,0xff,0x82,0x48,0xff,0xa2,0x58,0xff,
    0xa2,0x58,0xff,0xa2,0x58,0xff,0xa2,0x58,0xff,0xa2,0x58,0xff,
    0xa2,0x58,0xff,0xa2,0x58,0xff,0xa2,0x58,0xff,0x82,0x48,0xff,
    0x82,0x48,0xff,0x66,0xc1,0xff,0x66,0xc1,0xff,0x82,0x48,0xff,
    0x82,0x48,0xff,0x82,0x48,0xff,0x82,0x48,0xff,0x04,0x89,0xff,
    0x82,0x48,0xff,0x66,0xc1,0xff,0x66,0xc1,0xff,0x82,0x48,0xff,
    0xa2,0x58,0xff,0xa2,0x58,0xff,0xa2,0x58,0xff,0xa2,0x58,0xff,
    0xa2,0x58,0xff,0xa2,0x58,0xff,0xa2,0x58,0xff,0xa2,0x58,0xff,
    0xa2,0x58,0xff,0xa2,0x58,0xff,0x82,0x48,0xff,0x66,0xc1,0xff,
    0x66,0xc1,0xff,0x82,0x48,0xff,0x04,0x89,0xff,0x82,0x48,0xff,
    0x82,0x48,0xff,0x04,0x89,0xff,0x82,0x48,0xff,0x66,0xc1,0xff,
    0x82,0x48,0xff,0x82,0x48,0xff,0xa2,0x58,0xff,0xa2,0x58,0xff,
    0xa2,0x58,0xff,0xa2,0x58,0xff,0xa2,0x58,0xff,0xa2,0x58,0xff,
    0xa2,0x58,0xff,0xa2,0x58,0xff,0xa2,0x58,0xff,0xa2,0x58,0xff,
    0x82,0x48,0xff,0x82,0x48,0xff,0x66,0xc1,0xff,0x82,0x48,0xff,
    0x04,0x89,0xff,0x82,0x48,0xff,0x82,0x48,0xff,0x04,0x89,0xff,
    0x82,0x48,0xff,0x66,0xc1,0xff,0x82,0x48,0xff,0x82,0x48,0xff,
    0xa2,0x58,0xff,0xa2,0x58,0xff,0xa2,0x58,0xff,0xa2,0x58,0xff,
    0xa2,0x58,0xff,0xa2,0x58,0xff,0xa2,0x58,0xff,0xa2,0x58,0xff,
    0xa2,0x58,0xff,0xa2,0x58,0xff,0x82,0x48,0xff,0x82,0x48,0xff,
    0x66,0xc1,0xff,0x82,0x48,0xff,0x04,0x89,0xff,0x82,0x48,0xff,
    0x82,0x48,0xff,0x04,0x89,0xff,0x82,0x48,0xff,0x66,0xc1,0xff,
    0x66,0xc1,0xff,0x82,0x48,0xff,0xa2,0x58,0xff,0xa2,0x58,0xff,
    0xa2,0x58,0xff,0xa2,0x58,0xff,0xa2,0x58,0xff,0xa2,0x58,0xff,
    0xa2,0x58,0xff,0xa2,0x58,0xff,0xa2,0x58,0xff,0xa2,0x58,0xff,
    0x82,0x48,0xff,0x66,0xc1,0xff,0x66,0xc1,0xff,0x82,0x48,0xff,
    0x04,0x89,0xff,0x82,0x48,0xff,0x82,0x48,0xff,0x04,0x89,0xff,
    0x82,0x48,0xff,0x66,0xc1,0xff,0x66,0xc1,0xff,0x82,0x48,0xff,
    0x82,0x48,0xff,0xa2,0x58,0xff,0xa2,0x58,0xff,0xa2,0x58,0xff,
    0xa2,0x58,0xff,0xa2,0x58,0xff,0xa2,0x58,0xff,0xa2,0x58,0xff,
    0xa2,0x58,0xff,0x82,0x48,0xff,0x82,0x48,0xff,0x66,0xc1,0xff,
    0x66,0xc1,0xff,0x82,0x48,0xff,0x04,0x89,0xff,0x82,0x48,0xff,
    0x82,0x48,0xff,0x04,0x89,0xff,0x82,0x48,0xff,0x66,0xc1,0xff,
    0x66,0xc1,0xff,0x66,0xc1,0xff,0x82,0x48,0xff,0xa2,0x58,0xff,
    0xa2,0x58,0xff,0xa2,0x58,0xff,0xa2,0x58,0xff,0xa2,0x58,0xff,
    0xa2,0x58,0xff,0xa2,0x58,0xff,0xa2,0x58,0xff,0x82,0x48,0xff,
    0x66,0xc1,0xff,0x66,0xc1,0xff,0x66,0xc1,0xff,0x82,0x48,0xff,
    0x04,0x89,0xff,0x82,0x48,0xff,0x82,0x48,0xff,0x82,0x48,0xff,
    0x82,0x48,0xff,0x66,0xc1,0xff,0x66,0xc1,0xff,0x66,0xc1,0xff,
    0x82,0x48,0xff,0x82,0x48,0xff,0xa2,0x58,0xff,0xa2,0x58,0xff,
    0xa2,0x58,0xff,0xa2,0x58,0xff,0xa2,0x58,0xff,0xa2,0x58,0xff,
    0x82,0x48,0xff,0x82,0x48,0xff,0x66,0xc1,0xff,0x66,0xc1,0xff,
    0x66,0xc1,0xff,0x82,0x48,0xff,0x82,0x48,0xff,0x82,0x48,0xff,
    0x00,0x00,0x00,0x82,0x48,0xff,0x82,0x48,0xff,0x66,0xc1,0xff,
    0x66,0xc1,0xff,0x66,0xc1,0xff,0x66,0xc1,0xff,0x82,0x48,0xff,
    0x82,0x48,0xff,0xa2,0x58,0xff,0xa2,0x58,0xff,0xa2,0x58,0xff,
    0xa2,0x58,0xff,0x82,0x48,0xff,0x82,0x48,0xff,0x66,0xc1,0xff,
    0x66,0xc1,0xff,0x66,0xc1,0xff,0x66,0xc1,0xff,0x82,0x48,0xff,
    0x82,0x48,0xff,0x00,0x00,0x00,0x00,0x00,0x00,0x82,0x48,0xff,
    0x82,0x48,0xff,0x66,0xc1,0xff,0x66,0xc1,0xff,0x66,0xc1,0xff,
    0x66,0xc1,0xff,0x66,0xc1,0xff,0x82,0x48,0xff,0x82,0x48,0xff,
    0x82,0x48,0xff,0x82,0x48,0xff,0x82,0x48,0xff,0x82,0x48,0xff,
    0x66,0xc1,0xff,0x66,0xc1,0xff,0x66,0xc1,0xff,0x66,0xc1,0xff,
    0x66,0xc1,0xff,0x82,0x48,0xff,0x82,0x48,0xff,0x00,0x00,0x00,
    0x00,0x00,0x00,0x82,0x48,0xff,0x82,0x48,0xff,0x66,0xc1,0xff,
    0x66,0xc1,0xff,0x66,0xc1,0xff,0x66,0xc1,0xff,0x66,0xc1,0xff,
    0x66,0xc1,0xff,0x66,0xc1,0xff,0x82,0x48,0xff,0x82,0x48,0xff,
    0x82,0x48,0xff,0x66,0xc1,0xff,0x66,0xc1,0xff,0x66,0xc1,0xff,
    0x66,0xc1,0xff,0x66,0xc1,0xff,0x66,0xc1,0xff,0x82,0x48,0xff,
    0x82,0x48,0xff,0x00,0x00,0x00,0x00,0x00,0x00,0x82,0x48,0xff,
    0x82,0x48,0xff,0x66,0xc1,0xff,0x66,0xc1,0xff,0x66,0xc1,0xff,
    0x66,0xc1,0xff,0x66,0xc1,0xff,0x66,0xc1,0xff,0x82,0x48,0xff,
    0x82,0x48,0xff,0x82,0x48,0xff,0x66,0xc1,0xff,0x66,0xc1,0xff,
    0x66,0xc1,0xff,0x66,0xc1,0xff,0x66,0xc1,0xff,0x66,0xc1,0xff,
    0x66,0xc1,0xff,0x82,0x48,0xff,0x82,0x48,0xff,0x00,0x00,0x00,
    0x00,0x00,0x00,0x82,0x48,0xff,0x82,0x48,0xff,0x66,0xc1,0xff,
    0x66,0xc1,0xff,0x66,0xc1,0xff,0x66,0xc1,0xff,0x66,0xc1,0xff,
    0x66,0xc1,0xff,0x82,0x48,0xff,0x82,0x48,0xff,0x82,0x48,0xff,
    0x82,0x48,0xff,0x66,0xc1,0xff,0x66,0xc1,0xff,0x66,0xc1,0xff,
    0x66,0xc1,0xff,0x66,0xc1,0xff,0x66,0xc1,0xff,0x82,0x48,0xff,
    0x82,0x48,0xff,0x00,0x00,0x00,0x00,0x00,0x00,0x82,0x48,0xff,
    0x82,0x48,0xff,0x82,0x48,0xff,0x66,0xc1,0xff,0x66,0xc1,0xff,
    0x66,0xc1,0xff,0x66,0xc1,0xff,0x66,0xc1,0xff,0x66,0xc1,0xff,
    0x82,0x48,0xff,0x82,0x48,0xff,0x82,0x48,0xff,0x66,0xc1,0xff,
    0x66,0xc1,0xff,0x66,0xc1,0xff,0x66,0xc1,0xff,0x66,0xc1,0xff,
    0x82,0x48,0xff,0x82,0x48,0xff,0x82,0x48,0xff,0x00,0x00,0x00,
    0x00,0x00,0x00,0x00,0x00,0x00,0x82,0x48,0xff,0x82,0x48,0xff,
    0x66,0xc1,0xff,0x66,0xc1,0xff,0x66,0xc1,0xff,0x66,0xc1,0xff,
    0x66,0xc1,0xff,0x82,0x48,0xff,0x66,0xc1,0xff,0x82,0x48,0xff,
    0x66,0xc1,0xff,0x66,0xc1,0xff,0x66,0xc1,0xff,0x66,0xc1,0xff,
    0x66,0xc1,0xff,0x66,0xc1,0xff,0x82,0x48,0xff,0x82,0x48,0xff,
    0x00,0x00,0x00,0x00,0x00,0x00,0x00,0x00,0x00,0x00,0x00,0x00,
    0x82,0x48,0xff,0x82,0x48,0xff,0x66,0xc1,0xff,0x66,0xc1,0xff,
    0x66,0xc1,0xff,0x66,0xc1,0xff,0x66,0xc1,0xff,0x66,0xc1,0xff,
    0x82,0x48,0xff,0x82,0x48,0xff,0x66,0xc1,0xff,0x66,0xc1,0xff,
    0x66,0xc1,0xff,0x66,0xc1,0xff,0x66,0xc1,0xff,0x66,0xc1,0xff,
    0x82,0x48,0xff,0x82,0x48,0xff,0x00,0x00,0x00,0x00,0x00,0x00,
    0x00,0x00,0x00,0x00,0x00,0x00,0x82,0x48,0xff,0x82,0x48,0xff,
    0x66,0xc1,0xff,0x66,0xc1,0xff,0x66,0xc1,0xff,0x82,0x48,0xff,
    0x82,0x48,0xff,0x82,0x48,0xff,0x82,0x48,0xff,0x82,0x48,0xff,
    0x82,0x48,0xff,0x82,0x48,0xff,0x82,0x48,0xff,0x66,0xc1,0xff,
    0x66,0xc1,0xff,0x66,0xc1,0xff,0x82,0x48,0xff,0x82,0x48,0xff,
    0x00,0x00,0x00,0x00,0x00,0x00,0x00,0x00,0x00,0x00,0x00,0x00,
    0x82,0x48,0xff,0x82,0x48,0xff,0x66,0xc1,0xff,0x66,0xc1,0xff,
    0x82,0x48,0xff,0x82,0x48,0xff,0xa2,0x58,0xff,0xa2,0x58,0xff,
    0xa2,0x58,0xff,0xa2,0x58,0xff,0xa2,0x58,0xff,0xa2,0x58,0xff,
    0x82,0x48,0xff,0x82,0x48,0xff,0x66,0xc1,0xff,0x66,0xc1,0xff,
    0x82,0x48,0xff,0x82,0x48,0xff,0x00,0x00,0x00,0x00,0x00,0x00,
    0x00,0x00,0x00,0x00,0x00,0x00,0x82,0x48,0xff,0x82,0x48,0xff,
    0x66,0xc1,0xff,0x66,0xc1,0xff,0x82,0x48,0xff,0xa2,0x58,0xff,
    0xa2,0x58,0xff,0xa2,0x58,0xff,0xa2,0x58,0xff,0xa2,0x58,0xff,
    0xa2,0x58,0xff,0xa2,0x58,0xff,0xa2,0x58,0xff,0x82,0x48,0xff,
    0x66,0xc1,0xff,0x66,0xc1,0xff,0x82,0x48,0xff,0x82,0x48,0xff,
    0x00,0x00,0x00,0x00,0x00,0x00,0x00,0x00,0x00,0x00,0x00,0x00,
    0x82,0x48,0xff,0x82,0x48,0xff,0x66,0xc1,0xff,0x82,0x48,0xff,
    0x82,0x48,0xff,0xa2,0x58,0xff,0xa2,0x58,0xff,0xa2,0x58,0xff,
    0xa2,0x58,0xff,0xa2,0x58,0xff,0xa2,0x58,0xff,0xa2,0x58,0xff,
    0xa2,0x58,0xff,0x82,0x48,0xff,0x82,0x48,0xff,0x66,0xc1,0xff,
    0x82,0x48,0xff,0x82,0x48,0xff,0x00,0x00,0x00,0x00,0x00,0x00,
    0x00,0x00,0x00,0x82,0x48,0xff,0x82,0x48,0xff,0x82,0x48,0xff,
    0x66,0xc1,0xff,0x82,0x48,0xff,0xa2,0x58,0xff,0xa2,0x58,0xff,
    0xa2,0x58,0xff,0xa2,0x58,0xff,0xa2,0x58,0xff,0xa2,0x58,0xff,
    0xa2,0x58,0xff,0xa2,0x58,0xff,0xa2,0x58,0xff,0xa2,0x58,0xff,
    0x82,0x48,0xff,0x66,0xc1,0xff,0x82,0x48,0xff,0x82,0x48,0xff,
    0x82,0x48,0xff,0x00,0x00,0x00,0x00,0x00,0x00,0x82,0x48,0xff,
    0x82,0x48,0xff,0x66,0xc1,0xff,0x66,0xc1,0xff,0x82,0x48,0xff,
    0xa2,0x58,0xff,0xa2,0x58,0xff,0xa2,0x58,0xff,0xa2,0x58,0xff,
    0xa2,0x58,0xff,0xa2,0x58,0xff,0xa2,0x58,0xff,0xa2,0x58,0xff,
    0xa2,0x58,0xff,0xa2,0x58,0xff,0x82,0x48,0xff,0x66,0xc1,0xff,
    0x66,0xc1,0xff,0x82,0x48,0xff,0x82,0x48,0xff,0x00,0x00,0x00,
    0x00,0x00,0x00,0x82,0x48,0xff,0x82,0x48,0xff,0x66,0xc1,0xff,
    0x66,0xc1,0xff,0x82,0x48,0xff,0xa2,0x58,0xff,0xa2,0x58,0xff,
    0xa2,0x58,0xff,0xa2,0x58,0xff,0xa2,0x58,0xff,0xa2,0x58,0xff,
    0xa2,0x58,0xff,0xa2,0x58,0xff,0xa2,0x58,0xff,0xa2,0x58,0xff,
    0x82,0x48,0xff,0x66,0xc1,0xff,0x66,0xc1,0xff,0x82,0x48,0xff,
    0x82,0x48,0xff,0x00,0x00,0x00,0x00,0x00,0x00,0x82,0x48,0xff,
    0x82,0x48,0xff,0x66,0xc1,0xff,0x66,0xc1,0xff,0x82,0x48,0xff,
    0x82,0x48,0xff,0xa2,0x58,0xff,0xa2,0x58,0xff,0xa2,0x58,0xff,
    0xa2,0x58,0xff,0xa2,0x58,0xff,0xa2,0x58,0xff,0xa2,0x58,0xff,
    0xa2,0x58,0xff,0x82,0x48,0xff,0x82,0x48,0xff,0x66,0xc1,0xff,
    0x66,0xc1,0xff,0x82,0x48,0xff,0x82,0x48,0xff,0x00,0x00,0x00,
    0x00,0x00,0x00,0x82,0x48,0xff,0x82,0x48,0xff,0x66,0xc1,0xff,
    0x66,0xc1,0xff,0x66,0xc1,0xff,0x82,0x48,0xff,0x82,0x48,0xff,
    0xa2,0x58,0xff,0xa2,0x58,0xff,0xa2,0x58,0xff,0xa2,0x58,0xff,
    0xa2,0x58,0xff,0xa2,0x58,0xff,0x82,0x48,0xff,0x82,0x48,0xff,
    0x66,0xc1,0xff,0x66,0xc1,0xff,0x66,0xc1,0xff,0x82,0x48,0xff,
    0x82,0x48,0xff,0x00,0x00,0x00,0x00,0x00,0x00,0x82,0x48,0xff,
    0x82,0x48,0xff,0x66,0xc1,0xff,0x66,0xc1,0xff,0x66,0xc1,0xff,
    0x66,0xc1,0xff,0x82,0x48,0xff,0x82,0x48,0xff,0xa2,0x58,0xff,
    0xa2,0x58,0xff,0xa2,0x58,0xff,0xa2,0x58,0xff,0x82,0x48,0xff,
    0x82,0x48,0xff,0x66,0xc1,0xff,0x66,0xc1,0xff,0x66,0xc1,0xff,
    0x66,0xc1,0xff,0x82,0x48,0xff,0x82,0x48,0xff,0x00,0x00,0x00,
    0x00,0x00,0x00,0x82,0x48,0xff,0x82,0x48,0xff,0x66,0xc1,0xff,
    0x66,0xc1,0xff,0x66,0xc1,0xff,0x66,0xc1,0xff,0x66,0xc1,0xff,
    0x82,0x48,0xff,0x82,0x48,0xff,0x82,0x48,0xff,0x82,0x48,0xff,
    0x82,0x48,0xff,0x82,0x48,0xff,0x66,0xc1,0xff,0x66,0xc1,0xff,
    0x66,0xc1,0xff,0x66,0xc1,0xff,0x66,0xc1,0xff,0x82,0x48,0xff,
    0x82,0x48,0xff,0x00,0x00,0x00,0x82,0x48,0xff,0x82,0x48,0xff,
    0x82,0x48,0xff,0x66,0xc1,0xff,0x66,0xc1,0xff,0x66,0xc1,0xff,
    0x66,0xc1,0xff,0x66,0xc1,0xff,0x66,0xc1,0xff,0x66,0xc1,0xff,
    0x66,0xc1,0xff,0x66,0xc1,0xff,0x66,0xc1,0xff,0x66,0xc1,0xff,
    0x66,0xc1,0xff,0x66,0xc1,0xff,0x66,0xc1,0xff,0x66,0xc1,0xff,
    0x66,0xc1,0xff,0x82,0x48,0xff,0x82,0x48,0xff,0x82,0x48,0xff,
    0x82,0x48,0xff,0x82,0x48,0xff,0x66,0xc1,0xff,0x66,0xc1,0xff,
    0x66,0xc1,0xff,0x66,0xc1,0xff,0x66,0xc1,0xff,0x66,0xc1,0xff,
    0x66,0xc1,0xff,0x66,0xc1,0xff,0x66,0xc1,0xff,0x66,0xc1,0xff,
    0x66,0xc1,0xff,0x66,0xc1,0xff,0x66,0xc1,0xff,0x66,0xc1,0xff,
    0x66,0xc1,0xff,0x66,0xc1,0xff,0x66,0xc1,0xff,0x66,0xc1,0xff,
    0x82,0x48,0xff,0x82,0x48,0xff,0x82,0x48,0xff,0x82,0x48,0xff,
    0x82,0x48,0xff,0x66,0xc1,0xff,0x66,0xc1,0xff,0x66,0xc1,0xff,
    0x66,0xc1,0xff,0x66,0xc1,0xff,0x82,0x48,0xff,0x82,0x48,0xff,
    0x82,0x48,0xff,0x82,0x48,0xff,0x82,0x48,0xff,0x82,0x48,0xff,
    0x66,0xc1,0xff,0x66,0xc1,0xff,0x66,0xc1,0xff,0x66,0xc1,0xff,
    0x66,0xc1,0xff,0x82,0x48,0xff,0x82,0x48,0xff,0x82,0x48,0xff,
    0x82,0x48,0xff,0x04,0x89,0xff,0x82,0x48,0xff,0x66,0xc1,0xff,
    0x66,0xc1,0xff,0x66,0xc1,0xff,0x66,0xc1,0xff,0x82,0x48,0xff,
    0x82,0x48,0xff,0xa2,0x58,0xff,0xa2,0x58,0xff,0xa2,0x58,0xff,
    0xa2,0x58,0xff,0x82,0x48,0xff,0x82,0x48,0xff,0x66,0xc1,0xff,
    0x66,0xc1,0xff,0x66,0xc1,0xff,0x66,0xc1,0xff,0x82,0x48,0xff,
    0x04,0x89,0xff,0x82,0x48,0xff,0x82,0x48,0xff,0x82,0x48,0xff,
    0x82,0x48,0xff,0x66,0xc1,0xff,0x66,0xc1,0xff,0x66,0xc1,0xff,
    0x66,0xc1,0xff,0x82,0x48,0xff,0x82,0x48,0xff,0xa2,0x58,0xff,
    0xa2,0x58,0xff,0xa2,0x58,0xff,0xa2,0x58,0xff,0x82,0x48,0xff,
    0x82,0x48,0xff,0x66,0xc1,0xff,0x66,0xc1,0xff,0x66,0xc1,0xff,
    0x66,0xc1,0xff,0x82,0x48,0xff,0x82,0x48,0xff,0x82,0x48,0xff,
    0x00,0x00,0x00,0x82,0x48,0xff,0x82,0x48,0xff,0x82,0x48,0xff,
    0x82,0x48,0xff,0x82,0x48,0xff,0x66,0xc1,0xff,0x82,0x48,0xff,
    0x82,0x48,0xff,0xa2,0x58,0xff,0xa2,0x58,0xff,0xa2,0x58,0xff,
    0xa2,0x58,0xff,0x82,0x48,0xff,0x82,0x48,0xff,0x66,0xc1,0xff,
    0x82,0x48,0xff,0x82,0x48,0xff,0x82,0x48,0xff,0x82,0x48,0xff,
    0x82,0x48,0xff,0x00,0x00,0x00,0x00,0x00,0x00,0x00,0x00,0x00,
    0x00,0x00,0x00,0x82,0x48,0xff,0x82,0x48,0xff,0x82,0x48,0xff,
    0x82,0x48,0xff,0x82,0x48,0xff,0x82,0x48,0xff,0x82,0x48,0xff,
    0x82,0x48,0xff,0x82,0x48,0xff,0x82,0x48,0xff,0x82,0x48,0xff,
    0x82,0x48,0xff,0x82,0x48,0xff,0x82,0x48,0xff,0x82,0x48,0xff,
    0x82,0x48,0xff,0x00,0x00,0x00,0x00,0x00,0x00,0x00,0x00,0x00,
    0x00,0x00,0x00,0x00,0x00,0x00,0x00,0x00,0x00,0x00,0x00,0x00,
    0x00,0x00,0x00,0x00,0x00,0x00,0x00,0x00,0x00,0x00,0x00,0x00,
    0x00,0x00,0x00,0x00,0x00,0x00,0x82,0x48,0xff,0x82,0x48,0xff,
    0x00,0x00,0x00,0x00,0x00,0x00,0x00,0x00,0x00,0x00,0x00,0x00,
    0x00,0x00,0x00,0x00,0x00,0x00,0x00,0x00,0x00,0x00,0x00,0x00,
    0x00,0x00,0x00,0x00,0x00,0x00
};
const lv_img_dsc_t sb_head_5 = {
  .header.cf = LV_IMG_CF_TRUE_COLOR_ALPHA,
  .header.always_zero = 0,
  .header.reserved = 0,
  .header.w = 22,
  .header.h = 41,
  .data_size = 2706,
  .data = sb_head_5_map,
};
static const LV_ATTRIBUTE_MEM_ALIGN LV_ATTRIBUTE_LARGE_CONST uint8_t sb_head_6_map[] = {
    0x00,0x00,0x00,0x00,0x00,0x00,0x00,0x00,0x00,0x00,0x00,0x00,
    0x00,0x00,0x00,0x00,0x00,0x00,0x00,0x00,0x00,0x82,0x48,0xff,
    0x82,0x48,0xff,0x82,0x48,0xff,0x82,0x48,0xff,0x82,0x48,0xff,
    0x82,0x48,0xff,0x82,0x48,0xff,0x82,0x48,0xff,0x82,0x48,0xff,
    0x00,0x00,0x00,0x00,0x00,0x00,0x00,0x00,0x00,0x00,0x00,0x00,
    0x00,0x00,0x00,0x00,0x00,0x00,0x00,0x00,0x00,0x00,0x00,0x00,
    0x00,0x00,0x00,0x00,0x00,0x00,0x00,0x00,0x00,0x00,0x00,0x00,
    0x82,0x48,0xff,0x82,0x48,0xff,0x82,0x48,0xff,0x82,0x48,0xff,
    0x82,0x48,0xff,0x82,0x48,0xff,0x82,0x48,0xff,0x82,0x48,0xff,
    0x82,0x48,0xff,0x82,0x48,0xff,0x82,0x48,0xff,0x82,0x48,0xff,
    0x82,0x48,0xff,0x00,0x00,0x00,0x00,0x00,0x00,0x00,0x00,0x00,
    0x00,0x00,0x00,0x00,0x00,0x00,0x00,0x00,0x00,0x00,0x00,0x00,
    0x00,0x00,0x00,0x00,0x00,0x00,0x82,0x48,0xff,0x82,0x48,0xff,
    0x82,0x48,0xff,0x82,0x48,0xff,0x66,0xc1,0xff,0x66,0xc1,0xff,
    0x66,0xc1,0xff,0x66,0xc1,0xff,0x66,0xc1,0xff,0x66,0xc1,0xff,
    0x66,0xc1,0xff,0x82,0x48,0xff,0x82,0x48,0xff,0x82,0x48,0xff,
    0x82,0x48,0xff,0x00,0x00,0x00,0x00,0x00,0x00,0x00,0x00,0x00,
    0x00,0x00,0x00,0x00,0x00,0x00,0x00,0x00,0x00,0x82,0x48,0xff,
    0x82,0x48,0xff,0x82,0x48,0xff,0x82,0x48,0xff,0x66,0xc1,0xff,
    0x66,0xc1,0xff,0x82,0x48,0xff,0x82,0x48,0xff,0x82,0x48,0xff,
    0x82,0x48,0xff,0x82,0x48,0xff,0x82,0x48,0xff,0x82,0x48,0xff,
    0x66,0xc1,0xff,0x66,0xc1,0xff,0x82,0x48,0xff,0x82,0x48,0xff,
    0x82,0x48,0xff,0x82,0x48,0xff,0x00,0x00,0x00,0x00,0x00,0x00,
    0x00,0x00,0x00,0x82,0x48,0xff,0x82,0x48,0xff,0x82,0x48,0xff,
    0x82,0x48,0xff,0x66,0xc1,0xff,0x66,0xc1,0xff,0x82,0x48,0xff,
    0x82,0x48,0xff,0xa2,0x58,0xff,0xa2,0x58,0xff,0xa2,0x58,0xff,
    0xa2,0x58,0xff,0xa2,0x58,0xff,0x82,0x48,0xff,0x82,0x48,0xff,
    0x66,0xc1,0xff,0x66,0xc1,0xff,0x82,0x48,0xff,0x82,0x48,0xff,
    0x82,0x48,0xff,0x82,0x48,0xff,0x00,0x00,0x00,0x00,0x00,0x00,
    0x82,0x48,0xff,0x82,0x48,0xff,0x82,0x48,0xff,0x66,0xc1,0xff,
    0x66,0xc1,0xff,0x82,0x48,0xff,0x82,0x48,0xff,0xa2,0x58,0xff,
    0xa2,0x58,0xff,0xa2,0x58,0xff,0xa2,0x58,0xff,0xa2,0x58,0xff,
    0xa2,0x58,0xff,0xa2,0x58,0xff,0x82,0x48,0xff,0x82,0x48,0xff,
    0x66,0xc1,0xff,0x66,0xc1,0xff,0x82,0x48,0xff,0x82,0x48,0xff,
    0x82,0x48,0xff,0x00,0x00,0x00,0x82,0x48,0xff,0x82,0x48,0xff,
    0x82,0x48,0xff,0x66,0xc1,0xff,0x66,0xc1,0xff,0x66,0xc1,0xff,
    0x82,0x48,0xff,0xa2,0x58,0xff,0xa2,0x58,0xff,0xa2,0x58,0xff,
    0xa2,0x58,0xff,0xa2,0x58,0xff,0xa2,0x58,0xff,0xa2,0x58,0xff,
    0xa2,0x58,0xff,0xa2,0x58,0xff,0x82,0x48,0xff,0x66,0xc1,0xff,
    0x66,0xc1,0xff,0x66,0xc1,0xff,0x82,0x48,0xff,0x82,0x48,0xff,
    0x82,0x48,0xff,0x82,0x48,0xff,0x04,0x89,0xff,0x82,0x48,0xff,
    0x66,0xc1,0xff,0x66,0xc1,0xff,0x82,0x48,0xff,0x82,0x48,0xff,
    0xa2,0x58,0xff,0xa2,0x58,0xff,0xa2,0x58,0xff,0xa2,0x58,0xff,
    0xa2,0x58,0xff,0xa2,0x58,0xff,0xa2,0x58,0xff,0xa2,0x58,0xff,
    0xa2,0x58,0xff,0x82,0x48,0xff,0x82,0x48,0xff,0x66,0xc1,0xff,
    0x66,0xc1,0xff,0x82,0x48,0xff,0x04,0x89,0xff,0x82,0x48,0xff,
    0x82,0x48,0xff,0x04,0x89,0xff,0x82,0x48,0xff,0x66,0xc1,0xff,
    0x66,0xc1,0xff,0x82,0x48,0xff,0xa2,0x58,0xff,0xa2,0x58,0xff,
    0xa2,0x58,0xff,0xa2,0x58,0xff,0xa2,0x58,0xff,0xa2,0x58,0xff,
    0xa2,0x58,0xff,0xa2,0x58,0xff,0xa2,0x58,0xff,0xa2,0x58,0xff,
    0xa2,0x58,0xff,0x82,0x48,0xff,0x66,0xc1,0xff,0x66,0xc1,0xff,
    0x82,0x48,0xff,0x04,0x89,0xff,0x82,0x48,0xff,0x82,0x48,0xff,
    0x04,0x89,0xff,0x82,0x48,0xff,0x66,0xc1,0xff,0x82,0x48,0xff,
    0x82,0x48,0xff,0xa2,0x58,0xff,0xa2,0x58,0xff,0xa2,0x58,0xff,
    0xa2,0x58,0xff,0xa2,0x58,0xff,0xa2,0x58,0xff,0xa2,0x58,0xff,
    0xa2,0x58,0xff,0xa2,0x58,0xff,0xa2,0x58,0xff,0xa2,0x58,0xff,
    0x82,0x48,0xff,0x82,0x48,0xff,0x66,0xc1,0xff,0x82,0x48,0xff,
    0x04,0x89,0xff,0x82,0x48,0xff,0x82,0x48,0xff,0x04,0x89,0xff,
    0x82,0x48,0xff,0x66,0xc1,0xff,0x82,0x48,0xff,0x82,0x48,0xff,
    0xa2,0x58,0xff,0xa2,0x58,0xff,0xa2,0x58,0xff,0xa2,0x58,0xff,
    0xa2,0x58,0xff,0xa2,0x58,0xff,0xa2,0x58,0xff,0xa2,0x58,0xff,
    0xa2,0x58,0xff,0xa2,0x58,0xff,0xa2,0x58,0xff,0x82,0x48,0xff,
    0x82,0x48,0xff,0x66,0xc1,0xff,0x82,0x48,0xff,0x04,0x89,0xff,
    0x82,0x48,0xff,0x82,0x48,0xff,0x04,0x89,0xff,0x82,0x48,0xff,
    0x66,0xc1,0xff,0x66,0xc1,0xff,0x82,0x48,0xff,0x82,0x48,0xff,
    0xa2,0x58,0xff,0xa2,0x58,0xff,0xa2,0x58,0xff,0xa2,0x58,0xff,
    0xa2,0x58,0xff,0xa2,0x58,0xff,0xa2,0x58,0xff,0xa2,0x58,0xff,
    0xa2,0x58,0xff,0x82,0x48,0xff,0x82,0x48,0xff,0x66,0xc1,0xff,
    0x66,0xc1,0xff,0x82,0x48,0xff,0x04,0x89,0xff,0x82,0x48,0xff,
    0x82,0x48,0xff,0x04,0x89,0xff,0x82,0x48,0xff,0x66,0xc1,0xff,
    0x66,0xc1,0xff,0x66,0xc1,0xff,0x82,0x48,0xff,0xa2,0x58,0xff,
    0xa2,0x58,0xff,0xa2,0x58,0xff,0xa2,0x58,0xff,0xa2,0x58,0xff,
    0xa2,0x58,0xff,0xa2,0x58,0xff,0xa2,0x58,0xff,0xa2,0x58,0xff,
    0x82,0x48,0xff,0x66,0xc1,0xff,0x66,0xc1,0xff,0x66,0xc1,0xff,
    0x82,0x48,0xff,0x04,0x89,0xff,0x82,0x48,0xff,0x82,0x48,0xff,
    0x82,0x48,0xff,0x82,0x48,0xff,0x66,0xc1,0xff,0x66,0xc1,0xff,
    0x66,0xc1,0xff,0x82,0x48,0xff,0x82,0x48,0xff,0xa2,0x58,0xff,
    0xa2,0x58,0xff,0xa2,0x58,0xff,0xa2,0x58,0xff,0xa2,0x58,0xff,
    0xa2,0x58,0xff,0xa2,0x58,0xff,0x82,0x48,0xff,0x82,0x48,0xff,
    0x66,0xc1,0xff,0x66,0xc1,0xff,0x66,0xc1,0xff,0x82,0x48,0xff,
    0x82,0x48,0xff,0x82,0x48,0xff,0x00,0x00,0x00,0x82,0x48,0xff,
    0x82,0x48,0xff,0x66,0xc1,0xff,0x66,0xc1,0xff,0x66,0xc1,0xff,
    0x66,0xc1,0xff,0x82,0x48,0xff,0x82,0x48,0xff,0xa2,0x58,0xff,
    0xa2,0x58,0xff,0xa2,0x58,0xff,0xa2,0x58,0xff,0xa2,0x58,0xff,
    0x82,0x48,0xff,0x82,0x48,0xff,0x66,0xc1,0xff,0x66,0xc1,0xff,
    0x66,0xc1,0xff,0x66,0xc1,0xff,0x82,0x48,0xff,0x82,0x48,0xff,
    0x00,0x00,0x00,0x00,0x00,0x00,0x82,0x48,0xff,0x82,0x48,0xff,
    0x66,0xc1,0xff,0x66,0xc1,0xff,0x66,0xc1,0xff,0x66,0xc1,0xff,
    0x66,0xc1,0xff,0x82,0x48,0xff,0x82,0x48,0xff,0x82,0x48,0xff,
    0x82,0x48,0xff,0x82,0x48,0xff,0x82,0x48,0xff,0x82,0x48,0xff,
    0x66,0xc1,0xff,0x66,0xc1,0xff,0x66,0xc1,0xff,0x66,0xc1,0xff,
    0x66,0xc1,0xff,0x82,0x48,0xff,0x82,0x48,0xff,0x00,0x00,0x00,
    0x00,0x00,0x00,0x82,0x48,0xff,0x82,0x48,0xff,0x66,0xc1,0xff,
    0x66,0xc1,0xff,0x66,0xc1,0xff,0x66,0xc1,0xff,0x66,0xc1,0xff,
    0x66,0xc1,0xff,0x66,0xc1,0xff,0x66,0xc1,0xff,0x66,0xc1,0xff,
    0x66,0xc1,0xff,0x66,0xc1,0xff,0x66,0xc1,0xff,0x66,0xc1,0xff,
    0x66,0xc1,0xff,0x66,0xc1,0xff,0x66,0xc1,0xff,0x66,0xc1,0xff,
    0x82,0x48,0xff,0x82,0x48,0xff,0x00,0x00,0x00,0x00,0x00,0x00,
    0x82,0x48,0xff,0x82,0x48,0xff,0x66,0xc1,0xff,0x66,0xc1,0xff,
    0x66,0xc1,0xff,0x66,0xc1,0xff,0x66,0xc1,0xff,0x66,0xc1,0xff,
    0x66,0xc1,0xff,0x82,0x48,0xff,0x82,0x48,0xff,0x82,0x48,0xff,
    0x66,0xc1,0xff,0x66,0xc1,0xff,0x66,0xc1,0xff,0x66,0xc1,0xff,
    0x66,0xc1,0xff,0x66,0xc1,0xff,0x66,0xc1,0xff,0x82,0x48,0xff,
    0x82,0x48,0xff,0x00,0x00,0x00,0x00,0x00,0x00,0x82,0x48,0xff,
    0x82,0x48,0xff,0x66,0xc1,0xff,0x66,0xc1,0xff,0x66,0xc1,0xff,
    0x66,0xc1,0xff,0x66,0xc1,0xff,0x66,0xc1,0xff,0x82,0x48,0xff,
    0x82,0x48,0xff,0x82,0x48,0xff,0x66,0xc1,0xff,0x66,0xc1,0xff,
    0x66,0xc1,0xff,0x66,0xc1,0xff,0x66,0xc1,0xff,0x66,0xc1,0xff,
    0x66,0xc1,0xff,0x66,0xc1,0xff,0x82,0x48,0xff,0x82,0x48,0xff,
    0x00,0x00,0x00,0x00,0x00,0x00,0x82,0x48,0xff,0x82,0x48,0xff,
    0x82,0x48,0xff,0x66,0xc1,0xff,0x66,0xc1,0xff,0x66,0xc1,0xff,
    0x66,0xc1,0xff,0x66,0xc1,0xff,0x66,0xc1,0xff,0x82,0x48,0xff,
    0x82,0x48,0xff,0x82,0x48,0xff,0x82,0x48,0xff,0x66,0xc1,0xff,
    0x66,0xc1,0xff,0x66,0xc1,0xff,0x66,0xc1,0xff,0x66,0xc1,0xff,
    0x82,0x48,0xff,0x82,0x48,0xff,0x82,0x48,0xff,0x00,0x00,0x00,
    0x00,0x00,0x00,0x00,0x00,0x00,0x82,0x48,0xff,0x82,0x48,0xff,
    0x66,0xc1,0xff,0x66,0xc1,0xff,0x66,0xc1,0xff,0x66,0xc1,0xff,
    0x66,0xc1,0xff,0x66,0xc1,0xff,0x82,0x48,0xff,0x66,0xc1,0xff,
    0x82,0x48,0xff,0x66,0xc1,0xff,0x66,0xc1,0xff,0x66,0xc1,0xff,
    0x66,0xc1,0xff,0x66,0xc1,0xff,0x66,0xc1,0xff,0x82,0x48,0xff,
    0x82,0x48,0xff,0x00,0x00,0x00,0x00,0x00,0x00,0x00,0x00,0x00,
    0x00,0x00,0x00,0x82,0x48,0xff,0x82,0x48,0xff,0x66,0xc1,0xff,
    0x66,0xc1,0xff,0x66,0xc1,0xff,0x66,0xc1,0xff,0x66,0xc1,0xff,
    0x66,0xc1,0xff,0x66,0xc1,0xff,0x66,0xc1,0xff,0x66,0xc1,0xff,
    0x66,0xc1,0xff,0x66,0xc1,0xff,0x66,0xc1,0xff,0x66,0xc1,0xff,
    0x66,0xc1,0xff,0x66,0xc1,0xff,0x82,0x48,0xff,0x82,0x48,0xff,
    0x00,0x00,0x00,0x00,0x00,0x00,0x00,0x00,0x00,0x00,0x00,0x00,
    0x82,0x48,0xff,0x82,0x48,0xff,0x66,0xc1,0xff,0x66,0xc1,0xff,
    0x66,0xc1,0xff,0x66,0xc1,0xff,0x66,0xc1,0xff,0x82,0x48,0xff,
    0x82,0x48,0xff,0x82,0x48,0xff,0x82,0x48,0xff,0x82,0x48,0xff,
    0x66,0xc1,0xff,0x66,0xc1,0xff,0x66,0xc1,0xff,0x66,0xc1,0xff,
    0x66,0xc1,0xff,0x82,0x48,0xff,0x82,0x48,0xff,0x00,0x00,0x00,
    0x00,0x00,0x00,0x00,0x00,0x00,0x00,0x00,0x00,0x82,0x48,0xff,
    0x82,0x48,0xff,0x66,0xc1,0xff,0x66,0xc1,0xff,0x66,0xc1,0xff,
    0x82,0x48,0xff,0x82,0x48,0xff,0x82,0x48,0xff,0xa2,0x58,0xff,
    0xa2,0x58,0xff,0xa2,0x58,0xff,0x82,0x48,0xff,0x82,0x48,0xff,
    0x82,0x48,0xff,0x66,0xc1,0xff,0x66,0xc1,0xff,0x66,0xc1,0xff,
    0x82,0x48,0xff,0x82,0x48,0xff,0x00,0x00,0x00,0x00,0x00,0x00,
    0x00,0x00,0x00,0x00,0x00,0x00,0x82,0x48,0xff,0x82,0x48,0xff,
    0x66,0xc1,0xff,0x66,0xc1,0xff,0x82,0x48,0xff,0x82,0x48,0xff,
    0xa2,0x58,0xff,0xa2,0x58,0xff,0xa2,0x58,0xff,0xa2,0x58,0xff,
    0xa2,0x58,0xff,0xa2,0x58,0xff,0xa2,0x58,0xff,0x82,0x48,0xff,
    0x82,0x48,0xff,0x66,0xc1,0xff,0x66,0xc1,0xff,0x82,0x48,0xff,
    0x82,0x48,0xff,0x00,0x00,0x00,0x00,0x00,0x00,0x00,0x00,0x00,
    0x00,0x00,0x00,0x82,0x48,0xff,0x82,0x48,0xff,0x66,0xc1,0xff,
    0x66,0xc1,0xff,0x82,0x48,0xff,0xa2,0x58,0xff,0xa2,0x58,0xff,
    0xa2,0x58,0xff,0xa2,0x58,0xff,0xa2,0x58,0xff,0xa2,0x58,0xff,
    0xa2,0x58,0xff,0xa2,0x58,0xff,0xa2,0x58,0xff,0x82,0x48,0xff,
    0x66,0xc1,0xff,0x66,0xc1,0xff,0x82,0x48,0xff,0x82,0x48,0xff,
    0x00,0x00,0x00,0x00,0x00,0x00,0x00,0x00,0x00,0x00,0x00,0x00,
    0x82,0x48,0xff,0x82,0x48,0xff,0x66,0xc1,0xff,0x82,0x48,0xff,
    0x82,0x48,0xff,0xa2,0x58,0xff,0xa2,0x58,0xff,0xa2,0x58,0xff,
    0xa2,0x58,0xff,0xa2,0x58,0xff,0xa2,0x58,0xff,0xa2,0x58,0xff,
    0xa2,0x58,0xff,0xa2,0x58,0xff,0x82,0x48,0xff,0x82,0x48,0xff,
    0x66,0xc1,0xff,0x82,0x48,0xff,0x82,0x48,0xff,0x00,0x00,0x00,
    0x00,0x00,0x00,0x00,0x00,0x00,0x82,0x48,0xff,0x82,0x48,0xff,
    0x82,0x48,0xff,0x66,0xc1,0xff,0x82,0x48,0xff,0xa2,0x58,0xff,
    0xa2,0x58,0xff,0xa2,0x58,0xff,0xa2,0x58,0xff,0xa2,0x58,0xff,
    0xa2,0x58,0xff,0xa2,0x58,0xff,0xa2,0x58,0xff,0xa2,0x58,0xff,
    0xa2,0x58,0xff,0xa2,0x58,0xff,0x82,0x48,0xff,0x66,0xc1,0xff,
    0x82,0x48,0xff,0x82,0x48,0xff,0x82,0x48,0xff,0x00,0x00,0x00,
    0x00,0x00,0x00,0x82,0x48,0xff,0x82,0x48,0xff,0x66,0xc1,0xff,
    0x66,0xc1,0xff,0x82,0x48,0xff,0xa2,0x58,0xff,0xa2,0x58,0xff,
    0xa2,0x58,0xff,0xa2,0x58,0xff,0xa2,0x58,0xff,0xa2,0x58,0xff,
    0xa2,0x58,0xff,0xa2,0x58,0xff,0xa2,0x58,0xff,0xa2,0x58,0xff,
    0xa2,0x58,0xff,0x82,0x48,0xff,0x66,0xc1,0xff,0x66,0xc1,0xff,
    0x82,0x48,0xff,0x82,0x48,0xff,0x00,0x00,0x00,0x00,0x00,0x00,
    0x82,0x48,0xff,0x82,0x48,0xff,0x66,0xc1,0xff,0x66,0xc1,0xff,
    0x82,0x48,0xff,0x82,0x48,0xff,0xa2,0x58,0xff,0xa2,0x58,0xff,
    0xa2,0x58,0xff,0xa2,0x58,0xff,0xa2,0x58,0xff,0xa2,0x58,0xff,
    0xa2,0x58,0xff,0xa2,0x58,0xff,0xa2,0x58,0xff,0x82,0x48,0xff,
    0x82,0x48,0xff,0x66,0xc1,0xff,0x66,0xc1,0xff,0x82,0x48,0xff,
    0x82,0x48,0xff,0x00,0x00,0x00,0x00,0x00,0x00,0x82,0x48,0xff,
    0x82,0x48,0xff,0x66,0xc1,0xff,0x66,0xc1,0xff,0x66,0xc1,0xff,
    0x82,0x48,0xff,0xa2,0x58,0xff,0xa2,0x58,0xff,0xa2,0x58,0xff,
    0xa2,0x58,0xff,0xa2,0x58,0xff,0xa2,0x58,0xff,0xa2,0x58,0xff,
    0xa2,0x58,0xff,0xa2,0x58,0xff,0x82,0x48,0xff,0x66,0xc1,0xff,
    0x66,0xc1,0xff,0x66,0xc1,0xff,0x82,0x48,0xff,0x82,0x48,0xff,
    0x00,0x00,0x00,0x00,0x00,0x00,0x82,0x48,0xff,0x82,0x48,0xff,
    0x66,0xc1,0xff,0x66,0xc1,0xff,0x66,0xc1,0xff,0x82,0x48,0xff,
    0x82,0x48,0xff,0xa2,0x58,0xff,0xa2,0x58,0xff,0xa2,0x58,0xff,
    0xa2,0x58,0xff,0xa2,0x58,0xff,0xa2,0x58,0xff,0xa2,0x58,0xff,
    0x82,0x48,0xff,0x82,0x48,0xff,0x66,0xc1,0xff,0x66,0xc1,0xff,
    0x66,0xc1,0xff,0x82,0x48,0xff,0x82,0x48,0xff,0x00,0x00,0x00,
    0x00,0x00,0x00,0x82,0x48,0xff,0x82,0x48,0xff,0x66,0xc1,0xff,
    0x66,0xc1,0xff,0x66,0xc1,0xff,0x66,0xc1,0xff,0x82,0x48,0xff,
    0x82,0x48,0xff,0xa2,0x58,0xff,0xa2,0x58,0xff,0xa2,0x58,0xff,
    0xa2,0x58,0xff,0xa2,0x58,0xff,0x82,0x48,0xff,0x82,0x48,0xff,
    0x66,0xc1,0xff,0x66,0xc1,0xff,0x66,0xc1,0xff,0x66,0xc1,0xff,
    0x82,0x48,0xff,0x82,0x48,0xff,0x00,0x00,0x00,0x00,0x00,0x00,
    0x82,0x48,0xff,0x82,0x48,0xff,0x66,0xc1,0xff,0x66,0xc1,0xff,
    0x66,0xc1,0xff,0x66,0xc1,0xff,0x66,0xc1,0xff,0x82,0x48,0xff,
    0x82,0x48,0xff,0x82,0x48,0xff,0x82,0x48,0xff,0x82,0x48,0xff,
    0x82,0x48,0xff,0x82,0x48,0xff,0x66,0xc1,0xff,0x66,0xc1,0xff,
    0x66,0xc1,0xff,0x66,0xc1,0xff,0x66,0xc1,0xff,0x82,0x48,0xff,
    0x82,0x48,0xff,0x00,0x00,0x00,0x82,0x48,0xff,0x82,0x48,0xff,
    0x82,0x48,0xff,0x66,0xc1,0xff,0x66,0xc1,0xff,0x66,0xc1,0xff,
    0x66,0xc1,0xff,0x66,0xc1,0xff,0x66,0xc1,0xff,0x66,0xc1,0xff,
    0x66,0xc1,0xff,0x66,0xc1,0xff,0x66,0xc1,0xff,0x66,0xc1,0xff,
    0x66,0xc1,0xff,0x66,0xc1,0xff,0x66,0xc1,0xff,0x66,0xc1,0xff,
    0x66,0xc1,0xff,0x66,0xc1,0xff,0x82,0x48,0xff,0x82,0x48,0xff,
    0x82,0x48,0xff,0x82,0x48,0xff,0x82,0x48,0xff,0x66,0xc1,0xff,
    0x66,0xc1,0xff,0x66,0xc1,0xff,0x66,0xc1,0xff,0x66,0xc1,0xff,
    0x66,0xc1,0xff,0x66,0xc1,0xff,0x66,0xc1,0xff,0x66,0xc1,0xff,
    0x66,0xc1,0xff,0x66,0xc1,0xff,0x66,0xc1,0xff,0x66,0xc1,0xff,
    0x66,0xc1,0xff,0x66,0xc1,0xff,0x66,0xc1,0xff,0x66,0xc1,0xff,
    0x66,0xc1,0xff,0x66,0xc1,0xff,0x82,0x48,0xff,0x82,0x48,0xff,
    0x82,0x48,0xff,0x82,0x48,0xff,0x66,0xc1,0xff,0x66,0xc1,0xff,
    0x66,0xc1,0xff,0x66,0xc1,0xff,0x66,0xc1,0xff,0x66,0xc1,0xff,
    0x82,0x48,0xff,0x82,0x48,0xff,0x82,0x48,0xff,0x82,0x48,0xff,
    0x82,0x48,0xff,0x82,0x48,0xff,0x82,0x48,0xff,0x66,0xc1,0xff,
    0x66,0xc1,0xff,0x66,0xc1,0xff,0x66,0xc1,0xff,0x66,0xc1,0xff,
    0x66,0xc1,0xff,0x82,0x48,0xff,0x82,0x48,0xff,0x82,0x48,0xff,
    0x82,0x48,0xff,0x82,0x48,0xff,0x66,0xc1,0xff,0x66,0xc1,0xff,
    0x66,0xc1,0xff,0x66,0xc1,0xff,0x66,0xc1,0xff,0x82,0x48,0xff,
    0xa2,0x58,0xff,0xa2,0x58,0xff,0xa2,0x58,0xff,0xa2,0x58,0xff,
    0xa2,0x58,0xff,0x82,0x48,0xff,0x66,0xc1,0xff,0x66,0xc1,0xff,
    0x66,0xc1,0xff,0x66,0xc1,0xff,0x66,0xc1,0xff,0x82,0x48,0xff,
    0x82,0x48,0xff,0x82,0x48,0xff,0x82,0x48,0xff,0x82,0x48,0xff,
    0x82,0x48,0xff,0x66,0xc1,0xff,0x66,0xc1,0xff,0x66,0xc1,0xff,
    0x66,0xc1,0xff,0x82,0x48,0xff,0x82,0x48,0xff,0xa2,0x58,0xff,
    0xa2,0x58,0xff,0xa2,0x58,0xff,0xa2,0x58,0xff,0xa2,0x58,0xff,
    0x82,0x48,0xff,0x82,0x48,0xff,0x66,0xc1,0xff,0x66,0xc1,0xff,
    0x66,0xc1,0xff,0x66,0xc1,0xff,0x82,0x48,0xff,0x82,0x48,0xff,
    0x82,0x48,0xff,0x00,0x00,0x00,0x82,0x48,0xff,0x82,0x48,0xff,
    0x82,0x48,0xff,0x66,0xc1,0xff,0x66,0xc1,0xff,0x66,0xc1,0xff,
    0x82,0x48,0xff,0x82,0x48,0xff,0xa2,0x58,0xff,0xa2,0x58,0xff,
    0xa2,0x58,0xff,0xa2,0x58,0xff,0xa2,0x58,0xff,0x82,0x48,0xff,
    0x82,0x48,0xff,0x66,0xc1,0xff,0x66,0xc1,0xff,0x66,0xc1,0xff,
    0x82,0x48,0xff,0x82,0x48,0xff,0x82,0x48,0xff,0x00,0x00,0x00,
    0x00,0x00,0x00,0x00,0x00,0x00,0x82,0x48,0xff,0x82,0x48,0xff,
    0x82,0x48,0xff,0x82,0x48,0xff,0x82,0x48,0xff,0x82,0x48,0xff,
    0x82,0x48,0xff,0x82,0x48,0xff,0x82,0x48,0xff,0x82,0x48,0xff,
    0x82,0x48,0xff,0x82,0x48,0xff,0x82,0x48,0xff,0x82,0x48,0xff,
    0x82,0x48,0xff,0x82,0x48,0xff,0x82,0x48,0xff,0x82,0x48,0xff,
    0x82,0x48,0xff,0x00,0x00,0x00,0x00,0x00,0x00,0x00,0x00,0x00,
    0x00,0x00,0x00,0x00,0x00,0x00,0x00,0x00,0x00,0x00,0x00,0x00,
    0x00,0x00,0x00,0x00,0x00,0x00,0x00,0x00,0x00,0x00,0x00,0x00,
    0x00,0x00,0x00,0x00,0x00,0x00,0x82,0x48,0xff,0x00,0x00,0x00,
    0x00,0x00,0x00,0x00,0x00,0x00,0x00,0x00,0x00,0x00,0x00,0x00,
    0x00,0x00,0x00,0x00,0x00,0x00,0x00,0x00,0x00,0x00,0x00,0x00,
    0x00,0x00,0x00,0x00,0x00,0x00
};
const lv_img_dsc_t sb_head_6 = {
  .header.cf = LV_IMG_CF_TRUE_COLOR_ALPHA,
  .header.always_zero = 0,
  .header.reserved = 0,
  .header.w = 23,
  .header.h = 42,
  .data_size = 2898,
  .data = sb_head_6_map,
};
static const LV_ATTRIBUTE_MEM_ALIGN LV_ATTRIBUTE_LARGE_CONST uint8_t sb_head_7_map[] = {
    0x00,0x00,0x00,0x00,0x00,0x00,0x00,0x00,0x00,0x00,0x00,0x00,
    0x00,0x00,0x00,0x00,0x00,0x00,0x00,0x00,0x00,0x82,0x48,0xff,
    0x82,0x48,0xff,0x82,0x48,0xff,0x82,0x48,0xff,0x82,0x48,0xff,
    0x82,0x48,0xff,0x82,0x48,0xff,0x82,0x48,0xff,0x82,0x48,0xff,
    0x00,0x00,0x00,0x00,0x00,0x00,0x00,0x00,0x00,0x00,0x00,0x00,
    0x00,0x00,0x00,0x00,0x00,0x00,0x00,0x00,0x00,0x00,0x00,0x00,
    0x00,0x00,0x00,0x00,0x00,0x00,0x00,0x00,0x00,0x00,0x00,0x00,
    0x82,0x48,0xff,0x82,0x48,0xff,0x82,0x48,0xff,0x82,0x48,0xff,
    0x82,0x48,0xff,0x82,0x48,0xff,0x82,0x48,0xff,0x82,0x48,0xff,
    0x82,0x48,0xff,0x82,0x48,0xff,0x82,0x48,0xff,0x82,0x48,0xff,
    0x82,0x48,0xff,0x00,0x00,0x00,0x00,0x00,0x00,0x00,0x00,0x00,
    0x00,0x00,0x00,0x00,0x00,0x00,0x00,0x00,0x00,0x00,0x00,0x00,
    0x00,0x00,0x00,0x00,0x00,0x00,0x82,0x48,0xff,0x82,0x48,0xff,
    0x82,0x48,0xff,0x82,0x48,0xff,0x66,0xc1,0xff,0x66,0xc1,0xff,
    0x66,0xc1,0xff,0x66,0xc1,0xff,0x66,0xc1,0xff,0x66,0xc1,0xff,
    0x66,0xc1,0xff,0x82,0x48,0xff,0x82,0x48,0xff,0x82,0x48,0xff,
    0x82,0x48,0xff,0x00,0x00,0x00,0x00,0x00,0x00,0x00,0x00,0x00,
    0x00,0x00,0x00,0x00,0x00,0x00,0x00,0x00,0x00,0x00,0x00,0x00,
    0x82,0x48,0xff,0x82,0x48,0xff,0x82,0x48,0xff,0x66,0xc1,0xff,
    0x66,0xc1,0xff,0x82,0x48,0xff,0x82,0x48,0xff,0x82,0x48,0xff,
    0x82,0x48,0xff,0x82,0x48,0xff,0x82,0x48,0xff,0x82,0x48,0xff,
    0x66,0xc1,0xff,0x66,0xc1,0xff,0x82,0x48,0xff,0x82,0x48,0xff,
    0x82,0x48,0xff,0x00,0x00,0x00,0x00,0x00,0x00,0x00,0x00,0x00,
    0x00,0x00,0x00,0x00,0x00,0x00,0x82,0x48,0xff,0x82,0x48,0xff,
    0x82,0x48,0xff,0x66,0xc1,0xff,0x66,0xc1,0xff,0x82,0x48,0xff,
    0x82,0x48,0xff,0xa2,0x58,0xff,0xa2,0x58,0xff,0xa2,0x58,0xff,
    0xa2,0x58,0xff,0xa2,0x58,0xff,0x82,0x48,0xff,0x82,0x48,0xff,
    0x66,0xc1,0xff,0x66,0xc1,0xff,0x82,0x48,0xff,0x82,0x48,0xff,
    0x82,0x48,0xff,0x00,0x00,0x00,0x00,0x00,0x00,0x00,0x00,0x00,
    0x82,0x48,0xff,0x82,0x48,0xff,0x82,0x48,0xff,0x66,0xc1,0xff,
    0x66,0xc1,0xff,0x82,0x48,0xff,0x82,0x48,0xff,0xa2,0x58,0xff,
    0xa2,0x58,0xff,0xa2,0x58,0xff,0xa2,0x58,0xff,0xa2,0x58,0xff,
    0xa2,0x58,0xff,0xa2,0x58,0xff,0x82,0x48,0xff,0x82,0x48,0xff,
    0x66,0xc1,0xff,0x66,0xc1,0xff,0x82,0x48,0xff,0x82,0x48,0xff,
    0x82,0x48,0xff,0x00,0x00,0x00,0x82,0x48,0xff,0x82,0x48,0xff,
    0x82,0x48,0xff,0x66,0xc1,0xff,0x66,0xc1,0xff,0x66,0xc1,0xff,
    0x82,0x48,0xff,0xa2,0x58,0xff,0xa2,0x58,0xff,0xa2,0x58,0xff,
    0xa2,0x58,0xff,0xa2,0x58,0xff,0xa2,0x58,0xff,0xa2,0x58,0xff,
    0xa2,0x58,0xff,0xa2,0x58,0xff,0x82,0x48,0xff,0x66,0xc1,0xff,
    0x66,0xc1,0xff,0x66,0xc1,0xff,0x82,0x48,0xff,0x82,0x48,0xff,
    0x82,0x48,0xff,0x82,0x48,0xff,0x04,0x89,0xff,0x82,0x48,0xff,
    0x66,0xc1,0xff,0x66,0xc1,0xff,0x82,0x48,0xff,0x82,0x48,0xff,
    0xa2,0x58,0xff,0xa2,0x58,0xff,0xa2,0x58,0xff,0xa2,0x58,0xff,
    0xa2,0x58,0xff,0xa2,0x58,0xff,0xa2,0x58,0xff,0xa2,0x58,0xff,
    0xa2,0x58,0xff,0x82,0x48,0xff,0x82,0x48,0xff,0x66,0xc1,0xff,
    0x66,0xc1,0xff,0x82,0x48,0xff,0x04,0x89,0xff,0x82,0x48,0xff,
    0x82,0x48,0xff,0x04,0x89,0xff,0x82,0x48,0xff,0x66,0xc1,0xff,
    0x66,0xc1,0xff,0x82,0x48,0xff,0xa2,0x58,0xff,0xa2,0x58,0xff,
    0xa2,0x58,0xff,0xa2,0x58,0xff,0xa2,0x58,0xff,0xa2,0x58,0xff,
    0xa2,0x58,0xff,0xa2,0x58,0xff,0xa2,0x58,0xff,0xa2,0x58,0xff,
    0xa2,0x58,0xff,0x82,0x48,0xff,0x66,0xc1,0xff,0x66,0xc1,0xff,
    0x82,0x48,0xff,0x04,0x89,0xff,0x82,0x48,0xff,0x82,0x48,0xff,
    0x04,0x89,0xff,0x82,0x48,0xff,0x66,0xc1,0xff,0x82,0x48,0xff,
    0x82,0x48,0xff,0xa2,0x58,0xff,0xa2,0x58,0xff,0xa2,0x58,0xff,
    0xa2,0x58,0xff,0xa2,0x58,0xff,0xa2,0x58,0xff,0xa2,0x58,0xff,
    0xa2,0x58,0xff,0xa2,0x58,0xff,0xa2,0x58,0xff,0xa2,0x58,0xff,
    0x82,0x48,0xff,0x82,0x48,0xff,0x66,0xc1,0xff,0x82,0x48,0xff,
    0x04,0x89,0xff,0x82,0x48,0xff,0x82,0x48,0xff,0x04,0x89,0xff,
    0x82,0x48,0xff,0x66,0xc1,0xff,0x82,0x48,0xff,0x82,0x48,0xff,
    0xa2,0x58,0xff,0xa2,0x58,0xff,0xa2,0x58,0xff,0xa2,0x58,0xff,
    0xa2,0x58,0xff,0xa2,0x58,0xff,0xa2,0x58,0xff,0xa2,0x58,0xff,
    0xa2,0x58,0xff,0xa2,0x58,0xff,0xa2,0x58,0xff,0x82,0x48,0xff,
    0x82,0x48,0xff,0x66,0xc1,0xff,0x82,0x48,0xff,0x04,0x89,0xff,
    0x82,0x48,0xff,0x82,0x48,0xff,0x04,0x89,0xff,0x82,0x48,0xff,
    0x66,0xc1,0xff,0x66,0xc1,0xff,0x82,0x48,0xff,0xa2,0x58,0xff,
    0xa2,0x58,0xff,0xa2,0x58,0xff,0xa2,0x58,0xff,0xa2,0x58,0xff,
    0xa2,0x58,0xff,0xa2,0x58,0xff,0xa2,0x58,0xff,0xa2,0x58,0xff,
    0xa2,0x58,0xff,0xa2,0x58,0xff,0x82,0x48,0xff,0x66,0xc1,0xff,
    0x66,0xc1,0xff,0x82,0x48,0xff,0x04,0x89,0xff,0x82,0x48,0xff,
    0x82,0x48,0xff,0x04,0x89,0xff,0x82,0x48,0xff,0x66,0xc1,0xff,
    0x66,0xc1,0xff,0x82,0x48,0xff,0x82,0x48,0xff,0xa2,0x58,0xff,
    0xa2,0x58,0xff,0xa2,0x58,0xff,0xa2,0x58,0xff,0xa2,0x58,0xff,
    0xa2,0x58,0xff,0xa2,0x58,0xff,0xa2,0x58,0xff,0xa2,0x58,0xff,
    0x82,0x48,0xff,0x82,0x48,0xff,0x66,0xc1,0xff,0x66,0xc1,0xff,
    0x82,0x48,0xff,0x04,0x89,0xff,0x82,0x48,0xff,0x82,0x48,0xff,
    0x82,0x48,0xff,0x82,0x48,0xff,0x66,0xc1,0xff,0x66,0xc1,0xff,
    0x66,0xc1,0xff,0x82,0x48,0xff,0x82,0x48,0xff,0xa2,0x58,0xff,
    0xa2,0x58,0xff,0xa2,0x58,0xff,0xa2,0x58,0xff,0xa2,0x58,0xff,
    0xa2,0x58,0xff,0xa2,0x58,0xff,0x82,0x48,0xff,0x82,0x48,0xff,
    0x66,0xc1,0xff,0x66,0xc1,0xff,0x66,0xc1,0xff,0x82,0x48,0xff,
    0x82,0x48,0xff,0x82,0x48,0xff,0x00,0x00,0x00,0x82,0x48,0xff,
    0x82,0x48,0xff,0x66,0xc1,0xff,0x66,0xc1,0xff,0x66,0xc1,0xff,
    0x66,0xc1,0xff,0x82,0x48,0xff,0xa2,0x58,0xff,0xa2,0x58,0xff,
    0xa2,0x58,0xff,0xa2,0x58,0xff,0xa2,0x58,0xff,0xa2,0x58,0xff,
    0xa2,0x58,0xff,0x82,0x48,0xff,0x66,0xc1,0xff,0x66,0xc1,0xff,
    0x66,0xc1,0xff,0x66,0xc1,0xff,0x82,0x48,0xff,0x82,0x48,0xff,
    0x00,0x00,0x00,0x00,0x00,0x00,0x82,0x48,0xff,0x82,0x48,0xff,
    0x66,0xc1,0xff,0x66,0xc1,0xff,0x66,0xc1,0xff,0x66,0xc1,0xff,
    0x82,0x48,0xff,0x82,0x48,0xff,0x82,0x48,0xff,0x82,0x48,0xff,
    0x82,0x48,0xff,0x82,0x48,0xff,0x82,0x48,0xff,0x82,0x48,0xff,
    0x82,0x48,0xff,0x66,0xc1,0xff,0x66,0xc1,0xff,0x66,0xc1,0xff,
    0x66,0xc1,0xff,0x82,0x48,0xff,0x82,0x48,0xff,0x00,0x00,0x00,
    0x00,0x00,0x00,0x82,0x48,0xff,0x82,0x48,0xff,0x66,0xc1,0xff,
    0x66,0xc1,0xff,0x66,0xc1,0xff,0x66,0xc1,0xff,0x66,0xc1,0xff,
    0x66,0xc1,0xff,0x66,0xc1,0xff,0x66,0xc1,0xff,0x66,0xc1,0xff,
    0x66,0xc1,0xff,0x66,0xc1,0xff,0x66,0xc1,0xff,0x66,0xc1,0xff,
    0x66,0xc1,0xff,0x66,0xc1,0xff,0x66,0xc1,0xff,0x66,0xc1,0xff,
    0x82,0x48,0xff,0x82,0x48,0xff,0x00,0x00,0x00,0x00,0x00,0x00,
    0x82,0x48,0xff,0x82,0x48,0xff,0x66,0xc1,0xff,0x66,0xc1,0xff,
    0x66,0xc1,0xff,0x66,0xc1,0xff,0x66,0xc1,0xff,0x66,0xc1,0xff,
    0x66,0xc1,0xff,0x82,0x48,0xff,0x66,0xc1,0xff,0x82,0x48,0xff,
    0x66,0xc1,0xff,0x66,0xc1,0xff,0x66,0xc1,0xff,0x66,0xc1,0xff,
    0x66,0xc1,0xff,0x66,0xc1,0xff,0x66,0xc1,0xff,0x82,0x48,0xff,
    0x82,0x48,0xff,0x00,0x00,0x00,0x00,0x00,0x00,0x82,0x48,0xff,
    0x82,0x48,0xff,0x82,0x48,0xff,0x66,0xc1,0xff,0x66,0xc1,0xff,
    0x66,0xc1,0xff,0x66,0xc1,0xff,0x66,0xc1,0xff,0x82,0x48,0xff,
    0x82,0x48,0xff,0x82,0x48,0xff,0x82,0x48,0xff,0x66,0xc1,0xff,
    0x66,0xc1,0xff,0x66,0xc1,0xff,0x66,0xc1,0xff,0x66,0xc1,0xff,
    0x66,0xc1,0xff,0x82,0x48,0xff,0x82,0x48,0xff,0x82,0x48,0xff,
    0x00,0x00,0x00,0x00,0x00,0x00,0x82,0x48,0xff,0x04,0x89,0xff,
    0x82,0x48,0xff,0x66,0xc1,0xff,0x66,0xc1,0xff,0x66,0xc1,0xff,
    0x66,0xc1,0xff,0x66,0xc1,0xff,0x82,0x48,0xff,0x66,0xc1,0xff,
    0x82,0x48,0xff,0x82,0x48,0xff,0x82,0x48,0xff,0x66,0xc1,0xff,
    0x66,0xc1,0xff,0x66,0xc1,0xff,0x66,0xc1,0xff,0x66,0xc1,0xff,
    0x82,0x48,0xff,0x04,0x89,0xff,0x82,0x48,0xff,0x00,0x00,0x00,
    0x00,0x00,0x00,0x82,0x48,0xff,0x82,0x48,0xff,0x82,0x48,0xff,
    0x66,0xc1,0xff,0x66,0xc1,0xff,0x66,0xc1,0xff,0x66,0xc1,0xff,
    0x66,0xc1,0xff,0x66,0xc1,0xff,0x82,0x48,0xff,0x66,0xc1,0xff,
    0x82,0x48,0xff,0x66,0xc1,0xff,0x66,0xc1,0xff,0x66,0xc1,0xff,
    0x66,0xc1,0xff,0x66,0xc1,0xff,0x66,0xc1,0xff,0x82,0x48,0xff,
    0x82,0x48,0xff,0x82,0x48,0xff,0x00,0x00,0x00,0x00,0x00,0x00,
    0x00,0x00,0x00,0x82,0x48,0xff,0x82,0x48,0xff,0x66,0xc1,0xff,
    0x66,0xc1,0xff,0x66,0xc1,0xff,0x66,0xc1,0xff,0x66,0xc1,0xff,
    0x82,0x48,0xff,0x82,0x48,0xff,0x82,0x48,0xff,0x82,0x48,0xff,
    0x66,0xc1,0xff,0x66,0xc1,0xff,0x66,0xc1,0xff,0x66,0xc1,0xff,
    0x66,0xc1,0xff,0x66,0xc1,0xff,0x82,0x48,0xff,0x82,0x48,0xff,
    0x00,0x00,0x00,0x00,0x00,0x00,0x00,0x00,0x00,0x00,0x00,0x00,
    0x82,0x48,0xff,0x82,0x48,0xff,0x66,0xc1,0xff,0x66,0xc1,0xff,
    0x66,0xc1,0xff,0x66,0xc1,0xff,0x66,0xc1,0xff,0x66,0xc1,0xff,
    0x82,0x48,0xff,0x82,0x48,0xff,0x82,0x48,0xff,0x66,0xc1,0xff,
    0x66,0xc1,0xff,0x66,0xc1,0xff,0x66,0xc1,0xff,0x66,0xc1,0xff,
    0x66,0xc1,0xff,0x82,0x48,0xff,0x82,0x48,0xff,0x00,0x00,0x00,
    0x00,0x00,0x00,0x00,0x00,0x00,0x00,0x00,0x00,0x82,0x48,0xff,
    0x82,0x48,0xff,0x66,0xc1,0xff,0x66,0xc1,0xff,0x66,0xc1,0xff,
    0x66,0xc1,0xff,0x82,0x48,0xff,0x82,0x48,0xff,0x82,0x48,0xff,
    0xa2,0x58,0xff,0x82,0x48,0xff,0x82,0x48,0xff,0x82,0x48,0xff,
    0x66,0xc1,0xff,0x66,0xc1,0xff,0x66,0xc1,0xff,0x66,0xc1,0xff,
    0x82,0x48,0xff,0x82,0x48,0xff,0x00,0x00,0x00,0x00,0x00,0x00,
    0x00,0x00,0x00,0x00,0x00,0x00,0x82,0x48,0xff,0x82,0x48,0xff,
    0x66,0xc1,0xff,0x66,0xc1,0xff,0x66,0xc1,0xff,0x82,0x48,0xff,
    0x82,0x48,0xff,0xa2,0x58,0xff,0xa2,0x58,0xff,0xa2,0x58,0xff,
    0xa2,0x58,0xff,0xa2,0x58,0xff,0x82,0x48,0xff,0x82,0x48,0xff,
    0x66,0xc1,0xff,0x66,0xc1,0xff,0x66,0xc1,0xff,0x82,0x48,0xff,
    0x82,0x48,0xff,0x00,0x00,0x00,0x00,0x00,0x00,0x00,0x00,0x00,
    0x00,0x00,0x00,0x82,0x48,0xff,0x82,0x48,0xff,0x66,0xc1,0xff,
    0x66,0xc1,0xff,0x82,0x48,0xff,0x82,0x48,0xff,0xa2,0x58,0xff,
    0xa2,0x58,0xff,0xa2,0x58,0xff,0xa2,0x58,0xff,0xa2,0x58,0xff,
    0xa2,0x58,0xff,0xa2,0x58,0xff,0x82,0x48,0xff,0x82,0x48,0xff,
    0x66,0xc1,0xff,0x66,0xc1,0xff,0x82,0x48,0xff,0x82,0x48,0xff,
    0x00,0x00,0x00,0x00,0x00,0x00,0x00,0x00,0x00,0x00,0x00,0x00,
    0x82,0x48,0xff,0x82,0x48,0xff,0x66,0xc1,0xff,0x82,0x48,0xff,
    0x82,0x48,0xff,0xa2,0x58,0xff,0xa2,0x58,0xff,0xa2,0x58,0xff,
    0xa2,0x58,0xff,0xa2,0x58,0xff,0xa2,0x58,0xff,0xa2,0x58,0xff,
    0xa2,0x58,0xff,0xa2,0x58,0xff,0x82,0x48,0xff,0x82,0x48,0xff,
    0x66,0xc1,0xff,0x82,0x48,0xff,0x82,0x48,0xff,0x00,0x00,0x00,
    0x00,0x00,0x00,0x00,0x00,0x00,0x00,0x00,0x00,0x82,0x48,0xff,
    0x82,0x48,0xff,0x66,0xc1,0xff,0x82,0x48,0xff,0xa2,0x58,0xff,
    0xa2,0x58,0xff,0xa2,0x58,0xff,0xa2,0x58,0xff,0xa2,0x58,0xff,
    0xa2,0x58,0xff,0xa2,0x58,0xff,0xa2,0x58,0xff,0xa2,0x58,0xff,
    0xa2,0x58,0xff,0xa2,0x58,0xff,0x82,0x48,0xff,0x66,0xc1,0xff,
    0x82,0x48,0xff,0x82,0x48,0xff,0x00,0x00,0x00,0x00,0x00,0x00,
    0x00,0x00,0x00,0x82,0x48,0xff,0x82,0x48,0xff,0x82,0x48,0xff,
    0x66,0xc1,0xff,0x82,0x48,0xff,0xa2,0x58,0xff,0xa2,0x58,0xff,
    0xa2,0x58,0xff,0xa2,0x58,0xff,0xa2,0x58,0xff,0xa2,0x58,0xff,
    0xa2,0x58,0xff,0xa2,0x58,0xff,0xa2,0x58,0xff,0xa2,0x58,0xff,
    0xa2,0x58,0xff,0x82,0x48,0xff,0x66,0xc1,0xff,0x82,0x48,0xff,
    0x82,0x48,0xff,0x82,0x48,0xff,0x00,0x00,0x00,0x00,0x00,0x00,
    0x82,0x48,0xff,0x82,0x48,0xff,0x82,0x48,0xff,0x66,0xc1,0xff,
    0x82,0x48,0xff,0xa2,0x58,0xff,0xa2,0x58,0xff,0xa2,0x58,0xff,
    0xa2,0x58,0xff,0xa2,0x58,0xff,0xa2,0x58,0xff,0xa2,0x58,0xff,
    0xa2,0x58,0xff,0xa2,0x58,0xff,0xa2,0x58,0xff,0xa2,0x58,0xff,
    0x82,0x48,0xff,0x66,0xc1,0xff,0x82,0x48,0xff,0x82,0x48,0xff,
    0x82,0x48,0xff,0x00,0x00,0x00,0x00,0x00,0x00,0x82,0x48,0xff,
    0x82,0x48,0xff,0x66,0xc1,0xff,0x66,0xc1,0xff,0x82,0x48,0xff,
    0x82,0x48,0xff,0xa2,0x58,0xff,0xa2,0x58,0xff,0xa2,0x58,0xff,
    0xa2,0x58,0xff,0xa2,0x58,0xff,0xa2,0x58,0xff,0xa2,0x58,0xff,
    0xa2,0x58,0xff,0xa2,0x58,0xff,0x82,0x48,0xff,0x82,0x48,0xff,
    0x66,0xc1,0xff,0x66,0xc1,0xff,0x82,0x48,0xff,0x82,0x48,0xff,
    0x00,0x00,0x00,0x00,0x00,0x00,0x82,0x48,0xff,0x82,0x48,0xff,
    0x66,0xc1,0xff,0x66,0xc1,0xff,0x66,0xc1,0xff,0x82,0x48,0xff,
    0x82,0x48,0xff,0xa2,0x58,0xff,0xa2,0x58,0xff,0xa2,0x58,0xff,
    0xa2,0x58,0xff,0xa2,0x58,0xff,0xa2,0x58,0xff,0xa2,0x58,0xff,
    0x82,0x48,0xff,0x82,0x48,0xff,0x66,0xc1,0xff,0x66,0xc1,0xff,
    0x66,0xc1,0xff,0x82,0x48,0xff,0x82,0x48,0xff,0x00,0x00,0x00,
    0x00,0x00,0x00,0x82,0x48,0xff,0x82,0x48,0xff,0x66,0xc1,0xff,
    0x66,0xc1,0xff,0x66,0xc1,0xff,0x66,0xc1,0xff,0x82,0x48,0xff,
    0x82,0x48,0xff,0xa2,0x58,0xff,0xa2,0x58,0xff,0xa2,0x58,0xff,
    0xa2,0x58,0xff,0xa2,0x58,0xff,0x82,0x48,0xff,0x82,0x48,0xff,
    0x66,0xc1,0xff,0x66,0xc1,0xff,0x66,0xc1,0xff,0x66,0xc1,0xff,
    0x82,0x48,0xff,0x82,0x48,0xff,0x00,0x00,0x00,0x00,0x00,0x00,
    0x82,0x48,0xff,0x82,0x48,0xff,0x66,0xc1,0xff,0x66,0xc1,0xff,
    0x66,0xc1,0xff,0x66,0xc1,0xff,0x66,0xc1,0xff,0x82,0x48,0xff,
    0x82,0x48,0xff,0x82,0x48,0xff,0xa2,0x58,0xff,0x82,0x48,0xff,
    0x82,0x48,0xff,0x82,0x48,0xff,0x66,0xc1,0xff,0x66,0xc1,0xff,
    0x66,0xc1,0xff,0x66,0xc1,0xff,0x66,0xc1,0xff,0x82,0x48,0xff,
    0x82,0x48,0xff,0x00,0x00,0x00,0x00,0x00,0x00,0x82,0x48,0xff,
    0x82,0x48,0xff,0x66,0xc1,0xff,0x66,0xc1,0xff,0x66,0xc1,0xff,
    0x66,0xc1,0xff,0x66,0xc1,0xff,0x66,0xc1,0xff,0x66,0xc1,0xff,
    0x82,0x48,0xff,0x82,0x48,0xff,0x82,0x48,0xff,0x66,0xc1,0xff,
    0x66,0xc1,0xff,0x66,0xc1,0xff,0x66,0xc1,0xff,0x66,0xc1,0xff,
    0x66,0xc1,0xff,0x66,0xc1,0xff,0x82,0x48,0xff,0x82,0x48,0xff,
    0x00,0x00,0x00,0x82,0x48,0xff,0x82,0x48,0xff,0x82,0x48,0xff,
    0x66,0xc1,0xff,0x66,0xc1,0xff,0x66,0xc1,0xff,0x66,0xc1,0xff,
    0x66,0xc1,0xff,0x66,0xc1,0xff,0x66,0xc1,0xff,0x66,0xc1,0xff,
    0x66,0xc1,0xff,0x66,0xc1,0xff,0x66,0xc1,0xff,0x66,0xc1,0xff,
    0x66,0xc1,0xff,0x66,0xc1,0xff,0x66,0xc1,0xff,0x66,0xc1,0xff,
    0x66,0xc1,0xff,0x82,0x48,0xff,0x82,0x48,0xff,0x82,0x48,0xff,
    0x82,0x48,0xff,0x82,0x48,0xff,0x66,0xc1,0xff,0x66,0xc1,0xff,
    0x66,0xc1,0xff,0x66,0xc1,0xff,0x66,0xc1,0xff,0x66,0xc1,0xff,
    0x66,0xc1,0xff,0x82,0x48,0xff,0x82,0x48,0xff,0x82,0x48,0xff,
    0x82,0x48,0xff,0x82,0x48,0xff,0x66,0xc1,0xff,0x66,0xc1,0xff,
    0x66,0xc1,0xff,0x66,0xc1,0xff,0x66,0xc1,0xff,0x66,0xc1,0xff,
    0x66,0xc1,0xff,0x82,0x48,0xff,0x82,0x48,0xff,0x82,0x48,0xff,
    0x82,0x48,0xff,0x82,0x48,0xff,0x66,0xc1,0xff,0x66,0xc1,0xff,
    0x66,0xc1,0xff,0x66,0xc1,0xff,0x66,0xc1,0xff,0x82,0x48,0xff,
    0x82,0x48,0xff,0x82,0x48,0xff,0x82,0x48,0xff,0x82,0x48,0xff,
    0x82,0x48,0xff,0x82,0x48,0xff,0x66,0xc1,0xff,0x66,0xc1,0xff,
    0x66,0xc1,0xff,0x66,0xc1,0xff,0x66,0xc1,0xff,0x82,0x48,0xff,
    0x82,0x48,0xff,0x82,0x48,0xff,0x82,0x48,0xff,0x82,0x48,0xff,
    0x82,0x48,0xff,0x66,0xc1,0xff,0x66,0xc1,0xff,0x66,0xc1,0xff,
    0x66,0xc1,0xff,0x66,0xc1,0xff,0x82,0x48,0xff,0xa2,0x58,0xff,
    0xa2,0x58,0xff,0xa2,0x58,0xff,0xa2,0x58,0xff,0xa2,0x58,0xff,
    0x82,0x48,0xff,0x66,0xc1,0xff,0x66,0xc1,0xff,0x66,0xc1,0xff,
    0x66,0xc1,0xff,0x66,0xc1,0xff,0x82,0x48,0xff,0x82,0x48,0xff,
    0x82,0x48,0xff,0x00,0x00,0x00,0x82,0x48,0xff,0x82,0x48,0xff,
    0x66,0xc1,0xff,0x66,0xc1,0xff,0x66,0xc1,0xff,0x66,0xc1,0xff,
    0x82,0x48,0xff,0x82,0x48,0xff,0xa2,0x58,0xff,0xa2,0x58,0xff,
    0xa2,0x58,0xff,0xa2,0x58,0xff,0xa2,0x58,0xff,0x82,0x48,0xff,
    0x82,0x48,0xff,0x66,0xc1,0xff,0x66,0xc1,0xff,0x66,0xc1,0xff,
    0x66,0xc1,0xff,0x82,0x48,0xff,0x82,0x48,0xff,0x00,0x00,0x00,
    0x00,0x00,0x00,0x82,0x48,0xff,0x82,0x48,0xff,0x82,0x48,0xff,
    0x82,0x48,0xff,0x82,0x48,0xff,0x66,0xc1,0xff,0x82,0x48,0xff,
    0x82,0x48,0xff,0xa2,0x58,0xff,0xa2,0x58,0xff,0xa2,0x58,0xff,
    0xa2,0x58,0xff,0xa2,0x58,0xff,0x82,0x48,0xff,0x82,0x48,0xff,
    0x66,0xc1,0xff,0x82,0x48,0xff,0x82,0x48,0xff,0x82,0x48,0xff,
    0x82,0x48,0xff,0x82,0x48,0xff,0x00,0x00,0x00,0x00,0x00,0x00,
    0x00,0x00,0x00,0x00,0x00,0x00,0x00,0x00,0x00,0x82,0x48,0xff,
    0x82,0x48,0xff,0x82,0x48,0xff,0x82,0x48,0xff,0x82,0x48,0xff,
    0x82,0x48,0xff,0x82,0x48,0xff,0x82,0x48,0xff,0x82,0x48,0xff,
    0x82,0x48,0xff,0x82,0x48,0xff,0x82,0x48,0xff,0x82,0x48,0xff,
    0x82,0x48,0xff,0x82,0x48,0xff,0x00,0x00,0x00,0x00,0x00,0x00,
    0x00,0x00,0x00,0x00,0x00,0x00
};
const lv_img_dsc_t sb_head_7 = {
  .header.cf = LV_IMG_CF_TRUE_COLOR_ALPHA,
  .header.always_zero = 0,
  .header.reserved = 0,
  .header.w = 23,
  .header.h = 42,
  .data_size = 2898,
  .data = sb_head_7_map,
};
static const LV_ATTRIBUTE_MEM_ALIGN LV_ATTRIBUTE_LARGE_CONST uint8_t sb_head_8_map[] = {
    0x00,0x00,0x00,0x00,0x00,0x00,0x00,0x00,0x00,0x00,0x00,0x00,
    0x00,0x00,0x00,0x00,0x00,0x00,0x00,0x00,0x00,0x82,0x48,0xff,
    0x82,0x48,0xff,0x82,0x48,0xff,0x82,0x48,0xff,0x82,0x48,0xff,
    0x82,0x48,0xff,0x82,0x48,0xff,0x82,0x48,0xff,0x82,0x48,0xff,
    0x82,0x48,0xff,0x00,0x00,0x00,0x00,0x00,0x00,0x00,0x00,0x00,
    0x00,0x00,0x00,0x00,0x00,0x00,0x00,0x00,0x00,0x00,0x00,0x00,
    0x00,0x00,0x00,0x00,0x00,0x00,0x00,0x00,0x00,0x00,0x00,0x00,
    0x00,0x00,0x00,0x82,0x48,0xff,0x82,0x48,0xff,0x82,0x48,0xff,
    0x82,0x48,0xff,0x82,0x48,0xff,0x82,0x48,0xff,0x82,0x48,0xff,
    0x82,0x48,0xff,0x82,0x48,0xff,0x82,0x48,0xff,0x82,0x48,0xff,
    0x82,0x48,0xff,0x82,0x48,0xff,0x82,0x48,0xff,0x00,0x00,0x00,
    0x00,0x00,0x00,0x00,0x00,0x00,0x00,0x00,0x00,0x00,0x00,0x00,
    0x00,0x00,0x00,0x00,0x00,0x00,0x00,0x00,0x00,0x00,0x00,0x00,
    0x82,0x48,0xff,0x82,0x48,0xff,0x82,0x48,0xff,0x82,0x48,0xff,
    0x82,0x48,0xff,0x66,0xc1,0xff,0x66,0xc1,0xff,0x66,0xc1,0xff,
    0x66,0xc1,0xff,0x66,0xc1,0xff,0x66,0xc1,0xff,0x82,0x48,0xff,
    0x82,0x48,0xff,0x82,0x48,0xff,0x82,0x48,0xff,0x82,0x48,0xff,
    0x00,0x00,0x00,0x00,0x00,0x00,0x00,0x00,0x00,0x00,0x00,0x00,
    0x00,0x00,0x00,0x00,0x00,0x00,0x00,0x00,0x00,0x82,0x48,0xff,
    0x82,0x48,0xff,0x82,0x48,0xff,0x82,0x48,0xff,0x66,0xc1,0xff,
    0x82,0x48,0xff,0x82,0x48,0xff,0x82,0x48,0xff,0x82,0x48,0xff,
    0x82,0x48,0xff,0x82,0x48,0xff,0x82,0x48,0xff,0x82,0x48,0xff,
    0x66,0xc1,0xff,0x82,0x48,0xff,0x82,0x48,0xff,0x82,0x48,0xff,
    0x82,0x48,0xff,0x00,0x00,0x00,0x00,0x00,0x00,0x00,0x00,0x00,
    0x00,0x00,0x00,0x00,0x00,0x00,0x82,0x48,0xff,0x82,0x48,0xff,
    0x82,0x48,0xff,0x82,0x48,0xff,0x66,0xc1,0xff,0x82,0x48,0xff,
    0x82,0x48,0xff,0xa2,0x58,0xff,0xa2,0x58,0xff,0xa2,0x58,0xff,
    0xa2,0x58,0xff,0xa2,0x58,0xff,0xa2,0x58,0xff,0x82,0x48,0xff,
    0x82,0x48,0xff,0x66,0xc1,0xff,0x82,0x48,0xff,0x82,0x48,0xff,
    0x82,0x48,0xff,0x82,0x48,0xff,0x00,0x00,0x00,0x00,0x00,0x00,
    0x00,0x00,0x00,0x82,0x48,0xff,0x82,0x48,0xff,0x82,0x48,0xff,
    0x66,0xc1,0xff,0x66,0xc1,0xff,0x66,0xc1,0xff,0x82,0x48,0xff,
    0xa2,0x58,0xff,0xa2,0x58,0xff,0xa2,0x58,0xff,0xa2,0x58,0xff,
    0xa2,0x58,0xff,0xa2,0x58,0xff,0xa2,0x58,0xff,0xa2,0x58,0xff,
    0x82,0x48,0xff,0x66,0xc1,0xff,0x66,0xc1,0xff,0x66,0xc1,0xff,
    0x82,0x48,0xff,0x82,0x48,0xff,0x82,0x48,0xff,0x00,0x00,0x00,
    0x82,0x48,0xff,0x82,0x48,0xff,0x82,0x48,0xff,0x82,0x48,0xff,
    0x66,0xc1,0xff,0x66,0xc1,0xff,0x82,0x48,0xff,0x82,0x48,0xff,
    0xa2,0x58,0xff,0xa2,0x58,0xff,0xa2,0x58,0xff,0xa2,0x58,0xff,
    0xa2,0x58,0xff,0xa2,0x58,0xff,0xa2,0x58,0xff,0xa2,0x58,0xff,
    0x82,0x48,0xff,0x82,0x48,0xff,0x66,0xc1,0xff,0x66,0xc1,0xff,
    0x82,0x48,0xff,0x82,0x48,0xff,0x82,0x48,0xff,0x82,0x48,0xff,
    0x82,0x48,0xff,0x04,0x89,0xff,0x82,0x48,0xff,0x66,0xc1,0xff,
    0x66,0xc1,0xff,0x66,0xc1,0xff,0x82,0x48,0xff,0xa2,0x58,0xff,
    0xa2,0x58,0xff,0xa2,0x58,0xff,0xa2,0x58,0xff,0xa2,0x58,0xff,
    0xa2,0x58,0xff,0xa2,0x58,0xff,0xa2,0x58,0xff,0xa2,0x58,0xff,
    0xa2,0x58,0xff,0x82,0x48,0xff,0x66,0xc1,0xff,0x66,0xc1,0xff,
    0x66,0xc1,0xff,0x82,0x48,0xff,0x04,0x89,0xff,0x82,0x48,0xff,
    0x82,0x48,0xff,0x04,0x89,0xff,0x82,0x48,0xff,0x66,0xc1,0xff,
    0x66,0xc1,0xff,0x82,0x48,0xff,0x82,0x48,0xff,0xa2,0x58,0xff,
    0xa2,0x58,0xff,0xa2,0x58,0xff,0xa2,0x58,0xff,0xa2,0x58,0xff,
    0xa2,0x58,0xff,0xa2,0x58,0xff,0xa2,0x58,0xff,0xa2,0x58,0xff,
    0xa2,0x58,0xff,0x82,0x48,0xff,0x82,0x48,0xff,0x66,0xc1,0xff,
    0x66,0xc1,0xff,0x82,0x48,0xff,0x04,0x89,0xff,0x82,0x48,0xff,
    0x82,0x48,0xff,0x04,0x89,0xff,0x82,0x48,0xff,0x66,0xc1,0xff,
    0x66,0xc1,0xff,0x82,0x48,0xff,0xa2,0x58,0xff,0xa2,0x58,0xff,
    0xa2,0x58,0xff,0xa2,0x58,0xff,0xa2,0x58,0xff,0xa2,0x58,0xff,
    0xa2,0x58,0xff,0xa2,0x58,0xff,0xa2,0x58,0xff,0xa2,0x58,0xff,
    0xa2,0x58,0xff,0xa2,0x58,0xff,0x82,0x48,0xff,0x66,0xc1,0xff,
    0x66,0xc1,0xff,0x82,0x48,0xff,0x04,0x89,0xff,0x82,0x48,0xff,
    0x82,0x48,0xff,0x04,0x89,0xff,0x82,0x48,0xff,0x66,0xc1,0xff,
    0x66,0xc1,0xff,0x82,0x48,0xff,0xa2,0x58,0xff,0xa2,0x58,0xff,
    0xa2,0x58,0xff,0xa2,0x58,0xff,0xa2,0x58,0xff,0xa2,0x58,0xff,
    0xa2,0x58,0xff,0xa2,0x58,0xff,0xa2,0x58,0xff,0xa2,0x58,0xff,
    0xa2,0x58,0xff,0xa2,0x58,0xff,0x82,0x48,0xff,0x66,0xc1,0xff,
    0x66,0xc1,0xff,0x82,0x48,0xff,0x04,0x89,0xff,0x82,0x48,0xff,
    0x82,0x48,0xff,0x04,0x89,0xff,0x82,0x48,0xff,0x66,0xc1,0xff,
    0x66,0xc1,0xff,0x82,0x48,0xff,0xa2,0x58,0xff,0xa2,0x58,0xff,
    0xa2,0x58,0xff,0xa2,0x58,0xff,0xa2,0x58,0xff,0xa2,0x58,0xff,
    0xa2,0x58,0xff,0xa2,0x58,0xff,0xa2,0x58,0xff,0xa2,0x58,0xff,
    0xa2,0x58,0xff,0xa2,0x58,0xff,0x82,0x48,0xff,0x66,0xc1,0xff,
    0x66,0xc1,0xff,0x82,0x48,0xff,0x04,0x89,0xff,0x82,0x48,0xff,
    0x82,0x48,0xff,0x04,0x89,0xff,0x82,0x48,0xff,0x66,0xc1,0xff,
    0x66,0xc1,0xff,0x82,0x48,0xff,0x82,0x48,0xff,0xa2,0x58,0xff,
    0xa2,0x58,0xff,0xa2,0x58,0xff,0xa2,0x58,0xff,0xa2,0x58,0xff,
    0xa2,0x58,0xff,0xa2,0x58,0xff,0xa2,0x58,0xff,0xa2,0x58,0xff,
    0xa2,0x58,0xff,0x82,0x48,0xff,0x82,0x48,0xff,0x66,0xc1,0xff,
    0x66,0xc1,0xff,0x82,0x48,0xff,0x04,0x89,0xff,0x82,0x48,0xff,
    0x82,0x48,0xff,0x82,0x48,0xff,0x82,0x48,0xff,0x66,0xc1,0xff,
    0x66,0xc1,0xff,0x66,0xc1,0xff,0x82,0x48,0xff,0x82,0x48,0xff,
    0xa2,0x58,0xff,0xa2,0x58,0xff,0xa2,0x58,0xff,0xa2,0x58,0xff,
    0xa2,0x58,0xff,0xa2,0x58,0xff,0xa2,0x58,0xff,0xa2,0x58,0xff,
    0x82,0x48,0xff,0x82,0x48,0xff,0x66,0xc1,0xff,0x66,0xc1,0xff,
    0x66,0xc1,0xff,0x82,0x48,0xff,0x82,0x48,0xff,0x82,0x48,0xff,
    0x00,0x00,0x00,0x82,0x48,0xff,0x82,0x48,0xff,0x66,0xc1,0xff,
    0x66,0xc1,0xff,0x66,0xc1,0xff,0x66,0xc1,0xff,0x82,0x48,0xff,
    0xa2,0x58,0xff,0xa2,0x58,0xff,0xa2,0x58,0xff,0xa2,0x58,0xff,
    0xa2,0x58,0xff,0xa2,0x58,0xff,0xa2,0x58,0xff,0xa2,0x58,0xff,
    0x82,0x48,0xff,0x66,0xc1,0xff,0x66,0xc1,0xff,0x66,0xc1,0xff,
    0x66,0xc1,0xff,0x82,0x48,0xff,0x82,0x48,0xff,0x00,0x00,0x00,
    0x00,0x00,0x00,0x82,0x48,0xff,0x82,0x48,0xff,0x66,0xc1,0xff,
    0x66,0xc1,0xff,0x66,0xc1,0xff,0x66,0xc1,0xff,0x82,0x48,0xff,
    0x82,0x48,0xff,0xa2,0x58,0xff,0xa2,0x58,0xff,0xa2,0x58,0xff,
    0xa2,0x58,0xff,0xa2,0x58,0xff,0xa2,0x58,0xff,0x82,0x48,0xff,
    0x82,0x48,0xff,0x66,0xc1,0xff,0x66,0xc1,0xff,0x66,0xc1,0xff,
    0x66,0xc1,0xff,0x82,0x48,0xff,0x82,0x48,0xff,0x00,0x00,0x00,
    0x00,0x00,0x00,0x82,0x48,0xff,0x82,0x48,0xff,0x66,0xc1,0xff,
    0x66,0xc1,0xff,0x66,0xc1,0xff,0x66,0xc1,0xff,0x66,0xc1,0xff,
    0x82,0x48,0xff,0x82,0x48,0xff,0x82,0x48,0xff,0x82,0x48,0xff,
    0x82,0x48,0xff,0x82,0x48,0xff,0x82,0x48,0xff,0x82,0x48,0xff,
    0x66,0xc1,0xff,0x66,0xc1,0xff,0x66,0xc1,0xff,0x66,0xc1,0xff,
    0x66,0xc1,0xff,0x82,0x48,0xff,0x82,0x48,0xff,0x00,0x00,0x00,
    0x00,0x00,0x00,0x82,0x48,0xff,0x82,0x48,0xff,0x66,0xc1,0xff,
    0x66,0xc1,0xff,0x66,0xc1,0xff,0x66,0xc1,0xff,0x66,0xc1,0xff,
    0x66,0xc1,0xff,0x66,0xc1,0xff,0x66,0xc1,0xff,0x66,0xc1,0xff,
    0x66,0xc1,0xff,0x66,0xc1,0xff,0x66,0xc1,0xff,0x66,0xc1,0xff,
    0x66,0xc1,0xff,0x66,0xc1,0xff,0x66,0xc1,0xff,0x66,0xc1,0xff,
    0x66,0xc1,0xff,0x82,0x48,0xff,0x82,0x48,0xff,0x00,0x00,0x00,
    0x00,0x00,0x00,0x82,0x48,0xff,0x82,0x48,0xff,0x66,0xc1,0xff,
    0x66,0xc1,0xff,0x66,0xc1,0xff,0x66,0xc1,0xff,0x66,0xc1,0xff,
    0x66,0xc1,0xff,0x66,0xc1,0xff,0x82,0x48,0xff,0x66,0xc1,0xff,
    0x82,0x48,0xff,0x66,0xc1,0xff,0x66,0xc1,0xff,0x66,0xc1,0xff,
    0x66,0xc1,0xff,0x66,0xc1,0xff,0x66,0xc1,0xff,0x66,0xc1,0xff,
    0x66,0xc1,0xff,0x82,0x48,0xff,0x82,0x48,0xff,0x00,0x00,0x00,
    0x00,0x00,0x00,0x82,0x48,0xff,0x82,0x48,0xff,0x82,0x48,0xff,
    0x66,0xc1,0xff,0x66,0xc1,0xff,0x66,0xc1,0xff,0x66,0xc1,0xff,
    0x66,0xc1,0xff,0x82,0x48,0xff,0x82,0x48,0xff,0x82,0x48,0xff,
    0x82,0x48,0xff,0x66,0xc1,0xff,0x66,0xc1,0xff,0x66,0xc1,0xff,
    0x66,0xc1,0xff,0x66,0xc1,0xff,0x66,0xc1,0xff,0x66,0xc1,0xff,
    0x82,0x48,0xff,0x82,0x48,0xff,0x82,0x48,0xff,0x00,0x00,0x00,
    0x00,0x00,0x00,0x00,0x00,0x00,0x82,0x48,0xff,0x82,0x48,0xff,
    0x66,0xc1,0xff,0x66,0xc1,0xff,0x66,0xc1,0xff,0x66,0xc1,0xff,
    0x66,0xc1,0xff,0x66,0xc1,0xff,0x66,0xc1,0xff,0x82,0x48,0xff,
    0x66,0xc1,0xff,0x82,0x48,0xff,0x66,0xc1,0xff,0x66,0xc1,0xff,
    0x66,0xc1,0xff,0x66,0xc1,0xff,0x66,0xc1,0xff,0x66,0xc1,0xff,
    0x82,0x48,0xff,0x82,0x48,0xff,0x00,0x00,0x00,0x00,0x00,0x00,
    0x00,0x00,0x00,0x00,0x00,0x00,0x82,0x48,0xff,0x82,0x48,0xff,
    0x66,0xc1,0xff,0x66,0xc1,0xff,0x66,0xc1,0xff,0x66,0xc1,0xff,
    0x66,0xc1,0xff,0x66,0xc1,0xff,0x82,0x48,0xff,0x82,0x48,0xff,
    0x82,0x48,0xff,0x82,0x48,0xff,0x66,0xc1,0xff,0x66,0xc1,0xff,
    0x66,0xc1,0xff,0x66,0xc1,0xff,0x66,0xc1,0xff,0x66,0xc1,0xff,
    0x82,0x48,0xff,0x82,0x48,0xff,0x00,0x00,0x00,0x00,0x00,0x00,
    0x00,0x00,0x00,0x00,0x00,0x00,0x82,0x48,0xff,0x82,0x48,0xff,
    0x66,0xc1,0xff,0x66,0xc1,0xff,0x66,0xc1,0xff,0x66,0xc1,0xff,
    0x66,0xc1,0xff,0x66,0xc1,0xff,0x66,0xc1,0xff,0x66,0xc1,0xff,
    0x66,0xc1,0xff,0x66,0xc1,0xff,0x66,0xc1,0xff,0x66,0xc1,0xff,
    0x66,0xc1,0xff,0x66,0xc1,0xff,0x66,0xc1,0xff,0x66,0xc1,0xff,
    0x82,0x48,0xff,0x82,0x48,0xff,0x00,0x00,0x00,0x00,0x00,0x00,
    0x00,0x00,0x00,0x00,0x00,0x00,0x82,0x48,0xff,0x82,0x48,0xff,
    0x66,0xc1,0xff,0x66,0xc1,0xff,0x66,0xc1,0xff,0x66,0xc1,0xff,
    0x66,0xc1,0xff,0x66,0xc1,0xff,0x82,0x48,0xff,0x82,0x48,0xff,
    0x82,0x48,0xff,0x82,0x48,0xff,0x66,0xc1,0xff,0x66,0xc1,0xff,
    0x66,0xc1,0xff,0x66,0xc1,0xff,0x66,0xc1,0xff,0x66,0xc1,0xff,
    0x82,0x48,0xff,0x82,0x48,0xff,0x00,0x00,0x00,0x00,0x00,0x00,
    0x00,0x00,0x00,0x00,0x00,0x00,0x82,0x48,0xff,0x82,0x48,0xff,
    0x66,0xc1,0xff,0x66,0xc1,0xff,0x66,0xc1,0xff,0x66,0xc1,0xff,
    0x82,0x48,0xff,0x82,0x48,0xff,0x82,0x48,0xff,0xa2,0x58,0xff,
    0xa2,0x58,0xff,0x82,0x48,0xff,0x82,0x48,0xff,0x82,0x48,0xff,
    0x66,0xc1,0xff,0x66,0xc1,0xff,0x66,0xc1,0xff,0x66,0xc1,0xff,
    0x82,0x48,0xff,0x82,0x48,0xff,0x00,0x00,0x00,0x00,0x00,0x00,
    0x00,0x00,0x00,0x00,0x00,0x00,0x82,0x48,0xff,0x82,0x48,0xff,
    0x66,0xc1,0xff,0x66,0xc1,0xff,0x66,0xc1,0xff,0x82,0x48,0xff,
    0x82,0x48,0xff,0xa2,0x58,0xff,0xa2,0x58,0xff,0xa2,0x58,0xff,
    0xa2,0x58,0xff,0xa2,0x58,0xff,0xa2,0x58,0xff,0x82,0x48,0xff,
    0x82,0x48,0xff,0x66,0xc1,0xff,0x66,0xc1,0xff,0x66,0xc1,0xff,
    0x82,0x48,0xff,0x82,0x48,0xff,0x00,0x00,0x00,0x00,0x00,0x00,
    0x00,0x00,0x00,0x00,0x00,0x00,0x82,0x48,0xff,0x82,0x48,0xff,
    0x66,0xc1,0xff,0x66,0xc1,0xff,0x82,0x48,0xff,0x82,0x48,0xff,
    0xa2,0x58,0xff,0xa2,0x58,0xff,0xa2,0x58,0xff,0xa2,0x58,0xff,
    0xa2,0x58,0xff,0xa2,0x58,0xff,0xa2,0x58,0xff,0xa2,0x58,0xff,
    0x82,0x48,0xff,0x82,0x48,0xff,0x66,0xc1,0xff,0x66,0xc1,0xff,
    0x82,0x48,0xff,0x82,0x48,0xff,0x00,0x00,0x00,0x00,0x00,0x00,
    0x00,0x00,0x00,0x00,0x00,0x00,0x82,0x48,0xff,0x82,0x48,0xff,
    0x66,0xc1,0xff,0x66,0xc1,0xff,0x82,0x48,0xff,0xa2,0x58,0xff,
    0xa2,0x58,0xff,0xa2,0x58,0xff,0xa2,0x58,0xff,0xa2,0x58,0xff,
    0xa2,0x58,0xff,0xa2,0x58,0xff,0xa2,0x58,0xff,0xa2,0x58,0xff,
    0xa2,0x58,0xff,0x82,0x48,0xff,0x66,0xc1,0xff,0x66,0xc1,0xff,
    0x82,0x48,0xff,0x82,0x48,0xff,0x00,0x00,0x00,0x00,0x00,0x00,
    0x00,0x00,0x00,0x00,0x00,0x00,0x82,0x48,0xff,0x82,0x48,0xff,
    0x66,0xc1,0xff,0x82,0x48,0xff,0x82,0x48,0xff,0xa2,0x58,0xff,
    0xa2,0x58,0xff,0xa2,0x58,0xff,0xa2,0x58,0xff,0xa2,0x58,0xff,
    0xa2,0x58,0xff,0xa2,0x58,0xff,0xa2,0x58,0xff,0xa2,0x58,0xff,
    0xa2,0x58,0xff,0x82,0x48,0xff,0x82,0x48,0xff,0x66,0xc1,0xff,
    0x82,0x48,0xff,0x82,0x48,0xff,0x00,0x00,0x00,0x00,0x00,0x00,
    0x00,0x00,0x00,0x00,0x00,0x00,0x82,0x48,0xff,0x82,0x48,0xff,
    0x66,0xc1,0xff,0x82,0x48,0xff,0xa2,0x58,0xff,0xa2,0x58,0xff,
    0xa2,0x58,0xff,0xa2,0x58,0xff,0xa2,0x58,0xff,0xa2,0x58,0xff,
    0xa2,0x58,0xff,0xa2,0x58,0xff,0xa2,0x58,0xff,0xa2,0x58,0xff,
    0xa2,0x58,0xff,0xa2,0x58,0xff,0x82,0x48,0xff,0x66,0xc1,0xff,
    0x82,0x48,0xff,0x82,0x48,0xff,0x00,0x00,0x00,0x00,0x00,0x00,
    0x00,0x00,0x00,0x82,0x48,0xff,0x82,0x48,0xff,0x82,0x48,0xff,
    0x66,0xc1,0xff,0x82,0x48,0xff,0x82,0x48,0xff,0xa2,0x58,0xff,
    0xa2,0x58,0xff,0xa2,0x58,0xff,0xa2,0x58,0xff,0xa2,0x58,0xff,
    0xa2,0x58,0xff,0xa2,0x58,0xff,0xa2,0x58,0xff,0xa2,0x58,0xff,
    0xa2,0x58,0xff,0x82,0x48,0xff,0x82,0x48,0xff,0x66,0xc1,0xff,
    0x82,0x48,0xff,0x82,0x48,0xff,0x82,0x48,0xff,0x00,0x00,0x00,
    0x00,0x00,0x00,0x82,0x48,0xff,0x04,0x89,0xff,0x82,0x48,0xff,
    0x66,0xc1,0xff,0x66,0xc1,0xff,0x82,0x48,0xff,0xa2,0x58,0xff,
    0xa2,0x58,0xff,0xa2,0x58,0xff,0xa2,0x58,0xff,0xa2,0x58,0xff,
    0xa2,0x58,0xff,0xa2,0x58,0xff,0xa2,0x58,0xff,0xa2,0x58,0xff,
    0xa2,0x58,0xff,0x82,0x48,0xff,0x66,0xc1,0xff,0x66,0xc1,0xff,
    0x82,0x48,0xff,0x04,0x89,0xff,0x82,0x48,0xff,0x00,0x00,0x00,
    0x00,0x00,0x00,0x82,0x48,0xff,0x82,0x48,0xff,0x82,0x48,0xff,
    0x66,0xc1,0xff,0x66,0xc1,0xff,0x82,0x48,0xff,0x82,0x48,0xff,
    0xa2,0x58,0xff,0xa2,0x58,0xff,0xa2,0x58,0xff,0xa2,0x58,0xff,
    0xa2,0x58,0xff,0xa2,0x58,0xff,0xa2,0x58,0xff,0xa2,0x58,0xff,
    0x82,0x48,0xff,0x82,0x48,0xff,0x66,0xc1,0xff,0x66,0xc1,0xff,
    0x82,0x48,0xff,0x82,0x48,0xff,0x82,0x48,0xff,0x00,0x00,0x00,
    0x00,0x00,0x00,0x82,0x48,0xff,0x82,0x48,0xff,0x66,0xc1,0xff,
    0x66,0xc1,0xff,0x66,0xc1,0xff,0x66,0xc1,0xff,0x82,0x48,0xff,
    0x82,0x48,0xff,0xa2,0x58,0xff,0xa2,0x58,0xff,0xa2,0x58,0xff,
    0xa2,0x58,0xff,0xa2,0x58,0xff,0xa2,0x58,0xff,0x82,0x48,0xff,
    0x82,0x48,0xff,0x66,0xc1,0xff,0x66,0xc1,0xff,0x66,0xc1,0xff,
    0x66,0xc1,0xff,0x82,0x48,0xff,0x82,0x48,0xff,0x00,0x00,0x00,
    0x00,0x00,0x00,0x82,0x48,0xff,0x82,0x48,0xff,0x66,0xc1,0xff,
    0x66,0xc1,0xff,0x66,0xc1,0xff,0x66,0xc1,0xff,0x66,0xc1,0xff,
    0x82,0x48,0xff,0x82,0x48,0xff,0x82,0x48,0xff,0xa2,0x58,0xff,
    0xa2,0x58,0xff,0x82,0x48,0xff,0x82,0x48,0xff,0x82,0x48,0xff,
    0x66,0xc1,0xff,0x66,0xc1,0xff,0x66,0xc1,0xff,0x66,0xc1,0xff,
    0x66,0xc1,0xff,0x82,0x48,0xff,0x82,0x48,0xff,0x00,0x00,0x00,
    0x00,0x00,0x00,0x82,0x48,0xff,0x82,0x48,0xff,0x66,0xc1,0xff,
    0x66,0xc1,0xff,0x66,0xc1,0xff,0x66,0xc1,0xff,0x66,0xc1,0xff,
    0x66,0xc1,0xff,0x66,0xc1,0xff,0x82,0x48,0xff,0x82,0x48,0xff,
    0x82,0x48,0xff,0x82,0x48,0xff,0x66,0xc1,0xff,0x66,0xc1,0xff,
    0x66,0xc1,0xff,0x66,0xc1,0xff,0x66,0xc1,0xff,0x66,0xc1,0xff,
    0x66,0xc1,0xff,0x82,0x48,0xff,0x82,0x48,0xff,0x00,0x00,0x00,
    0x82,0x48,0xff,0x82,0x48,0xff,0x82,0x48,0xff,0x66,0xc1,0xff,
    0x66,0xc1,0xff,0x66,0xc1,0xff,0x66,0xc1,0xff,0x66,0xc1,0xff,
    0x66,0xc1,0xff,0x66,0xc1,0xff,0x66,0xc1,0xff,0x66,0xc1,0xff,
    0x66,0xc1,0xff,0x66,0xc1,0xff,0x66,0xc1,0xff,0x66,0xc1,0xff,
    0x66,0xc1,0xff,0x66,0xc1,0xff,0x66,0xc1,0xff,0x66,0xc1,0xff,
    0x66,0xc1,0xff,0x82,0x48,0xff,0x82,0x48,0xff,0x82,0x48,0xff,
    0x82,0x48,0xff,0x82,0x48,0xff,0x66,0xc1,0xff,0x66,0xc1,0xff,
    0x66,0xc1,0xff,0x66,0xc1,0xff,0x66,0xc1,0xff,0x66,0xc1,0xff,
    0x66,0xc1,0xff,0x66,0xc1,0xff,0x66,0xc1,0xff,0x66,0xc1,0xff,
    0x66,0xc1,0xff,0x66,0xc1,0xff,0x66,0xc1,0xff,0x66,0xc1,0xff,
    0x66,0xc1,0xff,0x66,0xc1,0xff,0x66,0xc1,0xff,0x66,0xc1,0xff,
    0x66,0xc1,0xff,0x66,0xc1,0xff,0x82,0x48,0xff,0x82,0x48,0xff,
    0x82,0x48,0xff,0x82,0x48,0xff,0x82,0x48,0xff,0x66,0xc1,0xff,
    0x66,0xc1,0xff,0x66,0xc1,0xff,0x66,0xc1,0xff,0x66,0xc1,0xff,
    0x66,0xc1,0xff,0x82,0x48,0xff,0x82,0x48,0xff,0x82,0x48,0xff,
    0x82,0x48,0xff,0x82,0x48,0xff,0x82,0x48,0xff,0x66,0xc1,0xff,
    0x66,0xc1,0xff,0x66,0xc1,0xff,0x66,0xc1,0xff,0x66,0xc1,0xff,
    0x66,0xc1,0xff,0x82,0x48,0xff,0x82,0x48,0xff,0x82,0x48,0xff,
    0x82,0x48,0xff,0x04,0x89,0xff,0x82,0x48,0xff,0x66,0xc1,0xff,
    0x66,0xc1,0xff,0x66,0xc1,0xff,0x66,0xc1,0xff,0x66,0xc1,0xff,
    0x82,0x48,0xff,0x82,0x48,0xff,0xa2,0x58,0xff,0xa2,0x58,0xff,
    0xa2,0x58,0xff,0xa2,0x58,0xff,0x82,0x48,0xff,0x82,0x48,0xff,
    0x66,0xc1,0xff,0x66,0xc1,0xff,0x66,0xc1,0xff,0x66,0xc1,0xff,
    0x66,0xc1,0xff,0x82,0x48,0xff,0x04,0x89,0xff,0x82,0x48,0xff,
    0x82,0x48,0xff,0x82,0x48,0xff,0x82,0x48,0xff,0x66,0xc1,0xff,
    0x66,0xc1,0xff,0x66,0xc1,0xff,0x66,0xc1,0xff,0x66,0xc1,0xff,
    0x82,0x48,0xff,0x82,0x48,0xff,0xa2,0x58,0xff,0xa2,0x58,0xff,
    0xa2,0x58,0xff,0xa2,0x58,0xff,0x82,0x48,0xff,0x82,0x48,0xff,
    0x66,0xc1,0xff,0x66,0xc1,0xff,0x66,0xc1,0xff,0x66,0xc1,0xff,
    0x66,0xc1,0xff,0x82,0x48,0xff,0x82,0x48,0xff,0x82,0x48,0xff,
    0x00,0x00,0x00,0x82,0x48,0xff,0x82,0x48,0xff,0x82,0x48,0xff,
    0x82,0x48,0xff,0x66,0xc1,0xff,0x66,0xc1,0xff,0x66,0xc1,0xff,
    0x82,0x48,0xff,0x82,0x48,0xff,0xa2,0x58,0xff,0xa2,0x58,0xff,
    0xa2,0x58,0xff,0xa2,0x58,0xff,0x82,0x48,0xff,0x82,0x48,0xff,
    0x66,0xc1,0xff,0x66,0xc1,0xff,0x66,0xc1,0xff,0x82,0x48,0xff,
    0x82,0x48,0xff,0x82,0x48,0xff,0x82,0x48,0xff,0x00,0x00,0x00,
    0x00,0x00,0x00,0x00,0x00,0x00,0x82,0x48,0xff,0x82,0x48,0xff,
    0x82,0x48,0xff,0x82,0x48,0xff,0x82,0x48,0xff,0x82,0x48,0xff,
    0x82,0x48,0xff,0x82,0x48,0xff,0x82,0x48,0xff,0x82,0x48,0xff,
    0x82,0x48,0xff,0x82,0x48,0xff,0x82,0x48,0xff,0x82,0x48,0xff,
    0x82,0x48,0xff,0x82,0x48,0xff,0x82,0x48,0xff,0x82,0x48,0xff,
    0x82,0x48,0xff,0x82,0x48,0xff,0x00,0x00,0x00,0x00,0x00,0x00,
    0x00,0x00,0x00,0x00,0x00,0x00,0x00,0x00,0x00,0x00,0x00,0x00,
    0x00,0x00,0x00,0x00,0x00,0x00,0x00,0x00,0x00,0x00,0x00,0x00,
    0x00,0x00,0x00,0x00,0x00,0x00,0x00,0x00,0x00,0x82,0x48,0xff,
    0x82,0x48,0xff,0x00,0x00,0x00,0x00,0x00,0x00,0x00,0x00,0x00,
    0x00,0x00,0x00,0x00,0x00,0x00,0x00,0x00,0x00,0x00,0x00,0x00,
    0x00,0x00,0x00,0x00,0x00,0x00,0x00,0x00,0x00,0x00,0x00,0x00
};
const lv_img_dsc_t sb_head_8 = {
  .header.cf = LV_IMG_CF_TRUE_COLOR_ALPHA,
  .header.always_zero = 0,
  .header.reserved = 0,
  .header.w = 24,
  .header.h = 44,
  .data_size = 3168,
  .data = sb_head_8_map,
};
static const LV_ATTRIBUTE_MEM_ALIGN LV_ATTRIBUTE_LARGE_CONST uint8_t sb_head_9_map[] = {
    0x00,0x00,0x00,0x00,0x00,0x00,0x00,0x00,0x00,0x00,0x00,0x00,
    0x00,0x00,0x00,0x00,0x00,0x00,0x00,0x00,0x00,0x82,0x48,0xff,
    0x82,0x48,0xff,0x82,0x48,0xff,0x82,0x48,0xff,0x82,0x48,0xff,
    0x82,0x48,0xff,0x82,0x48,0xff,0x82,0x48,0xff,0x82,0x48,0xff,
    0x82,0x48,0xff,0x00,0x00,0x00,0x00,0x00,0x00,0x00,0x00,0x00,
    0x00,0x00,0x00,0x00,0x00,0x00,0x00,0x00,0x00,0x00,0x00,0x00,
    0x00,0x00,0x00,0x00,0x00,0x00,0x00,0x00,0x00,0x00,0x00,0x00,
    0x00,0x00,0x00,0x00,0x00,0x00,0x82,0x48,0xff,0x82,0x48,0xff,
    0x82,0x48,0xff,0x82,0x48,0xff,0x82,0x48,0xff,0x82,0x48,0xff,
    0x82,0x48,0xff,0x82,0x48,0xff,0x82,0x48,0xff,0x82,0x48,0xff,
    0x82,0x48,0xff,0x82,0x48,0xff,0x00,0x00,0x00,0x00,0x00,0x00,
    0x00,0x00,0x00,0x00,0x00,0x00,0x00,0x00,0x00,0x00,0x00,0x00,
    0x00,0x00,0x00,0x00,0x00,0x00,0x00,0x00,0x00,0x00,0x00,0x00,
    0x82,0x48,0xff,0x82,0x48,0xff,0x82,0x48,0xff,0x82,0x48,0xff,
    0x82,0x48,0xff,0x66,0xc1,0xff,0x66,0xc1,0xff,0x66,0xc1,0xff,
    0x66,0xc1,0xff,0x66,0xc1,0xff,0x66,0xc1,0xff,0x82,0x48,0xff,
    0x82,0x48,0xff,0x82,0x48,0xff,0x82,0x48,0xff,0x82,0x48,0xff,
    0x00,0x00,0x00,0x00,0x00,0x00,0x00,0x00,0x00,0x00,0x00,0x00,
    0x00,0x00,0x00,0x00,0x00,0x00,0x00,0x00,0x00,0x82,0x48,0xff,
    0x82,0x48,0xff,0x82,0x48,0xff,0x82,0x48,0xff,0x66,0xc1,0xff,
    0x82,0x48,0xff,0x82,0x48,0xff,0x82,0x48,0xff,0x82,0x48,0xff,
    0x82,0x48,0xff,0x82,0x48,0xff,0x82,0x48,0xff,0x82,0x48,0xff,
    0x66,0xc1,0xff,0x82,0x48,0xff,0x82,0x48,0xff,0x82,0x48,0xff,
    0x82,0x48,0xff,0x00,0x00,0x00,0x00,0x00,0x00,0x00,0x00,0x00,
    0x00,0x00,0x00,0x00,0x00,0x00,0x82,0x48,0xff,0x82,0x48,0xff,
    0x82,0x48,0xff,0x82,0x48,0xff,0x66,0xc1,0xff,0x82,0x48,0xff,
    0x82,0x48,0xff,0xa2,0x58,0xff,0xa2,0x58,0xff,0xa2,0x58,0xff,
    0xa2,0x58,0xff,0xa2,0x58,0xff,0xa2,0x58,0xff,0x82,0x48,0xff,
    0x82,0x48,0xff,0x66,0xc1,0xff,0x82,0x48,0xff,0x82,0x48,0xff,
    0x82,0x48,0xff,0x82,0x48,0xff,0x00,0x00,0x00,0x00,0x00,0x00,
    0x00,0x00,0x00,0x82,0x48,0xff,0x82,0x48,0xff,0x82,0x48,0xff,
    0x82,0x48,0xff,0x66,0xc1,0xff,0x66,0xc1,0xff,0x82,0x48,0xff,
    0xa2,0x58,0xff,0xa2,0x58,0xff,0xa2,0x58,0xff,0xa2,0x58,0xff,
    0xa2,0x58,0xff,0xa2,0x58,0xff,0xa2,0x58,0xff,0xa2,0x58,0xff,
    0x82,0x48,0xff,0x66,0xc1,0xff,0x66,0xc1,0xff,0x82,0x48,0xff,
    0x82,0x48,0xff,0x82,0x48,0xff,0x82,0x48,0xff,0x00,0x00,0x00,
    0x82,0x48,0xff,0x82,0x48,0xff,0x82,0x48,0xff,0x82,0x48,0xff,
    0x66,0xc1,0xff,0x66,0xc1,0xff,0x82,0x48,0xff,0x82,0x48,0xff,
    0xa2,0x58,0xff,0xa2,0x58,0xff,0xa2,0x58,0xff,0xa2,0x58,0xff,
    0xa2,0x58,0xff,0xa2,0x58,0xff,0xa2,0x58,0xff,0xa2,0x58,0xff,
    0x82,0x48,0xff,0x82,0x48,0xff,0x66,0xc1,0xff,0x66,0xc1,0xff,
    0x82,0x48,0xff,0x82,0x48,0xff,0x82,0x48,0xff,0x82,0x48,0xff,
    0x82,0x48,0xff,0x04,0x89,0xff,0x82,0x48,0xff,0x66,0xc1,0xff,
    0x66,0xc1,0xff,0x66,0xc1,0xff,0x82,0x48,0xff,0xa2,0x58,0xff,
    0xa2,0x58,0xff,0xa2,0x58,0xff,0xa2,0x58,0xff,0xa2,0x58,0xff,
    0xa2,0x58,0xff,0xa2,0x58,0xff,0xa2,0x58,0xff,0xa2,0x58,0xff,
    0xa2,0x58,0xff,0x82,0x48,0xff,0x66,0xc1,0xff,0x66,0xc1,0xff,
    0x66,0xc1,0xff,0x82,0x48,0xff,0x04,0x89,0xff,0x82,0x48,0xff,
    0x82,0x48,0xff,0x04,0x89,0xff,0x82,0x48,0xff,0x66,0xc1,0xff,
    0x66,0xc1,0xff,0x82,0x48,0xff,0x82,0x48,0xff,0xa2,0x58,0xff,
    0xa2,0x58,0xff,0xa2,0x58,0xff,0xa2,0x58,0xff,0xa2,0x58,0xff,
    0xa2,0x58,0xff,0xa2,0x58,0xff,0xa2,0x58,0xff,0xa2,0x58,0xff,
    0xa2,0x58,0xff,0x82,0x48,0xff,0x82,0x48,0xff,0x66,0xc1,0xff,
    0x66,0xc1,0xff,0x82,0x48,0xff,0x04,0x89,0xff,0x82,0x48,0xff,
    0x82,0x48,0xff,0x04,0x89,0xff,0x82,0x48,0xff,0x66,0xc1,0xff,
    0x66,0xc1,0xff,0x82,0x48,0xff,0xa2,0x58,0xff,0xa2,0x58,0xff,
    0xa2,0x58,0xff,0xa2,0x58,0xff,0xa2,0x58,0xff,0xa2,0x58,0xff,
    0xa2,0x58,0xff,0xa2,0x58,0xff,0xa2,0x58,0xff,0xa2,0x58,0xff,
    0xa2,0x58,0xff,0xa2,0x58,0xff,0x82,0x48,0xff,0x66,0xc1,0xff,
    0x66,0xc1,0xff,0x82,0x48,0xff,0x04,0x89,0xff,0x82,0x48,0xff,
    0x82,0x48,0xff,0x04,0x89,0xff,0x82,0x48,0xff,0x66,0xc1,0xff,
    0x66,0xc1,0xff,0x82,0x48,0xff,0xa2,0x58,0xff,0xa2,0x58,0xff,
    0xa2,0x58,0xff,0xa2,0x58,0xff,0xa2,0x58,0xff,0xa2,0x58,0xff,
    0xa2,0x58,0xff,0xa2,0x58,0xff,0xa2,0x58,0xff,0xa2,0x58,0xff,
    0xa2,0x58,0xff,0xa2,0x58,0xff,0x82,0x48,0xff,0x66,0xc1,0xff,
    0x66,0xc1,0xff,0x82,0x48,0xff,0x04,0x89,0xff,0x82,0x48,0xff,
    0x82,0x48,0xff,0x04,0x89,0xff,0x82,0x48,0xff,0x66,0xc1,0xff,
    0x66,0xc1,0xff,0x82,0x48,0xff,0xa2,0x58,0xff,0xa2,0x58,0xff,
    0xa2,0x58,0xff,0xa2,0x58,0xff,0xa2,0x58,0xff,0xa2,0x58,0xff,
    0xa2,0x58,0xff,0xa2,0x58,0xff,0xa2,0x58,0xff,0xa2,0x58,0xff,
    0xa2,0x58,0xff,0xa2,0x58,0xff,0x82,0x48,0xff,0x66,0xc1,0xff,
    0x66,0xc1,0xff,0x82,0x48,0xff,0x04,0x89,0xff,0x82,0x48,0xff,
    0x82,0x48,0xff,0x04,0x89,0xff,0x82,0x48,0xff,0x66,0xc1,0xff,
    0x66,0xc1,0xff,0x82,0x48,0xff,0x82,0x48,0xff,0xa2,0x58,0xff,
    0xa2,0x58,0xff,0xa2,0x58,0xff,0xa2,0x58,0xff,0xa2,0x58,0xff,
    0xa2,0x58,0xff,0xa2,0x58,0xff,0xa2,0x58,0xff,0xa2,0x58,0xff,
    0xa2,0x58,0xff,0x82,0x48,0xff,0x82,0x48,0xff,0x66,0xc1,0xff,
    0x66,0xc1,0xff,0x82,0x48,0xff,0x04,0x89,0xff,0x82,0x48,0xff,
    0x82,0x48,0xff,0x82,0x48,0xff,0x82,0x48,0xff,0x66,0xc1,0xff,
    0x66,0xc1,0xff,0x66,0xc1,0xff,0x82,0x48,0xff,0x82,0x48,0xff,
    0xa2,0x58,0xff,0xa2,0x58,0xff,0xa2,0x58,0xff,0xa2,0x58,0xff,
    0xa2,0x58,0xff,0xa2,0x58,0xff,0xa2,0x58,0xff,0xa2,0x58,0xff,
    0x82,0x48,0xff,0x82,0x48,0xff,0x66,0xc1,0xff,0x66,0xc1,0xff,
    0x66,0xc1,0xff,0x82,0x48,0xff,0x82,0x48,0xff,0x82,0x48,0xff,
    0x00,0x00,0x00,0x82,0x48,0xff,0x82,0x48,0xff,0x66,0xc1,0xff,
    0x66,0xc1,0xff,0x66,0xc1,0xff,0x66,0xc1,0xff,0x82,0x48,0xff,
    0xa2,0x58,0xff,0xa2,0x58,0xff,0xa2,0x58,0xff,0xa2,0x58,0xff,
    0xa2,0x58,0xff,0xa2,0x58,0xff,0xa2,0x58,0xff,0xa2,0x58,0xff,
    0x82,0x48,0xff,0x66,0xc1,0xff,0x66,0xc1,0xff,0x66,0xc1,0xff,
    0x66,0xc1,0xff,0x82,0x48,0xff,0x82,0x48,0xff,0x00,0x00,0x00,
    0x00,0x00,0x00,0x82,0x48,0xff,0x82,0x48,0xff,0x66,0xc1,0xff,
    0x66,0xc1,0xff,0x66,0xc1,0xff,0x66,0xc1,0xff,0x82,0x48,0xff,
    0x82,0x48,0xff,0xa2,0x58,0xff,0xa2,0x58,0xff,0xa2,0x58,0xff,
    0xa2,0x58,0xff,0xa2,0x58,0xff,0xa2,0x58,0xff,0x82,0x48,0xff,
    0x82,0x48,0xff,0x66,0xc1,0xff,0x66,0xc1,0xff,0x66,0xc1,0xff,
    0x66,0xc1,0xff,0x82,0x48,0xff,0x82,0x48,0xff,0x00,0x00,0x00,
    0x00,0x00,0x00,0x82,0x48,0xff,0x82,0x48,0xff,0x66,0xc1,0xff,
    0x66,0xc1,0xff,0x66,0xc1,0xff,0x66,0xc1,0xff,0x66,0xc1,0xff,
    0x82,0x48,0xff,0x82,0x48,0xff,0x82,0x48,0xff,0x82,0x48,0xff,
    0x82,0x48,0xff,0x82,0x48,0xff,0x82,0x48,0xff,0x82,0x48,0xff,
    0x66,0xc1,0xff,0x66,0xc1,0xff,0x66,0xc1,0xff,0x66,0xc1,0xff,
    0x66,0xc1,0xff,0x82,0x48,0xff,0x82,0x48,0xff,0x00,0x00,0x00,
    0x00,0x00,0x00,0x82,0x48,0xff,0x82,0x48,0xff,0x66,0xc1,0xff,
    0x66,0xc1,0xff,0x66,0xc1,0xff,0x66,0xc1,0xff,0x66,0xc1,0xff,
    0x66,0xc1,0xff,0x66,0xc1,0xff,0x66,0xc1,0xff,0x66,0xc1,0xff,
    0x66,0xc1,0xff,0x66,0xc1,0xff,0x66,0xc1,0xff,0x66,0xc1,0xff,
    0x66,0xc1,0xff,0x66,0xc1,0xff,0x66,0xc1,0xff,0x66,0xc1,0xff,
    0x66,0xc1,0xff,0x82,0x48,0xff,0x82,0x48,0xff,0x00,0x00,0x00,
    0x00,0x00,0x00,0x82,0x48,0xff,0x82,0x48,0xff,0x66,0xc1,0xff,
    0x66,0xc1,0xff,0x66,0xc1,0xff,0x66,0xc1,0xff,0x66,0xc1,0xff,
    0x66,0xc1,0xff,0x66,0xc1,0xff,0x82,0x48,0xff,0x82,0x48,0xff,
    0x82,0x48,0xff,0x82,0x48,0xff,0x66,0xc1,0xff,0x66,0xc1,0xff,
    0x66,0xc1,0xff,0x66,0xc1,0xff,0x66,0xc1,0xff,0x66,0xc1,0xff,
    0x66,0xc1,0xff,0x82,0x48,0xff,0x82,0x48,0xff,0x00,0x00,0x00,
    0x00,0x00,0x00,0x82,0x48,0xff,0x82,0x48,0xff,0x82,0x48,0xff,
    0x66,0xc1,0xff,0x66,0xc1,0xff,0x66,0xc1,0xff,0x66,0xc1,0xff,
    0x66,0xc1,0xff,0x66,0xc1,0xff,0x82,0x48,0xff,0x66,0xc1,0xff,
    0x82,0x48,0xff,0x66,0xc1,0xff,0x66,0xc1,0xff,0x66,0xc1,0xff,
    0x66,0xc1,0xff,0x66,0xc1,0xff,0x66,0xc1,0xff,0x66,0xc1,0xff,
    0x82,0x48,0xff,0x82,0x48,0xff,0x82,0x48,0xff,0x00,0x00,0x00,
    0x00,0x00,0x00,0x00,0x00,0x00,0x82,0x48,0xff,0x82,0x48,0xff,
    0x66,0xc1,0xff,0x66,0xc1,0xff,0x66,0xc1,0xff,0x66,0xc1,0xff,
    0x66,0xc1,0xff,0x66,0xc1,0xff,0x66,0xc1,0xff,0x82,0x48,0xff,
    0x66,0xc1,0xff,0x82,0x48,0xff,0x66,0xc1,0xff,0x66,0xc1,0xff,
    0x66,0xc1,0xff,0x66,0xc1,0xff,0x66,0xc1,0xff,0x66,0xc1,0xff,
    0x82,0x48,0xff,0x82,0x48,0xff,0x00,0x00,0x00,0x00,0x00,0x00,
    0x00,0x00,0x00,0x00,0x00,0x00,0x82,0x48,0xff,0x82,0x48,0xff,
    0x66,0xc1,0xff,0x66,0xc1,0xff,0x66,0xc1,0xff,0x66,0xc1,0xff,
    0x66,0xc1,0xff,0x66,0xc1,0xff,0x82,0x48,0xff,0x82,0x48,0xff,
    0x82,0x48,0xff,0x82,0x48,0xff,0x66,0xc1,0xff,0x66,0xc1,0xff,
    0x66,0xc1,0xff,0x66,0xc1,0xff,0x66,0xc1,0xff,0x66,0xc1,0xff,
    0x82,0x48,0xff,0x82,0x48,0xff,0x00,0x00,0x00,0x00,0x00,0x00,
    0x00,0x00,0x00,0x00,0x00,0x00,0x82,0x48,0xff,0x82,0x48,0xff,
    0x66,0xc1,0xff,0x66,0xc1,0xff,0x66,0xc1,0xff,0x66,0xc1,0xff,
    0x66,0xc1,0xff,0x66,0xc1,0xff,0x82,0x48,0xff,0x66,0xc1,0xff,
    0x82,0x48,0xff,0x66,0xc1,0xff,0x66,0xc1,0xff,0x66,0xc1,0xff,
    0x66,0xc1,0xff,0x66,0xc1,0xff,0x66,0xc1,0xff,0x66,0xc1,0xff,
    0x82,0x48,0xff,0x82,0x48,0xff,0x00,0x00,0x00,0x00,0x00,0x00,
    0x00,0x00,0x00,0x00,0x00,0x00,0x82,0x48,0xff,0x82,0x48,0xff,
    0x66,0xc1,0xff,0x66,0xc1,0xff,0x66,0xc1,0xff,0x66,0xc1,0xff,
    0x66,0xc1,0xff,0x66,0xc1,0xff,0x66,0xc1,0xff,0x82,0x48,0xff,
    0x82,0x48,0xff,0x66,0xc1,0xff,0x66,0xc1,0xff,0x66,0xc1,0xff,
    0x66,0xc1,0xff,0x66,0xc1,0xff,0x66,0xc1,0xff,0x66,0xc1,0xff,
    0x82,0x48,0xff,0x82,0x48,0xff,0x00,0x00,0x00,0x00,0x00,0x00,
    0x00,0x00,0x00,0x00,0x00,0x00,0x82,0x48,0xff,0x82,0x48,0xff,
    0x66,0xc1,0xff,0x66,0xc1,0xff,0x66,0xc1,0xff,0x66,0xc1,0xff,
    0x82,0x48,0xff,0x82,0x48,0xff,0x82,0x48,0xff,0x82,0x48,0xff,
    0x82,0x48,0xff,0x82,0x48,0xff,0x82,0x48,0xff,0x82,0x48,0xff,
    0x66,0xc1,0xff,0x66,0xc1,0xff,0x66,0xc1,0xff,0x66,0xc1,0xff,
    0x82,0x48,0xff,0x82,0x48,0xff,0x00,0x00,0x00,0x00,0x00,0x00,
    0x00,0x00,0x00,0x00,0x00,0x00,0x82,0x48,0xff,0x82,0x48,0xff,
    0x66,0xc1,0xff,0x66,0xc1,0xff,0x66,0xc1,0xff,0x82,0x48,0xff,
    0x82,0x48,0xff,0xa2,0x58,0xff,0xa2,0x58,0xff,0xa2,0x58,0xff,
    0xa2,0x58,0xff,0xa2,0x58,0xff,0xa2,0x58,0xff,0x82,0x48,0xff,
    0x82,0x48,0xff,0x66,0xc1,0xff,0x66,0xc1,0xff,0x66,0xc1,0xff,
    0x82,0x48,0xff,0x82,0x48,0xff,0x00,0x00,0x00,0x00,0x00,0x00,
    0x00,0x00,0x00,0x00,0x00,0x00,0x82,0x48,0xff,0x82,0x48,0xff,
    0x66,0xc1,0xff,0x66,0xc1,0xff,0x82,0x48,0xff,0x82,0x48,0xff,
    0xa2,0x58,0xff,0xa2,0x58,0xff,0xa2,0x58,0xff,0xa2,0x58,0xff,
    0xa2,0x58,0xff,0xa2,0x58,0xff,0xa2,0x58,0xff,0xa2,0x58,0xff,
    0x82,0x48,0xff,0x82,0x48,0xff,0x66,0xc1,0xff,0x66,0xc1,0xff,
    0x82,0x48,0xff,0x82,0x48,0xff,0x00,0x00,0x00,0x00,0x00,0x00,
    0x00,0x00,0x00,0x00,0x00,0x00,0x82,0x48,0xff,0x82,0x48,0xff,
    0x66,0xc1,0xff,0x66,0xc1,0xff,0x82,0x48,0xff,0xa2,0x58,0xff,
    0xa2,0x58,0xff,0xa2,0x58,0xff,0xa2,0x58,0xff,0xa2,0x58,0xff,
    0xa2,0x58,0xff,0xa2,0x58,0xff,0xa2,0x58,0xff,0xa2,0x58,0xff,
    0xa2,0x58,0xff,0x82,0x48,0xff,0x66,0xc1,0xff,0x66,0xc1,0xff,
    0x82,0x48,0xff,0x82,0x48,0xff,0x00,0x00,0x00,0x00,0x00,0x00,
    0x00,0x00,0x00,0x00,0x00,0x00,0x82,0x48,0xff,0x82,0x48,0xff,
    0x66,0xc1,0xff,0x66,0xc1,0xff,0x82,0x48,0xff,0xa2,0x58,0xff,
    0xa2,0x58,0xff,0xa2,0x58,0xff,0xa2,0x58,0xff,0xa2,0x58,0xff,
    0xa2,0x58,0xff,0xa2,0x58,0xff,0xa2,0x58,0xff,0xa2,0x58,0xff,
    0xa2,0x58,0xff,0x82,0x48,0xff,0x66,0xc1,0xff,0x66,0xc1,0xff,
    0x82,0x48,0xff,0x82,0x48,0xff,0x00,0x00,0x00,0x00,0x00,0x00,
    0x00,0x00,0x00,0x00,0x00,0x00,0x82,0x48,0xff,0x82,0x48,0xff,
    0x66,0xc1,0xff,0x82,0x48,0xff,0x82,0x48,0xff,0xa2,0x58,0xff,
    0xa2,0x58,0xff,0xa2,0x58,0xff,0xa2,0x58,0xff,0xa2,0x58,0xff,
    0xa2,0x58,0xff,0xa2,0x58,0xff,0xa2,0x58,0xff,0xa2,0x58,0xff,
    0xa2,0x58,0xff,0x82,0x48,0xff,0x82,0x48,0xff,0x66,0xc1,0xff,
    0x82,0x48,0xff,0x82,0x48,0xff,0x00,0x00,0x00,0x00,0x00,0x00,
    0x00,0x00,0x00,0x82,0x48,0xff,0x82,0x48,0xff,0x82,0x48,0xff,
    0x66,0xc1,0xff,0x82,0x48,0xff,0x82,0x48,0xff,0xa2,0x58,0xff,
    0xa2,0x58,0xff,0xa2,0x58,0xff,0xa2,0x58,0xff,0xa2,0x58,0xff,
    0xa2,0x58,0xff,0xa2,0x58,0xff,0xa2,0x58,0xff,0xa2,0x58,0xff,
    0xa2,0x58,0xff,0x82,0x48,0xff,0x82,0x48,0xff,0x66,0xc1,0xff,
    0x82,0x48,0xff,0x82,0x48,0xff,0x82,0x48,0xff,0x00,0x00,0x00,
    0x00,0x00,0x00,0x82,0x48,0xff,0x04,0x89,0xff,0x82,0x48,0xff,
    0x66,0xc1,0xff,0x66,0xc1,0xff,0x82,0x48,0xff,0xa2,0x58,0xff,
    0xa2,0x58,0xff,0xa2,0x58,0xff,0xa2,0x58,0xff,0xa2,0x58,0xff,
    0xa2,0x58,0xff,0xa2,0x58,0xff,0xa2,0x58,0xff,0xa2,0x58,0xff,
    0xa2,0x58,0xff,0x82,0x48,0xff,0x66,0xc1,0xff,0x66,0xc1,0xff,
    0x82,0x48,0xff,0x04,0x89,0xff,0x82,0x48,0xff,0x00,0x00,0x00,
    0x00,0x00,0x00,0x82,0x48,0xff,0x82,0x48,0xff,0x82,0x48,0xff,
    0x66,0xc1,0xff,0x66,0xc1,0xff,0x82,0x48,0xff,0x82,0x48,0xff,
    0xa2,0x58,0xff,0xa2,0x58,0xff,0xa2,0x58,0xff,0xa2,0x58,0xff,
    0xa2,0x58,0xff,0xa2,0x58,0xff,0xa2,0x58,0xff,0xa2,0x58,0xff,
    0x82,0x48,0xff,0x82,0x48,0xff,0x66,0xc1,0xff,0x66,0xc1,0xff,
    0x82,0x48,0xff,0x82,0x48,0xff,0x82,0x48,0xff,0x00,0x00,0x00,
    0x00,0x00,0x00,0x82,0x48,0xff,0x82,0x48,0xff,0x66,0xc1,0xff,
    0x66,0xc1,0xff,0x66,0xc1,0xff,0x66,0xc1,0xff,0x82,0x48,0xff,
    0x82,0x48,0xff,0xa2,0x58,0xff,0xa2,0x58,0xff,0xa2,0x58,0xff,
    0xa2,0x58,0xff,0xa2,0x58,0xff,0xa2,0x58,0xff,0x82,0x48,0xff,
    0x82,0x48,0xff,0x66,0xc1,0xff,0x66,0xc1,0xff,0x66,0xc1,0xff,
    0x66,0xc1,0xff,0x82,0x48,0xff,0x82,0x48,0xff,0x00,0x00,0x00,
    0x00,0x00,0x00,0x82,0x48,0xff,0x82,0x48,0xff,0x66,0xc1,0xff,
    0x66,0xc1,0xff,0x66,0xc1,0xff,0x66,0xc1,0xff,0x66,0xc1,0xff,
    0x82,0x48,0xff,0x82,0x48,0xff,0xa2,0x58,0xff,0xa2,0x58,0xff,
    0xa2,0x58,0xff,0xa2,0x58,0xff,0x82,0x48,0xff,0x82,0x48,0xff,
    0x66,0xc1,0xff,0x66,0xc1,0xff,0x66,0xc1,0xff,0x66,0xc1,0xff,
    0x66,0xc1,0xff,0x82,0x48,0xff,0x82,0x48,0xff,0x00,0x00,0x00,
    0x00,0x00,0x00,0x82,0x48,0xff,0x82,0x48,0xff,0x66,0xc1,0xff,
    0x66,0xc1,0xff,0x66,0xc1,0xff,0x66,0xc1,0xff,0x66,0xc1,0xff,
    0x66,0xc1,0xff,0x82,0x48,0xff,0x82,0x48,0xff,0x82,0x48,0xff,
    0x82,0x48,0xff,0x82,0x48,0xff,0x82,0x48,0xff,0x66,0xc1,0xff,
    0x66,0xc1,0xff,0x66,0xc1,0xff,0x66,0xc1,0xff,0x66,0xc1,0xff,
    0x66,0xc1,0xff,0x82,0x48,0xff,0x82,0x48,0xff,0x00,0x00,0x00,
    0x82,0x48,0xff,0x82,0x48,0xff,0x82,0x48,0xff,0x66,0xc1,0xff,
    0x66,0xc1,0xff,0x66,0xc1,0xff,0x66,0xc1,0xff,0x66,0xc1,0xff,
    0x66,0xc1,0xff,0x66,0xc1,0xff,0x66,0xc1,0xff,0x66,0xc1,0xff,
    0x66,0xc1,0xff,0x66,0xc1,0xff,0x66,0xc1,0xff,0x66,0xc1,0xff,
    0x66,0xc1,0xff,0x66,0xc1,0xff,0x66,0xc1,0xff,0x66,0xc1,0xff,
    0x66,0xc1,0xff,0x82,0x48,0xff,0x82,0x48,0xff,0x82,0x48,0xff,
    0x82,0x48,0xff,0x82,0x48,0xff,0x66,0xc1,0xff,0x66,0xc1,0xff,
    0x66,0xc1,0xff,0x66,0xc1,0xff,0x66,0xc1,0xff,0x66,0xc1,0xff,
    0x66,0xc1,0xff,0x66,0xc1,0xff,0x66,0xc1,0xff,0x66,0xc1,0xff,
    0x66,0xc1,0xff,0x66,0xc1,0xff,0x66,0xc1,0xff,0x66,0xc1,0xff,
    0x66,0xc1,0xff,0x66,0xc1,0xff,0x66,0xc1,0xff,0x66,0xc1,0xff,
    0x66,0xc1,0xff,0x66,0xc1,0xff,0x82,0x48,0xff,0x82,0x48,0xff,
    0x82,0x48,0xff,0x82,0x48,0xff,0x82,0x48,0xff,0x66,0xc1,0xff,
    0x66,0xc1,0xff,0x66,0xc1,0xff,0x66,0xc1,0xff,0x66,0xc1,0xff,
    0x66,0xc1,0xff,0x82,0x48,0xff,0x82,0x48,0xff,0x82,0x48,0xff,
    0x82,0x48,0xff,0x82,0x48,0xff,0x82,0x48,0xff,0x66,0xc1,0xff,
    0x66,0xc1,0xff,0x66,0xc1,0xff,0x66,0xc1,0xff,0x66,0xc1,0xff,
    0x66,0xc1,0xff,0x82,0x48,0xff,0x82,0x48,0xff,0x82,0x48,0xff,
    0x82,0x48,0xff,0x04,0x89,0xff,0x82,0x48,0xff,0x66,0xc1,0xff,
    0x66,0xc1,0xff,0x66,0xc1,0xff,0x66,0xc1,0xff,0x66,0xc1,0xff,
    0x82,0x48,0xff,0x82,0x48,0xff,0xa2,0x58,0xff,0xa2,0x58,0xff,
    0xa2,0x58,0xff,0xa2,0x58,0xff,0x82,0x48,0xff,0x82,0x48,0xff,
    0x66,0xc1,0xff,0x66,0xc1,0xff,0x66,0xc1,0xff,0x66,0xc1,0xff,
    0x66,0xc1,0xff,0x82,0x48,0xff,0x04,0x89,0xff,0x82,0x48,0xff,
    0x82,0x48,0xff,0x82,0x48,0xff,0x82,0x48,0xff,0x66,0xc1,0xff,
    0x66,0xc1,0xff,0x66,0xc1,0xff,0x66,0xc1,0xff,0x66,0xc1,0xff,
    0x82,0x48,0xff,0x82,0x48,0xff,0xa2,0x58,0xff,0xa2,0x58,0xff,
    0xa2,0x58,0xff,0xa2,0x58,0xff,0x82,0x48,0xff,0x82,0x48,0xff,
    0x66,0xc1,0xff,0x66,0xc1,0xff,0x66,0xc1,0xff,0x66,0xc1,0xff,
    0x66,0xc1,0xff,0x82,0x48,0xff,0x82,0x48,0xff,0x82,0x48,0xff,
    0x00,0x00,0x00,0x82,0x48,0xff,0x82,0x48,0xff,0x82,0x48,0xff,
    0x66,0xc1,0xff,0x66,0xc1,0xff,0x66,0xc1,0xff,0x66,0xc1,0xff,
    0x82,0x48,0xff,0x82,0x48,0xff,0xa2,0x58,0xff,0xa2,0x58,0xff,
    0xa2,0x58,0xff,0xa2,0x58,0xff,0x82,0x48,0xff,0x82,0x48,0xff,
    0x66,0xc1,0xff,0x66,0xc1,0xff,0x66,0xc1,0xff,0x66,0xc1,0xff,
    0x82,0x48,0xff,0x82,0x48,0xff,0x82,0x48,0xff,0x00,0x00,0x00,
    0x00,0x00,0x00,0x82,0x48,0xff,0x82,0x48,0xff,0x82,0x48,0xff,
    0x82,0x48,0xff,0x82,0x48,0xff,0x82,0x48,0xff,0x82,0x48,0xff,
    0x82,0x48,0xff,0x82,0x48,0xff,0x82,0x48,0xff,0x82,0x48,0xff,
    0x82,0x48,0xff,0x82,0x48,0xff,0x82,0x48,0xff,0x82,0x48,0xff,
    0x82,0x48,0xff,0x82,0x48,0xff,0x82,0x48,0xff,0x82,0x48,0xff,
    0x82,0x48,0xff,0x82,0x48,0xff,0x82,0x48,0xff,0x00,0x00,0x00,
    0x00,0x00,0x00,0x00,0x00,0x00,0x00,0x00,0x00,0x00,0x00,0x00,
    0x00,0x00,0x00,0x00,0x00,0x00,0x82,0x48,0xff,0x82,0x48,0xff,
    0x00,0x00,0x00,0x00,0x00,0x00,0x00,0x00,0x00,0x82,0x48,0xff,
    0x82,0x48,0xff,0x00,0x00,0x00,0x00,0x00,0x00,0x00,0x00,0x00,
    0x82,0x48,0xff,0x82,0x48,0xff,0x00,0x00,0x00,0x00,0x00,0x00,
    0x00,0x00,0x00,0x00,0x00,0x00,0x00,0x00,0x00,0x00,0x00,0x00
};
const lv_img_dsc_t sb_head_9 = {
  .header.cf = LV_IMG_CF_TRUE_COLOR_ALPHA,
  .header.always_zero = 0,
  .header.reserved = 0,
  .header.w = 24,
  .header.h = 44,
  .data_size = 3168,
  .data = sb_head_9_map,
};
static const LV_ATTRIBUTE_MEM_ALIGN LV_ATTRIBUTE_LARGE_CONST uint8_t sb_head_10_map[] = {
    0x00,0x00,0x00,0x00,0x00,0x00,0x00,0x00,0x00,0x00,0x00,0x00,
    0x00,0x00,0x00,0x00,0x00,0x00,0x00,0x00,0x00,0x00,0x00,0x00,
    0x82,0x48,0xff,0x82,0x48,0xff,0x82,0x48,0xff,0x82,0x48,0xff,
    0x82,0x48,0xff,0x82,0x48,0xff,0x82,0x48,0xff,0x82,0x48,0xff,
    0x82,0x48,0xff,0x00,0x00,0x00,0x00,0x00,0x00,0x00,0x00,0x00,
    0x00,0x00,0x00,0x00,0x00,0x00,0x00,0x00,0x00,0x00,0x00,0x00,
    0x00,0x00,0x00,0x00,0x00,0x00,0x00,0x00,0x00,0x00,0x00,0x00,
    0x00,0x00,0x00,0x00,0x00,0x00,0x00,0x00,0x00,0x82,0x48,0xff,
    0x82,0x48,0xff,0x82,0x48,0xff,0x82,0x48,0xff,0x82,0x48,0xff,
    0x82,0x48,0xff,0x82,0x48,0xff,0x82,0x48,0xff,0x82,0x48,0xff,
    0x82,0x48,0xff,0x82,0x48,0xff,0x82,0x48,0xff,0x82,0x48,0xff,
    0x00,0x00,0x00,0x00,0x00,0x00,0x00,0x00,0x00,0x00,0x00,0x00,
    0x00,0x00,0x00,0x00,0x00,0x00,0x00,0x00,0x00,0x00,0x00,0x00,
    0x00,0x00,0x00,0x00,0x00,0x00,0x82,0x48,0xff,0x82,0x48,0xff,
    0x82,0x48,0xff,0x82,0x48,0xff,0x82,0x48,0xff,0x66,0xc1,0xff,
    0x66,0xc1,0xff,0x66,0xc1,0xff,0x66,0xc1,0xff,0x66,0xc1,0xff,
    0x66,0xc1,0xff,0x66,0xc1,0xff,0x82,0x48,0xff,0x82,0x48,0xff,
    0x82,0x48,0xff,0x82,0x48,0xff,0x82,0x48,0xff,0x00,0x00,0x00,
    0x00,0x00,0x00,0x00,0x00,0x00,0x00,0x00,0x00,0x00,0x00,0x00,
    0x00,0x00,0x00,0x00,0x00,0x00,0x82,0x48,0xff,0x82,0x48,0xff,
    0x82,0x48,0xff,0x82,0x48,0xff,0x66,0xc1,0xff,0x66,0xc1,0xff,
    0x82,0x48,0xff,0x82,0x48,0xff,0x82,0x48,0xff,0x82,0x48,0xff,
    0x82,0x48,0xff,0x82,0x48,0xff,0x82,0x48,0xff,0x66,0xc1,0xff,
    0x66,0xc1,0xff,0x82,0x48,0xff,0x82,0x48,0xff,0x82,0x48,0xff,
    0x82,0x48,0xff,0x00,0x00,0x00,0x00,0x00,0x00,0x00,0x00,0x00,
    0x00,0x00,0x00,0x00,0x00,0x00,0x82,0x48,0xff,0x82,0x48,0xff,
    0x82,0x48,0xff,0x82,0x48,0xff,0x66,0xc1,0xff,0x66,0xc1,0xff,
    0x82,0x48,0xff,0x82,0x48,0xff,0xa2,0x58,0xff,0xa2,0x58,0xff,
    0xa2,0x58,0xff,0xa2,0x58,0xff,0xa2,0x58,0xff,0x82,0x48,0xff,
    0x82,0x48,0xff,0x66,0xc1,0xff,0x66,0xc1,0xff,0x82,0x48,0xff,
    0x82,0x48,0xff,0x82,0x48,0xff,0x82,0x48,0xff,0x00,0x00,0x00,
    0x00,0x00,0x00,0x00,0x00,0x00,0x82,0x48,0xff,0x82,0x48,0xff,
    0x82,0x48,0xff,0x82,0x48,0xff,0x66,0xc1,0xff,0x66,0xc1,0xff,
    0x82,0x48,0xff,0x82,0x48,0xff,0xa2,0x58,0xff,0xa2,0x58,0xff,
    0xa2,0x58,0xff,0xa2,0x58,0xff,0xa2,0x58,0xff,0xa2,0x58,0xff,
    0xa2,0x58,0xff,0x82,0x48,0xff,0x82,0x48,0xff,0x66,0xc1,0xff,
    0x66,0xc1,0xff,0x82,0x48,0xff,0x82,0x48,0xff,0x82,0x48,0xff,
    0x82,0x48,0xff,0x00,0x00,0x00,0x82,0x48,0xff,0x82,0x48,0xff,
    0x82,0x48,0xff,0x82,0x48,0xff,0x66,0xc1,0xff,0x66,0xc1,0xff,
    0x82,0x48,0xff,0x82,0x48,0xff,0xa2,0x58,0xff,0xa2,0x58,0xff,
    0xa2,0x58,0xff,0xa2,0x58,0xff,0xa2,0x58,0xff,0xa2,0x58,0xff,
    0xa2,0x58,0xff,0xa2,0x58,0xff,0xa2,0x58,0xff,0x82,0x48,0xff,
    0x82,0x48,0xff,0x66,0xc1,0xff,0x66,0xc1,0xff,0x82,0x48,0xff,
    0x82,0x48,0xff,0x82,0x48,0xff,0x82,0x48,0xff,0x82,0x48,0xff,
    0x04,0x89,0xff,0x82,0x48,0xff,0x66,0xc1,0xff,0x66,0xc1,0xff,
    0x66,0xc1,0xff,0x82,0x48,0xff,0xa2,0x58,0xff,0xa2,0x58,0xff,
    0xa2,0x58,0xff,0xa2,0x58,0xff,0xa2,0x58,0xff,0xa2,0x58,0xff,
    0xa2,0x58,0xff,0xa2,0x58,0xff,0xa2,0x58,0xff,0xa2,0x58,0xff,
    0xa2,0x58,0xff,0x82,0x48,0xff,0x66,0xc1,0xff,0x66,0xc1,0xff,
    0x66,0xc1,0xff,0x82,0x48,0xff,0x04,0x89,0xff,0x82,0x48,0xff,
    0x82,0x48,0xff,0x04,0x89,0xff,0x82,0x48,0xff,0x66,0xc1,0xff,
    0x66,0xc1,0xff,0x82,0x48,0xff,0x82,0x48,0xff,0xa2,0x58,0xff,
    0xa2,0x58,0xff,0xa2,0x58,0xff,0xa2,0x58,0xff,0xa2,0x58,0xff,
    0xa2,0x58,0xff,0xa2,0x58,0xff,0xa2,0x58,0xff,0xa2,0x58,0xff,
    0xa2,0x58,0xff,0xa2,0x58,0xff,0x82,0x48,0xff,0x82,0x48,0xff,
    0x66,0xc1,0xff,0x66,0xc1,0xff,0x82,0x48,0xff,0x04,0x89,0xff,
    0x82,0x48,0xff,0x82,0x48,0xff,0x04,0x89,0xff,0x82,0x48,0xff,
    0x66,0xc1,0xff,0x66,0xc1,0xff,0x82,0x48,0xff,0xa2,0x58,0xff,
    0xa2,0x58,0xff,0xa2,0x58,0xff,0xa2,0x58,0xff,0xa2,0x58,0xff,
    0xa2,0x58,0xff,0xa2,0x58,0xff,0xa2,0x58,0xff,0xa2,0x58,0xff,
    0xa2,0x58,0xff,0xa2,0x58,0xff,0xa2,0x58,0xff,0xa2,0x58,0xff,
    0x82,0x48,0xff,0x66,0xc1,0xff,0x66,0xc1,0xff,0x82,0x48,0xff,
    0x04,0x89,0xff,0x82,0x48,0xff,0x82,0x48,0xff,0x04,0x89,0xff,
    0x82,0x48,0xff,0x66,0xc1,0xff,0x66,0xc1,0xff,0x82,0x48,0xff,
    0xa2,0x58,0xff,0xa2,0x58,0xff,0xa2,0x58,0xff,0xa2,0x58,0xff,
    0xa2,0x58,0xff,0xa2,0x58,0xff,0xa2,0x58,0xff,0xa2,0x58,0xff,
    0xa2,0x58,0xff,0xa2,0x58,0xff,0xa2,0x58,0xff,0xa2,0x58,0xff,
    0xa2,0x58,0xff,0x82,0x48,0xff,0x66,0xc1,0xff,0x66,0xc1,0xff,
    0x82,0x48,0xff,0x04,0x89,0xff,0x82,0x48,0xff,0x82,0x48,0xff,
    0x04,0x89,0xff,0x82,0x48,0xff,0x66,0xc1,0xff,0x66,0xc1,0xff,
    0x82,0x48,0xff,0xa2,0x58,0xff,0xa2,0x58,0xff,0xa2,0x58,0xff,
    0xa2,0x58,0xff,0xa2,0x58,0xff,0xa2,0x58,0xff,0xa2,0x58,0xff,
    0xa2,0x58,0xff,0xa2,0x58,0xff,0xa2,0x58,0xff,0xa2,0x58,0xff,
    0xa2,0x58,0xff,0xa2,0x58,0xff,0x82,0x48,0xff,0x66,0xc1,0xff,
    0x66,0xc1,0xff,0x82,0x48,0xff,0x04,0x89,0xff,0x82,0x48,0xff,
    0x82,0x48,0xff,0x04,0x89,0xff,0x82,0x48,0xff,0x66,0xc1,0xff,
    0x66,0xc1,0xff,0x82,0x48,0xff,0x82,0x48,0xff,0xa2,0x58,0xff,
    0xa2,0x58,0xff,0xa2,0x58,0xff,0xa2,0x58,0xff,0xa2,0x58,0xff,
    0xa2,0x58,0xff,0xa2,0x58,0xff,0xa2,0x58,0xff,0xa2,0x58,0xff,
    0xa2,0x58,0xff,0xa2,0x58,0xff,0x82,0x48,0xff,0x82,0x48,0xff,
    0x66,0xc1,0xff,0x66,0xc1,0xff,0x82,0x48,0xff,0x04,0x89,0xff,
    0x82,0x48,0xff,0x82,0x48,0xff,0x04,0x89,0xff,0x82,0x48,0xff,
    0x66,0xc1,0xff,0x66,0xc1,0xff,0x66,0xc1,0xff,0x82,0x48,0xff,
    0xa2,0x58,0xff,0xa2,0x58,0xff,0xa2,0x58,0xff,0xa2,0x58,0xff,
    0xa2,0x58,0xff,0xa2,0x58,0xff,0xa2,0x58,0xff,0xa2,0x58,0xff,
    0xa2,0x58,0xff,0xa2,0x58,0xff,0xa2,0x58,0xff,0x82,0x48,0xff,
    0x66,0xc1,0xff,0x66,0xc1,0xff,0x66,0xc1,0xff,0x82,0x48,0xff,
    0x04,0x89,0xff,0x82,0x48,0xff,0x82,0x48,0xff,0x82,0x48,0xff,
    0x82,0x48,0xff,0x66,0xc1,0xff,0x66,0xc1,0xff,0x66,0xc1,0xff,
    0x82,0x48,0xff,0x82,0x48,0xff,0xa2,0x58,0xff,0xa2,0x58,0xff,
    0xa2,0x58,0xff,0xa2,0x58,0xff,0xa2,0x58,0xff,0xa2,0x58,0xff,
    0xa2,0x58,0xff,0xa2,0x58,0xff,0xa2,0x58,0xff,0x82,0x48,0xff,
    0x82,0x48,0xff,0x66,0xc1,0xff,0x66,0xc1,0xff,0x66,0xc1,0xff,
    0x82,0x48,0xff,0x82,0x48,0xff,0x82,0x48,0xff,0x00,0x00,0x00,
    0x82,0x48,0xff,0x82,0x48,0xff,0x66,0xc1,0xff,0x66,0xc1,0xff,
    0x66,0xc1,0xff,0x66,0xc1,0xff,0x82,0x48,0xff,0x82,0x48,0xff,
    0xa2,0x58,0xff,0xa2,0x58,0xff,0xa2,0x58,0xff,0xa2,0x58,0xff,
    0xa2,0x58,0xff,0xa2,0x58,0xff,0xa2,0x58,0xff,0x82,0x48,0xff,
    0x82,0x48,0xff,0x66,0xc1,0xff,0x66,0xc1,0xff,0x66,0xc1,0xff,
    0x66,0xc1,0xff,0x82,0x48,0xff,0x82,0x48,0xff,0x00,0x00,0x00,
    0x00,0x00,0x00,0x82,0x48,0xff,0x82,0x48,0xff,0x66,0xc1,0xff,
    0x66,0xc1,0xff,0x66,0xc1,0xff,0x66,0xc1,0xff,0x66,0xc1,0xff,
    0x82,0x48,0xff,0x82,0x48,0xff,0xa2,0x58,0xff,0xa2,0x58,0xff,
    0xa2,0x58,0xff,0xa2,0x58,0xff,0xa2,0x58,0xff,0x82,0x48,0xff,
    0x82,0x48,0xff,0x66,0xc1,0xff,0x66,0xc1,0xff,0x66,0xc1,0xff,
    0x66,0xc1,0xff,0x66,0xc1,0xff,0x82,0x48,0xff,0x82,0x48,0xff,
    0x00,0x00,0x00,0x00,0x00,0x00,0x82,0x48,0xff,0x82,0x48,0xff,
    0x66,0xc1,0xff,0x66,0xc1,0xff,0x66,0xc1,0xff,0x66,0xc1,0xff,
    0x66,0xc1,0xff,0x66,0xc1,0xff,0x82,0x48,0xff,0x82,0x48,0xff,
    0x82,0x48,0xff,0x82,0x48,0xff,0x82,0x48,0xff,0x82,0x48,0xff,
    0x82,0x48,0xff,0x66,0xc1,0xff,0x66,0xc1,0xff,0x66,0xc1,0xff,
    0x66,0xc1,0xff,0x66,0xc1,0xff,0x66,0xc1,0xff,0x82,0x48,0xff,
    0x82,0x48,0xff,0x00,0x00,0x00,0x00,0x00,0x00,0x82,0x48,0xff,
    0x82,0x48,0xff,0x66,0xc1,0xff,0x66,0xc1,0xff,0x66,0xc1,0xff,
    0x66,0xc1,0xff,0x66,0xc1,0xff,0x66,0xc1,0xff,0x66,0xc1,0xff,
    0x66,0xc1,0xff,0x82,0x48,0xff,0x82,0x48,0xff,0x82,0x48,0xff,
    0x82,0x48,0xff,0x66,0xc1,0xff,0x66,0xc1,0xff,0x66,0xc1,0xff,
    0x66,0xc1,0xff,0x66,0xc1,0xff,0x66,0xc1,0xff,0x66,0xc1,0xff,
    0x82,0x48,0xff,0x82,0x48,0xff,0x00,0x00,0x00,0x00,0x00,0x00,
    0x82,0x48,0xff,0x82,0x48,0xff,0x82,0x48,0xff,0x66,0xc1,0xff,
    0x66,0xc1,0xff,0x66,0xc1,0xff,0x66,0xc1,0xff,0x66,0xc1,0xff,
    0x66,0xc1,0xff,0x82,0x48,0xff,0x82,0x48,0xff,0x82,0x48,0xff,
    0x82,0x48,0xff,0x66,0xc1,0xff,0x66,0xc1,0xff,0x66,0xc1,0xff,
    0x66,0xc1,0xff,0x66,0xc1,0xff,0x66,0xc1,0xff,0x66,0xc1,0xff,
    0x82,0x48,0xff,0x82,0x48,0xff,0x82,0x48,0xff,0x00,0x00,0x00,
    0x00,0x00,0x00,0x82,0x48,0xff,0x82,0x48,0xff,0x82,0x48,0xff,
    0x66,0xc1,0xff,0x66,0xc1,0xff,0x66,0xc1,0xff,0x66,0xc1,0xff,
    0x66,0xc1,0xff,0x66,0xc1,0xff,0x82,0x48,0xff,0x82,0x48,0xff,
    0x82,0x48,0xff,0x66,0xc1,0xff,0x66,0xc1,0xff,0x66,0xc1,0xff,
    0x66,0xc1,0xff,0x66,0xc1,0xff,0x66,0xc1,0xff,0x66,0xc1,0xff,
    0x66,0xc1,0xff,0x82,0x48,0xff,0x82,0x48,0xff,0x82,0x48,0xff,
    0x00,0x00,0x00,0x00,0x00,0x00,0x00,0x00,0x00,0x82,0x48,0xff,
    0x82,0x48,0xff,0x66,0xc1,0xff,0x66,0xc1,0xff,0x66,0xc1,0xff,
    0x66,0xc1,0xff,0x66,0xc1,0xff,0x66,0xc1,0xff,0x66,0xc1,0xff,
    0x82,0x48,0xff,0x82,0x48,0xff,0x82,0x48,0xff,0x82,0x48,0xff,
    0x66,0xc1,0xff,0x66,0xc1,0xff,0x66,0xc1,0xff,0x66,0xc1,0xff,
    0x66,0xc1,0xff,0x66,0xc1,0xff,0x82,0x48,0xff,0x82,0x48,0xff,
    0x00,0x00,0x00,0x00,0x00,0x00,0x00,0x00,0x00,0x00,0x00,0x00,
    0x82,0x48,0xff,0x82,0x48,0xff,0x66,0xc1,0xff,0x66,0xc1,0xff,
    0x66,0xc1,0xff,0x66,0xc1,0xff,0x66,0xc1,0xff,0x66,0xc1,0xff,
    0x66,0xc1,0xff,0x82,0x48,0xff,0x66,0xc1,0xff,0x82,0x48,0xff,
    0x66,0xc1,0xff,0x66,0xc1,0xff,0x66,0xc1,0xff,0x66,0xc1,0xff,
    0x66,0xc1,0xff,0x66,0xc1,0xff,0x66,0xc1,0xff,0x82,0x48,0xff,
    0x82,0x48,0xff,0x00,0x00,0x00,0x00,0x00,0x00,0x00,0x00,0x00,
    0x00,0x00,0x00,0x82,0x48,0xff,0x82,0x48,0xff,0x66,0xc1,0xff,
    0x66,0xc1,0xff,0x66,0xc1,0xff,0x66,0xc1,0xff,0x66,0xc1,0xff,
    0x66,0xc1,0xff,0x66,0xc1,0xff,0x66,0xc1,0xff,0x66,0xc1,0xff,
    0x66,0xc1,0xff,0x66,0xc1,0xff,0x66,0xc1,0xff,0x66,0xc1,0xff,
    0x66,0xc1,0xff,0x66,0xc1,0xff,0x66,0xc1,0xff,0x66,0xc1,0xff,
    0x82,0x48,0xff,0x82,0x48,0xff,0x00,0x00,0x00,0x00,0x00,0x00,
    0x00,0x00,0x00,0x00,0x00,0x00,0x82,0x48,0xff,0x82,0x48,0xff,
    0x66,0xc1,0xff,0x66,0xc1,0xff,0x66,0xc1,0xff,0x66,0xc1,0xff,
    0x66,0xc1,0xff,0x66,0xc1,0xff,0x82,0x48,0xff,0x82,0x48,0xff,
    0x82,0x48,0xff,0x82,0x48,0xff,0x82,0x48,0xff,0x66,0xc1,0xff,
    0x66,0xc1,0xff,0x66,0xc1,0xff,0x66,0xc1,0xff,0x66,0xc1,0xff,
    0x66,0xc1,0xff,0x82,0x48,0xff,0x82,0x48,0xff,0x00,0x00,0x00,
    0x00,0x00,0x00,0x00,0x00,0x00,0x00,0x00,0x00,0x82,0x48,0xff,
    0x82,0x48,0xff,0x66,0xc1,0xff,0x66,0xc1,0xff,0x66,0xc1,0xff,
    0x66,0xc1,0xff,0x82,0x48,0xff,0x82,0x48,0xff,0x82,0x48,0xff,
    0xa2,0x58,0xff,0xa2,0x58,0xff,0xa2,0x58,0xff,0x82,0x48,0xff,
    0x82,0x48,0xff,0x82,0x48,0xff,0x66,0xc1,0xff,0x66,0xc1,0xff,
    0x66,0xc1,0xff,0x66,0xc1,0xff,0x82,0x48,0xff,0x82,0x48,0xff,
    0x00,0x00,0x00,0x00,0x00,0x00,0x00,0x00,0x00,0x00,0x00,0x00,
    0x82,0x48,0xff,0x82,0x48,0xff,0x66,0xc1,0xff,0x66,0xc1,0xff,
    0x66,0xc1,0xff,0x82,0x48,0xff,0x82,0x48,0xff,0xa2,0x58,0xff,
    0xa2,0x58,0xff,0xa2,0x58,0xff,0xa2,0x58,0xff,0xa2,0x58,0xff,
    0xa2,0x58,0xff,0xa2,0x58,0xff,0x82,0x48,0xff,0x82,0x48,0xff,
    0x66,0xc1,0xff,0x66,0xc1,0xff,0x66,0xc1,0xff,0x82,0x48,0xff,
    0x82,0x48,0xff,0x00,0x00,0x00,0x00,0x00,0x00,0x00,0x00,0x00,
    0x00,0x00,0x00,0x82,0x48,0xff,0x82,0x48,0xff,0x66,0xc1,0xff,
    0x66,0xc1,0xff,0x66,0xc1,0xff,0x82,0x48,0xff,0xa2,0x58,0xff,
    0xa2,0x58,0xff,0xa2,0x58,0xff,0xa2,0x58,0xff,0xa2,0x58,0xff,
    0xa2,0x58,0xff,0xa2,0x58,0xff,0xa2,0x58,0xff,0xa2,0x58,0xff,
    0x82,0x48,0xff,0x66,0xc1,0xff,0x66,0xc1,0xff,0x66,0xc1,0xff,
    0x82,0x48,0xff,0x82,0x48,0xff,0x00,0x00,0x00,0x00,0x00,0x00,
    0x00,0x00,0x00,0x00,0x00,0x00,0x82,0x48,0xff,0x82,0x48,0xff,
    0x66,0xc1,0xff,0x66,0xc1,0xff,0x82,0x48,0xff,0x82,0x48,0xff,
    0xa2,0x58,0xff,0xa2,0x58,0xff,0xa2,0x58,0xff,0xa2,0x58,0xff,
    0xa2,0x58,0xff,0xa2,0x58,0xff,0xa2,0x58,0xff,0xa2,0x58,0xff,
    0xa2,0x58,0xff,0x82,0x48,0xff,0x82,0x48,0xff,0x66,0xc1,0xff,
    0x66,0xc1,0xff,0x82,0x48,0xff,0x82,0x48,0xff,0x00,0x00,0x00,
    0x00,0x00,0x00,0x00,0x00,0x00,0x00,0x00,0x00,0x82,0x48,0xff,
    0x82,0x48,0xff,0x66,0xc1,0xff,0x66,0xc1,0xff,0x82,0x48,0xff,
    0xa2,0x58,0xff,0xa2,0x58,0xff,0xa2,0x58,0xff,0xa2,0x58,0xff,
    0xa2,0x58,0xff,0xa2,0x58,0xff,0xa2,0x58,0xff,0xa2,0x58,0xff,
    0xa2,0x58,0xff,0xa2,0x58,0xff,0xa2,0x58,0xff,0x82,0x48,0xff,
    0x66,0xc1,0xff,0x66,0xc1,0xff,0x82,0x48,0xff,0x82,0x48,0xff,
    0x00,0x00,0x00,0x00,0x00,0x00,0x00,0x00,0x00,0x00,0x00,0x00,
    0x82,0x48,0xff,0x82,0x48,0xff,0x66,0xc1,0xff,0x66,0xc1,0xff,
    0x82,0x48,0xff,0xa2,0x58,0xff,0xa2,0x58,0xff,0xa2,0x58,0xff,
    0xa2,0x58,0xff,0xa2,0x58,0xff,0xa2,0x58,0xff,0xa2,0x58,0xff,
    0xa2,0x58,0xff,0xa2,0x58,0xff,0xa2,0x58,0xff,0xa2,0x58,0xff,
    0x82,0x48,0xff,0x66,0xc1,0xff,0x66,0xc1,0xff,0x82,0x48,0xff,
    0x82,0x48,0xff,0x00,0x00,0x00,0x00,0x00,0x00,0x00,0x00,0x00,
    0x00,0x00,0x00,0x82,0x48,0xff,0x82,0x48,0xff,0x66,0xc1,0xff,
    0x66,0xc1,0xff,0x82,0x48,0xff,0xa2,0x58,0xff,0xa2,0x58,0xff,
    0xa2,0x58,0xff,0xa2,0x58,0xff,0xa2,0x58,0xff,0xa2,0x58,0xff,
    0xa2,0x58,0xff,0xa2,0x58,0xff,0xa2,0x58,0xff,0xa2,0x58,0xff,
    0xa2,0x58,0xff,0x82,0x48,0xff,0x66,0xc1,0xff,0x66,0xc1,0xff,
    0x82,0x48,0xff,0x82,0x48,0xff,0x00,0x00,0x00,0x00,0x00,0x00,
    0x00,0x00,0x00,0x00,0x00,0x00,0x82,0x48,0xff,0x82,0x48,0xff,
    0x66,0xc1,0xff,0x66,0xc1,0xff,0x82,0x48,0xff,0xa2,0x58,0xff,
    0xa2,0x58,0xff,0xa2,0x58,0xff,0xa2,0x58,0xff,0xa2,0x58,0xff,
    0xa2,0x58,0xff,0xa2,0x58,0xff,0xa2,0x58,0xff,0xa2,0x58,0xff,
    0xa2,0x58,0xff,0xa2,0x58,0xff,0x82,0x48,0xff,0x66,0xc1,0xff,
    0x66,0xc1,0xff,0x82,0x48,0xff,0x82,0x48,0xff,0x00,0x00,0x00,
    0x00,0x00,0x00,0x00,0x00,0x00,0x82,0x48,0xff,0x82,0x48,0xff,
    0x82,0x48,0xff,0x66,0xc1,0xff,0x66,0xc1,0xff,0x82,0x48,0xff,
    0x82,0x48,0xff,0xa2,0x58,0xff,0xa2,0x58,0xff,0xa2,0x58,0xff,
    0xa2,0x58,0xff,0xa2,0x58,0xff,0xa2,0x58,0xff,0xa2,0x58,0xff,
    0xa2,0x58,0xff,0xa2,0x58,0xff,0x82,0x48,0xff,0x82,0x48,0xff,
    0x66,0xc1,0xff,0x66,0xc1,0xff,0x82,0x48,0xff,0x82,0x48,0xff,
    0x82,0x48,0xff,0x00,0x00,0x00,0x00,0x00,0x00,0x82,0x48,0xff,
    0x82,0x48,0xff,0x82,0x48,0xff,0x66,0xc1,0xff,0x66,0xc1,0xff,
    0x66,0xc1,0xff,0x82,0x48,0xff,0xa2,0x58,0xff,0xa2,0x58,0xff,
    0xa2,0x58,0xff,0xa2,0x58,0xff,0xa2,0x58,0xff,0xa2,0x58,0xff,
    0xa2,0x58,0xff,0xa2,0x58,0xff,0xa2,0x58,0xff,0x82,0x48,0xff,
    0x66,0xc1,0xff,0x66,0xc1,0xff,0x66,0xc1,0xff,0x82,0x48,0xff,
    0x82,0x48,0xff,0x82,0x48,0xff,0x00,0x00,0x00,0x00,0x00,0x00,
    0x82,0x48,0xff,0x82,0x48,0xff,0x66,0xc1,0xff,0x66,0xc1,0xff,
    0x66,0xc1,0xff,0x66,0xc1,0xff,0x82,0x48,0xff,0x82,0x48,0xff,
    0x82,0x48,0xff,0xa2,0x58,0xff,0xa2,0x58,0xff,0xa2,0x58,0xff,
    0xa2,0x58,0xff,0xa2,0x58,0xff,0x82,0x48,0xff,0x82,0x48,0xff,
    0x82,0x48,0xff,0x66,0xc1,0xff,0x66,0xc1,0xff,0x66,0xc1,0xff,
    0x66,0xc1,0xff,0x82,0x48,0xff,0x82,0x48,0xff,0x00,0x00,0x00,
    0x00,0x00,0x00,0x82,0x48,0xff,0x82,0x48,0xff,0x66,0xc1,0xff,
    0x66,0xc1,0xff,0x66,0xc1,0xff,0x66,0xc1,0xff,0x66,0xc1,0xff,
    0x66,0xc1,0xff,0x82,0x48,0xff,0x82,0x48,0xff,0x82,0x48,0xff,
    0xa2,0x58,0xff,0x82,0x48,0xff,0x82,0x48,0xff,0x82,0x48,0xff,
    0x66,0xc1,0xff,0x66,0xc1,0xff,0x66,0xc1,0xff,0x66,0xc1,0xff,
    0x66,0xc1,0xff,0x66,0xc1,0xff,0x82,0x48,0xff,0x82,0x48,0xff,
    0x00,0x00,0x00,0x00,0x00,0x00,0x82,0x48,0xff,0x82,0x48,0xff,
    0x66,0xc1,0xff,0x66,0xc1,0xff,0x66,0xc1,0xff,0x66,0xc1,0xff,
    0x66,0xc1,0xff,0x66,0xc1,0xff,0x66,0xc1,0xff,0x66,0xc1,0xff,
    0x82,0x48,0xff,0x82,0x48,0xff,0x82,0x48,0xff,0x66,0xc1,0xff,
    0x66,0xc1,0xff,0x66,0xc1,0xff,0x66,0xc1,0xff,0x66,0xc1,0xff,
    0x66,0xc1,0xff,0x66,0xc1,0xff,0x66,0xc1,0xff,0x82,0x48,0xff,
    0x82,0x48,0xff,0x00,0x00,0x00,0x82,0x48,0xff,0x82,0x48,0xff,
    0x82,0x48,0xff,0x66,0xc1,0xff,0x66,0xc1,0xff,0x66,0xc1,0xff,
    0x66,0xc1,0xff,0x66,0xc1,0xff,0x66,0xc1,0xff,0x66,0xc1,0xff,
    0x66,0xc1,0xff,0x66,0xc1,0xff,0x66,0xc1,0xff,0x66,0xc1,0xff,
    0x66,0xc1,0xff,0x66,0xc1,0xff,0x66,0xc1,0xff,0x66,0xc1,0xff,
    0x66,0xc1,0xff,0x66,0xc1,0xff,0x66,0xc1,0xff,0x66,0xc1,0xff,
    0x82,0x48,0xff,0x82,0x48,0xff,0x82,0x48,0xff,0x82,0x48,0xff,
    0x82,0x48,0xff,0x66,0xc1,0xff,0x66,0xc1,0xff,0x66,0xc1,0xff,
    0x66,0xc1,0xff,0x66,0xc1,0xff,0x66,0xc1,0xff,0x66,0xc1,0xff,
    0x66,0xc1,0xff,0x66,0xc1,0xff,0x82,0x48,0xff,0x82,0x48,0xff,
    0x82,0x48,0xff,0x66,0xc1,0xff,0x66,0xc1,0xff,0x66,0xc1,0xff,
    0x66,0xc1,0xff,0x66,0xc1,0xff,0x66,0xc1,0xff,0x66,0xc1,0xff,
    0x66,0xc1,0xff,0x66,0xc1,0xff,0x82,0x48,0xff,0x82,0x48,0xff,
    0x82,0x48,0xff,0x82,0x48,0xff,0x82,0x48,0xff,0x66,0xc1,0xff,
    0x66,0xc1,0xff,0x66,0xc1,0xff,0x66,0xc1,0xff,0x66,0xc1,0xff,
    0x66,0xc1,0xff,0x82,0x48,0xff,0x82,0x48,0xff,0x82,0x48,0xff,
    0x82,0x48,0xff,0x82,0x48,0xff,0x82,0x48,0xff,0x82,0x48,0xff,
    0x66,0xc1,0xff,0x66,0xc1,0xff,0x66,0xc1,0xff,0x66,0xc1,0xff,
    0x66,0xc1,0xff,0x66,0xc1,0xff,0x82,0x48,0xff,0x82,0x48,0xff,
    0x82,0x48,0xff,0x82,0x48,0xff,0x82,0x48,0xff,0x82,0x48,0xff,
    0x66,0xc1,0xff,0x66,0xc1,0xff,0x66,0xc1,0xff,0x66,0xc1,0xff,
    0x66,0xc1,0xff,0x82,0x48,0xff,0x82,0x48,0xff,0xa2,0x58,0xff,
    0xa2,0x58,0xff,0xa2,0x58,0xff,0xa2,0x58,0xff,0xa2,0x58,0xff,
    0x82,0x48,0xff,0x82,0x48,0xff,0x66,0xc1,0xff,0x66,0xc1,0xff,
    0x66,0xc1,0xff,0x66,0xc1,0xff,0x66,0xc1,0xff,0x82,0x48,0xff,
    0x82,0x48,0xff,0x82,0x48,0xff,0x00,0x00,0x00,0x82,0x48,0xff,
    0x82,0x48,0xff,0x66,0xc1,0xff,0x66,0xc1,0xff,0x66,0xc1,0xff,
    0x66,0xc1,0xff,0x66,0xc1,0xff,0x82,0x48,0xff,0x82,0x48,0xff,
    0xa2,0x58,0xff,0xa2,0x58,0xff,0xa2,0x58,0xff,0xa2,0x58,0xff,
    0xa2,0x58,0xff,0x82,0x48,0xff,0x82,0x48,0xff,0x66,0xc1,0xff,
    0x66,0xc1,0xff,0x66,0xc1,0xff,0x66,0xc1,0xff,0x66,0xc1,0xff,
    0x82,0x48,0xff,0x82,0x48,0xff,0x00,0x00,0x00,0x00,0x00,0x00,
    0x82,0x48,0xff,0x82,0x48,0xff,0x82,0x48,0xff,0x82,0x48,0xff,
    0x66,0xc1,0xff,0x66,0xc1,0xff,0x66,0xc1,0xff,0x82,0x48,0xff,
    0x82,0x48,0xff,0xa2,0x58,0xff,0xa2,0x58,0xff,0xa2,0x58,0xff,
    0xa2,0x58,0xff,0xa2,0x58,0xff,0x82,0x48,0xff,0x82,0x48,0xff,
    0x66,0xc1,0xff,0x66,0xc1,0xff,0x66,0xc1,0xff,0x82,0x48,0xff,
    0x82,0x48,0xff,0x82,0x48,0xff,0x82,0x48,0xff,0x00,0x00,0x00,
    0x00,0x00,0x00,0x00,0x00,0x00,0x00,0x00,0x00,0x82,0x48,0xff,
    0x82,0x48,0xff,0x82,0x48,0xff,0x82,0x48,0xff,0x82,0x48,0xff,
    0x82,0x48,0xff,0x82,0x48,0xff,0x82,0x48,0xff,0x82,0x48,0xff,
    0x82,0x48,0xff,0x82,0x48,0xff,0x82,0x48,0xff,0x82,0x48,0xff,
    0x82,0x48,0xff,0x82,0x48,0xff,0x82,0x48,0xff,0x82,0x48,0xff,
    0x82,0x48,0xff,0x82,0x48,0xff,0x00,0x00,0x00,0x00,0x00,0x00,
    0x00,0x00,0x00,0x00,0x00,0x00,0x00,0x00,0x00,0x00,0x00,0x00,
    0x00,0x00,0x00,0x00,0x00,0x00,0x00,0x00,0x00,0x00,0x00,0x00,
    0x00,0x00,0x00,0x00,0x00,0x00,0x00,0x00,0x00,0x00,0x00,0x00,
    0x00,0x00,0x00,0x82,0x48,0xff,0x00,0x00,0x00,0x00,0x00,0x00,
    0x00,0x00,0x00,0x00,0x00,0x00,0x00,0x00,0x00,0x00,0x00,0x00,
    0x00,0x00,0x00,0x00,0x00,0x00,0x00,0x00,0x00,0x00,0x00,0x00,
    0x00,0x00,0x00,0x00,0x00,0x00
};
const lv_img_dsc_t sb_head_10 = {
  .header.cf = LV_IMG_CF_TRUE_COLOR_ALPHA,
  .header.always_zero = 0,
  .header.reserved = 0,
  .header.w = 25,
  .header.h = 46,
  .data_size = 3450,
  .data = sb_head_10_map,
};
static const LV_ATTRIBUTE_MEM_ALIGN LV_ATTRIBUTE_LARGE_CONST uint8_t sb_head_11_map[] = {
    0x00,0x00,0x00,0x00,0x00,0x00,0x00,0x00,0x00,0x00,0x00,0x00,
    0x00,0x00,0x00,0x00,0x00,0x00,0x00,0x00,0x00,0x00,0x00,0x00,
    0x82,0x48,0xff,0x82,0x48,0xff,0x82,0x48,0xff,0x82,0x48,0xff,
    0x82,0x48,0xff,0x82,0x48,0xff,0x82,0x48,0xff,0x82,0x48,0xff,
    0x82,0x48,0xff,0x00,0x00,0x00,0x00,0x00,0x00,0x00,0x00,0x00,
    0x00,0x00,0x00,0x00,0x00,0x00,0x00,0x00,0x00,0x00,0x00,0x00,
    0x00,0x00,0x00,0x00,0x00,0x00,0x00,0x00,0x00,0x00,0x00,0x00,
    0x00,0x00,0x00,0x00,0x00,0x00,0x00,0x00,0x00,0x82,0x48,0xff,
    0x82,0x48,0xff,0x82,0x48,0xff,0x82,0x48,0xff,0x82,0x48,0xff,
    0x82,0x48,0xff,0x82,0x48,0xff,0x82,0x48,0xff,0x82,0x48,0xff,
    0x82,0x48,0xff,0x82,0x48,0xff,0x82,0x48,0xff,0x82,0x48,0xff,
    0x00,0x00,0x00,0x00,0x00,0x00,0x00,0x00,0x00,0x00,0x00,0x00,
    0x00,0x00,0x00,0x00,0x00,0x00,0x00,0x00,0x00,0x00,0x00,0x00,
    0x00,0x00,0x00,0x00,0x00,0x00,0x82,0x48,0xff,0x82,0x48,0xff,
    0x82,0x48,0xff,0x82,0x48,0xff,0x82,0x48,0xff,0x66,0xc1,0xff,
    0x66,0xc1,0xff,0x66,0xc1,0xff,0x66,0xc1,0xff,0x66,0xc1,0xff,
    0x66,0xc1,0xff,0x66,0xc1,0xff,0x82,0x48,0xff,0x82,0x48,0xff,
    0x82,0x48,0xff,0x82,0x48,0xff,0x82,0x48,0xff,0x00,0x00,0x00,
    0x00,0x00,0x00,0x00,0x00,0x00,0x00,0x00,0x00,0x00,0x00,0x00,
    0x00,0x00,0x00,0x00,0x00,0x00,0x82,0x48,0xff,0x82,0x48,0xff,
    0x82,0x48,0xff,0x82,0x48,0xff,0x66,0xc1,0xff,0x66,0xc1,0xff,
    0x82,0x48,0xff,0x82,0x48,0xff,0x82,0x48,0xff,0x82,0x48,0xff,
    0x82,0x48,0xff,0x82,0x48,0xff,0x82,0x48,0xff,0x66,0xc1,0xff,
    0x66,0xc1,0xff,0x82,0x48,0xff,0x82,0x48,0xff,0x82,0x48,0xff,
    0x82,0x48,0xff,0x00,0x00,0x00,0x00,0x00,0x00,0x00,0x00,0x00,
    0x00,0x00,0x00,0x00,0x00,0x00,0x82,0x48,0xff,0x82,0x48,0xff,
    0x82,0x48,0xff,0x82,0x48,0xff,0x66,0xc1,0xff,0x66,0xc1,0xff,
    0x82,0x48,0xff,0x82,0x48,0xff,0xa2,0x58,0xff,0xa2,0x58,0xff,
    0xa2,0x58,0xff,0xa2,0x58,0xff,0xa2,0x58,0xff,0x82,0x48,0xff,
    0x82,0x48,0xff,0x66,0xc1,0xff,0x66,0xc1,0xff,0x82,0x48,0xff,
    0x82,0x48,0xff,0x82,0x48,0xff,0x82,0x48,0xff,0x00,0x00,0x00,
    0x00,0x00,0x00,0x00,0x00,0x00,0x82,0x48,0xff,0x82,0x48,0xff,
    0x82,0x48,0xff,0x82,0x48,0xff,0x66,0xc1,0xff,0x66,0xc1,0xff,
    0x82,0x48,0xff,0x82,0x48,0xff,0xa2,0x58,0xff,0xa2,0x58,0xff,
    0xa2,0x58,0xff,0xa2,0x58,0xff,0xa2,0x58,0xff,0xa2,0x58,0xff,
    0xa2,0x58,0xff,0x82,0x48,0xff,0x82,0x48,0xff,0x66,0xc1,0xff,
    0x66,0xc1,0xff,0x82,0x48,0xff,0x82,0x48,0xff,0x82,0x48,0xff,
    0x82,0x48,0xff,0x00,0x00,0x00,0x00,0x00,0x00,0x82,0x48,0xff,
    0x82,0x48,0xff,0x82,0x48,0xff,0x66,0xc1,0xff,0x66,0xc1,0xff,
    0x66,0xc1,0xff,0x82,0x48,0xff,0xa2,0x58,0xff,0xa2,0x58,0xff,
    0xa2,0x58,0xff,0xa2,0x58,0xff,0xa2,0x58,0xff,0xa2,0x58,0xff,
    0xa2,0x58,0xff,0xa2,0x58,0xff,0xa2,0x58,0xff,0x82,0x48,0xff,
    0x66,0xc1,0xff,0x66,0xc1,0xff,0x66,0xc1,0xff,0x82,0x48,0xff,
    0x82,0x48,0xff,0x82,0x48,0xff,0x00,0x00,0x00,0x82,0x48,0xff,
    0x82,0x48,0xff,0x82,0x48,0xff,0x66,0xc1,0xff,0x66,0xc1,0xff,
    0x66,0xc1,0xff,0x82,0x48,0xff,0x82,0x48,0xff,0xa2,0x58,0xff,
    0xa2,0x58,0xff,0xa2,0x58,0xff,0xa2,0x58,0xff,0xa2,0x58,0xff,
    0xa2,0x58,0xff,0xa2,0x58,0xff,0xa2,0x58,0xff,0xa2,0x58,0xff,
    0x82,0x48,0xff,0x82,0x48,0xff,0x66,0xc1,0xff,0x66,0xc1,0xff,
    0x66,0xc1,0xff,0x82,0x48,0xff,0x82,0x48,0xff,0x82,0x48,0xff,
    0x82,0x48,0xff,0x04,0x89,0xff,0x82,0x48,0xff,0x66,0xc1,0xff,
    0x66,0xc1,0xff,0x82,0x48,0xff,0x82,0x48,0xff,0xa2,0x58,0xff,
    0xa2,0x58,0xff,0xa2,0x58,0xff,0xa2,0x58,0xff,0xa2,0x58,0xff,
    0xa2,0x58,0xff,0xa2,0x58,0xff,0xa2,0x58,0xff,0xa2,0x58,0xff,
    0xa2,0x58,0xff,0xa2,0x58,0xff,0x82,0x48,0xff,0x82,0x48,0xff,
    0x66,0xc1,0xff,0x66,0xc1,0xff,0x82,0x48,0xff,0x04,0x89,0xff,
    0x82,0x48,0xff,0x82,0x48,0xff,0x04,0x89,0xff,0x82,0x48,0xff,
    0x66,0xc1,0xff,0x66,0xc1,0xff,0x82,0x48,0xff,0xa2,0x58,0xff,
    0xa2,0x58,0xff,0xa2,0x58,0xff,0xa2,0x58,0xff,0xa2,0x58,0xff,
    0xa2,0x58,0xff,0xa2,0x58,0xff,0xa2,0x58,0xff,0xa2,0x58,0xff,
    0xa2,0x58,0xff,0xa2,0x58,0xff,0xa2,0x58,0xff,0xa2,0x58,0xff,
    0x82,0x48,0xff,0x66,0xc1,0xff,0x66,0xc1,0xff,0x82,0x48,0xff,
    0x04,0x89,0xff,0x82,0x48,0xff,0x82,0x48,0xff,0x04,0x89,0xff,
    0x82,0x48,0xff,0x66,0xc1,0xff,0x66,0xc1,0xff,0x82,0x48,0xff,
    0xa2,0x58,0xff,0xa2,0x58,0xff,0xa2,0x58,0xff,0xa2,0x58,0xff,
    0xa2,0x58,0xff,0xa2,0x58,0xff,0xa2,0x58,0xff,0xa2,0x58,0xff,
    0xa2,0x58,0xff,0xa2,0x58,0xff,0xa2,0x58,0xff,0xa2,0x58,0xff,
    0xa2,0x58,0xff,0x82,0x48,0xff,0x66,0xc1,0xff,0x66,0xc1,0xff,
    0x82,0x48,0xff,0x04,0x89,0xff,0x82,0x48,0xff,0x82,0x48,0xff,
    0x04,0x89,0xff,0x82,0x48,0xff,0x66,0xc1,0xff,0x66,0xc1,0xff,
    0x82,0x48,0xff,0xa2,0x58,0xff,0xa2,0x58,0xff,0xa2,0x58,0xff,
    0xa2,0x58,0xff,0xa2,0x58,0xff,0xa2,0x58,0xff,0xa2,0x58,0xff,
    0xa2,0x58,0xff,0xa2,0x58,0xff,0xa2,0x58,0xff,0xa2,0x58,0xff,
    0xa2,0x58,0xff,0xa2,0x58,0xff,0x82,0x48,0xff,0x66,0xc1,0xff,
    0x66,0xc1,0xff,0x82,0x48,0xff,0x04,0x89,0xff,0x82,0x48,0xff,
    0x82,0x48,0xff,0x04,0x89,0xff,0x82,0x48,0xff,0x66,0xc1,0xff,
    0x66,0xc1,0xff,0x82,0x48,0xff,0x82,0x48,0xff,0xa2,0x58,0xff,
    0xa2,0x58,0xff,0xa2,0x58,0xff,0xa2,0x58,0xff,0xa2,0x58,0xff,
    0xa2,0x58,0xff,0xa2,0x58,0xff,0xa2,0x58,0xff,0xa2,0x58,0xff,
    0xa2,0x58,0xff,0xa2,0x58,0xff,0x82,0x48,0xff,0x82,0x48,0xff,
    0x66,0xc1,0xff,0x66,0xc1,0xff,0x82,0x48,0xff,0x04,0x89,0xff,
    0x82,0x48,0xff,0x82,0x48,0xff,0x04,0x89,0xff,0x82,0x48,0xff,
    0x66,0xc1,0xff,0x66,0xc1,0xff,0x66,0xc1,0xff,0x82,0x48,0xff,
    0x82,0x48,0xff,0xa2,0x58,0xff,0xa2,0x58,0xff,0xa2,0x58,0xff,
    0xa2,0x58,0xff,0xa2,0x58,0xff,0xa2,0x58,0xff,0xa2,0x58,0xff,
    0xa2,0x58,0xff,0xa2,0x58,0xff,0x82,0x48,0xff,0x82,0x48,0xff,
    0x66,0xc1,0xff,0x66,0xc1,0xff,0x66,0xc1,0xff,0x82,0x48,0xff,
    0x04,0x89,0xff,0x82,0x48,0xff,0x82,0x48,0xff,0x82,0x48,0xff,
    0x82,0x48,0xff,0x66,0xc1,0xff,0x66,0xc1,0xff,0x66,0xc1,0xff,
    0x66,0xc1,0xff,0x82,0x48,0xff,0xa2,0x58,0xff,0xa2,0x58,0xff,
    0xa2,0x58,0xff,0xa2,0x58,0xff,0xa2,0x58,0xff,0xa2,0x58,0xff,
    0xa2,0x58,0xff,0xa2,0x58,0xff,0xa2,0x58,0xff,0x82,0x48,0xff,
    0x66,0xc1,0xff,0x66,0xc1,0xff,0x66,0xc1,0xff,0x66,0xc1,0xff,
    0x82,0x48,0xff,0x82,0x48,0xff,0x82,0x48,0xff,0x00,0x00,0x00,
    0x82,0x48,0xff,0x82,0x48,0xff,0x66,0xc1,0xff,0x66,0xc1,0xff,
    0x66,0xc1,0xff,0x66,0xc1,0xff,0x82,0x48,0xff,0x82,0x48,0xff,
    0xa2,0x58,0xff,0xa2,0x58,0xff,0xa2,0x58,0xff,0xa2,0x58,0xff,
    0xa2,0x58,0xff,0xa2,0x58,0xff,0xa2,0x58,0xff,0x82,0x48,0xff,
    0x82,0x48,0xff,0x66,0xc1,0xff,0x66,0xc1,0xff,0x66,0xc1,0xff,
    0x66,0xc1,0xff,0x82,0x48,0xff,0x82,0x48,0xff,0x00,0x00,0x00,
    0x00,0x00,0x00,0x82,0x48,0xff,0x82,0x48,0xff,0x66,0xc1,0xff,
    0x66,0xc1,0xff,0x66,0xc1,0xff,0x66,0xc1,0xff,0x66,0xc1,0xff,
    0x82,0x48,0xff,0x82,0x48,0xff,0xa2,0x58,0xff,0xa2,0x58,0xff,
    0xa2,0x58,0xff,0xa2,0x58,0xff,0xa2,0x58,0xff,0x82,0x48,0xff,
    0x82,0x48,0xff,0x66,0xc1,0xff,0x66,0xc1,0xff,0x66,0xc1,0xff,
    0x66,0xc1,0xff,0x66,0xc1,0xff,0x82,0x48,0xff,0x82,0x48,0xff,
    0x00,0x00,0x00,0x00,0x00,0x00,0x82,0x48,0xff,0x82,0x48,0xff,
    0x66,0xc1,0xff,0x66,0xc1,0xff,0x66,0xc1,0xff,0x66,0xc1,0xff,
    0x66,0xc1,0xff,0x66,0xc1,0xff,0x82,0x48,0xff,0x82,0x48,0xff,
    0x82,0x48,0xff,0x82,0x48,0xff,0x82,0x48,0xff,0x82,0x48,0xff,
    0x82,0x48,0xff,0x66,0xc1,0xff,0x66,0xc1,0xff,0x66,0xc1,0xff,
    0x66,0xc1,0xff,0x66,0xc1,0xff,0x66,0xc1,0xff,0x82,0x48,0xff,
    0x82,0x48,0xff,0x00,0x00,0x00,0x00,0x00,0x00,0x82,0x48,0xff,
    0x82,0x48,0xff,0x82,0x48,0xff,0x66,0xc1,0xff,0x66,0xc1,0xff,
    0x66,0xc1,0xff,0x66,0xc1,0xff,0x66,0xc1,0xff,0x66,0xc1,0xff,
    0x66,0xc1,0xff,0x66,0xc1,0xff,0x66,0xc1,0xff,0x66,0xc1,0xff,
    0x66,0xc1,0xff,0x66,0xc1,0xff,0x66,0xc1,0xff,0x66,0xc1,0xff,
    0x66,0xc1,0xff,0x66,0xc1,0xff,0x66,0xc1,0xff,0x82,0x48,0xff,
    0x82,0x48,0xff,0x82,0x48,0xff,0x00,0x00,0x00,0x00,0x00,0x00,
    0x82,0x48,0xff,0x04,0x89,0xff,0x82,0x48,0xff,0x66,0xc1,0xff,
    0x66,0xc1,0xff,0x66,0xc1,0xff,0x66,0xc1,0xff,0x66,0xc1,0xff,
    0x66,0xc1,0xff,0x82,0x48,0xff,0x82,0x48,0xff,0x82,0x48,0xff,
    0x82,0x48,0xff,0x66,0xc1,0xff,0x66,0xc1,0xff,0x66,0xc1,0xff,
    0x66,0xc1,0xff,0x66,0xc1,0xff,0x66,0xc1,0xff,0x66,0xc1,0xff,
    0x82,0x48,0xff,0x04,0x89,0xff,0x82,0x48,0xff,0x00,0x00,0x00,
    0x00,0x00,0x00,0x82,0x48,0xff,0x82,0x48,0xff,0x82,0x48,0xff,
    0x66,0xc1,0xff,0x66,0xc1,0xff,0x66,0xc1,0xff,0x66,0xc1,0xff,
    0x66,0xc1,0xff,0x66,0xc1,0xff,0x82,0x48,0xff,0x82,0x48,0xff,
    0x82,0x48,0xff,0x82,0x48,0xff,0x66,0xc1,0xff,0x66,0xc1,0xff,
    0x66,0xc1,0xff,0x66,0xc1,0xff,0x66,0xc1,0xff,0x66,0xc1,0xff,
    0x66,0xc1,0xff,0x82,0x48,0xff,0x82,0x48,0xff,0x82,0x48,0xff,
    0x00,0x00,0x00,0x00,0x00,0x00,0x00,0x00,0x00,0x82,0x48,0xff,
    0x82,0x48,0xff,0x66,0xc1,0xff,0x66,0xc1,0xff,0x66,0xc1,0xff,
    0x66,0xc1,0xff,0x66,0xc1,0xff,0x66,0xc1,0xff,0x66,0xc1,0xff,
    0x82,0x48,0xff,0x82,0x48,0xff,0x82,0x48,0xff,0x82,0x48,0xff,
    0x66,0xc1,0xff,0x66,0xc1,0xff,0x66,0xc1,0xff,0x66,0xc1,0xff,
    0x66,0xc1,0xff,0x66,0xc1,0xff,0x82,0x48,0xff,0x82,0x48,0xff,
    0x00,0x00,0x00,0x00,0x00,0x00,0x00,0x00,0x00,0x00,0x00,0x00,
    0x82,0x48,0xff,0x82,0x48,0xff,0x66,0xc1,0xff,0x66,0xc1,0xff,
    0x66,0xc1,0xff,0x66,0xc1,0xff,0x66,0xc1,0xff,0x66,0xc1,0xff,
    0x66,0xc1,0xff,0x82,0x48,0xff,0x66,0xc1,0xff,0x82,0x48,0xff,
    0x66,0xc1,0xff,0x66,0xc1,0xff,0x66,0xc1,0xff,0x66,0xc1,0xff,
    0x66,0xc1,0xff,0x66,0xc1,0xff,0x66,0xc1,0xff,0x82,0x48,0xff,
    0x82,0x48,0xff,0x00,0x00,0x00,0x00,0x00,0x00,0x00,0x00,0x00,
    0x00,0x00,0x00,0x82,0x48,0xff,0x82,0x48,0xff,0x66,0xc1,0xff,
    0x66,0xc1,0xff,0x66,0xc1,0xff,0x66,0xc1,0xff,0x66,0xc1,0xff,
    0x66,0xc1,0xff,0x82,0x48,0xff,0x82,0x48,0xff,0x82,0x48,0xff,
    0x82,0x48,0xff,0x66,0xc1,0xff,0x66,0xc1,0xff,0x66,0xc1,0xff,
    0x66,0xc1,0xff,0x66,0xc1,0xff,0x66,0xc1,0xff,0x66,0xc1,0xff,
    0x82,0x48,0xff,0x82,0x48,0xff,0x00,0x00,0x00,0x00,0x00,0x00,
    0x00,0x00,0x00,0x00,0x00,0x00,0x82,0x48,0xff,0x82,0x48,0xff,
    0x66,0xc1,0xff,0x66,0xc1,0xff,0x66,0xc1,0xff,0x66,0xc1,0xff,
    0x66,0xc1,0xff,0x66,0xc1,0xff,0x66,0xc1,0xff,0x82,0x48,0xff,
    0x82,0x48,0xff,0x82,0x48,0xff,0x66,0xc1,0xff,0x66,0xc1,0xff,
    0x66,0xc1,0xff,0x66,0xc1,0xff,0x66,0xc1,0xff,0x66,0xc1,0xff,
    0x66,0xc1,0xff,0x82,0x48,0xff,0x82,0x48,0xff,0x00,0x00,0x00,
    0x00,0x00,0x00,0x00,0x00,0x00,0x00,0x00,0x00,0x82,0x48,0xff,
    0x82,0x48,0xff,0x66,0xc1,0xff,0x66,0xc1,0xff,0x66,0xc1,0xff,
    0x66,0xc1,0xff,0x66,0xc1,0xff,0x82,0x48,0xff,0x82,0x48,0xff,
    0x82,0x48,0xff,0xa2,0x58,0xff,0x82,0x48,0xff,0x82,0x48,0xff,
    0x82,0x48,0xff,0x66,0xc1,0xff,0x66,0xc1,0xff,0x66,0xc1,0xff,
    0x66,0xc1,0xff,0x66,0xc1,0xff,0x82,0x48,0xff,0x82,0x48,0xff,
    0x00,0x00,0x00,0x00,0x00,0x00,0x00,0x00,0x00,0x00,0x00,0x00,
    0x82,0x48,0xff,0x82,0x48,0xff,0x66,0xc1,0xff,0x66,0xc1,0xff,
    0x66,0xc1,0xff,0x82,0x48,0xff,0x82,0x48,0xff,0x82,0x48,0xff,
    0xa2,0x58,0xff,0xa2,0x58,0xff,0xa2,0x58,0xff,0xa2,0x58,0xff,
    0xa2,0x58,0xff,0x82,0x48,0xff,0x82,0x48,0xff,0x82,0x48,0xff,
    0x66,0xc1,0xff,0x66,0xc1,0xff,0x66,0xc1,0xff,0x82,0x48,0xff,
    0x82,0x48,0xff,0x00,0x00,0x00,0x00,0x00,0x00,0x00,0x00,0x00,
    0x00,0x00,0x00,0x82,0x48,0xff,0x82,0x48,0xff,0x66,0xc1,0xff,
    0x66,0xc1,0xff,0x66,0xc1,0xff,0x82,0x48,0xff,0xa2,0x58,0xff,
    0xa2,0x58,0xff,0xa2,0x58,0xff,0xa2,0x58,0xff,0xa2,0x58,0xff,
    0xa2,0x58,0xff,0xa2,0x58,0xff,0xa2,0x58,0xff,0xa2,0x58,0xff,
    0x82,0x48,0xff,0x66,0xc1,0xff,0x66,0xc1,0xff,0x66,0xc1,0xff,
    0x82,0x48,0xff,0x82,0x48,0xff,0x00,0x00,0x00,0x00,0x00,0x00,
    0x00,0x00,0x00,0x00,0x00,0x00,0x82,0x48,0xff,0x82,0x48,0xff,
    0x66,0xc1,0xff,0x66,0xc1,0xff,0x82,0x48,0xff,0x82,0x48,0xff,
    0xa2,0x58,0xff,0xa2,0x58,0xff,0xa2,0x58,0xff,0xa2,0x58,0xff,
    0xa2,0x58,0xff,0xa2,0x58,0xff,0xa2,0x58,0xff,0xa2,0x58,0xff,
    0xa2,0x58,0xff,0x82,0x48,0xff,0x82,0x48,0xff,0x66,0xc1,0xff,
    0x66,0xc1,0xff,0x82,0x48,0xff,0x82,0x48,0xff,0x00,0x00,0x00,
    0x00,0x00,0x00,0x00,0x00,0x00,0x00,0x00,0x00,0x82,0x48,0xff,
    0x82,0x48,0xff,0x66,0xc1,0xff,0x66,0xc1,0xff,0x82,0x48,0xff,
    0xa2,0x58,0xff,0xa2,0x58,0xff,0xa2,0x58,0xff,0xa2,0x58,0xff,
    0xa2,0x58,0xff,0xa2,0x58,0xff,0xa2,0x58,0xff,0xa2,0x58,0xff,
    0xa2,0x58,0xff,0xa2,0x58,0xff,0xa2,0x58,0xff,0x82,0x48,0xff,
    0x66,0xc1,0xff,0x66,0xc1,0xff,0x82,0x48,0xff,0x82,0x48,0xff,
    0x00,0x00,0x00,0x00,0x00,0x00,0x00,0x00,0x00,0x00,0x00,0x00,
    0x82,0x48,0xff,0x82,0x48,0xff,0x66,0xc1,0xff,0x66,0xc1,0xff,
    0x82,0x48,0xff,0xa2,0x58,0xff,0xa2,0x58,0xff,0xa2,0x58,0xff,
    0xa2,0x58,0xff,0xa2,0x58,0xff,0xa2,0x58,0xff,0xa2,0x58,0xff,
    0xa2,0x58,0xff,0xa2,0x58,0xff,0xa2,0x58,0xff,0xa2,0x58,0xff,
    0x82,0x48,0xff,0x66,0xc1,0xff,0x66,0xc1,0xff,0x82,0x48,0xff,
    0x82,0x48,0xff,0x00,0x00,0x00,0x00,0x00,0x00,0x00,0x00,0x00,
    0x00,0x00,0x00,0x82,0x48,0xff,0x82,0x48,0xff,0x66,0xc1,0xff,
    0x66,0xc1,0xff,0x82,0x48,0xff,0xa2,0x58,0xff,0xa2,0x58,0xff,
    0xa2,0x58,0xff,0xa2,0x58,0xff,0xa2,0x58,0xff,0xa2,0x58,0xff,
    0xa2,0x58,0xff,0xa2,0x58,0xff,0xa2,0x58,0xff,0xa2,0x58,0xff,
    0xa2,0x58,0xff,0x82,0x48,0xff,0x66,0xc1,0xff,0x66,0xc1,0xff,
    0x82,0x48,0xff,0x82,0x48,0xff,0x00,0x00,0x00,0x00,0x00,0x00,
    0x00,0x00,0x00,0x00,0x00,0x00,0x82,0x48,0xff,0x82,0x48,0xff,
    0x66,0xc1,0xff,0x66,0xc1,0xff,0x82,0x48,0xff,0xa2,0x58,0xff,
    0xa2,0x58,0xff,0xa2,0x58,0xff,0xa2,0x58,0xff,0xa2,0x58,0xff,
    0xa2,0x58,0xff,0xa2,0x58,0xff,0xa2,0x58,0xff,0xa2,0x58,0xff,
    0xa2,0x58,0xff,0xa2,0x58,0xff,0x82,0x48,0xff,0x66,0xc1,0xff,
    0x66,0xc1,0xff,0x82,0x48,0xff,0x82,0x48,0xff,0x00,0x00,0x00,
    0x00,0x00,0x00,0x00,0x00,0x00,0x82,0x48,0xff,0x82,0x48,0xff,
    0x82,0x48,0xff,0x66,0xc1,0xff,0x66,0xc1,0xff,0x82,0x48,0xff,
    0x82,0x48,0xff,0xa2,0x58,0xff,0xa2,0x58,0xff,0xa2,0x58,0xff,
    0xa2,0x58,0xff,0xa2,0x58,0xff,0xa2,0x58,0xff,0xa2,0x58,0xff,
    0xa2,0x58,0xff,0xa2,0x58,0xff,0x82,0x48,0xff,0x82,0x48,0xff,
    0x66,0xc1,0xff,0x66,0xc1,0xff,0x82,0x48,0xff,0x82,0x48,0xff,
    0x82,0x48,0xff,0x00,0x00,0x00,0x00,0x00,0x00,0x82,0x48,0xff,
    0x82,0x48,0xff,0x82,0x48,0xff,0x66,0xc1,0xff,0x66,0xc1,0xff,
    0x66,0xc1,0xff,0x82,0x48,0xff,0xa2,0x58,0xff,0xa2,0x58,0xff,
    0xa2,0x58,0xff,0xa2,0x58,0xff,0xa2,0x58,0xff,0xa2,0x58,0xff,
    0xa2,0x58,0xff,0xa2,0x58,0xff,0xa2,0x58,0xff,0x82,0x48,0xff,
    0x66,0xc1,0xff,0x66,0xc1,0xff,0x66,0xc1,0xff,0x82,0x48,0xff,
    0x82,0x48,0xff,0x82,0x48,0xff,0x00,0x00,0x00,0x00,0x00,0x00,
    0x82,0x48,0xff,0x82,0x48,0xff,0x66,0xc1,0xff,0x66,0xc1,0xff,
    0x66,0xc1,0xff,0x66,0xc1,0xff,0x82,0x48,0xff,0x82,0x48,0xff,
    0x82,0x48,0xff,0xa2,0x58,0xff,0xa2,0x58,0xff,0xa2,0x58,0xff,
    0xa2,0x58,0xff,0xa2,0x58,0xff,0x82,0x48,0xff,0x82,0x48,0xff,
    0x82,0x48,0xff,0x66,0xc1,0xff,0x66,0xc1,0xff,0x66,0xc1,0xff,
    0x66,0xc1,0xff,0x82,0x48,0xff,0x82,0x48,0xff,0x00,0x00,0x00,
    0x00,0x00,0x00,0x82,0x48,0xff,0x82,0x48,0xff,0x66,0xc1,0xff,
    0x66,0xc1,0xff,0x66,0xc1,0xff,0x66,0xc1,0xff,0x66,0xc1,0xff,
    0x66,0xc1,0xff,0x82,0x48,0xff,0x82,0x48,0xff,0x82,0x48,0xff,
    0xa2,0x58,0xff,0x82,0x48,0xff,0x82,0x48,0xff,0x82,0x48,0xff,
    0x66,0xc1,0xff,0x66,0xc1,0xff,0x66,0xc1,0xff,0x66,0xc1,0xff,
    0x66,0xc1,0xff,0x66,0xc1,0xff,0x82,0x48,0xff,0x82,0x48,0xff,
    0x00,0x00,0x00,0x00,0x00,0x00,0x82,0x48,0xff,0x82,0x48,0xff,
    0x66,0xc1,0xff,0x66,0xc1,0xff,0x66,0xc1,0xff,0x66,0xc1,0xff,
    0x66,0xc1,0xff,0x66,0xc1,0xff,0x66,0xc1,0xff,0x66,0xc1,0xff,
    0x82,0x48,0xff,0x82,0x48,0xff,0x82,0x48,0xff,0x66,0xc1,0xff,
    0x66,0xc1,0xff,0x66,0xc1,0xff,0x66,0xc1,0xff,0x66,0xc1,0xff,
    0x66,0xc1,0xff,0x66,0xc1,0xff,0x66,0xc1,0xff,0x82,0x48,0xff,
    0x82,0x48,0xff,0x00,0x00,0x00,0x82,0x48,0xff,0x82,0x48,0xff,
    0x82,0x48,0xff,0x66,0xc1,0xff,0x66,0xc1,0xff,0x66,0xc1,0xff,
    0x66,0xc1,0xff,0x66,0xc1,0xff,0x66,0xc1,0xff,0x66,0xc1,0xff,
    0x66,0xc1,0xff,0x66,0xc1,0xff,0x66,0xc1,0xff,0x66,0xc1,0xff,
    0x66,0xc1,0xff,0x66,0xc1,0xff,0x66,0xc1,0xff,0x66,0xc1,0xff,
    0x66,0xc1,0xff,0x66,0xc1,0xff,0x66,0xc1,0xff,0x66,0xc1,0xff,
    0x82,0x48,0xff,0x82,0x48,0xff,0x82,0x48,0xff,0x82,0x48,0xff,
    0x82,0x48,0xff,0x66,0xc1,0xff,0x66,0xc1,0xff,0x66,0xc1,0xff,
    0x66,0xc1,0xff,0x66,0xc1,0xff,0x66,0xc1,0xff,0x66,0xc1,0xff,
    0x66,0xc1,0xff,0x66,0xc1,0xff,0x66,0xc1,0xff,0x66,0xc1,0xff,
    0x66,0xc1,0xff,0x66,0xc1,0xff,0x66,0xc1,0xff,0x66,0xc1,0xff,
    0x66,0xc1,0xff,0x66,0xc1,0xff,0x66,0xc1,0xff,0x66,0xc1,0xff,
    0x66,0xc1,0xff,0x66,0xc1,0xff,0x82,0x48,0xff,0x82,0x48,0xff,
    0x82,0x48,0xff,0x82,0x48,0xff,0x82,0x48,0xff,0x66,0xc1,0xff,
    0x66,0xc1,0xff,0x66,0xc1,0xff,0x66,0xc1,0xff,0x66,0xc1,0xff,
    0x66,0xc1,0xff,0x82,0x48,0xff,0x82,0x48,0xff,0x82,0x48,0xff,
    0x82,0x48,0xff,0x82,0x48,0xff,0x82,0x48,0xff,0x82,0x48,0xff,
    0x66,0xc1,0xff,0x66,0xc1,0xff,0x66,0xc1,0xff,0x66,0xc1,0xff,
    0x66,0xc1,0xff,0x66,0xc1,0xff,0x82,0x48,0xff,0x82,0x48,0xff,
    0x82,0x48,0xff,0x82,0x48,0xff,0x82,0x48,0xff,0x82,0x48,0xff,
    0x66,0xc1,0xff,0x66,0xc1,0xff,0x66,0xc1,0xff,0x66,0xc1,0xff,
    0x66,0xc1,0xff,0x66,0xc1,0xff,0x82,0x48,0xff,0xa2,0x58,0xff,
    0xa2,0x58,0xff,0xa2,0x58,0xff,0xa2,0x58,0xff,0xa2,0x58,0xff,
    0x82,0x48,0xff,0x66,0xc1,0xff,0x66,0xc1,0xff,0x66,0xc1,0xff,
    0x66,0xc1,0xff,0x66,0xc1,0xff,0x66,0xc1,0xff,0x82,0x48,0xff,
    0x82,0x48,0xff,0x82,0x48,0xff,0x00,0x00,0x00,0x82,0x48,0xff,
    0x82,0x48,0xff,0x66,0xc1,0xff,0x66,0xc1,0xff,0x66,0xc1,0xff,
    0x66,0xc1,0xff,0x66,0xc1,0xff,0x82,0x48,0xff,0x82,0x48,0xff,
    0xa2,0x58,0xff,0xa2,0x58,0xff,0xa2,0x58,0xff,0xa2,0x58,0xff,
    0xa2,0x58,0xff,0x82,0x48,0xff,0x82,0x48,0xff,0x66,0xc1,0xff,
    0x66,0xc1,0xff,0x66,0xc1,0xff,0x66,0xc1,0xff,0x66,0xc1,0xff,
    0x82,0x48,0xff,0x82,0x48,0xff,0x00,0x00,0x00,0x00,0x00,0x00,
    0x82,0x48,0xff,0x82,0x48,0xff,0x82,0x48,0xff,0x66,0xc1,0xff,
    0x66,0xc1,0xff,0x66,0xc1,0xff,0x66,0xc1,0xff,0x82,0x48,0xff,
    0x82,0x48,0xff,0xa2,0x58,0xff,0xa2,0x58,0xff,0xa2,0x58,0xff,
    0xa2,0x58,0xff,0xa2,0x58,0xff,0x82,0x48,0xff,0x82,0x48,0xff,
    0x66,0xc1,0xff,0x66,0xc1,0xff,0x66,0xc1,0xff,0x66,0xc1,0xff,
    0x82,0x48,0xff,0x82,0x48,0xff,0x82,0x48,0xff,0x00,0x00,0x00,
    0x00,0x00,0x00,0x00,0x00,0x00,0x82,0x48,0xff,0x82,0x48,0xff,
    0x82,0x48,0xff,0x82,0x48,0xff,0x82,0x48,0xff,0x82,0x48,0xff,
    0x82,0x48,0xff,0x82,0x48,0xff,0x82,0x48,0xff,0x82,0x48,0xff,
    0x82,0x48,0xff,0x82,0x48,0xff,0x82,0x48,0xff,0x82,0x48,0xff,
    0x82,0x48,0xff,0x82,0x48,0xff,0x82,0x48,0xff,0x82,0x48,0xff,
    0x82,0x48,0xff,0x82,0x48,0xff,0x82,0x48,0xff,0x00,0x00,0x00,
    0x00,0x00,0x00,0x00,0x00,0x00,0x00,0x00,0x00,0x00,0x00,0x00,
    0x00,0x00,0x00,0x00,0x00,0x00,0x00,0x00,0x00,0x82,0x48,0xff,
    0x82,0x48,0xff,0x00,0x00,0x00,0x00,0x00,0x00,0x00,0x00,0x00,
    0x00,0x00,0x00,0x82,0x48,0xff,0x00,0x00,0x00,0x00,0x00,0x00,
    0x00,0x00,0x00,0x00,0x00,0x00,0x82,0x48,0xff,0x82,0x48,0xff,
    0x00,0x00,0x00,0x00,0x00,0x00,0x00,0x00,0x00,0x00,0x00,0x00,
    0x00,0x00,0x00,0x00,0x00,0x00
};
const lv_img_dsc_t sb_head_11 = {
  .header.cf = LV_IMG_CF_TRUE_COLOR_ALPHA,
  .header.always_zero = 0,
  .header.reserved = 0,
  .header.w = 25,
  .header.h = 46,
  .data_size = 3450,
  .data = sb_head_11_map,
};
static const LV_ATTRIBUTE_MEM_ALIGN LV_ATTRIBUTE_LARGE_CONST uint8_t sb_head_12_map[] = {
    0x00,0x00,0x00,0x00,0x00,0x00,0x00,0x00,0x00,0x00,0x00,0x00,
    0x00,0x00,0x00,0x00,0x00,0x00,0x00,0x00,0x00,0x00,0x00,0x00,
    0x82,0x48,0xff,0x82,0x48,0xff,0x82,0x48,0xff,0x82,0x48,0xff,
    0x82,0x48,0xff,0x82,0x48,0xff,0x82,0x48,0xff,0x82,0x48,0xff,
    0x82,0x48,0xff,0x82,0x48,0xff,0x00,0x00,0x00,0x00,0x00,0x00,
    0x00,0x00,0x00,0x00,0x00,0x00,0x00,0x00,0x00,0x00,0x00,0x00,
    0x00,0x00,0x00,0x00,0x00,0x00,0x00,0x00,0x00,0x00,0x00,0x00,
    0x00,0x00,0x00,0x00,0x00,0x00,0x00,0x00,0x00,0x00,0x00,0x00,
    0x82,0x48,0xff,0x82,0x48,0xff,0x82,0x48,0xff,0x82,0x48,0xff,
    0x82,0x48,0xff,0x82,0x48,0xff,0x82,0x48,0xff,0x82,0x48,0xff,
    0x82,0x48,0xff,0x82,0x48,0xff,0x82,0x48,0xff,0x82,0x48,0xff,
    0x82,0x48,0xff,0x82,0x48,0xff,0x00,0x00,0x00,0x00,0x00,0x00,
    0x00,0x00,0x00,0x00,0x00,0x00,0x00,0x00,0x00,0x00,0x00,0x00,
    0x00,0x00,0x00,0x00,0x00,0x00,0x00,0x00,0x00,0x00,0x00,0x00,
    0x00,0x00,0x00,0x82,0x48,0xff,0x82,0x48,0xff,0x82,0x48,0xff,
    0x82,0x48,0xff,0x66,0xc1,0xff,0x66,0xc1,0xff,0x66,0xc1,0xff,
    0x66,0xc1,0xff,0x66,0xc1,0xff,0x66,0xc1,0xff,0x66,0xc1,0xff,
    0x66,0xc1,0xff,0x82,0x48,0xff,0x82,0x48,0xff,0x82,0x48,0xff,
    0x82,0x48,0xff,0x00,0x00,0x00,0x00,0x00,0x00,0x00,0x00,0x00,
    0x00,0x00,0x00,0x00,0x00,0x00,0x00,0x00,0x00,0x00,0x00,0x00,
    0x00,0x00,0x00,0x82,0x48,0xff,0x82,0x48,0xff,0x82,0x48,0xff,
    0x82,0x48,0xff,0x82,0x48,0xff,0x66,0xc1,0xff,0x66,0xc1,0xff,
    0x82,0x48,0xff,0x82,0x48,0xff,0x82,0x48,0xff,0x82,0x48,0xff,
    0x82,0x48,0xff,0x82,0x48,0xff,0x66,0xc1,0xff,0x66,0xc1,0xff,
    0x82,0x48,0xff,0x82,0x48,0xff,0x82,0x48,0xff,0x82,0x48,0xff,
    0x82,0x48,0xff,0x00,0x00,0x00,0x00,0x00,0x00,0x00,0x00,0x00,
    0x00,0x00,0x00,0x00,0x00,0x00,0x82,0x48,0xff,0x82,0x48,0xff,
    0x82,0x48,0xff,0x82,0x48,0xff,0x82,0x48,0xff,0x66,0xc1,0xff,
    0x82,0x48,0xff,0x82,0x48,0xff,0x82,0x48,0xff,0xa2,0x58,0xff,
    0xa2,0x58,0xff,0xa2,0x58,0xff,0xa2,0x58,0xff,0x82,0x48,0xff,
    0x82,0x48,0xff,0x82,0x48,0xff,0x66,0xc1,0xff,0x82,0x48,0xff,
    0x82,0x48,0xff,0x82,0x48,0xff,0x82,0x48,0xff,0x82,0x48,0xff,
    0x00,0x00,0x00,0x00,0x00,0x00,0x00,0x00,0x00,0x82,0x48,0xff,
    0x82,0x48,0xff,0x82,0x48,0xff,0x82,0x48,0xff,0x66,0xc1,0xff,
    0x66,0xc1,0xff,0x66,0xc1,0xff,0x82,0x48,0xff,0xa2,0x58,0xff,
    0xa2,0x58,0xff,0xa2,0x58,0xff,0xa2,0x58,0xff,0xa2,0x58,0xff,
    0xa2,0x58,0xff,0xa2,0x58,0xff,0xa2,0x58,0xff,0x82,0x48,0xff,
    0x66,0xc1,0xff,0x66,0xc1,0xff,0x66,0xc1,0xff,0x82,0x48,0xff,
    0x82,0x48,0xff,0x82,0x48,0xff,0x82,0x48,0xff,0x00,0x00,0x00,
    0x00,0x00,0x00,0x82,0x48,0xff,0x04,0x89,0xff,0x82,0x48,0xff,
    0x66,0xc1,0xff,0x66,0xc1,0xff,0x66,0xc1,0xff,0x82,0x48,0xff,
    0x82,0x48,0xff,0xa2,0x58,0xff,0xa2,0x58,0xff,0xa2,0x58,0xff,
    0xa2,0x58,0xff,0xa2,0x58,0xff,0xa2,0x58,0xff,0xa2,0x58,0xff,
    0xa2,0x58,0xff,0x82,0x48,0xff,0x82,0x48,0xff,0x66,0xc1,0xff,
    0x66,0xc1,0xff,0x66,0xc1,0xff,0x82,0x48,0xff,0x04,0x89,0xff,
    0x82,0x48,0xff,0x00,0x00,0x00,0x82,0x48,0xff,0x82,0x48,0xff,
    0x82,0x48,0xff,0x82,0x48,0xff,0x66,0xc1,0xff,0x66,0xc1,0xff,
    0x82,0x48,0xff,0x82,0x48,0xff,0xa2,0x58,0xff,0xa2,0x58,0xff,
    0xa2,0x58,0xff,0xa2,0x58,0xff,0xa2,0x58,0xff,0xa2,0x58,0xff,
    0xa2,0x58,0xff,0xa2,0x58,0xff,0xa2,0x58,0xff,0xa2,0x58,0xff,
    0x82,0x48,0xff,0x82,0x48,0xff,0x66,0xc1,0xff,0x66,0xc1,0xff,
    0x82,0x48,0xff,0x82,0x48,0xff,0x82,0x48,0xff,0x82,0x48,0xff,
    0x82,0x48,0xff,0x04,0x89,0xff,0x82,0x48,0xff,0x66,0xc1,0xff,
    0x66,0xc1,0xff,0x66,0xc1,0xff,0x82,0x48,0xff,0xa2,0x58,0xff,
    0xa2,0x58,0xff,0xa2,0x58,0xff,0xa2,0x58,0xff,0xa2,0x58,0xff,
    0xa2,0x58,0xff,0xa2,0x58,0xff,0xa2,0x58,0xff,0xa2,0x58,0xff,
    0xa2,0x58,0xff,0xa2,0x58,0xff,0xa2,0x58,0xff,0x82,0x48,0xff,
    0x66,0xc1,0xff,0x66,0xc1,0xff,0x66,0xc1,0xff,0x82,0x48,0xff,
    0x04,0x89,0xff,0x82,0x48,0xff,0x82,0x48,0xff,0x04,0x89,0xff,
    0x82,0x48,0xff,0x66,0xc1,0xff,0x66,0xc1,0xff,0x82,0x48,0xff,
    0x82,0x48,0xff,0xa2,0x58,0xff,0xa2,0x58,0xff,0xa2,0x58,0xff,
    0xa2,0x58,0xff,0xa2,0x58,0xff,0xa2,0x58,0xff,0xa2,0x58,0xff,
    0xa2,0x58,0xff,0xa2,0x58,0xff,0xa2,0x58,0xff,0xa2,0x58,0xff,
    0xa2,0x58,0xff,0x82,0x48,0xff,0x82,0x48,0xff,0x66,0xc1,0xff,
    0x66,0xc1,0xff,0x82,0x48,0xff,0x04,0x89,0xff,0x82,0x48,0xff,
    0x82,0x48,0xff,0x04,0x89,0xff,0x82,0x48,0xff,0x66,0xc1,0xff,
    0x66,0xc1,0xff,0x82,0x48,0xff,0xa2,0x58,0xff,0xa2,0x58,0xff,
    0xa2,0x58,0xff,0xa2,0x58,0xff,0xa2,0x58,0xff,0xa2,0x58,0xff,
    0xa2,0x58,0xff,0xa2,0x58,0xff,0xa2,0x58,0xff,0xa2,0x58,0xff,
    0xa2,0x58,0xff,0xa2,0x58,0xff,0xa2,0x58,0xff,0xa2,0x58,0xff,
    0x82,0x48,0xff,0x66,0xc1,0xff,0x66,0xc1,0xff,0x82,0x48,0xff,
    0x04,0x89,0xff,0x82,0x48,0xff,0x82,0x48,0xff,0x04,0x89,0xff,
    0x82,0x48,0xff,0x66,0xc1,0xff,0x66,0xc1,0xff,0x82,0x48,0xff,
    0xa2,0x58,0xff,0xa2,0x58,0xff,0xa2,0x58,0xff,0xa2,0x58,0xff,
    0xa2,0x58,0xff,0xa2,0x58,0xff,0xa2,0x58,0xff,0xa2,0x58,0xff,
    0xa2,0x58,0xff,0xa2,0x58,0xff,0xa2,0x58,0xff,0xa2,0x58,0xff,
    0xa2,0x58,0xff,0xa2,0x58,0xff,0x82,0x48,0xff,0x66,0xc1,0xff,
    0x66,0xc1,0xff,0x82,0x48,0xff,0x04,0x89,0xff,0x82,0x48,0xff,
    0x82,0x48,0xff,0x04,0x89,0xff,0x82,0x48,0xff,0x66,0xc1,0xff,
    0x66,0xc1,0xff,0x82,0x48,0xff,0x82,0x48,0xff,0xa2,0x58,0xff,
    0xa2,0x58,0xff,0xa2,0x58,0xff,0xa2,0x58,0xff,0xa2,0x58,0xff,
    0xa2,0x58,0xff,0xa2,0x58,0xff,0xa2,0x58,0xff,0xa2,0x58,0xff,
    0xa2,0x58,0xff,0xa2,0x58,0xff,0xa2,0x58,0xff,0x82,0x48,0xff,
    0x82,0x48,0xff,0x66,0xc1,0xff,0x66,0xc1,0xff,0x82,0x48,0xff,
    0x04,0x89,0xff,0x82,0x48,0xff,0x82,0x48,0xff,0x04,0x89,0xff,
    0x82,0x48,0xff,0x66,0xc1,0xff,0x66,0xc1,0xff,0x66,0xc1,0xff,
    0x82,0x48,0xff,0x82,0x48,0xff,0xa2,0x58,0xff,0xa2,0x58,0xff,
    0xa2,0x58,0xff,0xa2,0x58,0xff,0xa2,0x58,0xff,0xa2,0x58,0xff,
    0xa2,0x58,0xff,0xa2,0x58,0xff,0xa2,0x58,0xff,0xa2,0x58,0xff,
    0x82,0x48,0xff,0x82,0x48,0xff,0x66,0xc1,0xff,0x66,0xc1,0xff,
    0x66,0xc1,0xff,0x82,0x48,0xff,0x04,0x89,0xff,0x82,0x48,0xff,
    0x82,0x48,0xff,0x82,0x48,0xff,0x82,0x48,0xff,0x66,0xc1,0xff,
    0x66,0xc1,0xff,0x66,0xc1,0xff,0x66,0xc1,0xff,0x82,0x48,0xff,
    0xa2,0x58,0xff,0xa2,0x58,0xff,0xa2,0x58,0xff,0xa2,0x58,0xff,
    0xa2,0x58,0xff,0xa2,0x58,0xff,0xa2,0x58,0xff,0xa2,0x58,0xff,
    0xa2,0x58,0xff,0xa2,0x58,0xff,0x82,0x48,0xff,0x66,0xc1,0xff,
    0x66,0xc1,0xff,0x66,0xc1,0xff,0x66,0xc1,0xff,0x82,0x48,0xff,
    0x82,0x48,0xff,0x82,0x48,0xff,0x00,0x00,0x00,0x82,0x48,0xff,
    0x82,0x48,0xff,0x66,0xc1,0xff,0x66,0xc1,0xff,0x66,0xc1,0xff,
    0x66,0xc1,0xff,0x82,0x48,0xff,0x82,0x48,0xff,0xa2,0x58,0xff,
    0xa2,0x58,0xff,0xa2,0x58,0xff,0xa2,0x58,0xff,0xa2,0x58,0xff,
    0xa2,0x58,0xff,0xa2,0x58,0xff,0xa2,0x58,0xff,0x82,0x48,0xff,
    0x82,0x48,0xff,0x66,0xc1,0xff,0x66,0xc1,0xff,0x66,0xc1,0xff,
    0x66,0xc1,0xff,0x82,0x48,0xff,0x82,0x48,0xff,0x00,0x00,0x00,
    0x00,0x00,0x00,0x82,0x48,0xff,0x82,0x48,0xff,0x66,0xc1,0xff,
    0x66,0xc1,0xff,0x66,0xc1,0xff,0x66,0xc1,0xff,0x66,0xc1,0xff,
    0x82,0x48,0xff,0xa2,0x58,0xff,0xa2,0x58,0xff,0xa2,0x58,0xff,
    0xa2,0x58,0xff,0xa2,0x58,0xff,0xa2,0x58,0xff,0xa2,0x58,0xff,
    0xa2,0x58,0xff,0x82,0x48,0xff,0x66,0xc1,0xff,0x66,0xc1,0xff,
    0x66,0xc1,0xff,0x66,0xc1,0xff,0x66,0xc1,0xff,0x82,0x48,0xff,
    0x82,0x48,0xff,0x00,0x00,0x00,0x00,0x00,0x00,0x82,0x48,0xff,
    0x82,0x48,0xff,0x66,0xc1,0xff,0x66,0xc1,0xff,0x66,0xc1,0xff,
    0x66,0xc1,0xff,0x66,0xc1,0xff,0x82,0x48,0xff,0x82,0x48,0xff,
    0x82,0x48,0xff,0xa2,0x58,0xff,0xa2,0x58,0xff,0xa2,0x58,0xff,
    0xa2,0x58,0xff,0x82,0x48,0xff,0x82,0x48,0xff,0x82,0x48,0xff,
    0x66,0xc1,0xff,0x66,0xc1,0xff,0x66,0xc1,0xff,0x66,0xc1,0xff,
    0x66,0xc1,0xff,0x82,0x48,0xff,0x82,0x48,0xff,0x00,0x00,0x00,
    0x00,0x00,0x00,0x82,0x48,0xff,0x82,0x48,0xff,0x66,0xc1,0xff,
    0x66,0xc1,0xff,0x66,0xc1,0xff,0x66,0xc1,0xff,0x66,0xc1,0xff,
    0x66,0xc1,0xff,0x66,0xc1,0xff,0x82,0x48,0xff,0x82,0x48,0xff,
    0x82,0x48,0xff,0x82,0x48,0xff,0x82,0x48,0xff,0x82,0x48,0xff,
    0x66,0xc1,0xff,0x66,0xc1,0xff,0x66,0xc1,0xff,0x66,0xc1,0xff,
    0x66,0xc1,0xff,0x66,0xc1,0xff,0x66,0xc1,0xff,0x82,0x48,0xff,
    0x82,0x48,0xff,0x00,0x00,0x00,0x00,0x00,0x00,0x82,0x48,0xff,
    0x82,0x48,0xff,0x82,0x48,0xff,0x66,0xc1,0xff,0x66,0xc1,0xff,
    0x66,0xc1,0xff,0x66,0xc1,0xff,0x66,0xc1,0xff,0x66,0xc1,0xff,
    0x66,0xc1,0xff,0x82,0x48,0xff,0x82,0x48,0xff,0x82,0x48,0xff,
    0x82,0x48,0xff,0x66,0xc1,0xff,0x66,0xc1,0xff,0x66,0xc1,0xff,
    0x66,0xc1,0xff,0x66,0xc1,0xff,0x66,0xc1,0xff,0x66,0xc1,0xff,
    0x82,0x48,0xff,0x82,0x48,0xff,0x82,0x48,0xff,0x00,0x00,0x00,
    0x00,0x00,0x00,0x82,0x48,0xff,0x82,0x48,0xff,0x82,0x48,0xff,
    0x66,0xc1,0xff,0x66,0xc1,0xff,0x66,0xc1,0xff,0x66,0xc1,0xff,
    0x66,0xc1,0xff,0x66,0xc1,0xff,0x66,0xc1,0xff,0x82,0x48,0xff,
    0x82,0x48,0xff,0x82,0x48,0xff,0x66,0xc1,0xff,0x66,0xc1,0xff,
    0x66,0xc1,0xff,0x66,0xc1,0xff,0x66,0xc1,0xff,0x66,0xc1,0xff,
    0x66,0xc1,0xff,0x66,0xc1,0xff,0x82,0x48,0xff,0x82,0x48,0xff,
    0x82,0x48,0xff,0x00,0x00,0x00,0x00,0x00,0x00,0x00,0x00,0x00,
    0x82,0x48,0xff,0x82,0x48,0xff,0x66,0xc1,0xff,0x66,0xc1,0xff,
    0x66,0xc1,0xff,0x66,0xc1,0xff,0x66,0xc1,0xff,0x66,0xc1,0xff,
    0x82,0x48,0xff,0x82,0x48,0xff,0x82,0x48,0xff,0x82,0x48,0xff,
    0x66,0xc1,0xff,0x66,0xc1,0xff,0x66,0xc1,0xff,0x66,0xc1,0xff,
    0x66,0xc1,0xff,0x66,0xc1,0xff,0x66,0xc1,0xff,0x66,0xc1,0xff,
    0x82,0x48,0xff,0x82,0x48,0xff,0x00,0x00,0x00,0x00,0x00,0x00,
    0x00,0x00,0x00,0x00,0x00,0x00,0x82,0x48,0xff,0x82,0x48,0xff,
    0x66,0xc1,0xff,0x66,0xc1,0xff,0x66,0xc1,0xff,0x66,0xc1,0xff,
    0x66,0xc1,0xff,0x66,0xc1,0xff,0x66,0xc1,0xff,0x66,0xc1,0xff,
    0x82,0x48,0xff,0x66,0xc1,0xff,0x82,0x48,0xff,0x66,0xc1,0xff,
    0x66,0xc1,0xff,0x66,0xc1,0xff,0x66,0xc1,0xff,0x66,0xc1,0xff,
    0x66,0xc1,0xff,0x66,0xc1,0xff,0x82,0x48,0xff,0x82,0x48,0xff,
    0x00,0x00,0x00,0x00,0x00,0x00,0x00,0x00,0x00,0x00,0x00,0x00,
    0x82,0x48,0xff,0x82,0x48,0xff,0x66,0xc1,0xff,0x66,0xc1,0xff,
    0x66,0xc1,0xff,0x66,0xc1,0xff,0x66,0xc1,0xff,0x66,0xc1,0xff,
    0x66,0xc1,0xff,0x82,0x48,0xff,0x82,0x48,0xff,0x82,0x48,0xff,
    0x82,0x48,0xff,0x66,0xc1,0xff,0x66,0xc1,0xff,0x66,0xc1,0xff,
    0x66,0xc1,0xff,0x66,0xc1,0xff,0x66,0xc1,0xff,0x66,0xc1,0xff,
    0x82,0x48,0xff,0x82,0x48,0xff,0x00,0x00,0x00,0x00,0x00,0x00,
    0x00,0x00,0x00,0x00,0x00,0x00,0x82,0x48,0xff,0x82,0x48,0xff,
    0x66,0xc1,0xff,0x66,0xc1,0xff,0x66,0xc1,0xff,0x66,0xc1,0xff,
    0x66,0xc1,0xff,0x66,0xc1,0xff,0x66,0xc1,0xff,0x66,0xc1,0xff,
    0x66,0xc1,0xff,0x66,0xc1,0xff,0x66,0xc1,0xff,0x66,0xc1,0xff,
    0x66,0xc1,0xff,0x66,0xc1,0xff,0x66,0xc1,0xff,0x66,0xc1,0xff,
    0x66,0xc1,0xff,0x66,0xc1,0xff,0x82,0x48,0xff,0x82,0x48,0xff,
    0x00,0x00,0x00,0x00,0x00,0x00,0x00,0x00,0x00,0x00,0x00,0x00,
    0x82,0x48,0xff,0x82,0x48,0xff,0x66,0xc1,0xff,0x66,0xc1,0xff,
    0x66,0xc1,0xff,0x66,0xc1,0xff,0x66,0xc1,0xff,0x66,0xc1,0xff,
    0x66,0xc1,0xff,0x66,0xc1,0xff,0x82,0x48,0xff,0x82,0x48,0xff,
    0x66,0xc1,0xff,0x66,0xc1,0xff,0x66,0xc1,0xff,0x66,0xc1,0xff,
    0x66,0xc1,0xff,0x66,0xc1,0xff,0x66,0xc1,0xff,0x66,0xc1,0xff,
    0x82,0x48,0xff,0x82,0x48,0xff,0x00,0x00,0x00,0x00,0x00,0x00,
    0x00,0x00,0x00,0x00,0x00,0x00,0x82,0x48,0xff,0x82,0x48,0xff,
    0x66,0xc1,0xff,0x66,0xc1,0xff,0x66,0xc1,0xff,0x66,0xc1,0xff,
    0x66,0xc1,0xff,0x82,0x48,0xff,0x82,0x48,0xff,0x82,0x48,0xff,
    0x82,0x48,0xff,0x82,0x48,0xff,0x82,0x48,0xff,0x82,0x48,0xff,
    0x82,0x48,0xff,0x66,0xc1,0xff,0x66,0xc1,0xff,0x66,0xc1,0xff,
    0x66,0xc1,0xff,0x66,0xc1,0xff,0x82,0x48,0xff,0x82,0x48,0xff,
    0x00,0x00,0x00,0x00,0x00,0x00,0x00,0x00,0x00,0x00,0x00,0x00,
    0x82,0x48,0xff,0x82,0x48,0xff,0x66,0xc1,0xff,0x66,0xc1,0xff,
    0x66,0xc1,0xff,0x66,0xc1,0xff,0x82,0x48,0xff,0x82,0x48,0xff,
    0xa2,0x58,0xff,0xa2,0x58,0xff,0xa2,0x58,0xff,0xa2,0x58,0xff,
    0xa2,0x58,0xff,0xa2,0x58,0xff,0x82,0x48,0xff,0x82,0x48,0xff,
    0x66,0xc1,0xff,0x66,0xc1,0xff,0x66,0xc1,0xff,0x66,0xc1,0xff,
    0x82,0x48,0xff,0x82,0x48,0xff,0x00,0x00,0x00,0x00,0x00,0x00,
    0x00,0x00,0x00,0x00,0x00,0x00,0x82,0x48,0xff,0x82,0x48,0xff,
    0x66,0xc1,0xff,0x66,0xc1,0xff,0x66,0xc1,0xff,0x82,0x48,0xff,
    0x82,0x48,0xff,0xa2,0x58,0xff,0xa2,0x58,0xff,0xa2,0x58,0xff,
    0xa2,0x58,0xff,0xa2,0x58,0xff,0xa2,0x58,0xff,0xa2,0x58,0xff,
    0xa2,0x58,0xff,0x82,0x48,0xff,0x82,0x48,0xff,0x66,0xc1,0xff,
    0x66,0xc1,0xff,0x66,0xc1,0xff,0x82,0x48,0xff,0x82,0x48,0xff,
    0x00,0x00,0x00,0x00,0x00,0x00,0x00,0x00,0x00,0x00,0x00,0x00,
    0x82,0x48,0xff,0x82,0x48,0xff,0x66,0xc1,0xff,0x66,0xc1,0xff,
    0x82,0x48,0xff,0x82,0x48,0xff,0xa2,0x58,0xff,0xa2,0x58,0xff,
    0xa2,0x58,0xff,0xa2,0x58,0xff,0xa2,0x58,0xff,0xa2,0x58,0xff,
    0xa2,0x58,0xff,0xa2,0x58,0xff,0xa2,0x58,0xff,0xa2,0x58,0xff,
    0x82,0x48,0xff,0x82,0x48,0xff,0x66,0xc1,0xff,0x66,0xc1,0xff,
    0x82,0x48,0xff,0x82,0x48,0xff,0x00,0x00,0x00,0x00,0x00,0x00,
    0x00,0x00,0x00,0x00,0x00,0x00,0x82,0x48,0xff,0x82,0x48,0xff,
    0x66,0xc1,0xff,0x66,0xc1,0xff,0x82,0x48,0xff,0xa2,0x58,0xff,
    0xa2,0x58,0xff,0xa2,0x58,0xff,0xa2,0x58,0xff,0xa2,0x58,0xff,
    0xa2,0x58,0xff,0xa2,0x58,0xff,0xa2,0x58,0xff,0xa2,0x58,0xff,
    0xa2,0x58,0xff,0xa2,0x58,0xff,0xa2,0x58,0xff,0x82,0x48,0xff,
    0x66,0xc1,0xff,0x66,0xc1,0xff,0x82,0x48,0xff,0x82,0x48,0xff,
    0x00,0x00,0x00,0x00,0x00,0x00,0x00,0x00,0x00,0x00,0x00,0x00,
    0x82,0x48,0xff,0x82,0x48,0xff,0x66,0xc1,0xff,0x66,0xc1,0xff,
    0x82,0x48,0xff,0xa2,0x58,0xff,0xa2,0x58,0xff,0xa2,0x58,0xff,
    0xa2,0x58,0xff,0xa2,0x58,0xff,0xa2,0x58,0xff,0xa2,0x58,0xff,
    0xa2,0x58,0xff,0xa2,0x58,0xff,0xa2,0x58,0xff,0xa2,0x58,0xff,
    0xa2,0x58,0xff,0x82,0x48,0xff,0x66,0xc1,0xff,0x66,0xc1,0xff,
    0x82,0x48,0xff,0x82,0x48,0xff,0x00,0x00,0x00,0x00,0x00,0x00,
    0x00,0x00,0x00,0x00,0x00,0x00,0x82,0x48,0xff,0x82,0x48,0xff,
    0x66,0xc1,0xff,0x66,0xc1,0xff,0x82,0x48,0xff,0xa2,0x58,0xff,
    0xa2,0x58,0xff,0xa2,0x58,0xff,0xa2,0x58,0xff,0xa2,0x58,0xff,
    0xa2,0x58,0xff,0xa2,0x58,0xff,0xa2,0x58,0xff,0xa2,0x58,0xff,
    0xa2,0x58,0xff,0xa2,0x58,0xff,0xa2,0x58,0xff,0x82,0x48,0xff,
    0x66,0xc1,0xff,0x66,0xc1,0xff,0x82,0x48,0xff,0x82,0x48,0xff,
    0x00,0x00,0x00,0x00,0x00,0x00,0x00,0x00,0x00,0x00,0x00,0x00,
    0x82,0x48,0xff,0x82,0x48,0xff,0x66,0xc1,0xff,0x66,0xc1,0xff,
    0x82,0x48,0xff,0xa2,0x58,0xff,0xa2,0x58,0xff,0xa2,0x58,0xff,
    0xa2,0x58,0xff,0xa2,0x58,0xff,0xa2,0x58,0xff,0xa2,0x58,0xff,
    0xa2,0x58,0xff,0xa2,0x58,0xff,0xa2,0x58,0xff,0xa2,0x58,0xff,
    0xa2,0x58,0xff,0x82,0x48,0xff,0x66,0xc1,0xff,0x66,0xc1,0xff,
    0x82,0x48,0xff,0x82,0x48,0xff,0x00,0x00,0x00,0x00,0x00,0x00,
    0x00,0x00,0x00,0x00,0x00,0x00,0x82,0x48,0xff,0x82,0x48,0xff,
    0x66,0xc1,0xff,0x66,0xc1,0xff,0x82,0x48,0xff,0x82,0x48,0xff,
    0xa2,0x58,0xff,0xa2,0x58,0xff,0xa2,0x58,0xff,0xa2,0x58,0xff,
    0xa2,0x58,0xff,0xa2,0x58,0xff,0xa2,0x58,0xff,0xa2,0x58,0xff,
    0xa2,0x58,0xff,0xa2,0x58,0xff,0x82,0x48,0xff,0x82,0x48,0xff,
    0x66,0xc1,0xff,0x66,0xc1,0xff,0x82,0x48,0xff,0x82,0x48,0xff,
    0x00,0x00,0x00,0x00,0x00,0x00,0x00,0x00,0x00,0x82,0x48,0xff,
    0x82,0x48,0xff,0x82,0x48,0xff,0x66,0xc1,0xff,0x66,0xc1,0xff,
    0x66,0xc1,0xff,0x82,0x48,0xff,0xa2,0x58,0xff,0xa2,0x58,0xff,
    0xa2,0x58,0xff,0xa2,0x58,0xff,0xa2,0x58,0xff,0xa2,0x58,0xff,
    0xa2,0x58,0xff,0xa2,0x58,0xff,0xa2,0x58,0xff,0xa2,0x58,0xff,
    0x82,0x48,0xff,0x66,0xc1,0xff,0x66,0xc1,0xff,0x66,0xc1,0xff,
    0x82,0x48,0xff,0x82,0x48,0xff,0x82,0x48,0xff,0x00,0x00,0x00,
    0x00,0x00,0x00,0x82,0x48,0xff,0x04,0x89,0xff,0x82,0x48,0xff,
    0x66,0xc1,0xff,0x66,0xc1,0xff,0x66,0xc1,0xff,0x82,0x48,0xff,
    0x82,0x48,0xff,0xa2,0x58,0xff,0xa2,0x58,0xff,0xa2,0x58,0xff,
    0xa2,0x58,0xff,0xa2,0x58,0xff,0xa2,0x58,0xff,0xa2,0x58,0xff,
    0xa2,0x58,0xff,0x82,0x48,0xff,0x82,0x48,0xff,0x66,0xc1,0xff,
    0x66,0xc1,0xff,0x66,0xc1,0xff,0x82,0x48,0xff,0x04,0x89,0xff,
    0x82,0x48,0xff,0x00,0x00,0x00,0x00,0x00,0x00,0x82,0x48,0xff,
    0x82,0x48,0xff,0x82,0x48,0xff,0x66,0xc1,0xff,0x66,0xc1,0xff,
    0x66,0xc1,0xff,0x66,0xc1,0xff,0x82,0x48,0xff,0x82,0x48,0xff,
    0x82,0x48,0xff,0xa2,0x58,0xff,0xa2,0x58,0xff,0xa2,0x58,0xff,
    0xa2,0x58,0xff,0x82,0x48,0xff,0x82,0x48,0xff,0x82,0x48,0xff,
    0x66,0xc1,0xff,0x66,0xc1,0xff,0x66,0xc1,0xff,0x66,0xc1,0xff,
    0x82,0x48,0xff,0x82,0x48,0xff,0x82,0x48,0xff,0x00,0x00,0x00,
    0x00,0x00,0x00,0x82,0x48,0xff,0x82,0x48,0xff,0x66,0xc1,0xff,
    0x66,0xc1,0xff,0x66,0xc1,0xff,0x66,0xc1,0xff,0x66,0xc1,0xff,
    0x66,0xc1,0xff,0x66,0xc1,0xff,0x82,0x48,0xff,0x82,0x48,0xff,
    0x82,0x48,0xff,0x82,0x48,0xff,0x82,0x48,0xff,0x82,0x48,0xff,
    0x66,0xc1,0xff,0x66,0xc1,0xff,0x66,0xc1,0xff,0x66,0xc1,0xff,
    0x66,0xc1,0xff,0x66,0xc1,0xff,0x66,0xc1,0xff,0x82,0x48,0xff,
    0x82,0x48,0xff,0x00,0x00,0x00,0x00,0x00,0x00,0x82,0x48,0xff,
    0x82,0x48,0xff,0x66,0xc1,0xff,0x66,0xc1,0xff,0x66,0xc1,0xff,
    0x66,0xc1,0xff,0x66,0xc1,0xff,0x66,0xc1,0xff,0x66,0xc1,0xff,
    0x66,0xc1,0xff,0x66,0xc1,0xff,0x66,0xc1,0xff,0x66,0xc1,0xff,
    0x66,0xc1,0xff,0x66,0xc1,0xff,0x66,0xc1,0xff,0x66,0xc1,0xff,
    0x66,0xc1,0xff,0x66,0xc1,0xff,0x66,0xc1,0xff,0x66,0xc1,0xff,
    0x66,0xc1,0xff,0x82,0x48,0xff,0x82,0x48,0xff,0x00,0x00,0x00,
    0x82,0x48,0xff,0x82,0x48,0xff,0x82,0x48,0xff,0x66,0xc1,0xff,
    0x66,0xc1,0xff,0x66,0xc1,0xff,0x66,0xc1,0xff,0x66,0xc1,0xff,
    0x66,0xc1,0xff,0x66,0xc1,0xff,0x66,0xc1,0xff,0x66,0xc1,0xff,
    0x66,0xc1,0xff,0x66,0xc1,0xff,0x66,0xc1,0xff,0x66,0xc1,0xff,
    0x66,0xc1,0xff,0x66,0xc1,0xff,0x66,0xc1,0xff,0x66,0xc1,0xff,
    0x66,0xc1,0xff,0x66,0xc1,0xff,0x66,0xc1,0xff,0x82,0x48,0xff,
    0x82,0x48,0xff,0x82,0x48,0xff,0x82,0x48,0xff,0x82,0x48,0xff,
    0x82,0x48,0xff,0x66,0xc1,0xff,0x66,0xc1,0xff,0x66,0xc1,0xff,
    0x66,0xc1,0xff,0x66,0xc1,0xff,0x66,0xc1,0xff,0x66,0xc1,0xff,
    0x82,0x48,0xff,0x82,0x48,0xff,0x82,0x48,0xff,0x82,0x48,0xff,
    0x82,0x48,0xff,0x82,0x48,0xff,0x66,0xc1,0xff,0x66,0xc1,0xff,
    0x66,0xc1,0xff,0x66,0xc1,0xff,0x66,0xc1,0xff,0x66,0xc1,0xff,
    0x66,0xc1,0xff,0x82,0x48,0xff,0x82,0x48,0xff,0x82,0x48,0xff,
    0x82,0x48,0xff,0x04,0x89,0xff,0x82,0x48,0xff,0x66,0xc1,0xff,
    0x66,0xc1,0xff,0x66,0xc1,0xff,0x66,0xc1,0xff,0x66,0xc1,0xff,
    0x66,0xc1,0xff,0x82,0x48,0xff,0x82,0x48,0xff,0xa2,0x58,0xff,
    0xa2,0x58,0xff,0xa2,0x58,0xff,0xa2,0x58,0xff,0x82,0x48,0xff,
    0x82,0x48,0xff,0x66,0xc1,0xff,0x66,0xc1,0xff,0x66,0xc1,0xff,
    0x66,0xc1,0xff,0x66,0xc1,0xff,0x66,0xc1,0xff,0x82,0x48,0xff,
    0x04,0x89,0xff,0x82,0x48,0xff,0x82,0x48,0xff,0x82,0x48,0xff,
    0x82,0x48,0xff,0x66,0xc1,0xff,0x66,0xc1,0xff,0x66,0xc1,0xff,
    0x66,0xc1,0xff,0x66,0xc1,0xff,0x66,0xc1,0xff,0x82,0x48,0xff,
    0x82,0x48,0xff,0xa2,0x58,0xff,0xa2,0x58,0xff,0xa2,0x58,0xff,
    0xa2,0x58,0xff,0x82,0x48,0xff,0x82,0x48,0xff,0x66,0xc1,0xff,
    0x66,0xc1,0xff,0x66,0xc1,0xff,0x66,0xc1,0xff,0x66,0xc1,0xff,
    0x66,0xc1,0xff,0x82,0x48,0xff,0x82,0x48,0xff,0x82,0x48,0xff,
    0x00,0x00,0x00,0x82,0x48,0xff,0x82,0x48,0xff,0x66,0xc1,0xff,
    0x66,0xc1,0xff,0x66,0xc1,0xff,0x66,0xc1,0xff,0x66,0xc1,0xff,
    0x66,0xc1,0xff,0x82,0x48,0xff,0x82,0x48,0xff,0xa2,0x58,0xff,
    0xa2,0x58,0xff,0xa2,0x58,0xff,0xa2,0x58,0xff,0x82,0x48,0xff,
    0x82,0x48,0xff,0x66,0xc1,0xff,0x66,0xc1,0xff,0x66,0xc1,0xff,
    0x66,0xc1,0xff,0x66,0xc1,0xff,0x66,0xc1,0xff,0x82,0x48,0xff,
    0x82,0x48,0xff,0x00,0x00,0x00,0x00,0x00,0x00,0x82,0x48,0xff,
    0x82,0x48,0xff,0x82,0x48,0xff,0x82,0x48,0xff,0x66,0xc1,0xff,
    0x66,0xc1,0xff,0x66,0xc1,0xff,0x82,0x48,0xff,0x82,0x48,0xff,
    0x82,0x48,0xff,0xa2,0x58,0xff,0xa2,0x58,0xff,0xa2,0x58,0xff,
    0xa2,0x58,0xff,0x82,0x48,0xff,0x82,0x48,0xff,0x82,0x48,0xff,
    0x66,0xc1,0xff,0x66,0xc1,0xff,0x66,0xc1,0xff,0x82,0x48,0xff,
    0x82,0x48,0xff,0x82,0x48,0xff,0x82,0x48,0xff,0x00,0x00,0x00,
    0x00,0x00,0x00,0x00,0x00,0x00,0x00,0x00,0x00,0x82,0x48,0xff,
    0x82,0x48,0xff,0x82,0x48,0xff,0x82,0x48,0xff,0x82,0x48,0xff,
    0x82,0x48,0xff,0x00,0x00,0x00,0x82,0x48,0xff,0x82,0x48,0xff,
    0x82,0x48,0xff,0x82,0x48,0xff,0x82,0x48,0xff,0x82,0x48,0xff,
    0x00,0x00,0x00,0x82,0x48,0xff,0x82,0x48,0xff,0x82,0x48,0xff,
    0x82,0x48,0xff,0x82,0x48,0xff,0x82,0x48,0xff,0x00,0x00,0x00,
    0x00,0x00,0x00,0x00,0x00,0x00,0x00,0x00,0x00,0x00,0x00,0x00,
    0x00,0x00,0x00,0x00,0x00,0x00,0x00,0x00,0x00,0x00,0x00,0x00,
    0x00,0x00,0x00,0x00,0x00,0x00,0x00,0x00,0x00,0x00,0x00,0x00,
    0x00,0x00,0x00,0x00,0x00,0x00,0x82,0x48,0xff,0x82,0x48,0xff,
    0x00,0x00,0x00,0x00,0x00,0x00,0x00,0x00,0x00,0x00,0x00,0x00,
    0x00,0x00,0x00,0x00,0x00,0x00,0x00,0x00,0x00,0x00,0x00,0x00,
    0x00,0x00,0x00,0x00,0x00,0x00,0x00,0x00,0x00,0x00,0x00,0x00
};
const lv_img_dsc_t sb_head_12 = {
  .header.cf = LV_IMG_CF_TRUE_COLOR_ALPHA,
  .header.always_zero = 0,
  .header.reserved = 0,
  .header.w = 26,
  .header.h = 48,
  .data_size = 3744,
  .data = sb_head_12_map,
};
static const LV_ATTRIBUTE_MEM_ALIGN LV_ATTRIBUTE_LARGE_CONST uint8_t sb_head_13_map[] = {
    0x00,0x00,0x00,0x00,0x00,0x00,0x00,0x00,0x00,0x00,0x00,0x00,
    0x00,0x00,0x00,0x00,0x00,0x00,0x00,0x00,0x00,0x00,0x00,0x00,
    0x82,0x48,0xff,0x82,0x48,0xff,0x82,0x48,0xff,0x82,0x48,0xff,
    0x82,0x48,0xff,0x82,0x48,0xff,0x82,0x48,0xff,0x82,0x48,0xff,
    0x82,0x48,0xff,0x82,0x48,0xff,0x82,0x48,0xff,0x00,0x00,0x00,
    0x00,0x00,0x00,0x00,0x00,0x00,0x00,0x00,0x00,0x00,0x00,0x00,
    0x00,0x00,0x00,0x00,0x00,0x00,0x00,0x00,0x00,0x00,0x00,0x00,
    0x00,0x00,0x00,0x00,0x00,0x00,0x00,0x00,0x00,0x00,0x00,0x00,
    0x00,0x00,0x00,0x82,0x48,0xff,0x82,0x48,0xff,0x82,0x48,0xff,
    0x82,0x48,0xff,0x82,0x48,0xff,0x82,0x48,0xff,0x82,0x48,0xff,
    0x82,0x48,0xff,0x82,0x48,0xff,0x82,0x48,0xff,0x82,0x48,0xff,
    0x82,0x48,0xff,0x82,0x48,0xff,0x82,0x48,0xff,0x82,0x48,0xff,
    0x00,0x00,0x00,0x00,0x00,0x00,0x00,0x00,0x00,0x00,0x00,0x00,
    0x00,0x00,0x00,0x00,0x00,0x00,0x00,0x00,0x00,0x00,0x00,0x00,
    0x00,0x00,0x00,0x00,0x00,0x00,0x00,0x00,0x00,0x82,0x48,0xff,
    0x82,0x48,0xff,0x82,0x48,0xff,0x82,0x48,0xff,0x82,0x48,0xff,
    0x66,0xc1,0xff,0x66,0xc1,0xff,0x66,0xc1,0xff,0x66,0xc1,0xff,
    0x66,0xc1,0xff,0x66,0xc1,0xff,0x66,0xc1,0xff,0x82,0x48,0xff,
    0x82,0x48,0xff,0x82,0x48,0xff,0x82,0x48,0xff,0x82,0x48,0xff,
    0x00,0x00,0x00,0x00,0x00,0x00,0x00,0x00,0x00,0x00,0x00,0x00,
    0x00,0x00,0x00,0x00,0x00,0x00,0x00,0x00,0x00,0x00,0x00,0x00,
    0x82,0x48,0xff,0x82,0x48,0xff,0x82,0x48,0xff,0x82,0x48,0xff,
    0x82,0x48,0xff,0x66,0xc1,0xff,0x66,0xc1,0xff,0x66,0xc1,0xff,
    0x82,0x48,0xff,0x82,0x48,0xff,0x82,0x48,0xff,0x82,0x48,0xff,
    0x82,0x48,0xff,0x66,0xc1,0xff,0x66,0xc1,0xff,0x66,0xc1,0xff,
    0x82,0x48,0xff,0x82,0x48,0xff,0x82,0x48,0xff,0x82,0x48,0xff,
    0x82,0x48,0xff,0x00,0x00,0x00,0x00,0x00,0x00,0x00,0x00,0x00,
    0x00,0x00,0x00,0x00,0x00,0x00,0x82,0x48,0xff,0x82,0x48,0xff,
    0x82,0x48,0xff,0x82,0x48,0xff,0x82,0x48,0xff,0x66,0xc1,0xff,
    0x82,0x48,0xff,0x82,0x48,0xff,0x82,0x48,0xff,0x82,0x48,0xff,
    0xa2,0x58,0xff,0xa2,0x58,0xff,0xa2,0x58,0xff,0x82,0x48,0xff,
    0x82,0x48,0xff,0x82,0x48,0xff,0x82,0x48,0xff,0x66,0xc1,0xff,
    0x82,0x48,0xff,0x82,0x48,0xff,0x82,0x48,0xff,0x82,0x48,0xff,
    0x82,0x48,0xff,0x00,0x00,0x00,0x00,0x00,0x00,0x00,0x00,0x00,
    0x00,0x00,0x00,0x82,0x48,0xff,0x04,0x89,0xff,0x82,0x48,0xff,
    0x66,0xc1,0xff,0x66,0xc1,0xff,0x66,0xc1,0xff,0x82,0x48,0xff,
    0xa2,0x58,0xff,0xa2,0x58,0xff,0xa2,0x58,0xff,0xa2,0x58,0xff,
    0xa2,0x58,0xff,0xa2,0x58,0xff,0xa2,0x58,0xff,0xa2,0x58,0xff,
    0xa2,0x58,0xff,0x82,0x48,0xff,0x66,0xc1,0xff,0x66,0xc1,0xff,
    0x66,0xc1,0xff,0x82,0x48,0xff,0x04,0x89,0xff,0x82,0x48,0xff,
    0x00,0x00,0x00,0x00,0x00,0x00,0x00,0x00,0x00,0x82,0x48,0xff,
    0x82,0x48,0xff,0x82,0x48,0xff,0x82,0x48,0xff,0x66,0xc1,0xff,
    0x66,0xc1,0xff,0x82,0x48,0xff,0x82,0x48,0xff,0xa2,0x58,0xff,
    0xa2,0x58,0xff,0xa2,0x58,0xff,0xa2,0x58,0xff,0xa2,0x58,0xff,
    0xa2,0x58,0xff,0xa2,0x58,0xff,0xa2,0x58,0xff,0xa2,0x58,0xff,
    0x82,0x48,0xff,0x82,0x48,0xff,0x66,0xc1,0xff,0x66,0xc1,0xff,
    0x82,0x48,0xff,0x82,0x48,0xff,0x82,0x48,0xff,0x82,0x48,0xff,
    0x00,0x00,0x00,0x82,0x48,0xff,0x82,0x48,0xff,0x82,0x48,0xff,
    0x82,0x48,0xff,0x66,0xc1,0xff,0x66,0xc1,0xff,0x66,0xc1,0xff,
    0x82,0x48,0xff,0xa2,0x58,0xff,0xa2,0x58,0xff,0xa2,0x58,0xff,
    0xa2,0x58,0xff,0xa2,0x58,0xff,0xa2,0x58,0xff,0xa2,0x58,0xff,
    0xa2,0x58,0xff,0xa2,0x58,0xff,0xa2,0x58,0xff,0xa2,0x58,0xff,
    0x82,0x48,0xff,0x66,0xc1,0xff,0x66,0xc1,0xff,0x66,0xc1,0xff,
    0x82,0x48,0xff,0x82,0x48,0xff,0x82,0x48,0xff,0x82,0x48,0xff,
    0x82,0x48,0xff,0x04,0x89,0xff,0x82,0x48,0xff,0x66,0xc1,0xff,
    0x66,0xc1,0xff,0x66,0xc1,0xff,0x82,0x48,0xff,0x82,0x48,0xff,
    0xa2,0x58,0xff,0xa2,0x58,0xff,0xa2,0x58,0xff,0xa2,0x58,0xff,
    0xa2,0x58,0xff,0xa2,0x58,0xff,0xa2,0x58,0xff,0xa2,0x58,0xff,
    0xa2,0x58,0xff,0xa2,0x58,0xff,0xa2,0x58,0xff,0x82,0x48,0xff,
    0x82,0x48,0xff,0x66,0xc1,0xff,0x66,0xc1,0xff,0x66,0xc1,0xff,
    0x82,0x48,0xff,0x04,0x89,0xff,0x82,0x48,0xff,0x82,0x48,0xff,
    0x04,0x89,0xff,0x82,0x48,0xff,0x66,0xc1,0xff,0x66,0xc1,0xff,
    0x66,0xc1,0xff,0x82,0x48,0xff,0xa2,0x58,0xff,0xa2,0x58,0xff,
    0xa2,0x58,0xff,0xa2,0x58,0xff,0xa2,0x58,0xff,0xa2,0x58,0xff,
    0xa2,0x58,0xff,0xa2,0x58,0xff,0xa2,0x58,0xff,0xa2,0x58,0xff,
    0xa2,0x58,0xff,0xa2,0x58,0xff,0xa2,0x58,0xff,0x82,0x48,0xff,
    0x66,0xc1,0xff,0x66,0xc1,0xff,0x66,0xc1,0xff,0x82,0x48,0xff,
    0x04,0x89,0xff,0x82,0x48,0xff,0x82,0x48,0xff,0x04,0x89,0xff,
    0x82,0x48,0xff,0x66,0xc1,0xff,0x66,0xc1,0xff,0x82,0x48,0xff,
    0x82,0x48,0xff,0xa2,0x58,0xff,0xa2,0x58,0xff,0xa2,0x58,0xff,
    0xa2,0x58,0xff,0xa2,0x58,0xff,0xa2,0x58,0xff,0xa2,0x58,0xff,
    0xa2,0x58,0xff,0xa2,0x58,0xff,0xa2,0x58,0xff,0xa2,0x58,0xff,
    0xa2,0x58,0xff,0xa2,0x58,0xff,0x82,0x48,0xff,0x82,0x48,0xff,
    0x66,0xc1,0xff,0x66,0xc1,0xff,0x82,0x48,0xff,0x04,0x89,0xff,
    0x82,0x48,0xff,0x82,0x48,0xff,0x04,0x89,0xff,0x82,0x48,0xff,
    0x66,0xc1,0xff,0x66,0xc1,0xff,0x82,0x48,0xff,0xa2,0x58,0xff,
    0xa2,0x58,0xff,0xa2,0x58,0xff,0xa2,0x58,0xff,0xa2,0x58,0xff,
    0xa2,0x58,0xff,0xa2,0x58,0xff,0xa2,0x58,0xff,0xa2,0x58,0xff,
    0xa2,0x58,0xff,0xa2,0x58,0xff,0xa2,0x58,0xff,0xa2,0x58,0xff,
    0xa2,0x58,0xff,0xa2,0x58,0xff,0x82,0x48,0xff,0x66,0xc1,0xff,
    0x66,0xc1,0xff,0x82,0x48,0xff,0x04,0x89,0xff,0x82,0x48,0xff,
    0x82,0x48,0xff,0x04,0x89,0xff,0x82,0x48,0xff,0x66,0xc1,0xff,
    0x66,0xc1,0xff,0x82,0x48,0xff,0x82,0x48,0xff,0xa2,0x58,0xff,
    0xa2,0x58,0xff,0xa2,0x58,0xff,0xa2,0x58,0xff,0xa2,0x58,0xff,
    0xa2,0x58,0xff,0xa2,0x58,0xff,0xa2,0x58,0xff,0xa2,0x58,0xff,
    0xa2,0x58,0xff,0xa2,0x58,0xff,0xa2,0x58,0xff,0xa2,0x58,0xff,
    0x82,0x48,0xff,0x82,0x48,0xff,0x66,0xc1,0xff,0x66,0xc1,0xff,
    0x82,0x48,0xff,0x04,0x89,0xff,0x82,0x48,0xff,0x82,0x48,0xff,
    0x04,0x89,0xff,0x82,0x48,0xff,0x66,0xc1,0xff,0x66,0xc1,0xff,
    0x66,0xc1,0xff,0x82,0x48,0xff,0xa2,0x58,0xff,0xa2,0x58,0xff,
    0xa2,0x58,0xff,0xa2,0x58,0xff,0xa2,0x58,0xff,0xa2,0x58,0xff,
    0xa2,0x58,0xff,0xa2,0x58,0xff,0xa2,0x58,0xff,0xa2,0x58,0xff,
    0xa2,0x58,0xff,0xa2,0x58,0xff,0xa2,0x58,0xff,0x82,0x48,0xff,
    0x66,0xc1,0xff,0x66,0xc1,0xff,0x66,0xc1,0xff,0x82,0x48,0xff,
    0x04,0x89,0xff,0x82,0x48,0xff,0x82,0x48,0xff,0x04,0x89,0xff,
    0x82,0x48,0xff,0x66,0xc1,0xff,0x66,0xc1,0xff,0x66,0xc1,0xff,
    0x82,0x48,0xff,0x82,0x48,0xff,0xa2,0x58,0xff,0xa2,0x58,0xff,
    0xa2,0x58,0xff,0xa2,0x58,0xff,0xa2,0x58,0xff,0xa2,0x58,0xff,
    0xa2,0x58,0xff,0xa2,0x58,0xff,0xa2,0x58,0xff,0xa2,0x58,0xff,
    0xa2,0x58,0xff,0x82,0x48,0xff,0x82,0x48,0xff,0x66,0xc1,0xff,
    0x66,0xc1,0xff,0x66,0xc1,0xff,0x82,0x48,0xff,0x04,0x89,0xff,
    0x82,0x48,0xff,0x82,0x48,0xff,0x82,0x48,0xff,0x82,0x48,0xff,
    0x66,0xc1,0xff,0x66,0xc1,0xff,0x66,0xc1,0xff,0x66,0xc1,0xff,
    0x82,0x48,0xff,0xa2,0x58,0xff,0xa2,0x58,0xff,0xa2,0x58,0xff,
    0xa2,0x58,0xff,0xa2,0x58,0xff,0xa2,0x58,0xff,0xa2,0x58,0xff,
    0xa2,0x58,0xff,0xa2,0x58,0xff,0xa2,0x58,0xff,0xa2,0x58,0xff,
    0x82,0x48,0xff,0x66,0xc1,0xff,0x66,0xc1,0xff,0x66,0xc1,0xff,
    0x66,0xc1,0xff,0x82,0x48,0xff,0x82,0x48,0xff,0x82,0x48,0xff,
    0x00,0x00,0x00,0x82,0x48,0xff,0x82,0x48,0xff,0x66,0xc1,0xff,
    0x66,0xc1,0xff,0x66,0xc1,0xff,0x66,0xc1,0xff,0x82,0x48,0xff,
    0x82,0x48,0xff,0xa2,0x58,0xff,0xa2,0x58,0xff,0xa2,0x58,0xff,
    0xa2,0x58,0xff,0xa2,0x58,0xff,0xa2,0x58,0xff,0xa2,0x58,0xff,
    0xa2,0x58,0xff,0xa2,0x58,0xff,0x82,0x48,0xff,0x82,0x48,0xff,
    0x66,0xc1,0xff,0x66,0xc1,0xff,0x66,0xc1,0xff,0x66,0xc1,0xff,
    0x82,0x48,0xff,0x82,0x48,0xff,0x00,0x00,0x00,0x00,0x00,0x00,
    0x82,0x48,0xff,0x82,0x48,0xff,0x66,0xc1,0xff,0x66,0xc1,0xff,
    0x66,0xc1,0xff,0x66,0xc1,0xff,0x66,0xc1,0xff,0x82,0x48,0xff,
    0x82,0x48,0xff,0xa2,0x58,0xff,0xa2,0x58,0xff,0xa2,0x58,0xff,
    0xa2,0x58,0xff,0xa2,0x58,0xff,0xa2,0x58,0xff,0xa2,0x58,0xff,
    0x82,0x48,0xff,0x82,0x48,0xff,0x66,0xc1,0xff,0x66,0xc1,0xff,
    0x66,0xc1,0xff,0x66,0xc1,0xff,0x66,0xc1,0xff,0x82,0x48,0xff,
    0x82,0x48,0xff,0x00,0x00,0x00,0x00,0x00,0x00,0x82,0x48,0xff,
    0x82,0x48,0xff,0x66,0xc1,0xff,0x66,0xc1,0xff,0x66,0xc1,0xff,
    0x66,0xc1,0xff,0x66,0xc1,0xff,0x66,0xc1,0xff,0x82,0x48,0xff,
    0x82,0x48,0xff,0x82,0x48,0xff,0x82,0x48,0xff,0x82,0x48,0xff,
    0x82,0x48,0xff,0x82,0x48,0xff,0x82,0x48,0xff,0x82,0x48,0xff,
    0x66,0xc1,0xff,0x66,0xc1,0xff,0x66,0xc1,0xff,0x66,0xc1,0xff,
    0x66,0xc1,0xff,0x66,0xc1,0xff,0x82,0x48,0xff,0x82,0x48,0xff,
    0x00,0x00,0x00,0x00,0x00,0x00,0x82,0x48,0xff,0x82,0x48,0xff,
    0x82,0x48,0xff,0x66,0xc1,0xff,0x66,0xc1,0xff,0x66,0xc1,0xff,
    0x66,0xc1,0xff,0x66,0xc1,0xff,0x66,0xc1,0xff,0x66,0xc1,0xff,
    0x66,0xc1,0xff,0x66,0xc1,0xff,0x66,0xc1,0xff,0x66,0xc1,0xff,
    0x66,0xc1,0xff,0x66,0xc1,0xff,0x66,0xc1,0xff,0x66,0xc1,0xff,
    0x66,0xc1,0xff,0x66,0xc1,0xff,0x66,0xc1,0xff,0x66,0xc1,0xff,
    0x82,0x48,0xff,0x82,0x48,0xff,0x82,0x48,0xff,0x00,0x00,0x00,
    0x00,0x00,0x00,0x82,0x48,0xff,0x82,0x48,0xff,0x82,0x48,0xff,
    0x66,0xc1,0xff,0x66,0xc1,0xff,0x66,0xc1,0xff,0x66,0xc1,0xff,
    0x66,0xc1,0xff,0x66,0xc1,0xff,0x66,0xc1,0xff,0x82,0x48,0xff,
    0x82,0x48,0xff,0x82,0x48,0xff,0x82,0x48,0xff,0x66,0xc1,0xff,
    0x66,0xc1,0xff,0x66,0xc1,0xff,0x66,0xc1,0xff,0x66,0xc1,0xff,
    0x66,0xc1,0xff,0x66,0xc1,0xff,0x66,0xc1,0xff,0x82,0x48,0xff,
    0x82,0x48,0xff,0x82,0x48,0xff,0x00,0x00,0x00,0x00,0x00,0x00,
    0x00,0x00,0x00,0x82,0x48,0xff,0x82,0x48,0xff,0x66,0xc1,0xff,
    0x66,0xc1,0xff,0x66,0xc1,0xff,0x66,0xc1,0xff,0x66,0xc1,0xff,
    0x66,0xc1,0xff,0x66,0xc1,0xff,0x82,0x48,0xff,0x66,0xc1,0xff,
    0x82,0x48,0xff,0x66,0xc1,0xff,0x66,0xc1,0xff,0x66,0xc1,0xff,
    0x66,0xc1,0xff,0x66,0xc1,0xff,0x66,0xc1,0xff,0x66,0xc1,0xff,
    0x66,0xc1,0xff,0x66,0xc1,0xff,0x82,0x48,0xff,0x82,0x48,0xff,
    0x00,0x00,0x00,0x00,0x00,0x00,0x00,0x00,0x00,0x00,0x00,0x00,
    0x82,0x48,0xff,0x82,0x48,0xff,0x66,0xc1,0xff,0x66,0xc1,0xff,
    0x66,0xc1,0xff,0x66,0xc1,0xff,0x66,0xc1,0xff,0x66,0xc1,0xff,
    0x82,0x48,0xff,0x82,0x48,0xff,0x82,0x48,0xff,0x82,0x48,0xff,
    0x82,0x48,0xff,0x82,0x48,0xff,0x66,0xc1,0xff,0x66,0xc1,0xff,
    0x66,0xc1,0xff,0x66,0xc1,0xff,0x66,0xc1,0xff,0x66,0xc1,0xff,
    0x66,0xc1,0xff,0x82,0x48,0xff,0x82,0x48,0xff,0x00,0x00,0x00,
    0x00,0x00,0x00,0x00,0x00,0x00,0x00,0x00,0x00,0x82,0x48,0xff,
    0x82,0x48,0xff,0x66,0xc1,0xff,0x66,0xc1,0xff,0x66,0xc1,0xff,
    0x66,0xc1,0xff,0x66,0xc1,0xff,0x66,0xc1,0xff,0x66,0xc1,0xff,
    0x66,0xc1,0xff,0x82,0x48,0xff,0x66,0xc1,0xff,0x82,0x48,0xff,
    0x66,0xc1,0xff,0x66,0xc1,0xff,0x66,0xc1,0xff,0x66,0xc1,0xff,
    0x66,0xc1,0xff,0x66,0xc1,0xff,0x66,0xc1,0xff,0x66,0xc1,0xff,
    0x82,0x48,0xff,0x82,0x48,0xff,0x00,0x00,0x00,0x00,0x00,0x00,
    0x00,0x00,0x00,0x00,0x00,0x00,0x82,0x48,0xff,0x82,0x48,0xff,
    0x66,0xc1,0xff,0x66,0xc1,0xff,0x66,0xc1,0xff,0x66,0xc1,0xff,
    0x66,0xc1,0xff,0x66,0xc1,0xff,0x66,0xc1,0xff,0x82,0x48,0xff,
    0x82,0x48,0xff,0x82,0x48,0xff,0x82,0x48,0xff,0x66,0xc1,0xff,
    0x66,0xc1,0xff,0x66,0xc1,0xff,0x66,0xc1,0xff,0x66,0xc1,0xff,
    0x66,0xc1,0xff,0x66,0xc1,0xff,0x66,0xc1,0xff,0x82,0x48,0xff,
    0x82,0x48,0xff,0x00,0x00,0x00,0x00,0x00,0x00,0x00,0x00,0x00,
    0x00,0x00,0x00,0x82,0x48,0xff,0x82,0x48,0xff,0x82,0x48,0xff,
    0x66,0xc1,0xff,0x66,0xc1,0xff,0x66,0xc1,0xff,0x66,0xc1,0xff,
    0x66,0xc1,0xff,0x66,0xc1,0xff,0x66,0xc1,0xff,0x66,0xc1,0xff,
    0x66,0xc1,0xff,0x66,0xc1,0xff,0x66,0xc1,0xff,0x66,0xc1,0xff,
    0x66,0xc1,0xff,0x66,0xc1,0xff,0x66,0xc1,0xff,0x66,0xc1,0xff,
    0x66,0xc1,0xff,0x82,0x48,0xff,0x82,0x48,0xff,0x82,0x48,0xff,
    0x00,0x00,0x00,0x00,0x00,0x00,0x00,0x00,0x00,0x00,0x00,0x00,
    0x82,0x48,0xff,0x04,0x89,0xff,0x82,0x48,0xff,0x66,0xc1,0xff,
    0x66,0xc1,0xff,0x66,0xc1,0xff,0x66,0xc1,0xff,0x66,0xc1,0xff,
    0x82,0x48,0xff,0x82,0x48,0xff,0x82,0x48,0xff,0x82,0x48,0xff,
    0x82,0x48,0xff,0x82,0x48,0xff,0x82,0x48,0xff,0x66,0xc1,0xff,
    0x66,0xc1,0xff,0x66,0xc1,0xff,0x66,0xc1,0xff,0x66,0xc1,0xff,
    0x82,0x48,0xff,0x04,0x89,0xff,0x82,0x48,0xff,0x00,0x00,0x00,
    0x00,0x00,0x00,0x00,0x00,0x00,0x00,0x00,0x00,0x82,0x48,0xff,
    0x04,0x89,0xff,0x82,0x48,0xff,0x66,0xc1,0xff,0x66,0xc1,0xff,
    0x66,0xc1,0xff,0x66,0xc1,0xff,0x82,0x48,0xff,0x82,0x48,0xff,
    0xa2,0x58,0xff,0xa2,0x58,0xff,0xa2,0x58,0xff,0xa2,0x58,0xff,
    0xa2,0x58,0xff,0x82,0x48,0xff,0x82,0x48,0xff,0x66,0xc1,0xff,
    0x66,0xc1,0xff,0x66,0xc1,0xff,0x66,0xc1,0xff,0x82,0x48,0xff,
    0x04,0x89,0xff,0x82,0x48,0xff,0x00,0x00,0x00,0x00,0x00,0x00,
    0x00,0x00,0x00,0x00,0x00,0x00,0x82,0x48,0xff,0x82,0x48,0xff,
    0x82,0x48,0xff,0x66,0xc1,0xff,0x66,0xc1,0xff,0x66,0xc1,0xff,
    0x82,0x48,0xff,0x82,0x48,0xff,0xa2,0x58,0xff,0xa2,0x58,0xff,
    0xa2,0x58,0xff,0xa2,0x58,0xff,0xa2,0x58,0xff,0xa2,0x58,0xff,
    0xa2,0x58,0xff,0x82,0x48,0xff,0x82,0x48,0xff,0x66,0xc1,0xff,
    0x66,0xc1,0xff,0x66,0xc1,0xff,0x82,0x48,0xff,0x82,0x48,0xff,
    0x82,0x48,0xff,0x00,0x00,0x00,0x00,0x00,0x00,0x00,0x00,0x00,
    0x00,0x00,0x00,0x82,0x48,0xff,0x82,0x48,0xff,0x66,0xc1,0xff,
    0x66,0xc1,0xff,0x66,0xc1,0xff,0x82,0x48,0xff,0x82,0x48,0xff,
    0xa2,0x58,0xff,0xa2,0x58,0xff,0xa2,0x58,0xff,0xa2,0x58,0xff,
    0xa2,0x58,0xff,0xa2,0x58,0xff,0xa2,0x58,0xff,0xa2,0x58,0xff,
    0xa2,0x58,0xff,0x82,0x48,0xff,0x82,0x48,0xff,0x66,0xc1,0xff,
    0x66,0xc1,0xff,0x66,0xc1,0xff,0x82,0x48,0xff,0x82,0x48,0xff,
    0x00,0x00,0x00,0x00,0x00,0x00,0x00,0x00,0x00,0x00,0x00,0x00,
    0x82,0x48,0xff,0x82,0x48,0xff,0x66,0xc1,0xff,0x66,0xc1,0xff,
    0x66,0xc1,0xff,0x82,0x48,0xff,0xa2,0x58,0xff,0xa2,0x58,0xff,
    0xa2,0x58,0xff,0xa2,0x58,0xff,0xa2,0x58,0xff,0xa2,0x58,0xff,
    0xa2,0x58,0xff,0xa2,0x58,0xff,0xa2,0x58,0xff,0xa2,0x58,0xff,
    0xa2,0x58,0xff,0x82,0x48,0xff,0x66,0xc1,0xff,0x66,0xc1,0xff,
    0x66,0xc1,0xff,0x82,0x48,0xff,0x82,0x48,0xff,0x00,0x00,0x00,
    0x00,0x00,0x00,0x00,0x00,0x00,0x00,0x00,0x00,0x82,0x48,0xff,
    0x82,0x48,0xff,0x66,0xc1,0xff,0x66,0xc1,0xff,0x82,0x48,0xff,
    0x82,0x48,0xff,0xa2,0x58,0xff,0xa2,0x58,0xff,0xa2,0x58,0xff,
    0xa2,0x58,0xff,0xa2,0x58,0xff,0xa2,0x58,0xff,0xa2,0x58,0xff,
    0xa2,0x58,0xff,0xa2,0x58,0xff,0xa2,0x58,0xff,0xa2,0x58,0xff,
    0x82,0x48,0xff,0x82,0x48,0xff,0x66,0xc1,0xff,0x66,0xc1,0xff,
    0x82,0x48,0xff,0x82,0x48,0xff,0x00,0x00,0x00,0x00,0x00,0x00,
    0x00,0x00,0x00,0x00,0x00,0x00,0x82,0x48,0xff,0x82,0x48,0xff,
    0x66,0xc1,0xff,0x66,0xc1,0xff,0x82,0x48,0xff,0xa2,0x58,0xff,
    0xa2,0x58,0xff,0xa2,0x58,0xff,0xa2,0x58,0xff,0xa2,0x58,0xff,
    0xa2,0x58,0xff,0xa2,0x58,0xff,0xa2,0x58,0xff,0xa2,0x58,0xff,
    0xa2,0x58,0xff,0xa2,0x58,0xff,0xa2,0x58,0xff,0xa2,0x58,0xff,
    0x82,0x48,0xff,0x66,0xc1,0xff,0x66,0xc1,0xff,0x82,0x48,0xff,
    0x82,0x48,0xff,0x00,0x00,0x00,0x00,0x00,0x00,0x00,0x00,0x00,
    0x00,0x00,0x00,0x82,0x48,0xff,0x82,0x48,0xff,0x66,0xc1,0xff,
    0x66,0xc1,0xff,0x82,0x48,0xff,0xa2,0x58,0xff,0xa2,0x58,0xff,
    0xa2,0x58,0xff,0xa2,0x58,0xff,0xa2,0x58,0xff,0xa2,0x58,0xff,
    0xa2,0x58,0xff,0xa2,0x58,0xff,0xa2,0x58,0xff,0xa2,0x58,0xff,
    0xa2,0x58,0xff,0xa2,0x58,0xff,0xa2,0x58,0xff,0x82,0x48,0xff,
    0x66,0xc1,0xff,0x66,0xc1,0xff,0x82,0x48,0xff,0x82,0x48,0xff,
    0x00,0x00,0x00,0x00,0x00,0x00,0x00,0x00,0x00,0x00,0x00,0x00,
    0x82,0x48,0xff,0x82,0x48,0xff,0x66,0xc1,0xff,0x66,0xc1,0xff,
    0x82,0x48,0xff,0x82,0x48,0xff,0xa2,0x58,0xff,0xa2,0x58,0xff,
    0xa2,0x58,0xff,0xa2,0x58,0xff,0xa2,0x58,0xff,0xa2,0x58,0xff,
    0xa2,0x58,0xff,0xa2,0x58,0xff,0xa2,0x58,0xff,0xa2,0x58,0xff,
    0xa2,0x58,0xff,0x82,0x48,0xff,0x82,0x48,0xff,0x66,0xc1,0xff,
    0x66,0xc1,0xff,0x82,0x48,0xff,0x82,0x48,0xff,0x00,0x00,0x00,
    0x00,0x00,0x00,0x00,0x00,0x00,0x00,0x00,0x00,0x82,0x48,0xff,
    0x82,0x48,0xff,0x66,0xc1,0xff,0x66,0xc1,0xff,0x66,0xc1,0xff,
    0x82,0x48,0xff,0xa2,0x58,0xff,0xa2,0x58,0xff,0xa2,0x58,0xff,
    0xa2,0x58,0xff,0xa2,0x58,0xff,0xa2,0x58,0xff,0xa2,0x58,0xff,
    0xa2,0x58,0xff,0xa2,0x58,0xff,0xa2,0x58,0xff,0xa2,0x58,0xff,
    0x82,0x48,0xff,0x66,0xc1,0xff,0x66,0xc1,0xff,0x66,0xc1,0xff,
    0x82,0x48,0xff,0x82,0x48,0xff,0x00,0x00,0x00,0x00,0x00,0x00,
    0x00,0x00,0x00,0x82,0x48,0xff,0x82,0x48,0xff,0x82,0x48,0xff,
    0x66,0xc1,0xff,0x66,0xc1,0xff,0x66,0xc1,0xff,0x82,0x48,0xff,
    0x82,0x48,0xff,0xa2,0x58,0xff,0xa2,0x58,0xff,0xa2,0x58,0xff,
    0xa2,0x58,0xff,0xa2,0x58,0xff,0xa2,0x58,0xff,0xa2,0x58,0xff,
    0xa2,0x58,0xff,0xa2,0x58,0xff,0x82,0x48,0xff,0x82,0x48,0xff,
    0x66,0xc1,0xff,0x66,0xc1,0xff,0x66,0xc1,0xff,0x82,0x48,0xff,
    0x82,0x48,0xff,0x82,0x48,0xff,0x00,0x00,0x00,0x00,0x00,0x00,
    0x82,0x48,0xff,0x82,0x48,0xff,0x82,0x48,0xff,0x66,0xc1,0xff,
    0x66,0xc1,0xff,0x66,0xc1,0xff,0x66,0xc1,0xff,0x82,0x48,0xff,
    0x82,0x48,0xff,0xa2,0x58,0xff,0xa2,0x58,0xff,0xa2,0x58,0xff,
    0xa2,0x58,0xff,0xa2,0x58,0xff,0xa2,0x58,0xff,0xa2,0x58,0xff,
    0x82,0x48,0xff,0x82,0x48,0xff,0x66,0xc1,0xff,0x66,0xc1,0xff,
    0x66,0xc1,0xff,0x66,0xc1,0xff,0x82,0x48,0xff,0x82,0x48,0xff,
    0x82,0x48,0xff,0x00,0x00,0x00,0x00,0x00,0x00,0x82,0x48,0xff,
    0x82,0x48,0xff,0x66,0xc1,0xff,0x66,0xc1,0xff,0x66,0xc1,0xff,
    0x66,0xc1,0xff,0x66,0xc1,0xff,0x66,0xc1,0xff,0x82,0x48,0xff,
    0x82,0x48,0xff,0x82,0x48,0xff,0xa2,0x58,0xff,0xa2,0x58,0xff,
    0xa2,0x58,0xff,0x82,0x48,0xff,0x82,0x48,0xff,0x82,0x48,0xff,
    0x66,0xc1,0xff,0x66,0xc1,0xff,0x66,0xc1,0xff,0x66,0xc1,0xff,
    0x66,0xc1,0xff,0x66,0xc1,0xff,0x82,0x48,0xff,0x82,0x48,0xff,
    0x00,0x00,0x00,0x00,0x00,0x00,0x82,0x48,0xff,0x82,0x48,0xff,
    0x66,0xc1,0xff,0x66,0xc1,0xff,0x66,0xc1,0xff,0x66,0xc1,0xff,
    0x66,0xc1,0xff,0x66,0xc1,0xff,0x66,0xc1,0xff,0x66,0xc1,0xff,
    0x82,0x48,0xff,0x82,0x48,0xff,0x82,0x48,0xff,0x82,0x48,0xff,
    0x82,0x48,0xff,0x66,0xc1,0xff,0x66,0xc1,0xff,0x66,0xc1,0xff,
    0x66,0xc1,0xff,0x66,0xc1,0xff,0x66,0xc1,0xff,0x66,0xc1,0xff,
    0x66,0xc1,0xff,0x82,0x48,0xff,0x82,0x48,0xff,0x00,0x00,0x00,
    0x00,0x00,0x00,0x82,0x48,0xff,0x82,0x48,0xff,0x66,0xc1,0xff,
    0x66,0xc1,0xff,0x66,0xc1,0xff,0x66,0xc1,0xff,0x66,0xc1,0xff,
    0x66,0xc1,0xff,0x66,0xc1,0xff,0x66,0xc1,0xff,0x66,0xc1,0xff,
    0x66,0xc1,0xff,0x66,0xc1,0xff,0x66,0xc1,0xff,0x66,0xc1,0xff,
    0x66,0xc1,0xff,0x66,0xc1,0xff,0x66,0xc1,0xff,0x66,0xc1,0xff,
    0x66,0xc1,0xff,0x66,0xc1,0xff,0x66,0xc1,0xff,0x66,0xc1,0xff,
    0x82,0x48,0xff,0x82,0x48,0xff,0x00,0x00,0x00,0x82,0x48,0xff,
    0x82,0x48,0xff,0x82,0x48,0xff,0x66,0xc1,0xff,0x66,0xc1,0xff,
    0x66,0xc1,0xff,0x66,0xc1,0xff,0x66,0xc1,0xff,0x66,0xc1,0xff,
    0x66,0xc1,0xff,0x66,0xc1,0xff,0x66,0xc1,0xff,0x66,0xc1,0xff,
    0x66,0xc1,0xff,0x66,0xc1,0xff,0x66,0xc1,0xff,0x66,0xc1,0xff,
    0x66,0xc1,0xff,0x66,0xc1,0xff,0x66,0xc1,0xff,0x66,0xc1,0xff,
    0x66,0xc1,0xff,0x66,0xc1,0xff,0x66,0xc1,0xff,0x82,0x48,0xff,
    0x82,0x48,0xff,0x82,0x48,0xff,0x82,0x48,0xff,0x04,0x89,0xff,
    0x82,0x48,0xff,0x66,0xc1,0xff,0x66,0xc1,0xff,0x66,0xc1,0xff,
    0x66,0xc1,0xff,0x66,0xc1,0xff,0x66,0xc1,0xff,0x66,0xc1,0xff,
    0x82,0x48,0xff,0x82,0x48,0xff,0x82,0x48,0xff,0x82,0x48,0xff,
    0x82,0x48,0xff,0x82,0x48,0xff,0x82,0x48,0xff,0x66,0xc1,0xff,
    0x66,0xc1,0xff,0x66,0xc1,0xff,0x66,0xc1,0xff,0x66,0xc1,0xff,
    0x66,0xc1,0xff,0x66,0xc1,0xff,0x82,0x48,0xff,0x04,0x89,0xff,
    0x82,0x48,0xff,0x82,0x48,0xff,0x04,0x89,0xff,0x82,0x48,0xff,
    0x66,0xc1,0xff,0x66,0xc1,0xff,0x66,0xc1,0xff,0x66,0xc1,0xff,
    0x66,0xc1,0xff,0x66,0xc1,0xff,0x82,0x48,0xff,0x82,0x48,0xff,
    0xa2,0x58,0xff,0xa2,0x58,0xff,0xa2,0x58,0xff,0xa2,0x58,0xff,
    0xa2,0x58,0xff,0x82,0x48,0xff,0x82,0x48,0xff,0x66,0xc1,0xff,
    0x66,0xc1,0xff,0x66,0xc1,0xff,0x66,0xc1,0xff,0x66,0xc1,0xff,
    0x66,0xc1,0xff,0x82,0x48,0xff,0x04,0x89,0xff,0x82,0x48,0xff,
    0x82,0x48,0xff,0x82,0x48,0xff,0x82,0x48,0xff,0x66,0xc1,0xff,
    0x66,0xc1,0xff,0x66,0xc1,0xff,0x66,0xc1,0xff,0x66,0xc1,0xff,
    0x66,0xc1,0xff,0x82,0x48,0xff,0x82,0x48,0xff,0xa2,0x58,0xff,
    0xa2,0x58,0xff,0xa2,0x58,0xff,0xa2,0x58,0xff,0xa2,0x58,0xff,
    0x82,0x48,0xff,0x82,0x48,0xff,0x66,0xc1,0xff,0x66,0xc1,0xff,
    0x66,0xc1,0xff,0x66,0xc1,0xff,0x66,0xc1,0xff,0x66,0xc1,0xff,
    0x82,0x48,0xff,0x82,0x48,0xff,0x82,0x48,0xff,0x00,0x00,0x00,
    0x82,0x48,0xff,0x82,0x48,0xff,0x82,0x48,0xff,0x66,0xc1,0xff,
    0x66,0xc1,0xff,0x66,0xc1,0xff,0x66,0xc1,0xff,0x66,0xc1,0xff,
    0x82,0x48,0xff,0x82,0x48,0xff,0xa2,0x58,0xff,0xa2,0x58,0xff,
    0xa2,0x58,0xff,0xa2,0x58,0xff,0xa2,0x58,0xff,0x82,0x48,0xff,
    0x82,0x48,0xff,0x66,0xc1,0xff,0x66,0xc1,0xff,0x66,0xc1,0xff,
    0x66,0xc1,0xff,0x66,0xc1,0xff,0x82,0x48,0xff,0x82,0x48,0xff,
    0x82,0x48,0xff,0x00,0x00,0x00,0x00,0x00,0x00,0x82,0x48,0xff,
    0x82,0x48,0xff,0x82,0x48,0xff,0x82,0x48,0xff,0x66,0xc1,0xff,
    0x66,0xc1,0xff,0x66,0xc1,0xff,0x82,0x48,0xff,0x82,0x48,0xff,
    0x82,0x48,0xff,0xa2,0x58,0xff,0xa2,0x58,0xff,0xa2,0x58,0xff,
    0xa2,0x58,0xff,0xa2,0x58,0xff,0x82,0x48,0xff,0x82,0x48,0xff,
    0x82,0x48,0xff,0x66,0xc1,0xff,0x66,0xc1,0xff,0x66,0xc1,0xff,
    0x82,0x48,0xff,0x82,0x48,0xff,0x82,0x48,0xff,0x82,0x48,0xff,
    0x00,0x00,0x00,0x00,0x00,0x00,0x00,0x00,0x00,0x00,0x00,0x00,
    0x82,0x48,0xff,0x82,0x48,0xff,0x82,0x48,0xff,0x82,0x48,0xff,
    0x82,0x48,0xff,0x82,0x48,0xff,0x82,0x48,0xff,0x82,0x48,0xff,
    0x82,0x48,0xff,0x82,0x48,0xff,0x82,0x48,0xff,0x82,0x48,0xff,
    0x82,0x48,0xff,0x82,0x48,0xff,0x82,0x48,0xff,0x82,0x48,0xff,
    0x82,0x48,0xff,0x82,0x48,0xff,0x82,0x48,0xff,0x82,0x48,0xff,
    0x82,0x48,0xff,0x00,0x00,0x00,0x00,0x00,0x00,0x00,0x00,0x00,
    0x00,0x00,0x00,0x00,0x00,0x00,0x00,0x00,0x00,0x00,0x00,0x00,
    0x00,0x00,0x00,0x00,0x00,0x00,0x00,0x00,0x00,0x00,0x00,0x00,
    0x00,0x00,0x00,0x00,0x00,0x00,0x00,0x00,0x00,0x00,0x00,0x00,
    0x82,0x48,0xff,0x82,0x48,0xff,0x82,0x48,0xff,0x00,0x00,0x00,
    0x00,0x00,0x00,0x00,0x00,0x00,0x00,0x00,0x00,0x00,0x00,0x00,
    0x00,0x00,0x00,0x00,0x00,0x00,0x00,0x00,0x00,0x00,0x00,0x00,
    0x00,0x00,0x00,0x00,0x00,0x00,0x00,0x00,0x00
};
const lv_img_dsc_t sb_head_13 = {
  .header.cf = LV_IMG_CF_TRUE_COLOR_ALPHA,
  .header.always_zero = 0,
  .header.reserved = 0,
  .header.w = 27,
  .header.h = 49,
  .data_size = 3969,
  .data = sb_head_13_map,
};
static const LV_ATTRIBUTE_MEM_ALIGN LV_ATTRIBUTE_LARGE_CONST uint8_t sb_head_14_map[] = {
    0x00,0x00,0x00,0x00,0x00,0x00,0x00,0x00,0x00,0x00,0x00,0x00,
    0x00,0x00,0x00,0x00,0x00,0x00,0x00,0x00,0x00,0x00,0x00,0x00,
    0x82,0x48,0xff,0x82,0x48,0xff,0x82,0x48,0xff,0x82,0x48,0xff,
    0x82,0x48,0xff,0x82,0x48,0xff,0x82,0x48,0xff,0x82,0x48,0xff,
    0x82,0x48,0xff,0x82,0x48,0xff,0x82,0x48,0xff,0x00,0x00,0x00,
    0x00,0x00,0x00,0x00,0x00,0x00,0x00,0x00,0x00,0x00,0x00,0x00,
    0x00,0x00,0x00,0x00,0x00,0x00,0x00,0x00,0x00,0x00,0x00,0x00,
    0x00,0x00,0x00,0x00,0x00,0x00,0x00,0x00,0x00,0x00,0x00,0x00,
    0x00,0x00,0x00,0x00,0x00,0x00,0x82,0x48,0xff,0x82,0x48,0xff,
    0x82,0x48,0xff,0x82,0x48,0xff,0x82,0x48,0xff,0x82,0x48,0xff,
    0x82,0x48,0xff,0x82,0x48,0xff,0x82,0x48,0xff,0x82,0x48,0xff,
    0x82,0x48,0xff,0x82,0x48,0xff,0x82,0x48,0xff,0x00,0x00,0x00,
    0x00,0x00,0x00,0x00,0x00,0x00,0x00,0x00,0x00,0x00,0x00,0x00,
    0x00,0x00,0x00,0x00,0x00,0x00,0x00,0x00,0x00,0x00,0x00,0x00,
    0x00,0x00,0x00,0x00,0x00,0x00,0x00,0x00,0x00,0x82,0x48,0xff,
    0x82,0x48,0xff,0x82,0x48,0xff,0x82,0x48,0xff,0x82,0x48,0xff,
    0x66,0xc1,0xff,0x66,0xc1,0xff,0x66,0xc1,0xff,0x66,0xc1,0xff,
    0x66,0xc1,0xff,0x66,0xc1,0xff,0x66,0xc1,0xff,0x82,0x48,0xff,
    0x82,0x48,0xff,0x82,0x48,0xff,0x82,0x48,0xff,0x82,0x48,0xff,
    0x00,0x00,0x00,0x00,0x00,0x00,0x00,0x00,0x00,0x00,0x00,0x00,
    0x00,0x00,0x00,0x00,0x00,0x00,0x00,0x00,0x00,0x00,0x00,0x00,
    0x00,0x00,0x00,0x82,0x48,0xff,0x82,0x48,0xff,0x82,0x48,0xff,
    0x82,0x48,0xff,0x66,0xc1,0xff,0x66,0xc1,0xff,0x66,0xc1,0xff,
    0x66,0xc1,0xff,0x66,0xc1,0xff,0x66,0xc1,0xff,0x66,0xc1,0xff,
    0x66,0xc1,0xff,0x66,0xc1,0xff,0x66,0xc1,0xff,0x66,0xc1,0xff,
    0x82,0x48,0xff,0x82,0x48,0xff,0x82,0x48,0xff,0x82,0x48,0xff,
    0x00,0x00,0x00,0x00,0x00,0x00,0x00,0x00,0x00,0x00,0x00,0x00,
    0x00,0x00,0x00,0x00,0x00,0x00,0x00,0x00,0x00,0x82,0x48,0xff,
    0x82,0x48,0xff,0x82,0x48,0xff,0x82,0x48,0xff,0x66,0xc1,0xff,
    0x66,0xc1,0xff,0x82,0x48,0xff,0x82,0x48,0xff,0x82,0x48,0xff,
    0x82,0x48,0xff,0x82,0x48,0xff,0x82,0x48,0xff,0x82,0x48,0xff,
    0x82,0x48,0xff,0x82,0x48,0xff,0x66,0xc1,0xff,0x66,0xc1,0xff,
    0x82,0x48,0xff,0x82,0x48,0xff,0x82,0x48,0xff,0x82,0x48,0xff,
    0x00,0x00,0x00,0x00,0x00,0x00,0x00,0x00,0x00,0x00,0x00,0x00,
    0x00,0x00,0x00,0x82,0x48,0xff,0x82,0x48,0xff,0x82,0x48,0xff,
    0x82,0x48,0xff,0x66,0xc1,0xff,0x66,0xc1,0xff,0x82,0x48,0xff,
    0x82,0x48,0xff,0xa2,0x58,0xff,0xa2,0x58,0xff,0xa2,0x58,0xff,
    0xa2,0x58,0xff,0xa2,0x58,0xff,0xa2,0x58,0xff,0xa2,0x58,0xff,
    0x82,0x48,0xff,0x82,0x48,0xff,0x66,0xc1,0xff,0x66,0xc1,0xff,
    0x82,0x48,0xff,0x82,0x48,0xff,0x82,0x48,0xff,0x82,0x48,0xff,
    0x00,0x00,0x00,0x00,0x00,0x00,0x00,0x00,0x00,0x82,0x48,0xff,
    0x82,0x48,0xff,0x82,0x48,0xff,0x82,0x48,0xff,0x66,0xc1,0xff,
    0x66,0xc1,0xff,0x82,0x48,0xff,0x82,0x48,0xff,0xa2,0x58,0xff,
    0xa2,0x58,0xff,0xa2,0x58,0xff,0xa2,0x58,0xff,0xa2,0x58,0xff,
    0xa2,0x58,0xff,0xa2,0x58,0xff,0xa2,0x58,0xff,0xa2,0x58,0xff,
    0x82,0x48,0xff,0x82,0x48,0xff,0x66,0xc1,0xff,0x66,0xc1,0xff,
    0x82,0x48,0xff,0x82,0x48,0xff,0x82,0x48,0xff,0x82,0x48,0xff,
    0x00,0x00,0x00,0x82,0x48,0xff,0x82,0x48,0xff,0x04,0x89,0xff,
    0x82,0x48,0xff,0x66,0xc1,0xff,0x66,0xc1,0xff,0x66,0xc1,0xff,
    0x82,0x48,0xff,0xa2,0x58,0xff,0xa2,0x58,0xff,0xa2,0x58,0xff,
    0xa2,0x58,0xff,0xa2,0x58,0xff,0xa2,0x58,0xff,0xa2,0x58,0xff,
    0xa2,0x58,0xff,0xa2,0x58,0xff,0xa2,0x58,0xff,0xa2,0x58,0xff,
    0x82,0x48,0xff,0x66,0xc1,0xff,0x66,0xc1,0xff,0x66,0xc1,0xff,
    0x82,0x48,0xff,0x04,0x89,0xff,0x82,0x48,0xff,0x82,0x48,0xff,
    0x82,0x48,0xff,0x04,0x89,0xff,0x82,0x48,0xff,0x82,0x48,0xff,
    0x66,0xc1,0xff,0x66,0xc1,0xff,0x82,0x48,0xff,0x82,0x48,0xff,
    0xa2,0x58,0xff,0xa2,0x58,0xff,0xa2,0x58,0xff,0xa2,0x58,0xff,
    0xa2,0x58,0xff,0xa2,0x58,0xff,0xa2,0x58,0xff,0xa2,0x58,0xff,
    0xa2,0x58,0xff,0xa2,0x58,0xff,0xa2,0x58,0xff,0x82,0x48,0xff,
    0x82,0x48,0xff,0x66,0xc1,0xff,0x66,0xc1,0xff,0x82,0x48,0xff,
    0x82,0x48,0xff,0x04,0x89,0xff,0x82,0x48,0xff,0x82,0x48,0xff,
    0x04,0x89,0xff,0x82,0x48,0xff,0x66,0xc1,0xff,0x66,0xc1,0xff,
    0x66,0xc1,0xff,0x82,0x48,0xff,0xa2,0x58,0xff,0xa2,0x58,0xff,
    0xa2,0x58,0xff,0xa2,0x58,0xff,0xa2,0x58,0xff,0xa2,0x58,0xff,
    0xa2,0x58,0xff,0xa2,0x58,0xff,0xa2,0x58,0xff,0xa2,0x58,0xff,
    0xa2,0x58,0xff,0xa2,0x58,0xff,0xa2,0x58,0xff,0x82,0x48,0xff,
    0x66,0xc1,0xff,0x66,0xc1,0xff,0x66,0xc1,0xff,0x82,0x48,0xff,
    0x04,0x89,0xff,0x82,0x48,0xff,0x82,0x48,0xff,0x04,0x89,0xff,
    0x82,0x48,0xff,0x66,0xc1,0xff,0x66,0xc1,0xff,0x82,0x48,0xff,
    0x82,0x48,0xff,0xa2,0x58,0xff,0xa2,0x58,0xff,0xa2,0x58,0xff,
    0xa2,0x58,0xff,0xa2,0x58,0xff,0xa2,0x58,0xff,0xa2,0x58,0xff,
    0xa2,0x58,0xff,0xa2,0x58,0xff,0xa2,0x58,0xff,0xa2,0x58,0xff,
    0xa2,0x58,0xff,0xa2,0x58,0xff,0x82,0x48,0xff,0x82,0x48,0xff,
    0x66,0xc1,0xff,0x66,0xc1,0xff,0x82,0x48,0xff,0x04,0x89,0xff,
    0x82,0x48,0xff,0x82,0x48,0xff,0x04,0x89,0xff,0x82,0x48,0xff,
    0x66,0xc1,0xff,0x66,0xc1,0xff,0x82,0x48,0xff,0xa2,0x58,0xff,
    0xa2,0x58,0xff,0xa2,0x58,0xff,0xa2,0x58,0xff,0xa2,0x58,0xff,
    0xa2,0x58,0xff,0xa2,0x58,0xff,0xa2,0x58,0xff,0xa2,0x58,0xff,
    0xa2,0x58,0xff,0xa2,0x58,0xff,0xa2,0x58,0xff,0xa2,0x58,0xff,
    0xa2,0x58,0xff,0xa2,0x58,0xff,0x82,0x48,0xff,0x66,0xc1,0xff,
    0x66,0xc1,0xff,0x82,0x48,0xff,0x04,0x89,0xff,0x82,0x48,0xff,
    0x82,0x48,0xff,0x04,0x89,0xff,0x82,0x48,0xff,0x66,0xc1,0xff,
    0x66,0xc1,0xff,0x82,0x48,0xff,0x82,0x48,0xff,0xa2,0x58,0xff,
    0xa2,0x58,0xff,0xa2,0x58,0xff,0xa2,0x58,0xff,0xa2,0x58,0xff,
    0xa2,0x58,0xff,0xa2,0x58,0xff,0xa2,0x58,0xff,0xa2,0x58,0xff,
    0xa2,0x58,0xff,0xa2,0x58,0xff,0xa2,0x58,0xff,0xa2,0x58,0xff,
    0x82,0x48,0xff,0x82,0x48,0xff,0x66,0xc1,0xff,0x66,0xc1,0xff,
    0x82,0x48,0xff,0x04,0x89,0xff,0x82,0x48,0xff,0x82,0x48,0xff,
    0x04,0x89,0xff,0x82,0x48,0xff,0x66,0xc1,0xff,0x66,0xc1,0xff,
    0x66,0xc1,0xff,0x82,0x48,0xff,0xa2,0x58,0xff,0xa2,0x58,0xff,
    0xa2,0x58,0xff,0xa2,0x58,0xff,0xa2,0x58,0xff,0xa2,0x58,0xff,
    0xa2,0x58,0xff,0xa2,0x58,0xff,0xa2,0x58,0xff,0xa2,0x58,0xff,
    0xa2,0x58,0xff,0xa2,0x58,0xff,0xa2,0x58,0xff,0x82,0x48,0xff,
    0x66,0xc1,0xff,0x66,0xc1,0xff,0x66,0xc1,0xff,0x82,0x48,0xff,
    0x04,0x89,0xff,0x82,0x48,0xff,0x82,0x48,0xff,0x04,0x89,0xff,
    0x82,0x48,0xff,0x66,0xc1,0xff,0x66,0xc1,0xff,0x66,0xc1,0xff,
    0x82,0x48,0xff,0x82,0x48,0xff,0xa2,0x58,0xff,0xa2,0x58,0xff,
    0xa2,0x58,0xff,0xa2,0x58,0xff,0xa2,0x58,0xff,0xa2,0x58,0xff,
    0xa2,0x58,0xff,0xa2,0x58,0xff,0xa2,0x58,0xff,0xa2,0x58,0xff,
    0xa2,0x58,0xff,0x82,0x48,0xff,0x82,0x48,0xff,0x66,0xc1,0xff,
    0x66,0xc1,0xff,0x66,0xc1,0xff,0x82,0x48,0xff,0x04,0x89,0xff,
    0x82,0x48,0xff,0x82,0x48,0xff,0x82,0x48,0xff,0x82,0x48,0xff,
    0x66,0xc1,0xff,0x66,0xc1,0xff,0x66,0xc1,0xff,0x66,0xc1,0xff,
    0x82,0x48,0xff,0x82,0x48,0xff,0xa2,0x58,0xff,0xa2,0x58,0xff,
    0xa2,0x58,0xff,0xa2,0x58,0xff,0xa2,0x58,0xff,0xa2,0x58,0xff,
    0xa2,0x58,0xff,0xa2,0x58,0xff,0xa2,0x58,0xff,0x82,0x48,0xff,
    0x82,0x48,0xff,0x66,0xc1,0xff,0x66,0xc1,0xff,0x66,0xc1,0xff,
    0x66,0xc1,0xff,0x82,0x48,0xff,0x82,0x48,0xff,0x82,0x48,0xff,
    0x00,0x00,0x00,0x82,0x48,0xff,0x82,0x48,0xff,0x66,0xc1,0xff,
    0x66,0xc1,0xff,0x66,0xc1,0xff,0x66,0xc1,0xff,0x66,0xc1,0xff,
    0x82,0x48,0xff,0xa2,0x58,0xff,0xa2,0x58,0xff,0xa2,0x58,0xff,
    0xa2,0x58,0xff,0xa2,0x58,0xff,0xa2,0x58,0xff,0xa2,0x58,0xff,
    0xa2,0x58,0xff,0xa2,0x58,0xff,0x82,0x48,0xff,0x66,0xc1,0xff,
    0x66,0xc1,0xff,0x66,0xc1,0xff,0x66,0xc1,0xff,0x66,0xc1,0xff,
    0x82,0x48,0xff,0x82,0x48,0xff,0x00,0x00,0x00,0x00,0x00,0x00,
    0x82,0x48,0xff,0x82,0x48,0xff,0x66,0xc1,0xff,0x66,0xc1,0xff,
    0x66,0xc1,0xff,0x66,0xc1,0xff,0x66,0xc1,0xff,0x82,0x48,0xff,
    0x82,0x48,0xff,0xa2,0x58,0xff,0xa2,0x58,0xff,0xa2,0x58,0xff,
    0xa2,0x58,0xff,0xa2,0x58,0xff,0xa2,0x58,0xff,0xa2,0x58,0xff,
    0x82,0x48,0xff,0x82,0x48,0xff,0x66,0xc1,0xff,0x66,0xc1,0xff,
    0x66,0xc1,0xff,0x66,0xc1,0xff,0x66,0xc1,0xff,0x82,0x48,0xff,
    0x82,0x48,0xff,0x00,0x00,0x00,0x00,0x00,0x00,0x82,0x48,0xff,
    0x82,0x48,0xff,0x66,0xc1,0xff,0x66,0xc1,0xff,0x66,0xc1,0xff,
    0x66,0xc1,0xff,0x66,0xc1,0xff,0x66,0xc1,0xff,0x82,0x48,0xff,
    0x82,0x48,0xff,0x82,0x48,0xff,0x82,0x48,0xff,0x82,0x48,0xff,
    0x82,0x48,0xff,0x82,0x48,0xff,0x82,0x48,0xff,0x82,0x48,0xff,
    0x66,0xc1,0xff,0x66,0xc1,0xff,0x66,0xc1,0xff,0x66,0xc1,0xff,
    0x66,0xc1,0xff,0x66,0xc1,0xff,0x82,0x48,0xff,0x82,0x48,0xff,
    0x00,0x00,0x00,0x00,0x00,0x00,0x82,0x48,0xff,0x82,0x48,0xff,
    0x66,0xc1,0xff,0x66,0xc1,0xff,0x66,0xc1,0xff,0x66,0xc1,0xff,
    0x66,0xc1,0xff,0x66,0xc1,0xff,0x66,0xc1,0xff,0x66,0xc1,0xff,
    0x66,0xc1,0xff,0x66,0xc1,0xff,0x66,0xc1,0xff,0x66,0xc1,0xff,
    0x66,0xc1,0xff,0x66,0xc1,0xff,0x66,0xc1,0xff,0x66,0xc1,0xff,
    0x66,0xc1,0xff,0x66,0xc1,0xff,0x66,0xc1,0xff,0x66,0xc1,0xff,
    0x66,0xc1,0xff,0x82,0x48,0xff,0x82,0x48,0xff,0x00,0x00,0x00,
    0x00,0x00,0x00,0x82,0x48,0xff,0x82,0x48,0xff,0x82,0x48,0xff,
    0x66,0xc1,0xff,0x66,0xc1,0xff,0x66,0xc1,0xff,0x66,0xc1,0xff,
    0x66,0xc1,0xff,0x66,0xc1,0xff,0x66,0xc1,0xff,0x66,0xc1,0xff,
    0x82,0x48,0xff,0x66,0xc1,0xff,0x82,0x48,0xff,0x66,0xc1,0xff,
    0x66,0xc1,0xff,0x66,0xc1,0xff,0x66,0xc1,0xff,0x66,0xc1,0xff,
    0x66,0xc1,0xff,0x66,0xc1,0xff,0x66,0xc1,0xff,0x82,0x48,0xff,
    0x82,0x48,0xff,0x82,0x48,0xff,0x00,0x00,0x00,0x00,0x00,0x00,
    0x82,0x48,0xff,0x82,0x48,0xff,0x82,0x48,0xff,0x66,0xc1,0xff,
    0x66,0xc1,0xff,0x66,0xc1,0xff,0x66,0xc1,0xff,0x66,0xc1,0xff,
    0x66,0xc1,0xff,0x66,0xc1,0xff,0x82,0x48,0xff,0x82,0x48,0xff,
    0x82,0x48,0xff,0x82,0x48,0xff,0x66,0xc1,0xff,0x66,0xc1,0xff,
    0x66,0xc1,0xff,0x66,0xc1,0xff,0x66,0xc1,0xff,0x66,0xc1,0xff,
    0x66,0xc1,0xff,0x66,0xc1,0xff,0x82,0x48,0xff,0x82,0x48,0xff,
    0x82,0x48,0xff,0x00,0x00,0x00,0x00,0x00,0x00,0x00,0x00,0x00,
    0x82,0x48,0xff,0x82,0x48,0xff,0x66,0xc1,0xff,0x66,0xc1,0xff,
    0x66,0xc1,0xff,0x66,0xc1,0xff,0x66,0xc1,0xff,0x66,0xc1,0xff,
    0x82,0x48,0xff,0x82,0x48,0xff,0x66,0xc1,0xff,0x82,0x48,0xff,
    0x66,0xc1,0xff,0x82,0x48,0xff,0x82,0x48,0xff,0x66,0xc1,0xff,
    0x66,0xc1,0xff,0x66,0xc1,0xff,0x66,0xc1,0xff,0x66,0xc1,0xff,
    0x66,0xc1,0xff,0x82,0x48,0xff,0x82,0x48,0xff,0x00,0x00,0x00,
    0x00,0x00,0x00,0x00,0x00,0x00,0x00,0x00,0x00,0x82,0x48,0xff,
    0x82,0x48,0xff,0x66,0xc1,0xff,0x66,0xc1,0xff,0x66,0xc1,0xff,
    0x66,0xc1,0xff,0x66,0xc1,0xff,0x66,0xc1,0xff,0x66,0xc1,0xff,
    0x66,0xc1,0xff,0x82,0x48,0xff,0x82,0x48,0xff,0x82,0x48,0xff,
    0x82,0x48,0xff,0x66,0xc1,0xff,0x66,0xc1,0xff,0x66,0xc1,0xff,
    0x66,0xc1,0xff,0x66,0xc1,0xff,0x66,0xc1,0xff,0x66,0xc1,0xff,
    0x82,0x48,0xff,0x82,0x48,0xff,0x00,0x00,0x00,0x00,0x00,0x00,
    0x00,0x00,0x00,0x00,0x00,0x00,0x82,0x48,0xff,0x82,0x48,0xff,
    0x66,0xc1,0xff,0x66,0xc1,0xff,0x66,0xc1,0xff,0x66,0xc1,0xff,
    0x66,0xc1,0xff,0x66,0xc1,0xff,0x66,0xc1,0xff,0x66,0xc1,0xff,
    0x82,0x48,0xff,0x66,0xc1,0xff,0x82,0x48,0xff,0x66,0xc1,0xff,
    0x66,0xc1,0xff,0x66,0xc1,0xff,0x66,0xc1,0xff,0x66,0xc1,0xff,
    0x66,0xc1,0xff,0x66,0xc1,0xff,0x66,0xc1,0xff,0x82,0x48,0xff,
    0x82,0x48,0xff,0x00,0x00,0x00,0x00,0x00,0x00,0x00,0x00,0x00,
    0x00,0x00,0x00,0x82,0x48,0xff,0x82,0x48,0xff,0x82,0x48,0xff,
    0x66,0xc1,0xff,0x66,0xc1,0xff,0x66,0xc1,0xff,0x66,0xc1,0xff,
    0x66,0xc1,0xff,0x66,0xc1,0xff,0x66,0xc1,0xff,0x66,0xc1,0xff,
    0x66,0xc1,0xff,0x66,0xc1,0xff,0x66,0xc1,0xff,0x66,0xc1,0xff,
    0x66,0xc1,0xff,0x66,0xc1,0xff,0x66,0xc1,0xff,0x66,0xc1,0xff,
    0x66,0xc1,0xff,0x82,0x48,0xff,0x82,0x48,0xff,0x82,0x48,0xff,
    0x00,0x00,0x00,0x00,0x00,0x00,0x00,0x00,0x00,0x00,0x00,0x00,
    0x82,0x48,0xff,0x04,0x89,0xff,0x82,0x48,0xff,0x66,0xc1,0xff,
    0x66,0xc1,0xff,0x66,0xc1,0xff,0x66,0xc1,0xff,0x66,0xc1,0xff,
    0x66,0xc1,0xff,0x66,0xc1,0xff,0x82,0x48,0xff,0x82,0x48,0xff,
    0x82,0x48,0xff,0x66,0xc1,0xff,0x66,0xc1,0xff,0x66,0xc1,0xff,
    0x66,0xc1,0xff,0x66,0xc1,0xff,0x66,0xc1,0xff,0x66,0xc1,0xff,
    0x82,0x48,0xff,0x04,0x89,0xff,0x82,0x48,0xff,0x00,0x00,0x00,
    0x00,0x00,0x00,0x00,0x00,0x00,0x00,0x00,0x00,0x82,0x48,0xff,
    0x04,0x89,0xff,0x82,0x48,0xff,0x66,0xc1,0xff,0x66,0xc1,0xff,
    0x66,0xc1,0xff,0x66,0xc1,0xff,0x66,0xc1,0xff,0x82,0x48,0xff,
    0x82,0x48,0xff,0x82,0x48,0xff,0xa2,0x58,0xff,0x82,0x48,0xff,
    0x82,0x48,0xff,0x82,0x48,0xff,0x66,0xc1,0xff,0x66,0xc1,0xff,
    0x66,0xc1,0xff,0x66,0xc1,0xff,0x66,0xc1,0xff,0x82,0x48,0xff,
    0x04,0x89,0xff,0x82,0x48,0xff,0x00,0x00,0x00,0x00,0x00,0x00,
    0x00,0x00,0x00,0x00,0x00,0x00,0x82,0x48,0xff,0x82,0x48,0xff,
    0x82,0x48,0xff,0x66,0xc1,0xff,0x66,0xc1,0xff,0x66,0xc1,0xff,
    0x82,0x48,0xff,0x82,0x48,0xff,0x82,0x48,0xff,0xa2,0x58,0xff,
    0xa2,0x58,0xff,0xa2,0x58,0xff,0xa2,0x58,0xff,0xa2,0x58,0xff,
    0x82,0x48,0xff,0x82,0x48,0xff,0x82,0x48,0xff,0x66,0xc1,0xff,
    0x66,0xc1,0xff,0x66,0xc1,0xff,0x82,0x48,0xff,0x82,0x48,0xff,
    0x82,0x48,0xff,0x00,0x00,0x00,0x00,0x00,0x00,0x00,0x00,0x00,
    0x00,0x00,0x00,0x82,0x48,0xff,0x82,0x48,0xff,0x66,0xc1,0xff,
    0x66,0xc1,0xff,0x66,0xc1,0xff,0x82,0x48,0xff,0x82,0x48,0xff,
    0xa2,0x58,0xff,0xa2,0x58,0xff,0xa2,0x58,0xff,0xa2,0x58,0xff,
    0xa2,0x58,0xff,0xa2,0x58,0xff,0xa2,0x58,0xff,0xa2,0x58,0xff,
    0xa2,0x58,0xff,0x82,0x48,0xff,0x82,0x48,0xff,0x66,0xc1,0xff,
    0x66,0xc1,0xff,0x66,0xc1,0xff,0x82,0x48,0xff,0x82,0x48,0xff,
    0x00,0x00,0x00,0x00,0x00,0x00,0x00,0x00,0x00,0x00,0x00,0x00,
    0x82,0x48,0xff,0x82,0x48,0xff,0x66,0xc1,0xff,0x66,0xc1,0xff,
    0x66,0xc1,0xff,0x82,0x48,0xff,0xa2,0x58,0xff,0xa2,0x58,0xff,
    0xa2,0x58,0xff,0xa2,0x58,0xff,0xa2,0x58,0xff,0xa2,0x58,0xff,
    0xa2,0x58,0xff,0xa2,0x58,0xff,0xa2,0x58,0xff,0xa2,0x58,0xff,
    0xa2,0x58,0xff,0x82,0x48,0xff,0x66,0xc1,0xff,0x66,0xc1,0xff,
    0x66,0xc1,0xff,0x82,0x48,0xff,0x82,0x48,0xff,0x00,0x00,0x00,
    0x00,0x00,0x00,0x00,0x00,0x00,0x00,0x00,0x00,0x82,0x48,0xff,
    0x82,0x48,0xff,0x66,0xc1,0xff,0x66,0xc1,0xff,0x82,0x48,0xff,
    0x82,0x48,0xff,0xa2,0x58,0xff,0xa2,0x58,0xff,0xa2,0x58,0xff,
    0xa2,0x58,0xff,0xa2,0x58,0xff,0xa2,0x58,0xff,0xa2,0x58,0xff,
    0xa2,0x58,0xff,0xa2,0x58,0xff,0xa2,0x58,0xff,0xa2,0x58,0xff,
    0x82,0x48,0xff,0x82,0x48,0xff,0x66,0xc1,0xff,0x66,0xc1,0xff,
    0x82,0x48,0xff,0x82,0x48,0xff,0x00,0x00,0x00,0x00,0x00,0x00,
    0x00,0x00,0x00,0x00,0x00,0x00,0x82,0x48,0xff,0x82,0x48,0xff,
    0x66,0xc1,0xff,0x66,0xc1,0xff,0x82,0x48,0xff,0xa2,0x58,0xff,
    0xa2,0x58,0xff,0xa2,0x58,0xff,0xa2,0x58,0xff,0xa2,0x58,0xff,
    0xa2,0x58,0xff,0xa2,0x58,0xff,0xa2,0x58,0xff,0xa2,0x58,0xff,
    0xa2,0x58,0xff,0xa2,0x58,0xff,0xa2,0x58,0xff,0xa2,0x58,0xff,
    0x82,0x48,0xff,0x66,0xc1,0xff,0x66,0xc1,0xff,0x82,0x48,0xff,
    0x82,0x48,0xff,0x00,0x00,0x00,0x00,0x00,0x00,0x00,0x00,0x00,
    0x00,0x00,0x00,0x82,0x48,0xff,0x82,0x48,0xff,0x66,0xc1,0xff,
    0x66,0xc1,0xff,0x82,0x48,0xff,0xa2,0x58,0xff,0xa2,0x58,0xff,
    0xa2,0x58,0xff,0xa2,0x58,0xff,0xa2,0x58,0xff,0xa2,0x58,0xff,
    0xa2,0x58,0xff,0xa2,0x58,0xff,0xa2,0x58,0xff,0xa2,0x58,0xff,
    0xa2,0x58,0xff,0xa2,0x58,0xff,0xa2,0x58,0xff,0x82,0x48,0xff,
    0x66,0xc1,0xff,0x66,0xc1,0xff,0x82,0x48,0xff,0x82,0x48,0xff,
    0x00,0x00,0x00,0x00,0x00,0x00,0x00,0x00,0x00,0x00,0x00,0x00,
    0x82,0x48,0xff,0x82,0x48,0xff,0x66,0xc1,0xff,0x66,0xc1,0xff,
    0x82,0x48,0xff,0xa2,0x58,0xff,0xa2,0x58,0xff,0xa2,0x58,0xff,
    0xa2,0x58,0xff,0xa2,0x58,0xff,0xa2,0x58,0xff,0xa2,0x58,0xff,
    0xa2,0x58,0xff,0xa2,0x58,0xff,0xa2,0x58,0xff,0xa2,0x58,0xff,
    0xa2,0x58,0xff,0xa2,0x58,0xff,0x82,0x48,0xff,0x66,0xc1,0xff,
    0x66,0xc1,0xff,0x82,0x48,0xff,0x82,0x48,0xff,0x00,0x00,0x00,
    0x00,0x00,0x00,0x00,0x00,0x00,0x00,0x00,0x00,0x82,0x48,0xff,
    0x82,0x48,0xff,0x66,0xc1,0xff,0x66,0xc1,0xff,0x82,0x48,0xff,
    0x82,0x48,0xff,0xa2,0x58,0xff,0xa2,0x58,0xff,0xa2,0x58,0xff,
    0xa2,0x58,0xff,0xa2,0x58,0xff,0xa2,0x58,0xff,0xa2,0x58,0xff,
    0xa2,0x58,0xff,0xa2,0x58,0xff,0xa2,0x58,0xff,0xa2,0x58,0xff,
    0x82,0x48,0xff,0x82,0x48,0xff,0x66,0xc1,0xff,0x66,0xc1,0xff,
    0x82,0x48,0xff,0x82,0x48,0xff,0x00,0x00,0x00,0x00,0x00,0x00,
    0x00,0x00,0x00,0x82,0x48,0xff,0x82,0x48,0xff,0x82,0x48,0xff,
    0x66,0xc1,0xff,0x66,0xc1,0xff,0x66,0xc1,0xff,0x82,0x48,0xff,
    0xa2,0x58,0xff,0xa2,0x58,0xff,0xa2,0x58,0xff,0xa2,0x58,0xff,
    0xa2,0x58,0xff,0xa2,0x58,0xff,0xa2,0x58,0xff,0xa2,0x58,0xff,
    0xa2,0x58,0xff,0xa2,0x58,0xff,0xa2,0x58,0xff,0x82,0x48,0xff,
    0x66,0xc1,0xff,0x66,0xc1,0xff,0x66,0xc1,0xff,0x82,0x48,0xff,
    0x82,0x48,0xff,0x82,0x48,0xff,0x00,0x00,0x00,0x00,0x00,0x00,
    0x82,0x48,0xff,0x04,0x89,0xff,0x82,0x48,0xff,0x66,0xc1,0xff,
    0x66,0xc1,0xff,0x66,0xc1,0xff,0x82,0x48,0xff,0x82,0x48,0xff,
    0xa2,0x58,0xff,0xa2,0x58,0xff,0xa2,0x58,0xff,0xa2,0x58,0xff,
    0xa2,0x58,0xff,0xa2,0x58,0xff,0xa2,0x58,0xff,0xa2,0x58,0xff,
    0xa2,0x58,0xff,0x82,0x48,0xff,0x82,0x48,0xff,0x66,0xc1,0xff,
    0x66,0xc1,0xff,0x66,0xc1,0xff,0x82,0x48,0xff,0x04,0x89,0xff,
    0x82,0x48,0xff,0x00,0x00,0x00,0x00,0x00,0x00,0x82,0x48,0xff,
    0x82,0x48,0xff,0x82,0x48,0xff,0x66,0xc1,0xff,0x66,0xc1,0xff,
    0x66,0xc1,0xff,0x66,0xc1,0xff,0x82,0x48,0xff,0x82,0x48,0xff,
    0x82,0x48,0xff,0xa2,0x58,0xff,0xa2,0x58,0xff,0xa2,0x58,0xff,
    0xa2,0x58,0xff,0xa2,0x58,0xff,0x82,0x48,0xff,0x82,0x48,0xff,
    0x82,0x48,0xff,0x66,0xc1,0xff,0x66,0xc1,0xff,0x66,0xc1,0xff,
    0x66,0xc1,0xff,0x82,0x48,0xff,0x82,0x48,0xff,0x82,0x48,0xff,
    0x00,0x00,0x00,0x00,0x00,0x00,0x82,0x48,0xff,0x82,0x48,0xff,
    0x66,0xc1,0xff,0x66,0xc1,0xff,0x66,0xc1,0xff,0x66,0xc1,0xff,
    0x66,0xc1,0xff,0x66,0xc1,0xff,0x66,0xc1,0xff,0x82,0x48,0xff,
    0x82,0x48,0xff,0x82,0x48,0xff,0xa2,0x58,0xff,0x82,0x48,0xff,
    0x82,0x48,0xff,0x82,0x48,0xff,0x66,0xc1,0xff,0x66,0xc1,0xff,
    0x66,0xc1,0xff,0x66,0xc1,0xff,0x66,0xc1,0xff,0x66,0xc1,0xff,
    0x66,0xc1,0xff,0x82,0x48,0xff,0x82,0x48,0xff,0x00,0x00,0x00,
    0x00,0x00,0x00,0x82,0x48,0xff,0x82,0x48,0xff,0x66,0xc1,0xff,
    0x66,0xc1,0xff,0x66,0xc1,0xff,0x66,0xc1,0xff,0x66,0xc1,0xff,
    0x66,0xc1,0xff,0x66,0xc1,0xff,0x66,0xc1,0xff,0x66,0xc1,0xff,
    0x82,0x48,0xff,0x82,0x48,0xff,0x82,0x48,0xff,0x66,0xc1,0xff,
    0x66,0xc1,0xff,0x66,0xc1,0xff,0x66,0xc1,0xff,0x66,0xc1,0xff,
    0x66,0xc1,0xff,0x66,0xc1,0xff,0x66,0xc1,0xff,0x66,0xc1,0xff,
    0x82,0x48,0xff,0x82,0x48,0xff,0x00,0x00,0x00,0x82,0x48,0xff,
    0x82,0x48,0xff,0x82,0x48,0xff,0x66,0xc1,0xff,0x66,0xc1,0xff,
    0x66,0xc1,0xff,0x66,0xc1,0xff,0x66,0xc1,0xff,0x66,0xc1,0xff,
    0x66,0xc1,0xff,0x66,0xc1,0xff,0x66,0xc1,0xff,0x66,0xc1,0xff,
    0x66,0xc1,0xff,0x66,0xc1,0xff,0x66,0xc1,0xff,0x66,0xc1,0xff,
    0x66,0xc1,0xff,0x66,0xc1,0xff,0x66,0xc1,0xff,0x66,0xc1,0xff,
    0x66,0xc1,0xff,0x66,0xc1,0xff,0x66,0xc1,0xff,0x82,0x48,0xff,
    0x82,0x48,0xff,0x82,0x48,0xff,0x82,0x48,0xff,0x82,0x48,0xff,
    0x82,0x48,0xff,0x66,0xc1,0xff,0x66,0xc1,0xff,0x66,0xc1,0xff,
    0x66,0xc1,0xff,0x66,0xc1,0xff,0x66,0xc1,0xff,0x66,0xc1,0xff,
    0x66,0xc1,0xff,0x66,0xc1,0xff,0x66,0xc1,0xff,0x66,0xc1,0xff,
    0x66,0xc1,0xff,0x66,0xc1,0xff,0x66,0xc1,0xff,0x66,0xc1,0xff,
    0x66,0xc1,0xff,0x66,0xc1,0xff,0x66,0xc1,0xff,0x66,0xc1,0xff,
    0x66,0xc1,0xff,0x66,0xc1,0xff,0x82,0x48,0xff,0x82,0x48,0xff,
    0x82,0x48,0xff,0x82,0x48,0xff,0x04,0x89,0xff,0x82,0x48,0xff,
    0x66,0xc1,0xff,0x66,0xc1,0xff,0x66,0xc1,0xff,0x66,0xc1,0xff,
    0x66,0xc1,0xff,0x66,0xc1,0xff,0x66,0xc1,0xff,0x82,0x48,0xff,
    0x82,0x48,0xff,0x82,0x48,0xff,0x82,0x48,0xff,0x82,0x48,0xff,
    0x82,0x48,0xff,0x82,0x48,0xff,0x66,0xc1,0xff,0x66,0xc1,0xff,
    0x66,0xc1,0xff,0x66,0xc1,0xff,0x66,0xc1,0xff,0x66,0xc1,0xff,
    0x66,0xc1,0xff,0x82,0x48,0xff,0x04,0x89,0xff,0x82,0x48,0xff,
    0x82,0x48,0xff,0x04,0x89,0xff,0x82,0x48,0xff,0x66,0xc1,0xff,
    0x66,0xc1,0xff,0x66,0xc1,0xff,0x66,0xc1,0xff,0x66,0xc1,0xff,
    0x66,0xc1,0xff,0x66,0xc1,0xff,0x82,0x48,0xff,0xa2,0x58,0xff,
    0xa2,0x58,0xff,0xa2,0x58,0xff,0xa2,0x58,0xff,0xa2,0x58,0xff,
    0x82,0x48,0xff,0x66,0xc1,0xff,0x66,0xc1,0xff,0x66,0xc1,0xff,
    0x66,0xc1,0xff,0x66,0xc1,0xff,0x66,0xc1,0xff,0x66,0xc1,0xff,
    0x82,0x48,0xff,0x04,0x89,0xff,0x82,0x48,0xff,0x82,0x48,0xff,
    0x82,0x48,0xff,0x82,0x48,0xff,0x66,0xc1,0xff,0x66,0xc1,0xff,
    0x66,0xc1,0xff,0x66,0xc1,0xff,0x66,0xc1,0xff,0x66,0xc1,0xff,
    0x82,0x48,0xff,0x82,0x48,0xff,0xa2,0x58,0xff,0xa2,0x58,0xff,
    0xa2,0x58,0xff,0xa2,0x58,0xff,0xa2,0x58,0xff,0x82,0x48,0xff,
    0x82,0x48,0xff,0x66,0xc1,0xff,0x66,0xc1,0xff,0x66,0xc1,0xff,
    0x66,0xc1,0xff,0x66,0xc1,0xff,0x66,0xc1,0xff,0x82,0x48,0xff,
    0x82,0x48,0xff,0x82,0x48,0xff,0x00,0x00,0x00,0x82,0x48,0xff,
    0x82,0x48,0xff,0x82,0x48,0xff,0x66,0xc1,0xff,0x66,0xc1,0xff,
    0x66,0xc1,0xff,0x66,0xc1,0xff,0x66,0xc1,0xff,0x82,0x48,0xff,
    0x82,0x48,0xff,0xa2,0x58,0xff,0xa2,0x58,0xff,0xa2,0x58,0xff,
    0xa2,0x58,0xff,0xa2,0x58,0xff,0x82,0x48,0xff,0x82,0x48,0xff,
    0x66,0xc1,0xff,0x66,0xc1,0xff,0x66,0xc1,0xff,0x66,0xc1,0xff,
    0x66,0xc1,0xff,0x82,0x48,0xff,0x82,0x48,0xff,0x82,0x48,0xff,
    0x00,0x00,0x00,0x00,0x00,0x00,0x82,0x48,0xff,0x82,0x48,0xff,
    0x82,0x48,0xff,0x82,0x48,0xff,0x82,0x48,0xff,0x66,0xc1,0xff,
    0x66,0xc1,0xff,0x82,0x48,0xff,0x82,0x48,0xff,0x82,0x48,0xff,
    0xa2,0x58,0xff,0xa2,0x58,0xff,0xa2,0x58,0xff,0xa2,0x58,0xff,
    0xa2,0x58,0xff,0x82,0x48,0xff,0x82,0x48,0xff,0x82,0x48,0xff,
    0x66,0xc1,0xff,0x66,0xc1,0xff,0x82,0x48,0xff,0x82,0x48,0xff,
    0x82,0x48,0xff,0x82,0x48,0xff,0x82,0x48,0xff,0x00,0x00,0x00,
    0x00,0x00,0x00,0x00,0x00,0x00,0x00,0x00,0x00,0x00,0x00,0x00,
    0x82,0x48,0xff,0x82,0x48,0xff,0x82,0x48,0xff,0x82,0x48,0xff,
    0x82,0x48,0xff,0x00,0x00,0x00,0x82,0x48,0xff,0x82,0x48,0xff,
    0x82,0x48,0xff,0x82,0x48,0xff,0x82,0x48,0xff,0x82,0x48,0xff,
    0x82,0x48,0xff,0x00,0x00,0x00,0x82,0x48,0xff,0x82,0x48,0xff,
    0x82,0x48,0xff,0x82,0x48,0xff,0x82,0x48,0xff,0x00,0x00,0x00,
    0x00,0x00,0x00,0x00,0x00,0x00,0x00,0x00,0x00,0x00,0x00,0x00,
    0x00,0x00,0x00,0x00,0x00,0x00,0x00,0x00,0x00,0x00,0x00,0x00,
    0x00,0x00,0x00,0x00,0x00,0x00,0x00,0x00,0x00,0x00,0x00,0x00,
    0x00,0x00,0x00,0x00,0x00,0x00,0x00,0x00,0x00,0x00,0x00,0x00,
    0x82,0x48,0xff,0x00,0x00,0x00,0x00,0x00,0x00,0x00,0x00,0x00,
    0x00,0x00,0x00,0x00,0x00,0x00,0x00,0x00,0x00,0x00,0x00,0x00,
    0x00,0x00,0x00,0x00,0x00,0x00,0x00,0x00,0x00,0x00,0x00,0x00,
    0x00,0x00,0x00,0x00,0x00,0x00
};
const lv_img_dsc_t sb_head_14 = {
  .header.cf = LV_IMG_CF_TRUE_COLOR_ALPHA,
  .header.always_zero = 0,
  .header.reserved = 0,
  .header.w = 27,
  .header.h = 50,
  .data_size = 4050,
  .data = sb_head_14_map,
};
static const LV_ATTRIBUTE_MEM_ALIGN LV_ATTRIBUTE_LARGE_CONST uint8_t sb_head_15_map[] = {
    0x00,0x00,0x00,0x00,0x00,0x00,0x00,0x00,0x00,0x00,0x00,0x00,
    0x00,0x00,0x00,0x00,0x00,0x00,0x00,0x00,0x00,0x00,0x00,0x00,
    0x82,0x48,0xff,0x82,0x48,0xff,0x82,0x48,0xff,0x82,0x48,0xff,
    0x82,0x48,0xff,0x82,0x48,0xff,0x82,0x48,0xff,0x82,0x48,0xff,
    0x82,0x48,0xff,0x82,0x48,0xff,0x82,0x48,0xff,0x82,0x48,0xff,
    0x00,0x00,0x00,0x00,0x00,0x00,0x00,0x00,0x00,0x00,0x00,0x00,
    0x00,0x00,0x00,0x00,0x00,0x00,0x00,0x00,0x00,0x00,0x00,0x00,
    0x00,0x00,0x00,0x00,0x00,0x00,0x00,0x00,0x00,0x00,0x00,0x00,
    0x00,0x00,0x00,0x00,0x00,0x00,0x00,0x00,0x00,0x82,0x48,0xff,
    0x82,0x48,0xff,0x04,0x89,0xff,0x82,0x48,0xff,0x82,0x48,0xff,
    0x82,0x48,0xff,0x82,0x48,0xff,0x82,0x48,0xff,0x82,0x48,0xff,
    0x82,0x48,0xff,0x82,0x48,0xff,0x04,0x89,0xff,0x82,0x48,0xff,
    0x82,0x48,0xff,0x00,0x00,0x00,0x00,0x00,0x00,0x00,0x00,0x00,
    0x00,0x00,0x00,0x00,0x00,0x00,0x00,0x00,0x00,0x00,0x00,0x00,
    0x00,0x00,0x00,0x00,0x00,0x00,0x00,0x00,0x00,0x00,0x00,0x00,
    0x00,0x00,0x00,0x82,0x48,0xff,0x82,0x48,0xff,0x82,0x48,0xff,
    0x82,0x48,0xff,0x82,0x48,0xff,0x82,0x48,0xff,0x66,0xc1,0xff,
    0x66,0xc1,0xff,0x66,0xc1,0xff,0x66,0xc1,0xff,0x66,0xc1,0xff,
    0x66,0xc1,0xff,0x82,0x48,0xff,0x82,0x48,0xff,0x82,0x48,0xff,
    0x82,0x48,0xff,0x82,0x48,0xff,0x82,0x48,0xff,0x00,0x00,0x00,
    0x00,0x00,0x00,0x00,0x00,0x00,0x00,0x00,0x00,0x00,0x00,0x00,
    0x00,0x00,0x00,0x00,0x00,0x00,0x00,0x00,0x00,0x00,0x00,0x00,
    0x82,0x48,0xff,0x82,0x48,0xff,0x82,0x48,0xff,0x82,0x48,0xff,
    0x66,0xc1,0xff,0x66,0xc1,0xff,0x66,0xc1,0xff,0x66,0xc1,0xff,
    0x66,0xc1,0xff,0x66,0xc1,0xff,0x66,0xc1,0xff,0x66,0xc1,0xff,
    0x66,0xc1,0xff,0x66,0xc1,0xff,0x66,0xc1,0xff,0x66,0xc1,0xff,
    0x82,0x48,0xff,0x82,0x48,0xff,0x82,0x48,0xff,0x82,0x48,0xff,
    0x00,0x00,0x00,0x00,0x00,0x00,0x00,0x00,0x00,0x00,0x00,0x00,
    0x00,0x00,0x00,0x00,0x00,0x00,0x00,0x00,0x00,0x82,0x48,0xff,
    0x82,0x48,0xff,0x82,0x48,0xff,0x82,0x48,0xff,0x66,0xc1,0xff,
    0x66,0xc1,0xff,0x82,0x48,0xff,0x82,0x48,0xff,0x82,0x48,0xff,
    0x82,0x48,0xff,0x82,0x48,0xff,0x82,0x48,0xff,0x82,0x48,0xff,
    0x82,0x48,0xff,0x82,0x48,0xff,0x82,0x48,0xff,0x66,0xc1,0xff,
    0x66,0xc1,0xff,0x82,0x48,0xff,0x82,0x48,0xff,0x82,0x48,0xff,
    0x82,0x48,0xff,0x00,0x00,0x00,0x00,0x00,0x00,0x00,0x00,0x00,
    0x00,0x00,0x00,0x00,0x00,0x00,0x82,0x48,0xff,0x82,0x48,0xff,
    0x82,0x48,0xff,0x82,0x48,0xff,0x66,0xc1,0xff,0x66,0xc1,0xff,
    0x82,0x48,0xff,0x82,0x48,0xff,0xa2,0x58,0xff,0xa2,0x58,0xff,
    0xa2,0x58,0xff,0xa2,0x58,0xff,0xa2,0x58,0xff,0xa2,0x58,0xff,
    0xa2,0x58,0xff,0xa2,0x58,0xff,0x82,0x48,0xff,0x82,0x48,0xff,
    0x66,0xc1,0xff,0x66,0xc1,0xff,0x82,0x48,0xff,0x82,0x48,0xff,
    0x82,0x48,0xff,0x82,0x48,0xff,0x00,0x00,0x00,0x00,0x00,0x00,
    0x00,0x00,0x00,0x82,0x48,0xff,0x82,0x48,0xff,0x82,0x48,0xff,
    0x82,0x48,0xff,0x66,0xc1,0xff,0x66,0xc1,0xff,0x66,0xc1,0xff,
    0x82,0x48,0xff,0xa2,0x58,0xff,0xa2,0x58,0xff,0xa2,0x58,0xff,
    0xa2,0x58,0xff,0xa2,0x58,0xff,0xa2,0x58,0xff,0xa2,0x58,0xff,
    0xa2,0x58,0xff,0xa2,0x58,0xff,0xa2,0x58,0xff,0x82,0x48,0xff,
    0x66,0xc1,0xff,0x66,0xc1,0xff,0x66,0xc1,0xff,0x82,0x48,0xff,
    0x82,0x48,0xff,0x82,0x48,0xff,0x82,0x48,0xff,0x00,0x00,0x00,
    0x82,0x48,0xff,0x82,0x48,0xff,0x04,0x89,0xff,0x82,0x48,0xff,
    0x66,0xc1,0xff,0x66,0xc1,0xff,0x66,0xc1,0xff,0x82,0x48,0xff,
    0x82,0x48,0xff,0xa2,0x58,0xff,0xa2,0x58,0xff,0xa2,0x58,0xff,
    0xa2,0x58,0xff,0xa2,0x58,0xff,0xa2,0x58,0xff,0xa2,0x58,0xff,
    0xa2,0x58,0xff,0xa2,0x58,0xff,0xa2,0x58,0xff,0x82,0x48,0xff,
    0x82,0x48,0xff,0x66,0xc1,0xff,0x66,0xc1,0xff,0x66,0xc1,0xff,
    0x82,0x48,0xff,0x04,0x89,0xff,0x82,0x48,0xff,0x82,0x48,0xff,
    0x82,0x48,0xff,0x04,0x89,0xff,0x82,0x48,0xff,0x82,0x48,0xff,
    0x66,0xc1,0xff,0x66,0xc1,0xff,0x82,0x48,0xff,0x82,0x48,0xff,
    0xa2,0x58,0xff,0xa2,0x58,0xff,0xa2,0x58,0xff,0xa2,0x58,0xff,
    0xa2,0x58,0xff,0xa2,0x58,0xff,0xa2,0x58,0xff,0xa2,0x58,0xff,
    0xa2,0x58,0xff,0xa2,0x58,0xff,0xa2,0x58,0xff,0xa2,0x58,0xff,
    0x82,0x48,0xff,0x82,0x48,0xff,0x66,0xc1,0xff,0x66,0xc1,0xff,
    0x82,0x48,0xff,0x82,0x48,0xff,0x04,0x89,0xff,0x82,0x48,0xff,
    0x82,0x48,0xff,0x04,0x89,0xff,0x82,0x48,0xff,0x66,0xc1,0xff,
    0x66,0xc1,0xff,0x66,0xc1,0xff,0x82,0x48,0xff,0xa2,0x58,0xff,
    0xa2,0x58,0xff,0xa2,0x58,0xff,0xa2,0x58,0xff,0xa2,0x58,0xff,
    0xa2,0x58,0xff,0xa2,0x58,0xff,0xa2,0x58,0xff,0xa2,0x58,0xff,
    0xa2,0x58,0xff,0xa2,0x58,0xff,0xa2,0x58,0xff,0xa2,0x58,0xff,
    0xa2,0x58,0xff,0x82,0x48,0xff,0x66,0xc1,0xff,0x66,0xc1,0xff,
    0x66,0xc1,0xff,0x82,0x48,0xff,0x04,0x89,0xff,0x82,0x48,0xff,
    0x82,0x48,0xff,0x04,0x89,0xff,0x82,0x48,0xff,0x66,0xc1,0xff,
    0x66,0xc1,0xff,0x82,0x48,0xff,0x82,0x48,0xff,0xa2,0x58,0xff,
    0xa2,0x58,0xff,0xa2,0x58,0xff,0xa2,0x58,0xff,0xa2,0x58,0xff,
    0xa2,0x58,0xff,0xa2,0x58,0xff,0xa2,0x58,0xff,0xa2,0x58,0xff,
    0xa2,0x58,0xff,0xa2,0x58,0xff,0xa2,0x58,0xff,0xa2,0x58,0xff,
    0xa2,0x58,0xff,0x82,0x48,0xff,0x82,0x48,0xff,0x66,0xc1,0xff,
    0x66,0xc1,0xff,0x82,0x48,0xff,0x04,0x89,0xff,0x82,0x48,0xff,
    0x82,0x48,0xff,0x04,0x89,0xff,0x82,0x48,0xff,0x66,0xc1,0xff,
    0x66,0xc1,0xff,0x82,0x48,0xff,0xa2,0x58,0xff,0xa2,0x58,0xff,
    0xa2,0x58,0xff,0xa2,0x58,0xff,0xa2,0x58,0xff,0xa2,0x58,0xff,
    0xa2,0x58,0xff,0xa2,0x58,0xff,0xa2,0x58,0xff,0xa2,0x58,0xff,
    0xa2,0x58,0xff,0xa2,0x58,0xff,0xa2,0x58,0xff,0xa2,0x58,0xff,
    0xa2,0x58,0xff,0xa2,0x58,0xff,0x82,0x48,0xff,0x66,0xc1,0xff,
    0x66,0xc1,0xff,0x82,0x48,0xff,0x04,0x89,0xff,0x82,0x48,0xff,
    0x82,0x48,0xff,0x04,0x89,0xff,0x82,0x48,0xff,0x66,0xc1,0xff,
    0x66,0xc1,0xff,0x82,0x48,0xff,0x82,0x48,0xff,0xa2,0x58,0xff,
    0xa2,0x58,0xff,0xa2,0x58,0xff,0xa2,0x58,0xff,0xa2,0x58,0xff,
    0xa2,0x58,0xff,0xa2,0x58,0xff,0xa2,0x58,0xff,0xa2,0x58,0xff,
    0xa2,0x58,0xff,0xa2,0x58,0xff,0xa2,0x58,0xff,0xa2,0x58,0xff,
    0xa2,0x58,0xff,0x82,0x48,0xff,0x82,0x48,0xff,0x66,0xc1,0xff,
    0x66,0xc1,0xff,0x82,0x48,0xff,0x04,0x89,0xff,0x82,0x48,0xff,
    0x82,0x48,0xff,0x04,0x89,0xff,0x82,0x48,0xff,0x82,0x48,0xff,
    0x66,0xc1,0xff,0x66,0xc1,0xff,0x82,0x48,0xff,0xa2,0x58,0xff,
    0xa2,0x58,0xff,0xa2,0x58,0xff,0xa2,0x58,0xff,0xa2,0x58,0xff,
    0xa2,0x58,0xff,0xa2,0x58,0xff,0xa2,0x58,0xff,0xa2,0x58,0xff,
    0xa2,0x58,0xff,0xa2,0x58,0xff,0xa2,0x58,0xff,0xa2,0x58,0xff,
    0xa2,0x58,0xff,0x82,0x48,0xff,0x66,0xc1,0xff,0x66,0xc1,0xff,
    0x82,0x48,0xff,0x82,0x48,0xff,0x04,0x89,0xff,0x82,0x48,0xff,
    0x82,0x48,0xff,0x04,0x89,0xff,0x04,0x89,0xff,0x82,0x48,0xff,
    0x66,0xc1,0xff,0x66,0xc1,0xff,0x82,0x48,0xff,0x82,0x48,0xff,
    0xa2,0x58,0xff,0xa2,0x58,0xff,0xa2,0x58,0xff,0xa2,0x58,0xff,
    0xa2,0x58,0xff,0xa2,0x58,0xff,0xa2,0x58,0xff,0xa2,0x58,0xff,
    0xa2,0x58,0xff,0xa2,0x58,0xff,0xa2,0x58,0xff,0xa2,0x58,0xff,
    0x82,0x48,0xff,0x82,0x48,0xff,0x66,0xc1,0xff,0x66,0xc1,0xff,
    0x82,0x48,0xff,0x04,0x89,0xff,0x04,0x89,0xff,0x82,0x48,0xff,
    0x82,0x48,0xff,0x82,0x48,0xff,0x04,0x89,0xff,0x82,0x48,0xff,
    0x66,0xc1,0xff,0x66,0xc1,0xff,0x66,0xc1,0xff,0x82,0x48,0xff,
    0x82,0x48,0xff,0xa2,0x58,0xff,0xa2,0x58,0xff,0xa2,0x58,0xff,
    0xa2,0x58,0xff,0xa2,0x58,0xff,0xa2,0x58,0xff,0xa2,0x58,0xff,
    0xa2,0x58,0xff,0xa2,0x58,0xff,0xa2,0x58,0xff,0x82,0x48,0xff,
    0x82,0x48,0xff,0x66,0xc1,0xff,0x66,0xc1,0xff,0x66,0xc1,0xff,
    0x82,0x48,0xff,0x04,0x89,0xff,0x82,0x48,0xff,0x82,0x48,0xff,
    0x00,0x00,0x00,0x82,0x48,0xff,0x04,0x89,0xff,0x82,0x48,0xff,
    0x66,0xc1,0xff,0x66,0xc1,0xff,0x66,0xc1,0xff,0x66,0xc1,0xff,
    0x82,0x48,0xff,0xa2,0x58,0xff,0xa2,0x58,0xff,0xa2,0x58,0xff,
    0xa2,0x58,0xff,0xa2,0x58,0xff,0xa2,0x58,0xff,0xa2,0x58,0xff,
    0xa2,0x58,0xff,0xa2,0x58,0xff,0xa2,0x58,0xff,0x82,0x48,0xff,
    0x66,0xc1,0xff,0x66,0xc1,0xff,0x66,0xc1,0xff,0x66,0xc1,0xff,
    0x82,0x48,0xff,0x04,0x89,0xff,0x82,0x48,0xff,0x00,0x00,0x00,
    0x00,0x00,0x00,0x82,0x48,0xff,0x04,0x89,0xff,0x82,0x48,0xff,
    0x66,0xc1,0xff,0x66,0xc1,0xff,0x66,0xc1,0xff,0x66,0xc1,0xff,
    0x82,0x48,0xff,0x82,0x48,0xff,0xa2,0x58,0xff,0xa2,0x58,0xff,
    0xa2,0x58,0xff,0xa2,0x58,0xff,0xa2,0x58,0xff,0xa2,0x58,0xff,
    0xa2,0x58,0xff,0xa2,0x58,0xff,0x82,0x48,0xff,0x82,0x48,0xff,
    0x66,0xc1,0xff,0x66,0xc1,0xff,0x66,0xc1,0xff,0x66,0xc1,0xff,
    0x82,0x48,0xff,0x04,0x89,0xff,0x82,0x48,0xff,0x00,0x00,0x00,
    0x00,0x00,0x00,0x82,0x48,0xff,0x04,0x89,0xff,0x82,0x48,0xff,
    0x66,0xc1,0xff,0x66,0xc1,0xff,0x66,0xc1,0xff,0x66,0xc1,0xff,
    0x66,0xc1,0xff,0x82,0x48,0xff,0x82,0x48,0xff,0xa2,0x58,0xff,
    0xa2,0x58,0xff,0xa2,0x58,0xff,0xa2,0x58,0xff,0xa2,0x58,0xff,
    0xa2,0x58,0xff,0x82,0x48,0xff,0x82,0x48,0xff,0x66,0xc1,0xff,
    0x66,0xc1,0xff,0x66,0xc1,0xff,0x66,0xc1,0xff,0x66,0xc1,0xff,
    0x82,0x48,0xff,0x04,0x89,0xff,0x82,0x48,0xff,0x00,0x00,0x00,
    0x00,0x00,0x00,0x82,0x48,0xff,0x04,0x89,0xff,0x82,0x48,0xff,
    0x66,0xc1,0xff,0x66,0xc1,0xff,0x66,0xc1,0xff,0x66,0xc1,0xff,
    0x66,0xc1,0xff,0x66,0xc1,0xff,0x82,0x48,0xff,0x82,0x48,0xff,
    0x82,0x48,0xff,0x82,0x48,0xff,0x82,0x48,0xff,0x82,0x48,0xff,
    0x82,0x48,0xff,0x82,0x48,0xff,0x66,0xc1,0xff,0x66,0xc1,0xff,
    0x66,0xc1,0xff,0x66,0xc1,0xff,0x66,0xc1,0xff,0x66,0xc1,0xff,
    0x82,0x48,0xff,0x04,0x89,0xff,0x82,0x48,0xff,0x00,0x00,0x00,
    0x00,0x00,0x00,0x82,0x48,0xff,0x04,0x89,0xff,0x82,0x48,0xff,
    0x66,0xc1,0xff,0x66,0xc1,0xff,0x66,0xc1,0xff,0x66,0xc1,0xff,
    0x66,0xc1,0xff,0x66,0xc1,0xff,0x66,0xc1,0xff,0x66,0xc1,0xff,
    0x82,0x48,0xff,0x82,0x48,0xff,0x82,0x48,0xff,0x82,0x48,0xff,
    0x66,0xc1,0xff,0x66,0xc1,0xff,0x66,0xc1,0xff,0x66,0xc1,0xff,
    0x66,0xc1,0xff,0x66,0xc1,0xff,0x66,0xc1,0xff,0x66,0xc1,0xff,
    0x82,0x48,0xff,0x04,0x89,0xff,0x82,0x48,0xff,0x00,0x00,0x00,
    0x00,0x00,0x00,0x82,0x48,0xff,0x82,0x48,0xff,0x82,0x48,0xff,
    0x66,0xc1,0xff,0x66,0xc1,0xff,0x66,0xc1,0xff,0x66,0xc1,0xff,
    0x66,0xc1,0xff,0x66,0xc1,0xff,0x66,0xc1,0xff,0x66,0xc1,0xff,
    0x82,0x48,0xff,0x66,0xc1,0xff,0x82,0x48,0xff,0x82,0x48,0xff,
    0x66,0xc1,0xff,0x66,0xc1,0xff,0x66,0xc1,0xff,0x66,0xc1,0xff,
    0x66,0xc1,0xff,0x66,0xc1,0xff,0x66,0xc1,0xff,0x66,0xc1,0xff,
    0x82,0x48,0xff,0x82,0x48,0xff,0x82,0x48,0xff,0x00,0x00,0x00,
    0x00,0x00,0x00,0x00,0x00,0x00,0x82,0x48,0xff,0x82,0x48,0xff,
    0x66,0xc1,0xff,0x66,0xc1,0xff,0x66,0xc1,0xff,0x66,0xc1,0xff,
    0x66,0xc1,0xff,0x66,0xc1,0xff,0x66,0xc1,0xff,0x82,0x48,0xff,
    0x82,0x48,0xff,0x82,0x48,0xff,0x82,0x48,0xff,0x66,0xc1,0xff,
    0x66,0xc1,0xff,0x66,0xc1,0xff,0x66,0xc1,0xff,0x66,0xc1,0xff,
    0x66,0xc1,0xff,0x66,0xc1,0xff,0x66,0xc1,0xff,0x66,0xc1,0xff,
    0x82,0x48,0xff,0x82,0x48,0xff,0x00,0x00,0x00,0x00,0x00,0x00,
    0x00,0x00,0x00,0x00,0x00,0x00,0x82,0x48,0xff,0x82,0x48,0xff,
    0x66,0xc1,0xff,0x66,0xc1,0xff,0x66,0xc1,0xff,0x66,0xc1,0xff,
    0x66,0xc1,0xff,0x66,0xc1,0xff,0x82,0x48,0xff,0x82,0x48,0xff,
    0x66,0xc1,0xff,0x82,0x48,0xff,0x66,0xc1,0xff,0x82,0x48,0xff,
    0x82,0x48,0xff,0x66,0xc1,0xff,0x66,0xc1,0xff,0x66,0xc1,0xff,
    0x66,0xc1,0xff,0x66,0xc1,0xff,0x66,0xc1,0xff,0x66,0xc1,0xff,
    0x82,0x48,0xff,0x82,0x48,0xff,0x00,0x00,0x00,0x00,0x00,0x00,
    0x00,0x00,0x00,0x00,0x00,0x00,0x82,0x48,0xff,0x82,0x48,0xff,
    0x66,0xc1,0xff,0x66,0xc1,0xff,0x66,0xc1,0xff,0x66,0xc1,0xff,
    0x66,0xc1,0xff,0x66,0xc1,0xff,0x66,0xc1,0xff,0x66,0xc1,0xff,
    0x82,0x48,0xff,0x82,0x48,0xff,0x82,0x48,0xff,0x82,0x48,0xff,
    0x66,0xc1,0xff,0x66,0xc1,0xff,0x66,0xc1,0xff,0x66,0xc1,0xff,
    0x66,0xc1,0xff,0x66,0xc1,0xff,0x66,0xc1,0xff,0x66,0xc1,0xff,
    0x82,0x48,0xff,0x82,0x48,0xff,0x00,0x00,0x00,0x00,0x00,0x00,
    0x00,0x00,0x00,0x00,0x00,0x00,0x82,0x48,0xff,0x82,0x48,0xff,
    0x66,0xc1,0xff,0x66,0xc1,0xff,0x66,0xc1,0xff,0x66,0xc1,0xff,
    0x66,0xc1,0xff,0x66,0xc1,0xff,0x66,0xc1,0xff,0x66,0xc1,0xff,
    0x82,0x48,0xff,0x66,0xc1,0xff,0x82,0x48,0xff,0x82,0x48,0xff,
    0x66,0xc1,0xff,0x66,0xc1,0xff,0x66,0xc1,0xff,0x66,0xc1,0xff,
    0x66,0xc1,0xff,0x66,0xc1,0xff,0x66,0xc1,0xff,0x66,0xc1,0xff,
    0x82,0x48,0xff,0x82,0x48,0xff,0x00,0x00,0x00,0x00,0x00,0x00,
    0x00,0x00,0x00,0x00,0x00,0x00,0x82,0x48,0xff,0x82,0x48,0xff,
    0x82,0x48,0xff,0x66,0xc1,0xff,0x66,0xc1,0xff,0x66,0xc1,0xff,
    0x66,0xc1,0xff,0x66,0xc1,0xff,0x66,0xc1,0xff,0x66,0xc1,0xff,
    0x66,0xc1,0xff,0x66,0xc1,0xff,0x66,0xc1,0xff,0x66,0xc1,0xff,
    0x66,0xc1,0xff,0x66,0xc1,0xff,0x66,0xc1,0xff,0x66,0xc1,0xff,
    0x66,0xc1,0xff,0x66,0xc1,0xff,0x66,0xc1,0xff,0x82,0x48,0xff,
    0x82,0x48,0xff,0x82,0x48,0xff,0x00,0x00,0x00,0x00,0x00,0x00,
    0x00,0x00,0x00,0x00,0x00,0x00,0x82,0x48,0xff,0x04,0x89,0xff,
    0x82,0x48,0xff,0x66,0xc1,0xff,0x66,0xc1,0xff,0x66,0xc1,0xff,
    0x66,0xc1,0xff,0x66,0xc1,0xff,0x66,0xc1,0xff,0x82,0x48,0xff,
    0x82,0x48,0xff,0x82,0x48,0xff,0x82,0x48,0xff,0x82,0x48,0xff,
    0x82,0x48,0xff,0x66,0xc1,0xff,0x66,0xc1,0xff,0x66,0xc1,0xff,
    0x66,0xc1,0xff,0x66,0xc1,0xff,0x66,0xc1,0xff,0x82,0x48,0xff,
    0x04,0x89,0xff,0x82,0x48,0xff,0x00,0x00,0x00,0x00,0x00,0x00,
    0x00,0x00,0x00,0x00,0x00,0x00,0x82,0x48,0xff,0x04,0x89,0xff,
    0x82,0x48,0xff,0x66,0xc1,0xff,0x66,0xc1,0xff,0x66,0xc1,0xff,
    0x66,0xc1,0xff,0x82,0x48,0xff,0x82,0x48,0xff,0x82,0x48,0xff,
    0xa2,0x58,0xff,0xa2,0x58,0xff,0xa2,0x58,0xff,0xa2,0x58,0xff,
    0x82,0x48,0xff,0x82,0x48,0xff,0x82,0x48,0xff,0x66,0xc1,0xff,
    0x66,0xc1,0xff,0x66,0xc1,0xff,0x66,0xc1,0xff,0x82,0x48,0xff,
    0x04,0x89,0xff,0x82,0x48,0xff,0x00,0x00,0x00,0x00,0x00,0x00,
    0x00,0x00,0x00,0x00,0x00,0x00,0x82,0x48,0xff,0x82,0x48,0xff,
    0x82,0x48,0xff,0x66,0xc1,0xff,0x66,0xc1,0xff,0x66,0xc1,0xff,
    0x82,0x48,0xff,0x82,0x48,0xff,0xa2,0x58,0xff,0xa2,0x58,0xff,
    0xa2,0x58,0xff,0xa2,0x58,0xff,0xa2,0x58,0xff,0xa2,0x58,0xff,
    0xa2,0x58,0xff,0xa2,0x58,0xff,0x82,0x48,0xff,0x82,0x48,0xff,
    0x66,0xc1,0xff,0x66,0xc1,0xff,0x66,0xc1,0xff,0x82,0x48,0xff,
    0x82,0x48,0xff,0x82,0x48,0xff,0x00,0x00,0x00,0x00,0x00,0x00,
    0x00,0x00,0x00,0x00,0x00,0x00,0x82,0x48,0xff,0x82,0x48,0xff,
    0x66,0xc1,0xff,0x66,0xc1,0xff,0x66,0xc1,0xff,0x82,0x48,0xff,
    0x82,0x48,0xff,0xa2,0x58,0xff,0xa2,0x58,0xff,0xa2,0x58,0xff,
    0xa2,0x58,0xff,0xa2,0x58,0xff,0xa2,0x58,0xff,0xa2,0x58,0xff,
    0xa2,0x58,0xff,0xa2,0x58,0xff,0xa2,0x58,0xff,0x82,0x48,0xff,
    0x82,0x48,0xff,0x66,0xc1,0xff,0x66,0xc1,0xff,0x66,0xc1,0xff,
    0x82,0x48,0xff,0x82,0x48,0xff,0x00,0x00,0x00,0x00,0x00,0x00,
    0x00,0x00,0x00,0x00,0x00,0x00,0x82,0x48,0xff,0x82,0x48,0xff,
    0x66,0xc1,0xff,0x66,0xc1,0xff,0x66,0xc1,0xff,0x82,0x48,0xff,
    0xa2,0x58,0xff,0xa2,0x58,0xff,0xa2,0x58,0xff,0xa2,0x58,0xff,
    0xa2,0x58,0xff,0xa2,0x58,0xff,0xa2,0x58,0xff,0xa2,0x58,0xff,
    0xa2,0x58,0xff,0xa2,0x58,0xff,0xa2,0x58,0xff,0xa2,0x58,0xff,
    0x82,0x48,0xff,0x66,0xc1,0xff,0x66,0xc1,0xff,0x66,0xc1,0xff,
    0x82,0x48,0xff,0x82,0x48,0xff,0x00,0x00,0x00,0x00,0x00,0x00,
    0x00,0x00,0x00,0x00,0x00,0x00,0x82,0x48,0xff,0x82,0x48,0xff,
    0x66,0xc1,0xff,0x66,0xc1,0xff,0x66,0xc1,0xff,0x82,0x48,0xff,
    0xa2,0x58,0xff,0xa2,0x58,0xff,0xa2,0x58,0xff,0xa2,0x58,0xff,
    0xa2,0x58,0xff,0xa2,0x58,0xff,0xa2,0x58,0xff,0xa2,0x58,0xff,
    0xa2,0x58,0xff,0xa2,0x58,0xff,0xa2,0x58,0xff,0xa2,0x58,0xff,
    0x82,0x48,0xff,0x66,0xc1,0xff,0x66,0xc1,0xff,0x66,0xc1,0xff,
    0x82,0x48,0xff,0x82,0x48,0xff,0x00,0x00,0x00,0x00,0x00,0x00,
    0x00,0x00,0x00,0x00,0x00,0x00,0x82,0x48,0xff,0x82,0x48,0xff,
    0x66,0xc1,0xff,0x66,0xc1,0xff,0x82,0x48,0xff,0x82,0x48,0xff,
    0xa2,0x58,0xff,0xa2,0x58,0xff,0xa2,0x58,0xff,0xa2,0x58,0xff,
    0xa2,0x58,0xff,0xa2,0x58,0xff,0xa2,0x58,0xff,0xa2,0x58,0xff,
    0xa2,0x58,0xff,0xa2,0x58,0xff,0xa2,0x58,0xff,0xa2,0x58,0xff,
    0x82,0x48,0xff,0x82,0x48,0xff,0x66,0xc1,0xff,0x66,0xc1,0xff,
    0x82,0x48,0xff,0x82,0x48,0xff,0x00,0x00,0x00,0x00,0x00,0x00,
    0x00,0x00,0x00,0x00,0x00,0x00,0x82,0x48,0xff,0x82,0x48,0xff,
    0x66,0xc1,0xff,0x66,0xc1,0xff,0x82,0x48,0xff,0xa2,0x58,0xff,
    0xa2,0x58,0xff,0xa2,0x58,0xff,0xa2,0x58,0xff,0xa2,0x58,0xff,
    0xa2,0x58,0xff,0xa2,0x58,0xff,0xa2,0x58,0xff,0xa2,0x58,0xff,
    0xa2,0x58,0xff,0xa2,0x58,0xff,0xa2,0x58,0xff,0xa2,0x58,0xff,
    0xa2,0x58,0xff,0x82,0x48,0xff,0x66,0xc1,0xff,0x66,0xc1,0xff,
    0x82,0x48,0xff,0x82,0x48,0xff,0x00,0x00,0x00,0x00,0x00,0x00,
    0x00,0x00,0x00,0x00,0x00,0x00,0x82,0x48,0xff,0x82,0x48,0xff,
    0x66,0xc1,0xff,0x66,0xc1,0xff,0x82,0x48,0xff,0x82,0x48,0xff,
    0xa2,0x58,0xff,0xa2,0x58,0xff,0xa2,0x58,0xff,0xa2,0x58,0xff,
    0xa2,0x58,0xff,0xa2,0x58,0xff,0xa2,0x58,0xff,0xa2,0x58,0xff,
    0xa2,0x58,0xff,0xa2,0x58,0xff,0xa2,0x58,0xff,0xa2,0x58,0xff,
    0x82,0x48,0xff,0x82,0x48,0xff,0x66,0xc1,0xff,0x66,0xc1,0xff,
    0x82,0x48,0xff,0x82,0x48,0xff,0x00,0x00,0x00,0x00,0x00,0x00,
    0x00,0x00,0x00,0x00,0x00,0x00,0x82,0x48,0xff,0x82,0x48,0xff,
    0x66,0xc1,0xff,0x66,0xc1,0xff,0x66,0xc1,0xff,0x82,0x48,0xff,
    0xa2,0x58,0xff,0xa2,0x58,0xff,0xa2,0x58,0xff,0xa2,0x58,0xff,
    0xa2,0x58,0xff,0xa2,0x58,0xff,0xa2,0x58,0xff,0xa2,0x58,0xff,
    0xa2,0x58,0xff,0xa2,0x58,0xff,0xa2,0x58,0xff,0xa2,0x58,0xff,
    0x82,0x48,0xff,0x66,0xc1,0xff,0x66,0xc1,0xff,0x66,0xc1,0xff,
    0x82,0x48,0xff,0x82,0x48,0xff,0x00,0x00,0x00,0x00,0x00,0x00,
    0x00,0x00,0x00,0x82,0x48,0xff,0x82,0x48,0xff,0x82,0x48,0xff,
    0x66,0xc1,0xff,0x66,0xc1,0xff,0x66,0xc1,0xff,0x82,0x48,0xff,
    0x82,0x48,0xff,0xa2,0x58,0xff,0xa2,0x58,0xff,0xa2,0x58,0xff,
    0xa2,0x58,0xff,0xa2,0x58,0xff,0xa2,0x58,0xff,0xa2,0x58,0xff,
    0xa2,0x58,0xff,0xa2,0x58,0xff,0xa2,0x58,0xff,0x82,0x48,0xff,
    0x82,0x48,0xff,0x66,0xc1,0xff,0x66,0xc1,0xff,0x66,0xc1,0xff,
    0x82,0x48,0xff,0x82,0x48,0xff,0x82,0x48,0xff,0x00,0x00,0x00,
    0x00,0x00,0x00,0x82,0x48,0xff,0x04,0x89,0xff,0x82,0x48,0xff,
    0x66,0xc1,0xff,0x66,0xc1,0xff,0x66,0xc1,0xff,0x66,0xc1,0xff,
    0x82,0x48,0xff,0x82,0x48,0xff,0xa2,0x58,0xff,0xa2,0x58,0xff,
    0xa2,0x58,0xff,0xa2,0x58,0xff,0xa2,0x58,0xff,0xa2,0x58,0xff,
    0xa2,0x58,0xff,0xa2,0x58,0xff,0x82,0x48,0xff,0x82,0x48,0xff,
    0x66,0xc1,0xff,0x66,0xc1,0xff,0x66,0xc1,0xff,0x66,0xc1,0xff,
    0x82,0x48,0xff,0x04,0x89,0xff,0x82,0x48,0xff,0x00,0x00,0x00,
    0x00,0x00,0x00,0x82,0x48,0xff,0x82,0x48,0xff,0x82,0x48,0xff,
    0x66,0xc1,0xff,0x66,0xc1,0xff,0x66,0xc1,0xff,0x66,0xc1,0xff,
    0x66,0xc1,0xff,0x82,0x48,0xff,0x82,0x48,0xff,0xa2,0x58,0xff,
    0xa2,0x58,0xff,0xa2,0x58,0xff,0xa2,0x58,0xff,0xa2,0x58,0xff,
    0xa2,0x58,0xff,0x82,0x48,0xff,0x82,0x48,0xff,0x66,0xc1,0xff,
    0x66,0xc1,0xff,0x66,0xc1,0xff,0x66,0xc1,0xff,0x66,0xc1,0xff,
    0x82,0x48,0xff,0x82,0x48,0xff,0x82,0x48,0xff,0x00,0x00,0x00,
    0x00,0x00,0x00,0x82,0x48,0xff,0x82,0x48,0xff,0x66,0xc1,0xff,
    0x66,0xc1,0xff,0x66,0xc1,0xff,0x66,0xc1,0xff,0x66,0xc1,0xff,
    0x66,0xc1,0xff,0x66,0xc1,0xff,0x82,0x48,0xff,0x82,0x48,0xff,
    0x82,0x48,0xff,0xa2,0x58,0xff,0xa2,0x58,0xff,0x82,0x48,0xff,
    0x82,0x48,0xff,0x82,0x48,0xff,0x66,0xc1,0xff,0x66,0xc1,0xff,
    0x66,0xc1,0xff,0x66,0xc1,0xff,0x66,0xc1,0xff,0x66,0xc1,0xff,
    0x66,0xc1,0xff,0x82,0x48,0xff,0x82,0x48,0xff,0x00,0x00,0x00,
    0x00,0x00,0x00,0x82,0x48,0xff,0x82,0x48,0xff,0x66,0xc1,0xff,
    0x66,0xc1,0xff,0x66,0xc1,0xff,0x66,0xc1,0xff,0x66,0xc1,0xff,
    0x66,0xc1,0xff,0x66,0xc1,0xff,0x66,0xc1,0xff,0x66,0xc1,0xff,
    0x82,0x48,0xff,0x82,0x48,0xff,0x82,0x48,0xff,0x82,0x48,0xff,
    0x66,0xc1,0xff,0x66,0xc1,0xff,0x66,0xc1,0xff,0x66,0xc1,0xff,
    0x66,0xc1,0xff,0x66,0xc1,0xff,0x66,0xc1,0xff,0x66,0xc1,0xff,
    0x66,0xc1,0xff,0x82,0x48,0xff,0x82,0x48,0xff,0x00,0x00,0x00,
    0x82,0x48,0xff,0x82,0x48,0xff,0x82,0x48,0xff,0x66,0xc1,0xff,
    0x66,0xc1,0xff,0x66,0xc1,0xff,0x66,0xc1,0xff,0x66,0xc1,0xff,
    0x66,0xc1,0xff,0x66,0xc1,0xff,0x66,0xc1,0xff,0x66,0xc1,0xff,
    0x66,0xc1,0xff,0x66,0xc1,0xff,0x66,0xc1,0xff,0x66,0xc1,0xff,
    0x66,0xc1,0xff,0x66,0xc1,0xff,0x66,0xc1,0xff,0x66,0xc1,0xff,
    0x66,0xc1,0xff,0x66,0xc1,0xff,0x66,0xc1,0xff,0x66,0xc1,0xff,
    0x66,0xc1,0xff,0x82,0x48,0xff,0x82,0x48,0xff,0x82,0x48,0xff,
    0x82,0x48,0xff,0x82,0x48,0xff,0x82,0x48,0xff,0x66,0xc1,0xff,
    0x66,0xc1,0xff,0x66,0xc1,0xff,0x66,0xc1,0xff,0x66,0xc1,0xff,
    0x66,0xc1,0xff,0x66,0xc1,0xff,0x66,0xc1,0xff,0x66,0xc1,0xff,
    0x66,0xc1,0xff,0x66,0xc1,0xff,0x66,0xc1,0xff,0x66,0xc1,0xff,
    0x66,0xc1,0xff,0x66,0xc1,0xff,0x66,0xc1,0xff,0x66,0xc1,0xff,
    0x66,0xc1,0xff,0x66,0xc1,0xff,0x66,0xc1,0xff,0x66,0xc1,0xff,
    0x66,0xc1,0xff,0x82,0x48,0xff,0x82,0x48,0xff,0x82,0x48,0xff,
    0x82,0x48,0xff,0x04,0x89,0xff,0x82,0x48,0xff,0x66,0xc1,0xff,
    0x66,0xc1,0xff,0x66,0xc1,0xff,0x66,0xc1,0xff,0x66,0xc1,0xff,
    0x66,0xc1,0xff,0x66,0xc1,0xff,0x82,0x48,0xff,0x82,0x48,0xff,
    0x82,0x48,0xff,0x82,0x48,0xff,0x82,0x48,0xff,0x82,0x48,0xff,
    0x82,0x48,0xff,0x82,0x48,0xff,0x66,0xc1,0xff,0x66,0xc1,0xff,
    0x66,0xc1,0xff,0x66,0xc1,0xff,0x66,0xc1,0xff,0x66,0xc1,0xff,
    0x66,0xc1,0xff,0x82,0x48,0xff,0x04,0x89,0xff,0x82,0x48,0xff,
    0x82,0x48,0xff,0x04,0x89,0xff,0x82,0x48,0xff,0x66,0xc1,0xff,
    0x66,0xc1,0xff,0x66,0xc1,0xff,0x66,0xc1,0xff,0x66,0xc1,0xff,
    0x66,0xc1,0xff,0x66,0xc1,0xff,0x82,0x48,0xff,0xa2,0x58,0xff,
    0xa2,0x58,0xff,0xa2,0x58,0xff,0xa2,0x58,0xff,0xa2,0x58,0xff,
    0xa2,0x58,0xff,0x82,0x48,0xff,0x66,0xc1,0xff,0x66,0xc1,0xff,
    0x66,0xc1,0xff,0x66,0xc1,0xff,0x66,0xc1,0xff,0x66,0xc1,0xff,
    0x66,0xc1,0xff,0x82,0x48,0xff,0x04,0x89,0xff,0x82,0x48,0xff,
    0x82,0x48,0xff,0x82,0x48,0xff,0x82,0x48,0xff,0x66,0xc1,0xff,
    0x66,0xc1,0xff,0x66,0xc1,0xff,0x66,0xc1,0xff,0x66,0xc1,0xff,
    0x66,0xc1,0xff,0x82,0x48,0xff,0x82,0x48,0xff,0xa2,0x58,0xff,
    0xa2,0x58,0xff,0xa2,0x58,0xff,0xa2,0x58,0xff,0xa2,0x58,0xff,
    0xa2,0x58,0xff,0x82,0x48,0xff,0x82,0x48,0xff,0x66,0xc1,0xff,
    0x66,0xc1,0xff,0x66,0xc1,0xff,0x66,0xc1,0xff,0x66,0xc1,0xff,
    0x66,0xc1,0xff,0x82,0x48,0xff,0x82,0x48,0xff,0x82,0x48,0xff,
    0x00,0x00,0x00,0x82,0x48,0xff,0x82,0x48,0xff,0x82,0x48,0xff,
    0x66,0xc1,0xff,0x66,0xc1,0xff,0x66,0xc1,0xff,0x66,0xc1,0xff,
    0x66,0xc1,0xff,0x82,0x48,0xff,0x82,0x48,0xff,0xa2,0x58,0xff,
    0xa2,0x58,0xff,0xa2,0x58,0xff,0xa2,0x58,0xff,0xa2,0x58,0xff,
    0xa2,0x58,0xff,0x82,0x48,0xff,0x82,0x48,0xff,0x66,0xc1,0xff,
    0x66,0xc1,0xff,0x66,0xc1,0xff,0x66,0xc1,0xff,0x66,0xc1,0xff,
    0x82,0x48,0xff,0x82,0x48,0xff,0x82,0x48,0xff,0x00,0x00,0x00,
    0x00,0x00,0x00,0x82,0x48,0xff,0x82,0x48,0xff,0x82,0x48,0xff,
    0x82,0x48,0xff,0x82,0x48,0xff,0x66,0xc1,0xff,0x66,0xc1,0xff,
    0x66,0xc1,0xff,0x82,0x48,0xff,0x82,0x48,0xff,0xa2,0x58,0xff,
    0xa2,0x58,0xff,0xa2,0x58,0xff,0xa2,0x58,0xff,0xa2,0x58,0xff,
    0xa2,0x58,0xff,0x82,0x48,0xff,0x82,0x48,0xff,0x66,0xc1,0xff,
    0x66,0xc1,0xff,0x66,0xc1,0xff,0x82,0x48,0xff,0x82,0x48,0xff,
    0x82,0x48,0xff,0x82,0x48,0xff,0x82,0x48,0xff,0x00,0x00,0x00,
    0x00,0x00,0x00,0x00,0x00,0x00,0x00,0x00,0x00,0x82,0x48,0xff,
    0x82,0x48,0xff,0x82,0x48,0xff,0x82,0x48,0xff,0x82,0x48,0xff,
    0x82,0x48,0xff,0x82,0x48,0xff,0x82,0x48,0xff,0x82,0x48,0xff,
    0x82,0x48,0xff,0x82,0x48,0xff,0x82,0x48,0xff,0x82,0x48,0xff,
    0x82,0x48,0xff,0x82,0x48,0xff,0x82,0x48,0xff,0x82,0x48,0xff,
    0x82,0x48,0xff,0x82,0x48,0xff,0x82,0x48,0xff,0x82,0x48,0xff,
    0x82,0x48,0xff,0x00,0x00,0x00,0x00,0x00,0x00,0x00,0x00,0x00,
    0x00,0x00,0x00,0x00,0x00,0x00,0x00,0x00,0x00,0x00,0x00,0x00,
    0x00,0x00,0x00,0x00,0x00,0x00,0x00,0x00,0x00,0x00,0x00,0x00,
    0x00,0x00,0x00,0x00,0x00,0x00,0x00,0x00,0x00,0x00,0x00,0x00,
    0x00,0x00,0x00,0x82,0x48,0xff,0x82,0x48,0xff,0x00,0x00,0x00,
    0x00,0x00,0x00,0x00,0x00,0x00,0x00,0x00,0x00,0x00,0x00,0x00,
    0x00,0x00,0x00,0x00,0x00,0x00,0x00,0x00,0x00,0x00,0x00,0x00,
    0x00,0x00,0x00,0x00,0x00,0x00,0x00,0x00,0x00,0x00,0x00,0x00
};
const lv_img_dsc_t sb_head_15 = {
  .header.cf = LV_IMG_CF_TRUE_COLOR_ALPHA,
  .header.always_zero = 0,
  .header.reserved = 0,
  .header.w = 28,
  .header.h = 51,
  .data_size = 4284,
  .data = sb_head_15_map,
};
static const LV_ATTRIBUTE_MEM_ALIGN LV_ATTRIBUTE_LARGE_CONST uint8_t sb_head_16_map[] = {
    0x00,0x00,0x00,0x00,0x00,0x00,0x00,0x00,0x00,0x00,0x00,0x00,
    0x00,0x00,0x00,0x00,0x00,0x00,0x00,0x00,0x00,0x00,0x00,0x00,
    0x82,0x48,0xff,0x82,0x48,0xff,0x82,0x48,0xff,0x82,0x48,0xff,
    0x82,0x48,0xff,0x82,0x48,0xff,0x82,0x48,0xff,0x82,0x48,0xff,
    0x82,0x48,0xff,0x82,0x48,0xff,0x82,0x48,0xff,0x82,0x48,0xff,
    0x00,0x00,0x00,0x00,0x00,0x00,0x00,0x00,0x00,0x00,0x00,0x00,
    0x00,0x00,0x00,0x00,0x00,0x00,0x00,0x00,0x00,0x00,0x00,0x00,
    0x00,0x00,0x00,0x00,0x00,0x00,0x00,0x00,0x00,0x00,0x00,0x00,
    0x00,0x00,0x00,0x00,0x00,0x00,0x00,0x00,0x00,0x82,0x48,0xff,
    0x82,0x48,0xff,0x04,0x89,0xff,0x82,0x48,0xff,0x82,0x48,0xff,
    0x82,0x48,0xff,0x82,0x48,0xff,0x82,0x48,0xff,0x82,0x48,0xff,
    0x82,0x48,0xff,0x82,0x48,0xff,0x04,0x89,0xff,0x82,0x48,0xff,
    0x82,0x48,0xff,0x00,0x00,0x00,0x00,0x00,0x00,0x00,0x00,0x00,
    0x00,0x00,0x00,0x00,0x00,0x00,0x00,0x00,0x00,0x00,0x00,0x00,
    0x00,0x00,0x00,0x00,0x00,0x00,0x00,0x00,0x00,0x00,0x00,0x00,
    0x00,0x00,0x00,0x82,0x48,0xff,0x82,0x48,0xff,0x82,0x48,0xff,
    0x82,0x48,0xff,0x82,0x48,0xff,0x82,0x48,0xff,0x66,0xc1,0xff,
    0x66,0xc1,0xff,0x66,0xc1,0xff,0x66,0xc1,0xff,0x66,0xc1,0xff,
    0x66,0xc1,0xff,0x82,0x48,0xff,0x82,0x48,0xff,0x82,0x48,0xff,
    0x82,0x48,0xff,0x82,0x48,0xff,0x82,0x48,0xff,0x00,0x00,0x00,
    0x00,0x00,0x00,0x00,0x00,0x00,0x00,0x00,0x00,0x00,0x00,0x00,
    0x00,0x00,0x00,0x00,0x00,0x00,0x00,0x00,0x00,0x00,0x00,0x00,
    0x82,0x48,0xff,0x82,0x48,0xff,0x82,0x48,0xff,0x82,0x48,0xff,
    0x82,0x48,0xff,0x66,0xc1,0xff,0x66,0xc1,0xff,0x66,0xc1,0xff,
    0x66,0xc1,0xff,0x66,0xc1,0xff,0x66,0xc1,0xff,0x66,0xc1,0xff,
    0x66,0xc1,0xff,0x66,0xc1,0xff,0x66,0xc1,0xff,0x82,0x48,0xff,
    0x82,0x48,0xff,0x82,0x48,0xff,0x82,0x48,0xff,0x82,0x48,0xff,
    0x00,0x00,0x00,0x00,0x00,0x00,0x00,0x00,0x00,0x00,0x00,0x00,
    0x00,0x00,0x00,0x00,0x00,0x00,0x00,0x00,0x00,0x82,0x48,0xff,
    0x82,0x48,0xff,0x82,0x48,0xff,0x82,0x48,0xff,0x66,0xc1,0xff,
    0x66,0xc1,0xff,0x82,0x48,0xff,0x82,0x48,0xff,0x82,0x48,0xff,
    0x82,0x48,0xff,0x82,0x48,0xff,0x82,0x48,0xff,0x82,0x48,0xff,
    0x82,0x48,0xff,0x82,0x48,0xff,0x82,0x48,0xff,0x66,0xc1,0xff,
    0x66,0xc1,0xff,0x82,0x48,0xff,0x82,0x48,0xff,0x82,0x48,0xff,
    0x82,0x48,0xff,0x00,0x00,0x00,0x00,0x00,0x00,0x00,0x00,0x00,
    0x00,0x00,0x00,0x00,0x00,0x00,0x82,0x48,0xff,0x82,0x48,0xff,
    0x82,0x48,0xff,0x82,0x48,0xff,0x66,0xc1,0xff,0x66,0xc1,0xff,
    0x82,0x48,0xff,0x82,0x48,0xff,0xa2,0x58,0xff,0xa2,0x58,0xff,
    0xa2,0x58,0xff,0xa2,0x58,0xff,0xa2,0x58,0xff,0xa2,0x58,0xff,
    0xa2,0x58,0xff,0xa2,0x58,0xff,0x82,0x48,0xff,0x82,0x48,0xff,
    0x66,0xc1,0xff,0x66,0xc1,0xff,0x82,0x48,0xff,0x82,0x48,0xff,
    0x82,0x48,0xff,0x82,0x48,0xff,0x00,0x00,0x00,0x00,0x00,0x00,
    0x00,0x00,0x00,0x82,0x48,0xff,0x82,0x48,0xff,0x82,0x48,0xff,
    0x82,0x48,0xff,0x66,0xc1,0xff,0x66,0xc1,0xff,0x66,0xc1,0xff,
    0x82,0x48,0xff,0xa2,0x58,0xff,0xa2,0x58,0xff,0xa2,0x58,0xff,
    0xa2,0x58,0xff,0xa2,0x58,0xff,0xa2,0x58,0xff,0xa2,0x58,0xff,
    0xa2,0x58,0xff,0xa2,0x58,0xff,0xa2,0x58,0xff,0x82,0x48,0xff,
    0x66,0xc1,0xff,0x66,0xc1,0xff,0x66,0xc1,0xff,0x82,0x48,0xff,
    0x82,0x48,0xff,0x82,0x48,0xff,0x82,0x48,0xff,0x00,0x00,0x00,
    0x00,0x00,0x00,0x82,0x48,0xff,0x04,0x89,0xff,0x82,0x48,0xff,
    0x66,0xc1,0xff,0x66,0xc1,0xff,0x66,0xc1,0xff,0x82,0x48,0xff,
    0x82,0x48,0xff,0xa2,0x58,0xff,0xa2,0x58,0xff,0xa2,0x58,0xff,
    0xa2,0x58,0xff,0xa2,0x58,0xff,0xa2,0x58,0xff,0xa2,0x58,0xff,
    0xa2,0x58,0xff,0xa2,0x58,0xff,0xa2,0x58,0xff,0x82,0x48,0xff,
    0x82,0x48,0xff,0x66,0xc1,0xff,0x66,0xc1,0xff,0x66,0xc1,0xff,
    0x82,0x48,0xff,0x04,0x89,0xff,0x82,0x48,0xff,0x00,0x00,0x00,
    0x82,0x48,0xff,0x82,0x48,0xff,0x82,0x48,0xff,0x82,0x48,0xff,
    0x66,0xc1,0xff,0x66,0xc1,0xff,0x66,0xc1,0xff,0x82,0x48,0xff,
    0xa2,0x58,0xff,0xa2,0x58,0xff,0xa2,0x58,0xff,0xa2,0x58,0xff,
    0xa2,0x58,0xff,0xa2,0x58,0xff,0xa2,0x58,0xff,0xa2,0x58,0xff,
    0xa2,0x58,0xff,0xa2,0x58,0xff,0xa2,0x58,0xff,0xa2,0x58,0xff,
    0x82,0x48,0xff,0x66,0xc1,0xff,0x66,0xc1,0xff,0x66,0xc1,0xff,
    0x82,0x48,0xff,0x82,0x48,0xff,0x82,0x48,0xff,0x82,0x48,0xff,
    0x82,0x48,0xff,0x04,0x89,0xff,0x82,0x48,0xff,0x66,0xc1,0xff,
    0x66,0xc1,0xff,0x66,0xc1,0xff,0x82,0x48,0xff,0x82,0x48,0xff,
    0xa2,0x58,0xff,0xa2,0x58,0xff,0xa2,0x58,0xff,0xa2,0x58,0xff,
    0xa2,0x58,0xff,0xa2,0x58,0xff,0xa2,0x58,0xff,0xa2,0x58,0xff,
    0xa2,0x58,0xff,0xa2,0x58,0xff,0xa2,0x58,0xff,0xa2,0x58,0xff,
    0x82,0x48,0xff,0x82,0x48,0xff,0x66,0xc1,0xff,0x66,0xc1,0xff,
    0x66,0xc1,0xff,0x82,0x48,0xff,0x04,0x89,0xff,0x82,0x48,0xff,
    0x82,0x48,0xff,0x04,0x89,0xff,0x82,0x48,0xff,0x66,0xc1,0xff,
    0x66,0xc1,0xff,0x66,0xc1,0xff,0x82,0x48,0xff,0xa2,0x58,0xff,
    0xa2,0x58,0xff,0xa2,0x58,0xff,0xa2,0x58,0xff,0xa2,0x58,0xff,
    0xa2,0x58,0xff,0xa2,0x58,0xff,0xa2,0x58,0xff,0xa2,0x58,0xff,
    0xa2,0x58,0xff,0xa2,0x58,0xff,0xa2,0x58,0xff,0xa2,0x58,0xff,
    0xa2,0x58,0xff,0x82,0x48,0xff,0x66,0xc1,0xff,0x66,0xc1,0xff,
    0x66,0xc1,0xff,0x82,0x48,0xff,0x04,0x89,0xff,0x82,0x48,0xff,
    0x82,0x48,0xff,0x04,0x89,0xff,0x82,0x48,0xff,0x66,0xc1,0xff,
    0x66,0xc1,0xff,0x82,0x48,0xff,0x82,0x48,0xff,0xa2,0x58,0xff,
    0xa2,0x58,0xff,0xa2,0x58,0xff,0xa2,0x58,0xff,0xa2,0x58,0xff,
    0xa2,0x58,0xff,0xa2,0x58,0xff,0xa2,0x58,0xff,0xa2,0x58,0xff,
    0xa2,0x58,0xff,0xa2,0x58,0xff,0xa2,0x58,0xff,0xa2,0x58,0xff,
    0xa2,0x58,0xff,0x82,0x48,0xff,0x82,0x48,0xff,0x66,0xc1,0xff,
    0x66,0xc1,0xff,0x82,0x48,0xff,0x04,0x89,0xff,0x82,0x48,0xff,
    0x82,0x48,0xff,0x04,0x89,0xff,0x82,0x48,0xff,0x66,0xc1,0xff,
    0x66,0xc1,0xff,0x66,0xc1,0xff,0x82,0x48,0xff,0xa2,0x58,0xff,
    0xa2,0x58,0xff,0xa2,0x58,0xff,0xa2,0x58,0xff,0xa2,0x58,0xff,
    0xa2,0x58,0xff,0xa2,0x58,0xff,0xa2,0x58,0xff,0xa2,0x58,0xff,
    0xa2,0x58,0xff,0xa2,0x58,0xff,0xa2,0x58,0xff,0xa2,0x58,0xff,
    0xa2,0x58,0xff,0x82,0x48,0xff,0x66,0xc1,0xff,0x66,0xc1,0xff,
    0x66,0xc1,0xff,0x82,0x48,0xff,0x04,0x89,0xff,0x82,0x48,0xff,
    0x82,0x48,0xff,0x04,0x89,0xff,0x82,0x48,0xff,0x82,0x48,0xff,
    0x66,0xc1,0xff,0x66,0xc1,0xff,0x82,0x48,0xff,0xa2,0x58,0xff,
    0xa2,0x58,0xff,0xa2,0x58,0xff,0xa2,0x58,0xff,0xa2,0x58,0xff,
    0xa2,0x58,0xff,0xa2,0x58,0xff,0xa2,0x58,0xff,0xa2,0x58,0xff,
    0xa2,0x58,0xff,0xa2,0x58,0xff,0xa2,0x58,0xff,0xa2,0x58,0xff,
    0xa2,0x58,0xff,0x82,0x48,0xff,0x66,0xc1,0xff,0x66,0xc1,0xff,
    0x82,0x48,0xff,0x82,0x48,0xff,0x04,0x89,0xff,0x82,0x48,0xff,
    0x82,0x48,0xff,0x04,0x89,0xff,0x04,0x89,0xff,0x82,0x48,0xff,
    0x66,0xc1,0xff,0x66,0xc1,0xff,0x82,0x48,0xff,0x82,0x48,0xff,
    0xa2,0x58,0xff,0xa2,0x58,0xff,0xa2,0x58,0xff,0xa2,0x58,0xff,
    0xa2,0x58,0xff,0xa2,0x58,0xff,0xa2,0x58,0xff,0xa2,0x58,0xff,
    0xa2,0x58,0xff,0xa2,0x58,0xff,0xa2,0x58,0xff,0xa2,0x58,0xff,
    0x82,0x48,0xff,0x82,0x48,0xff,0x66,0xc1,0xff,0x66,0xc1,0xff,
    0x82,0x48,0xff,0x04,0x89,0xff,0x04,0x89,0xff,0x82,0x48,0xff,
    0x82,0x48,0xff,0x04,0x89,0xff,0x04,0x89,0xff,0x82,0x48,0xff,
    0x66,0xc1,0xff,0x66,0xc1,0xff,0x66,0xc1,0xff,0x82,0x48,0xff,
    0xa2,0x58,0xff,0xa2,0x58,0xff,0xa2,0x58,0xff,0xa2,0x58,0xff,
    0xa2,0x58,0xff,0xa2,0x58,0xff,0xa2,0x58,0xff,0xa2,0x58,0xff,
    0xa2,0x58,0xff,0xa2,0x58,0xff,0xa2,0x58,0xff,0xa2,0x58,0xff,
    0x82,0x48,0xff,0x66,0xc1,0xff,0x66,0xc1,0xff,0x66,0xc1,0xff,
    0x82,0x48,0xff,0x04,0x89,0xff,0x04,0x89,0xff,0x82,0x48,0xff,
    0x82,0x48,0xff,0x82,0x48,0xff,0x04,0x89,0xff,0x82,0x48,0xff,
    0x66,0xc1,0xff,0x66,0xc1,0xff,0x66,0xc1,0xff,0x82,0x48,0xff,
    0x82,0x48,0xff,0xa2,0x58,0xff,0xa2,0x58,0xff,0xa2,0x58,0xff,
    0xa2,0x58,0xff,0xa2,0x58,0xff,0xa2,0x58,0xff,0xa2,0x58,0xff,
    0xa2,0x58,0xff,0xa2,0x58,0xff,0xa2,0x58,0xff,0x82,0x48,0xff,
    0x82,0x48,0xff,0x66,0xc1,0xff,0x66,0xc1,0xff,0x66,0xc1,0xff,
    0x82,0x48,0xff,0x04,0x89,0xff,0x82,0x48,0xff,0x82,0x48,0xff,
    0x00,0x00,0x00,0x82,0x48,0xff,0x04,0x89,0xff,0x82,0x48,0xff,
    0x66,0xc1,0xff,0x66,0xc1,0xff,0x66,0xc1,0xff,0x66,0xc1,0xff,
    0x82,0x48,0xff,0x82,0x48,0xff,0xa2,0x58,0xff,0xa2,0x58,0xff,
    0xa2,0x58,0xff,0xa2,0x58,0xff,0xa2,0x58,0xff,0xa2,0x58,0xff,
    0xa2,0x58,0xff,0xa2,0x58,0xff,0x82,0x48,0xff,0x82,0x48,0xff,
    0x66,0xc1,0xff,0x66,0xc1,0xff,0x66,0xc1,0xff,0x66,0xc1,0xff,
    0x82,0x48,0xff,0x04,0x89,0xff,0x82,0x48,0xff,0x00,0x00,0x00,
    0x00,0x00,0x00,0x82,0x48,0xff,0x04,0x89,0xff,0x82,0x48,0xff,
    0x66,0xc1,0xff,0x66,0xc1,0xff,0x66,0xc1,0xff,0x66,0xc1,0xff,
    0x66,0xc1,0xff,0x82,0x48,0xff,0x82,0x48,0xff,0xa2,0x58,0xff,
    0xa2,0x58,0xff,0xa2,0x58,0xff,0xa2,0x58,0xff,0xa2,0x58,0xff,
    0xa2,0x58,0xff,0x82,0x48,0xff,0x82,0x48,0xff,0x66,0xc1,0xff,
    0x66,0xc1,0xff,0x66,0xc1,0xff,0x66,0xc1,0xff,0x66,0xc1,0xff,
    0x82,0x48,0xff,0x04,0x89,0xff,0x82,0x48,0xff,0x00,0x00,0x00,
    0x00,0x00,0x00,0x82,0x48,0xff,0x04,0x89,0xff,0x82,0x48,0xff,
    0x66,0xc1,0xff,0x66,0xc1,0xff,0x66,0xc1,0xff,0x66,0xc1,0xff,
    0x66,0xc1,0xff,0x66,0xc1,0xff,0x82,0x48,0xff,0x82,0x48,0xff,
    0x82,0x48,0xff,0x82,0x48,0xff,0x82,0x48,0xff,0x82,0x48,0xff,
    0x82,0x48,0xff,0x82,0x48,0xff,0x66,0xc1,0xff,0x66,0xc1,0xff,
    0x66,0xc1,0xff,0x66,0xc1,0xff,0x66,0xc1,0xff,0x66,0xc1,0xff,
    0x82,0x48,0xff,0x04,0x89,0xff,0x82,0x48,0xff,0x00,0x00,0x00,
    0x00,0x00,0x00,0x82,0x48,0xff,0x04,0x89,0xff,0x82,0x48,0xff,
    0x66,0xc1,0xff,0x66,0xc1,0xff,0x66,0xc1,0xff,0x66,0xc1,0xff,
    0x66,0xc1,0xff,0x66,0xc1,0xff,0x66,0xc1,0xff,0x66,0xc1,0xff,
    0x66,0xc1,0xff,0x66,0xc1,0xff,0x66,0xc1,0xff,0x66,0xc1,0xff,
    0x66,0xc1,0xff,0x66,0xc1,0xff,0x66,0xc1,0xff,0x66,0xc1,0xff,
    0x66,0xc1,0xff,0x66,0xc1,0xff,0x66,0xc1,0xff,0x66,0xc1,0xff,
    0x82,0x48,0xff,0x04,0x89,0xff,0x82,0x48,0xff,0x00,0x00,0x00,
    0x00,0x00,0x00,0x82,0x48,0xff,0x04,0x89,0xff,0x82,0x48,0xff,
    0x66,0xc1,0xff,0x66,0xc1,0xff,0x66,0xc1,0xff,0x66,0xc1,0xff,
    0x66,0xc1,0xff,0x66,0xc1,0xff,0x66,0xc1,0xff,0x66,0xc1,0xff,
    0x82,0x48,0xff,0x82,0x48,0xff,0x82,0x48,0xff,0x82,0x48,0xff,
    0x66,0xc1,0xff,0x66,0xc1,0xff,0x66,0xc1,0xff,0x66,0xc1,0xff,
    0x66,0xc1,0xff,0x66,0xc1,0xff,0x66,0xc1,0xff,0x66,0xc1,0xff,
    0x82,0x48,0xff,0x04,0x89,0xff,0x82,0x48,0xff,0x00,0x00,0x00,
    0x00,0x00,0x00,0x82,0x48,0xff,0x82,0x48,0xff,0x82,0x48,0xff,
    0x66,0xc1,0xff,0x66,0xc1,0xff,0x66,0xc1,0xff,0x66,0xc1,0xff,
    0x66,0xc1,0xff,0x66,0xc1,0xff,0x66,0xc1,0xff,0x82,0x48,0xff,
    0x82,0x48,0xff,0x66,0xc1,0xff,0x82,0x48,0xff,0x66,0xc1,0xff,
    0x66,0xc1,0xff,0x66,0xc1,0xff,0x66,0xc1,0xff,0x66,0xc1,0xff,
    0x66,0xc1,0xff,0x66,0xc1,0xff,0x66,0xc1,0xff,0x66,0xc1,0xff,
    0x82,0x48,0xff,0x82,0x48,0xff,0x82,0x48,0xff,0x00,0x00,0x00,
    0x00,0x00,0x00,0x00,0x00,0x00,0x82,0x48,0xff,0x82,0x48,0xff,
    0x66,0xc1,0xff,0x66,0xc1,0xff,0x66,0xc1,0xff,0x66,0xc1,0xff,
    0x66,0xc1,0xff,0x66,0xc1,0xff,0x66,0xc1,0xff,0x82,0x48,0xff,
    0x82,0x48,0xff,0x82,0x48,0xff,0x82,0x48,0xff,0x82,0x48,0xff,
    0x82,0x48,0xff,0x66,0xc1,0xff,0x66,0xc1,0xff,0x66,0xc1,0xff,
    0x66,0xc1,0xff,0x66,0xc1,0xff,0x66,0xc1,0xff,0x66,0xc1,0xff,
    0x82,0x48,0xff,0x82,0x48,0xff,0x00,0x00,0x00,0x00,0x00,0x00,
    0x00,0x00,0x00,0x00,0x00,0x00,0x82,0x48,0xff,0x82,0x48,0xff,
    0x66,0xc1,0xff,0x66,0xc1,0xff,0x66,0xc1,0xff,0x66,0xc1,0xff,
    0x66,0xc1,0xff,0x66,0xc1,0xff,0x66,0xc1,0xff,0x66,0xc1,0xff,
    0x66,0xc1,0xff,0x82,0x48,0xff,0x66,0xc1,0xff,0x82,0x48,0xff,
    0x66,0xc1,0xff,0x66,0xc1,0xff,0x66,0xc1,0xff,0x66,0xc1,0xff,
    0x66,0xc1,0xff,0x66,0xc1,0xff,0x66,0xc1,0xff,0x66,0xc1,0xff,
    0x82,0x48,0xff,0x82,0x48,0xff,0x00,0x00,0x00,0x00,0x00,0x00,
    0x00,0x00,0x00,0x00,0x00,0x00,0x82,0x48,0xff,0x82,0x48,0xff,
    0x82,0x48,0xff,0x66,0xc1,0xff,0x66,0xc1,0xff,0x66,0xc1,0xff,
    0x66,0xc1,0xff,0x66,0xc1,0xff,0x66,0xc1,0xff,0x66,0xc1,0xff,
    0x82,0x48,0xff,0x82,0x48,0xff,0x82,0x48,0xff,0x82,0x48,0xff,
    0x66,0xc1,0xff,0x66,0xc1,0xff,0x66,0xc1,0xff,0x66,0xc1,0xff,
    0x66,0xc1,0xff,0x66,0xc1,0xff,0x66,0xc1,0xff,0x82,0x48,0xff,
    0x82,0x48,0xff,0x82,0x48,0xff,0x00,0x00,0x00,0x00,0x00,0x00,
    0x00,0x00,0x00,0x00,0x00,0x00,0x82,0x48,0xff,0x04,0x89,0xff,
    0x82,0x48,0xff,0x66,0xc1,0xff,0x66,0xc1,0xff,0x66,0xc1,0xff,
    0x66,0xc1,0xff,0x66,0xc1,0xff,0x66,0xc1,0xff,0x66,0xc1,0xff,
    0x66,0xc1,0xff,0x66,0xc1,0xff,0x66,0xc1,0xff,0x66,0xc1,0xff,
    0x66,0xc1,0xff,0x66,0xc1,0xff,0x66,0xc1,0xff,0x66,0xc1,0xff,
    0x66,0xc1,0xff,0x66,0xc1,0xff,0x66,0xc1,0xff,0x82,0x48,0xff,
    0x04,0x89,0xff,0x82,0x48,0xff,0x00,0x00,0x00,0x00,0x00,0x00,
    0x00,0x00,0x00,0x00,0x00,0x00,0x82,0x48,0xff,0x04,0x89,0xff,
    0x82,0x48,0xff,0x66,0xc1,0xff,0x66,0xc1,0xff,0x66,0xc1,0xff,
    0x66,0xc1,0xff,0x66,0xc1,0xff,0x66,0xc1,0xff,0x66,0xc1,0xff,
    0x66,0xc1,0xff,0x82,0x48,0xff,0x82,0x48,0xff,0x66,0xc1,0xff,
    0x66,0xc1,0xff,0x66,0xc1,0xff,0x66,0xc1,0xff,0x66,0xc1,0xff,
    0x66,0xc1,0xff,0x66,0xc1,0xff,0x66,0xc1,0xff,0x82,0x48,0xff,
    0x04,0x89,0xff,0x82,0x48,0xff,0x00,0x00,0x00,0x00,0x00,0x00,
    0x00,0x00,0x00,0x00,0x00,0x00,0x82,0x48,0xff,0x04,0x89,0xff,
    0x82,0x48,0xff,0x66,0xc1,0xff,0x66,0xc1,0xff,0x66,0xc1,0xff,
    0x66,0xc1,0xff,0x66,0xc1,0xff,0x82,0x48,0xff,0x82,0x48,0xff,
    0x82,0x48,0xff,0x82,0x48,0xff,0x82,0x48,0xff,0x82,0x48,0xff,
    0x82,0x48,0xff,0x82,0x48,0xff,0x66,0xc1,0xff,0x66,0xc1,0xff,
    0x66,0xc1,0xff,0x66,0xc1,0xff,0x66,0xc1,0xff,0x82,0x48,0xff,
    0x04,0x89,0xff,0x82,0x48,0xff,0x00,0x00,0x00,0x00,0x00,0x00,
    0x00,0x00,0x00,0x00,0x00,0x00,0x82,0x48,0xff,0x04,0x89,0xff,
    0x82,0x48,0xff,0x66,0xc1,0xff,0x66,0xc1,0xff,0x66,0xc1,0xff,
    0x66,0xc1,0xff,0x82,0x48,0xff,0x82,0x48,0xff,0xa2,0x58,0xff,
    0xa2,0x58,0xff,0xa2,0x58,0xff,0xa2,0x58,0xff,0xa2,0x58,0xff,
    0xa2,0x58,0xff,0x82,0x48,0xff,0x82,0x48,0xff,0x66,0xc1,0xff,
    0x66,0xc1,0xff,0x66,0xc1,0xff,0x66,0xc1,0xff,0x82,0x48,0xff,
    0x04,0x89,0xff,0x82,0x48,0xff,0x00,0x00,0x00,0x00,0x00,0x00,
    0x00,0x00,0x00,0x00,0x00,0x00,0x82,0x48,0xff,0x04,0x89,0xff,
    0x82,0x48,0xff,0x66,0xc1,0xff,0x66,0xc1,0xff,0x66,0xc1,0xff,
    0x82,0x48,0xff,0x82,0x48,0xff,0xa2,0x58,0xff,0xa2,0x58,0xff,
    0xa2,0x58,0xff,0xa2,0x58,0xff,0xa2,0x58,0xff,0xa2,0x58,0xff,
    0xa2,0x58,0xff,0xa2,0x58,0xff,0x82,0x48,0xff,0x82,0x48,0xff,
    0x66,0xc1,0xff,0x66,0xc1,0xff,0x66,0xc1,0xff,0x82,0x48,0xff,
    0x04,0x89,0xff,0x82,0x48,0xff,0x00,0x00,0x00,0x00,0x00,0x00,
    0x00,0x00,0x00,0x00,0x00,0x00,0x82,0x48,0xff,0x04,0x89,0xff,
    0x82,0x48,0xff,0x66,0xc1,0xff,0x66,0xc1,0xff,0x82,0x48,0xff,
    0x82,0x48,0xff,0xa2,0x58,0xff,0xa2,0x58,0xff,0xa2,0x58,0xff,
    0xa2,0x58,0xff,0xa2,0x58,0xff,0xa2,0x58,0xff,0xa2,0x58,0xff,
    0xa2,0x58,0xff,0xa2,0x58,0xff,0xa2,0x58,0xff,0x82,0x48,0xff,
    0x82,0x48,0xff,0x66,0xc1,0xff,0x66,0xc1,0xff,0x82,0x48,0xff,
    0x04,0x89,0xff,0x82,0x48,0xff,0x00,0x00,0x00,0x00,0x00,0x00,
    0x00,0x00,0x00,0x00,0x00,0x00,0x82,0x48,0xff,0x82,0x48,0xff,
    0x82,0x48,0xff,0x66,0xc1,0xff,0x66,0xc1,0xff,0x82,0x48,0xff,
    0xa2,0x58,0xff,0xa2,0x58,0xff,0xa2,0x58,0xff,0xa2,0x58,0xff,
    0xa2,0x58,0xff,0xa2,0x58,0xff,0xa2,0x58,0xff,0xa2,0x58,0xff,
    0xa2,0x58,0xff,0xa2,0x58,0xff,0xa2,0x58,0xff,0xa2,0x58,0xff,
    0x82,0x48,0xff,0x66,0xc1,0xff,0x66,0xc1,0xff,0x82,0x48,0xff,
    0x82,0x48,0xff,0x82,0x48,0xff,0x00,0x00,0x00,0x00,0x00,0x00,
    0x00,0x00,0x00,0x00,0x00,0x00,0x82,0x48,0xff,0x82,0x48,0xff,
    0x66,0xc1,0xff,0x66,0xc1,0xff,0x82,0x48,0xff,0x82,0x48,0xff,
    0xa2,0x58,0xff,0xa2,0x58,0xff,0xa2,0x58,0xff,0xa2,0x58,0xff,
    0xa2,0x58,0xff,0xa2,0x58,0xff,0xa2,0x58,0xff,0xa2,0x58,0xff,
    0xa2,0x58,0xff,0xa2,0x58,0xff,0xa2,0x58,0xff,0xa2,0x58,0xff,
    0x82,0x48,0xff,0x82,0x48,0xff,0x66,0xc1,0xff,0x66,0xc1,0xff,
    0x82,0x48,0xff,0x82,0x48,0xff,0x00,0x00,0x00,0x00,0x00,0x00,
    0x00,0x00,0x00,0x00,0x00,0x00,0x82,0x48,0xff,0x82,0x48,0xff,
    0x66,0xc1,0xff,0x66,0xc1,0xff,0x82,0x48,0xff,0xa2,0x58,0xff,
    0xa2,0x58,0xff,0xa2,0x58,0xff,0xa2,0x58,0xff,0xa2,0x58,0xff,
    0xa2,0x58,0xff,0xa2,0x58,0xff,0xa2,0x58,0xff,0xa2,0x58,0xff,
    0xa2,0x58,0xff,0xa2,0x58,0xff,0xa2,0x58,0xff,0xa2,0x58,0xff,
    0xa2,0x58,0xff,0x82,0x48,0xff,0x66,0xc1,0xff,0x66,0xc1,0xff,
    0x82,0x48,0xff,0x82,0x48,0xff,0x00,0x00,0x00,0x00,0x00,0x00,
    0x00,0x00,0x00,0x00,0x00,0x00,0x82,0x48,0xff,0x82,0x48,0xff,
    0x66,0xc1,0xff,0x66,0xc1,0xff,0x82,0x48,0xff,0x82,0x48,0xff,
    0xa2,0x58,0xff,0xa2,0x58,0xff,0xa2,0x58,0xff,0xa2,0x58,0xff,
    0xa2,0x58,0xff,0xa2,0x58,0xff,0xa2,0x58,0xff,0xa2,0x58,0xff,
    0xa2,0x58,0xff,0xa2,0x58,0xff,0xa2,0x58,0xff,0xa2,0x58,0xff,
    0x82,0x48,0xff,0x82,0x48,0xff,0x66,0xc1,0xff,0x66,0xc1,0xff,
    0x82,0x48,0xff,0x82,0x48,0xff,0x00,0x00,0x00,0x00,0x00,0x00,
    0x00,0x00,0x00,0x00,0x00,0x00,0x82,0x48,0xff,0x82,0x48,0xff,
    0x66,0xc1,0xff,0x66,0xc1,0xff,0x66,0xc1,0xff,0x82,0x48,0xff,
    0xa2,0x58,0xff,0xa2,0x58,0xff,0xa2,0x58,0xff,0xa2,0x58,0xff,
    0xa2,0x58,0xff,0xa2,0x58,0xff,0xa2,0x58,0xff,0xa2,0x58,0xff,
    0xa2,0x58,0xff,0xa2,0x58,0xff,0xa2,0x58,0xff,0xa2,0x58,0xff,
    0x82,0x48,0xff,0x66,0xc1,0xff,0x66,0xc1,0xff,0x66,0xc1,0xff,
    0x82,0x48,0xff,0x82,0x48,0xff,0x00,0x00,0x00,0x00,0x00,0x00,
    0x00,0x00,0x00,0x00,0x00,0x00,0x82,0x48,0xff,0x82,0x48,0xff,
    0x66,0xc1,0xff,0x66,0xc1,0xff,0x66,0xc1,0xff,0x82,0x48,0xff,
    0xa2,0x58,0xff,0xa2,0x58,0xff,0xa2,0x58,0xff,0xa2,0x58,0xff,
    0xa2,0x58,0xff,0xa2,0x58,0xff,0xa2,0x58,0xff,0xa2,0x58,0xff,
    0xa2,0x58,0xff,0xa2,0x58,0xff,0xa2,0x58,0xff,0xa2,0x58,0xff,
    0x82,0x48,0xff,0x66,0xc1,0xff,0x66,0xc1,0xff,0x66,0xc1,0xff,
    0x82,0x48,0xff,0x82,0x48,0xff,0x00,0x00,0x00,0x00,0x00,0x00,
    0x00,0x00,0x00,0x82,0x48,0xff,0x82,0x48,0xff,0x82,0x48,0xff,
    0x66,0xc1,0xff,0x66,0xc1,0xff,0x66,0xc1,0xff,0x82,0x48,0xff,
    0x82,0x48,0xff,0xa2,0x58,0xff,0xa2,0x58,0xff,0xa2,0x58,0xff,
    0xa2,0x58,0xff,0xa2,0x58,0xff,0xa2,0x58,0xff,0xa2,0x58,0xff,
    0xa2,0x58,0xff,0xa2,0x58,0xff,0xa2,0x58,0xff,0x82,0x48,0xff,
    0x82,0x48,0xff,0x66,0xc1,0xff,0x66,0xc1,0xff,0x66,0xc1,0xff,
    0x82,0x48,0xff,0x82,0x48,0xff,0x82,0x48,0xff,0x00,0x00,0x00,
    0x00,0x00,0x00,0x82,0x48,0xff,0x04,0x89,0xff,0x82,0x48,0xff,
    0x66,0xc1,0xff,0x66,0xc1,0xff,0x66,0xc1,0xff,0x66,0xc1,0xff,
    0x82,0x48,0xff,0x82,0x48,0xff,0xa2,0x58,0xff,0xa2,0x58,0xff,
    0xa2,0x58,0xff,0xa2,0x58,0xff,0xa2,0x58,0xff,0xa2,0x58,0xff,
    0xa2,0x58,0xff,0xa2,0x58,0xff,0x82,0x48,0xff,0x82,0x48,0xff,
    0x66,0xc1,0xff,0x66,0xc1,0xff,0x66,0xc1,0xff,0x66,0xc1,0xff,
    0x82,0x48,0xff,0x04,0x89,0xff,0x82,0x48,0xff,0x00,0x00,0x00,
    0x00,0x00,0x00,0x82,0x48,0xff,0x82,0x48,0xff,0x82,0x48,0xff,
    0x66,0xc1,0xff,0x66,0xc1,0xff,0x66,0xc1,0xff,0x66,0xc1,0xff,
    0x66,0xc1,0xff,0x82,0x48,0xff,0x82,0x48,0xff,0x82,0x48,0xff,
    0xa2,0x58,0xff,0xa2,0x58,0xff,0xa2,0x58,0xff,0xa2,0x58,0xff,
    0x82,0x48,0xff,0x82,0x48,0xff,0x82,0x48,0xff,0x66,0xc1,0xff,
    0x66,0xc1,0xff,0x66,0xc1,0xff,0x66,0xc1,0xff,0x66,0xc1,0xff,
    0x82,0x48,0xff,0x82,0x48,0xff,0x82,0x48,0xff,0x00,0x00,0x00,
    0x00,0x00,0x00,0x82,0x48,0xff,0x82,0x48,0xff,0x66,0xc1,0xff,
    0x66,0xc1,0xff,0x66,0xc1,0xff,0x66,0xc1,0xff,0x66,0xc1,0xff,
    0x66,0xc1,0xff,0x66,0xc1,0xff,0x66,0xc1,0xff,0x82,0x48,0xff,
    0x82,0x48,0xff,0x82,0x48,0xff,0x82,0x48,0xff,0x82,0x48,0xff,
    0x82,0x48,0xff,0x66,0xc1,0xff,0x66,0xc1,0xff,0x66,0xc1,0xff,
    0x66,0xc1,0xff,0x66,0xc1,0xff,0x66,0xc1,0xff,0x66,0xc1,0xff,
    0x66,0xc1,0xff,0x82,0x48,0xff,0x82,0x48,0xff,0x00,0x00,0x00,
    0x00,0x00,0x00,0x82,0x48,0xff,0x82,0x48,0xff,0x66,0xc1,0xff,
    0x66,0xc1,0xff,0x66,0xc1,0xff,0x66,0xc1,0xff,0x66,0xc1,0xff,
    0x66,0xc1,0xff,0x66,0xc1,0xff,0x66,0xc1,0xff,0x66,0xc1,0xff,
    0x66,0xc1,0xff,0x66,0xc1,0xff,0x66,0xc1,0xff,0x66,0xc1,0xff,
    0x66,0xc1,0xff,0x66,0xc1,0xff,0x66,0xc1,0xff,0x66,0xc1,0xff,
    0x66,0xc1,0xff,0x66,0xc1,0xff,0x66,0xc1,0xff,0x66,0xc1,0xff,
    0x66,0xc1,0xff,0x82,0x48,0xff,0x82,0x48,0xff,0x00,0x00,0x00,
    0x82,0x48,0xff,0x82,0x48,0xff,0x82,0x48,0xff,0x66,0xc1,0xff,
    0x66,0xc1,0xff,0x66,0xc1,0xff,0x66,0xc1,0xff,0x66,0xc1,0xff,
    0x66,0xc1,0xff,0x66,0xc1,0xff,0x66,0xc1,0xff,0x66,0xc1,0xff,
    0x66,0xc1,0xff,0x66,0xc1,0xff,0x66,0xc1,0xff,0x66,0xc1,0xff,
    0x66,0xc1,0xff,0x66,0xc1,0xff,0x66,0xc1,0xff,0x66,0xc1,0xff,
    0x66,0xc1,0xff,0x66,0xc1,0xff,0x66,0xc1,0xff,0x66,0xc1,0xff,
    0x66,0xc1,0xff,0x82,0x48,0xff,0x82,0x48,0xff,0x82,0x48,0xff,
    0x82,0x48,0xff,0x82,0x48,0xff,0x82,0x48,0xff,0x66,0xc1,0xff,
    0x66,0xc1,0xff,0x66,0xc1,0xff,0x66,0xc1,0xff,0x66,0xc1,0xff,
    0x66,0xc1,0xff,0x66,0xc1,0xff,0x66,0xc1,0xff,0x66,0xc1,0xff,
    0x82,0x48,0xff,0x82,0x48,0xff,0x82,0x48,0xff,0x82,0x48,0xff,
    0x66,0xc1,0xff,0x66,0xc1,0xff,0x66,0xc1,0xff,0x66,0xc1,0xff,
    0x66,0xc1,0xff,0x66,0xc1,0xff,0x66,0xc1,0xff,0x66,0xc1,0xff,
    0x66,0xc1,0xff,0x82,0x48,0xff,0x82,0x48,0xff,0x82,0x48,0xff,
    0x82,0x48,0xff,0x04,0x89,0xff,0x82,0x48,0xff,0x66,0xc1,0xff,
    0x66,0xc1,0xff,0x66,0xc1,0xff,0x66,0xc1,0xff,0x66,0xc1,0xff,
    0x66,0xc1,0xff,0x66,0xc1,0xff,0x82,0x48,0xff,0x82,0x48,0xff,
    0x82,0x48,0xff,0x82,0x48,0xff,0x82,0x48,0xff,0x82,0x48,0xff,
    0x82,0x48,0xff,0x82,0x48,0xff,0x66,0xc1,0xff,0x66,0xc1,0xff,
    0x66,0xc1,0xff,0x66,0xc1,0xff,0x66,0xc1,0xff,0x66,0xc1,0xff,
    0x66,0xc1,0xff,0x82,0x48,0xff,0x04,0x89,0xff,0x82,0x48,0xff,
    0x82,0x48,0xff,0x82,0x48,0xff,0x82,0x48,0xff,0x66,0xc1,0xff,
    0x66,0xc1,0xff,0x66,0xc1,0xff,0x66,0xc1,0xff,0x66,0xc1,0xff,
    0x66,0xc1,0xff,0x66,0xc1,0xff,0x82,0x48,0xff,0xa2,0x58,0xff,
    0xa2,0x58,0xff,0xa2,0x58,0xff,0xa2,0x58,0xff,0xa2,0x58,0xff,
    0xa2,0x58,0xff,0x82,0x48,0xff,0x66,0xc1,0xff,0x66,0xc1,0xff,
    0x66,0xc1,0xff,0x66,0xc1,0xff,0x66,0xc1,0xff,0x66,0xc1,0xff,
    0x66,0xc1,0xff,0x82,0x48,0xff,0x82,0x48,0xff,0x82,0x48,0xff,
    0x00,0x00,0x00,0x82,0x48,0xff,0x82,0x48,0xff,0x66,0xc1,0xff,
    0x66,0xc1,0xff,0x66,0xc1,0xff,0x66,0xc1,0xff,0x66,0xc1,0xff,
    0x66,0xc1,0xff,0x66,0xc1,0xff,0x82,0x48,0xff,0xa2,0x58,0xff,
    0xa2,0x58,0xff,0xa2,0x58,0xff,0xa2,0x58,0xff,0xa2,0x58,0xff,
    0xa2,0x58,0xff,0x82,0x48,0xff,0x66,0xc1,0xff,0x66,0xc1,0xff,
    0x66,0xc1,0xff,0x66,0xc1,0xff,0x66,0xc1,0xff,0x66,0xc1,0xff,
    0x66,0xc1,0xff,0x82,0x48,0xff,0x82,0x48,0xff,0x00,0x00,0x00,
    0x00,0x00,0x00,0x82,0x48,0xff,0x82,0x48,0xff,0x82,0x48,0xff,
    0x66,0xc1,0xff,0x66,0xc1,0xff,0x66,0xc1,0xff,0x66,0xc1,0xff,
    0x66,0xc1,0xff,0x82,0x48,0xff,0x82,0x48,0xff,0xa2,0x58,0xff,
    0xa2,0x58,0xff,0xa2,0x58,0xff,0xa2,0x58,0xff,0xa2,0x58,0xff,
    0xa2,0x58,0xff,0x82,0x48,0xff,0x82,0x48,0xff,0x66,0xc1,0xff,
    0x66,0xc1,0xff,0x66,0xc1,0xff,0x66,0xc1,0xff,0x66,0xc1,0xff,
    0x82,0x48,0xff,0x82,0x48,0xff,0x82,0x48,0xff,0x00,0x00,0x00,
    0x00,0x00,0x00,0x82,0x48,0xff,0x82,0x48,0xff,0x82,0x48,0xff,
    0x82,0x48,0xff,0x82,0x48,0xff,0x82,0x48,0xff,0x66,0xc1,0xff,
    0x66,0xc1,0xff,0x82,0x48,0xff,0x82,0x48,0xff,0xa2,0x58,0xff,
    0xa2,0x58,0xff,0xa2,0x58,0xff,0xa2,0x58,0xff,0xa2,0x58,0xff,
    0xa2,0x58,0xff,0x82,0x48,0xff,0x82,0x48,0xff,0x66,0xc1,0xff,
    0x66,0xc1,0xff,0x82,0x48,0xff,0x82,0x48,0xff,0x82,0x48,0xff,
    0x82,0x48,0xff,0x82,0x48,0xff,0x82,0x48,0xff,0x00,0x00,0x00,
    0x00,0x00,0x00,0x00,0x00,0x00,0x00,0x00,0x00,0x00,0x00,0x00,
    0x00,0x00,0x00,0x82,0x48,0xff,0x82,0x48,0xff,0x82,0x48,0xff,
    0x82,0x48,0xff,0x82,0x48,0xff,0x82,0x48,0xff,0x82,0x48,0xff,
    0x82,0x48,0xff,0x82,0x48,0xff,0x82,0x48,0xff,0x82,0x48,0xff,
    0x82,0x48,0xff,0x82,0x48,0xff,0x82,0x48,0xff,0x82,0x48,0xff,
    0x82,0x48,0xff,0x82,0x48,0xff,0x82,0x48,0xff,0x00,0x00,0x00,
    0x00,0x00,0x00,0x00,0x00,0x00,0x00,0x00,0x00,0x00,0x00,0x00,
    0x00,0x00,0x00,0x00,0x00,0x00,0x00,0x00,0x00,0x00,0x00,0x00,
    0x00,0x00,0x00,0x00,0x00,0x00,0x00,0x00,0x00,0x00,0x00,0x00,
    0x00,0x00,0x00,0x00,0x00,0x00,0x00,0x00,0x00,0x00,0x00,0x00,
    0x00,0x00,0x00,0x82,0x48,0xff,0x82,0x48,0xff,0x00,0x00,0x00,
    0x00,0x00,0x00,0x00,0x00,0x00,0x00,0x00,0x00,0x00,0x00,0x00,
    0x00,0x00,0x00,0x00,0x00,0x00,0x00,0x00,0x00,0x00,0x00,0x00,
    0x00,0x00,0x00,0x00,0x00,0x00,0x00,0x00,0x00,0x00,0x00,0x00
};
const lv_img_dsc_t sb_head_16 = {
  .header.cf = LV_IMG_CF_TRUE_COLOR_ALPHA,
  .header.always_zero = 0,
  .header.reserved = 0,
  .header.w = 28,
  .header.h = 52,
  .data_size = 4368,
  .data = sb_head_16_map,
};
static const LV_ATTRIBUTE_MEM_ALIGN LV_ATTRIBUTE_LARGE_CONST uint8_t sb_head_17_map[] = {
    0x00,0x00,0x00,0x00,0x00,0x00,0x00,0x00,0x00,0x00,0x00,0x00,
    0x00,0x00,0x00,0x00,0x00,0x00,0x00,0x00,0x00,0x00,0x00,0x00,
    0x00,0x00,0x00,0x82,0x48,0xff,0x82,0x48,0xff,0x82,0x48,0xff,
    0x82,0x48,0xff,0x82,0x48,0xff,0x82,0x48,0xff,0x82,0x48,0xff,
    0x82,0x48,0xff,0x82,0x48,0xff,0x82,0x48,0xff,0x82,0x48,0xff,
    0x00,0x00,0x00,0x00,0x00,0x00,0x00,0x00,0x00,0x00,0x00,0x00,
    0x00,0x00,0x00,0x00,0x00,0x00,0x00,0x00,0x00,0x00,0x00,0x00,
    0x00,0x00,0x00,0x00,0x00,0x00,0x00,0x00,0x00,0x00,0x00,0x00,
    0x00,0x00,0x00,0x00,0x00,0x00,0x00,0x00,0x00,0x00,0x00,0x00,
    0x82,0x48,0xff,0x82,0x48,0xff,0x82,0x48,0xff,0x82,0x48,0xff,
    0x82,0x48,0xff,0x82,0x48,0xff,0x82,0x48,0xff,0x82,0x48,0xff,
    0x82,0x48,0xff,0x82,0x48,0xff,0x82,0x48,0xff,0x82,0x48,0xff,
    0x82,0x48,0xff,0x82,0x48,0xff,0x82,0x48,0xff,0x00,0x00,0x00,
    0x00,0x00,0x00,0x00,0x00,0x00,0x00,0x00,0x00,0x00,0x00,0x00,
    0x00,0x00,0x00,0x00,0x00,0x00,0x00,0x00,0x00,0x00,0x00,0x00,
    0x00,0x00,0x00,0x00,0x00,0x00,0x00,0x00,0x00,0x00,0x00,0x00,
    0x82,0x48,0xff,0x82,0x48,0xff,0x82,0x48,0xff,0x82,0x48,0xff,
    0x82,0x48,0xff,0x66,0xc1,0xff,0x66,0xc1,0xff,0x66,0xc1,0xff,
    0x66,0xc1,0xff,0x66,0xc1,0xff,0x66,0xc1,0xff,0x66,0xc1,0xff,
    0x82,0x48,0xff,0x82,0x48,0xff,0x82,0x48,0xff,0x82,0x48,0xff,
    0x82,0x48,0xff,0x00,0x00,0x00,0x00,0x00,0x00,0x00,0x00,0x00,
    0x00,0x00,0x00,0x00,0x00,0x00,0x00,0x00,0x00,0x00,0x00,0x00,
    0x00,0x00,0x00,0x00,0x00,0x00,0x00,0x00,0x00,0x82,0x48,0xff,
    0x82,0x48,0xff,0x82,0x48,0xff,0x82,0x48,0xff,0x82,0x48,0xff,
    0x66,0xc1,0xff,0x66,0xc1,0xff,0x66,0xc1,0xff,0x66,0xc1,0xff,
    0x66,0xc1,0xff,0x66,0xc1,0xff,0x66,0xc1,0xff,0x66,0xc1,0xff,
    0x66,0xc1,0xff,0x66,0xc1,0xff,0x66,0xc1,0xff,0x82,0x48,0xff,
    0x82,0x48,0xff,0x82,0x48,0xff,0x82,0x48,0xff,0x82,0x48,0xff,
    0x00,0x00,0x00,0x00,0x00,0x00,0x00,0x00,0x00,0x00,0x00,0x00,
    0x00,0x00,0x00,0x00,0x00,0x00,0x00,0x00,0x00,0x82,0x48,0xff,
    0x82,0x48,0xff,0x82,0x48,0xff,0x82,0x48,0xff,0x66,0xc1,0xff,
    0x66,0xc1,0xff,0x66,0xc1,0xff,0x82,0x48,0xff,0x82,0x48,0xff,
    0x82,0x48,0xff,0x82,0x48,0xff,0x82,0x48,0xff,0x82,0x48,0xff,
    0x82,0x48,0xff,0x82,0x48,0xff,0x82,0x48,0xff,0x66,0xc1,0xff,
    0x66,0xc1,0xff,0x66,0xc1,0xff,0x82,0x48,0xff,0x82,0x48,0xff,
    0x82,0x48,0xff,0x82,0x48,0xff,0x00,0x00,0x00,0x00,0x00,0x00,
    0x00,0x00,0x00,0x00,0x00,0x00,0x00,0x00,0x00,0x82,0x48,0xff,
    0x82,0x48,0xff,0x82,0x48,0xff,0x82,0x48,0xff,0x66,0xc1,0xff,
    0x66,0xc1,0xff,0x66,0xc1,0xff,0x82,0x48,0xff,0x82,0x48,0xff,
    0xa2,0x58,0xff,0xa2,0x58,0xff,0xa2,0x58,0xff,0xa2,0x58,0xff,
    0xa2,0x58,0xff,0xa2,0x58,0xff,0xa2,0x58,0xff,0x82,0x48,0xff,
    0x82,0x48,0xff,0x66,0xc1,0xff,0x66,0xc1,0xff,0x66,0xc1,0xff,
    0x82,0x48,0xff,0x82,0x48,0xff,0x82,0x48,0xff,0x82,0x48,0xff,
    0x00,0x00,0x00,0x00,0x00,0x00,0x00,0x00,0x00,0x82,0x48,0xff,
    0x82,0x48,0xff,0x82,0x48,0xff,0x82,0x48,0xff,0x66,0xc1,0xff,
    0x66,0xc1,0xff,0x66,0xc1,0xff,0x82,0x48,0xff,0x82,0x48,0xff,
    0xa2,0x58,0xff,0xa2,0x58,0xff,0xa2,0x58,0xff,0xa2,0x58,0xff,
    0xa2,0x58,0xff,0xa2,0x58,0xff,0xa2,0x58,0xff,0xa2,0x58,0xff,
    0xa2,0x58,0xff,0x82,0x48,0xff,0x82,0x48,0xff,0x66,0xc1,0xff,
    0x66,0xc1,0xff,0x66,0xc1,0xff,0x82,0x48,0xff,0x82,0x48,0xff,
    0x82,0x48,0xff,0x82,0x48,0xff,0x00,0x00,0x00,0x00,0x00,0x00,
    0x82,0x48,0xff,0x04,0x89,0xff,0x82,0x48,0xff,0x66,0xc1,0xff,
    0x66,0xc1,0xff,0x66,0xc1,0xff,0x66,0xc1,0xff,0x82,0x48,0xff,
    0xa2,0x58,0xff,0xa2,0x58,0xff,0xa2,0x58,0xff,0xa2,0x58,0xff,
    0xa2,0x58,0xff,0xa2,0x58,0xff,0xa2,0x58,0xff,0xa2,0x58,0xff,
    0xa2,0x58,0xff,0xa2,0x58,0xff,0xa2,0x58,0xff,0x82,0x48,0xff,
    0x66,0xc1,0xff,0x66,0xc1,0xff,0x66,0xc1,0xff,0x66,0xc1,0xff,
    0x82,0x48,0xff,0x04,0x89,0xff,0x82,0x48,0xff,0x00,0x00,0x00,
    0x82,0x48,0xff,0x82,0x48,0xff,0x04,0x89,0xff,0x82,0x48,0xff,
    0x66,0xc1,0xff,0x66,0xc1,0xff,0x66,0xc1,0xff,0x82,0x48,0xff,
    0x82,0x48,0xff,0xa2,0x58,0xff,0xa2,0x58,0xff,0xa2,0x58,0xff,
    0xa2,0x58,0xff,0xa2,0x58,0xff,0xa2,0x58,0xff,0xa2,0x58,0xff,
    0xa2,0x58,0xff,0xa2,0x58,0xff,0xa2,0x58,0xff,0xa2,0x58,0xff,
    0x82,0x48,0xff,0x82,0x48,0xff,0x66,0xc1,0xff,0x66,0xc1,0xff,
    0x66,0xc1,0xff,0x82,0x48,0xff,0x04,0x89,0xff,0x82,0x48,0xff,
    0x82,0x48,0xff,0x82,0x48,0xff,0x04,0x89,0xff,0x04,0x89,0xff,
    0x82,0x48,0xff,0x66,0xc1,0xff,0x66,0xc1,0xff,0x82,0x48,0xff,
    0x82,0x48,0xff,0xa2,0x58,0xff,0xa2,0x58,0xff,0xa2,0x58,0xff,
    0xa2,0x58,0xff,0xa2,0x58,0xff,0xa2,0x58,0xff,0xa2,0x58,0xff,
    0xa2,0x58,0xff,0xa2,0x58,0xff,0xa2,0x58,0xff,0xa2,0x58,0xff,
    0xa2,0x58,0xff,0xa2,0x58,0xff,0x82,0x48,0xff,0x82,0x48,0xff,
    0x66,0xc1,0xff,0x66,0xc1,0xff,0x82,0x48,0xff,0x04,0x89,0xff,
    0x04,0x89,0xff,0x82,0x48,0xff,0x82,0x48,0xff,0x04,0x89,0xff,
    0x04,0x89,0xff,0x82,0x48,0xff,0x66,0xc1,0xff,0x66,0xc1,0xff,
    0x82,0x48,0xff,0xa2,0x58,0xff,0xa2,0x58,0xff,0xa2,0x58,0xff,
    0xa2,0x58,0xff,0xa2,0x58,0xff,0xa2,0x58,0xff,0xa2,0x58,0xff,
    0xa2,0x58,0xff,0xa2,0x58,0xff,0xa2,0x58,0xff,0xa2,0x58,0xff,
    0xa2,0x58,0xff,0xa2,0x58,0xff,0xa2,0x58,0xff,0xa2,0x58,0xff,
    0x82,0x48,0xff,0x66,0xc1,0xff,0x66,0xc1,0xff,0x82,0x48,0xff,
    0x04,0x89,0xff,0x04,0x89,0xff,0x82,0x48,0xff,0x82,0x48,0xff,
    0x04,0x89,0xff,0x04,0x89,0xff,0x82,0x48,0xff,0x66,0xc1,0xff,
    0x66,0xc1,0xff,0x82,0x48,0xff,0xa2,0x58,0xff,0xa2,0x58,0xff,
    0xa2,0x58,0xff,0xa2,0x58,0xff,0xa2,0x58,0xff,0xa2,0x58,0xff,
    0xa2,0x58,0xff,0xa2,0x58,0xff,0xa2,0x58,0xff,0xa2,0x58,0xff,
    0xa2,0x58,0xff,0xa2,0x58,0xff,0xa2,0x58,0xff,0xa2,0x58,0xff,
    0xa2,0x58,0xff,0x82,0x48,0xff,0x66,0xc1,0xff,0x66,0xc1,0xff,
    0x82,0x48,0xff,0x04,0x89,0xff,0x04,0x89,0xff,0x82,0x48,0xff,
    0x82,0x48,0xff,0x04,0x89,0xff,0x04,0x89,0xff,0x82,0x48,0xff,
    0x66,0xc1,0xff,0x66,0xc1,0xff,0x82,0x48,0xff,0xa2,0x58,0xff,
    0xa2,0x58,0xff,0xa2,0x58,0xff,0xa2,0x58,0xff,0xa2,0x58,0xff,
    0xa2,0x58,0xff,0xa2,0x58,0xff,0xa2,0x58,0xff,0xa2,0x58,0xff,
    0xa2,0x58,0xff,0xa2,0x58,0xff,0xa2,0x58,0xff,0xa2,0x58,0xff,
    0xa2,0x58,0xff,0xa2,0x58,0xff,0x82,0x48,0xff,0x66,0xc1,0xff,
    0x66,0xc1,0xff,0x82,0x48,0xff,0x04,0x89,0xff,0x04,0x89,0xff,
    0x82,0x48,0xff,0x82,0x48,0xff,0x04,0x89,0xff,0x04,0x89,0xff,
    0x82,0x48,0xff,0x66,0xc1,0xff,0x66,0xc1,0xff,0x82,0x48,0xff,
    0xa2,0x58,0xff,0xa2,0x58,0xff,0xa2,0x58,0xff,0xa2,0x58,0xff,
    0xa2,0x58,0xff,0xa2,0x58,0xff,0xa2,0x58,0xff,0xa2,0x58,0xff,
    0xa2,0x58,0xff,0xa2,0x58,0xff,0xa2,0x58,0xff,0xa2,0x58,0xff,
    0xa2,0x58,0xff,0xa2,0x58,0xff,0xa2,0x58,0xff,0x82,0x48,0xff,
    0x66,0xc1,0xff,0x66,0xc1,0xff,0x82,0x48,0xff,0x04,0x89,0xff,
    0x04,0x89,0xff,0x82,0x48,0xff,0x82,0x48,0xff,0x04,0x89,0xff,
    0x04,0x89,0xff,0x82,0x48,0xff,0x66,0xc1,0xff,0x66,0xc1,0xff,
    0x82,0x48,0xff,0x82,0x48,0xff,0xa2,0x58,0xff,0xa2,0x58,0xff,
    0xa2,0x58,0xff,0xa2,0x58,0xff,0xa2,0x58,0xff,0xa2,0x58,0xff,
    0xa2,0x58,0xff,0xa2,0x58,0xff,0xa2,0x58,0xff,0xa2,0x58,0xff,
    0xa2,0x58,0xff,0xa2,0x58,0xff,0xa2,0x58,0xff,0x82,0x48,0xff,
    0x82,0x48,0xff,0x66,0xc1,0xff,0x66,0xc1,0xff,0x82,0x48,0xff,
    0x04,0x89,0xff,0x04,0x89,0xff,0x82,0x48,0xff,0x82,0x48,0xff,
    0x04,0x89,0xff,0x04,0x89,0xff,0x82,0x48,0xff,0x66,0xc1,0xff,
    0x66,0xc1,0xff,0x66,0xc1,0xff,0x82,0x48,0xff,0xa2,0x58,0xff,
    0xa2,0x58,0xff,0xa2,0x58,0xff,0xa2,0x58,0xff,0xa2,0x58,0xff,
    0xa2,0x58,0xff,0xa2,0x58,0xff,0xa2,0x58,0xff,0xa2,0x58,0xff,
    0xa2,0x58,0xff,0xa2,0x58,0xff,0xa2,0x58,0xff,0xa2,0x58,0xff,
    0x82,0x48,0xff,0x66,0xc1,0xff,0x66,0xc1,0xff,0x66,0xc1,0xff,
    0x82,0x48,0xff,0x04,0x89,0xff,0x04,0x89,0xff,0x82,0x48,0xff,
    0x82,0x48,0xff,0x82,0x48,0xff,0x04,0x89,0xff,0x82,0x48,0xff,
    0x66,0xc1,0xff,0x66,0xc1,0xff,0x66,0xc1,0xff,0x82,0x48,0xff,
    0x82,0x48,0xff,0xa2,0x58,0xff,0xa2,0x58,0xff,0xa2,0x58,0xff,
    0xa2,0x58,0xff,0xa2,0x58,0xff,0xa2,0x58,0xff,0xa2,0x58,0xff,
    0xa2,0x58,0xff,0xa2,0x58,0xff,0xa2,0x58,0xff,0xa2,0x58,0xff,
    0x82,0x48,0xff,0x82,0x48,0xff,0x66,0xc1,0xff,0x66,0xc1,0xff,
    0x66,0xc1,0xff,0x82,0x48,0xff,0x04,0x89,0xff,0x82,0x48,0xff,
    0x82,0x48,0xff,0x00,0x00,0x00,0x82,0x48,0xff,0x04,0x89,0xff,
    0x82,0x48,0xff,0x66,0xc1,0xff,0x66,0xc1,0xff,0x66,0xc1,0xff,
    0x66,0xc1,0xff,0x82,0x48,0xff,0xa2,0x58,0xff,0xa2,0x58,0xff,
    0xa2,0x58,0xff,0xa2,0x58,0xff,0xa2,0x58,0xff,0xa2,0x58,0xff,
    0xa2,0x58,0xff,0xa2,0x58,0xff,0xa2,0x58,0xff,0xa2,0x58,0xff,
    0xa2,0x58,0xff,0x82,0x48,0xff,0x66,0xc1,0xff,0x66,0xc1,0xff,
    0x66,0xc1,0xff,0x66,0xc1,0xff,0x82,0x48,0xff,0x04,0x89,0xff,
    0x82,0x48,0xff,0x00,0x00,0x00,0x00,0x00,0x00,0x82,0x48,0xff,
    0x04,0x89,0xff,0x82,0x48,0xff,0x66,0xc1,0xff,0x66,0xc1,0xff,
    0x66,0xc1,0xff,0x66,0xc1,0xff,0x82,0x48,0xff,0x82,0x48,0xff,
    0xa2,0x58,0xff,0xa2,0x58,0xff,0xa2,0x58,0xff,0xa2,0x58,0xff,
    0xa2,0x58,0xff,0xa2,0x58,0xff,0xa2,0x58,0xff,0xa2,0x58,0xff,
    0xa2,0x58,0xff,0x82,0x48,0xff,0x82,0x48,0xff,0x66,0xc1,0xff,
    0x66,0xc1,0xff,0x66,0xc1,0xff,0x66,0xc1,0xff,0x82,0x48,0xff,
    0x04,0x89,0xff,0x82,0x48,0xff,0x00,0x00,0x00,0x00,0x00,0x00,
    0x82,0x48,0xff,0x04,0x89,0xff,0x82,0x48,0xff,0x66,0xc1,0xff,
    0x66,0xc1,0xff,0x66,0xc1,0xff,0x66,0xc1,0xff,0x66,0xc1,0xff,
    0x82,0x48,0xff,0x82,0x48,0xff,0x82,0x48,0xff,0x82,0x48,0xff,
    0x82,0x48,0xff,0x82,0x48,0xff,0x82,0x48,0xff,0x82,0x48,0xff,
    0x82,0x48,0xff,0x82,0x48,0xff,0x82,0x48,0xff,0x66,0xc1,0xff,
    0x66,0xc1,0xff,0x66,0xc1,0xff,0x66,0xc1,0xff,0x66,0xc1,0xff,
    0x82,0x48,0xff,0x04,0x89,0xff,0x82,0x48,0xff,0x00,0x00,0x00,
    0x00,0x00,0x00,0x82,0x48,0xff,0x04,0x89,0xff,0x82,0x48,0xff,
    0x66,0xc1,0xff,0x66,0xc1,0xff,0x66,0xc1,0xff,0x66,0xc1,0xff,
    0x66,0xc1,0xff,0x66,0xc1,0xff,0x66,0xc1,0xff,0x66,0xc1,0xff,
    0x66,0xc1,0xff,0x66,0xc1,0xff,0x66,0xc1,0xff,0x66,0xc1,0xff,
    0x66,0xc1,0xff,0x66,0xc1,0xff,0x66,0xc1,0xff,0x66,0xc1,0xff,
    0x66,0xc1,0xff,0x66,0xc1,0xff,0x66,0xc1,0xff,0x66,0xc1,0xff,
    0x66,0xc1,0xff,0x82,0x48,0xff,0x04,0x89,0xff,0x82,0x48,0xff,
    0x00,0x00,0x00,0x00,0x00,0x00,0x82,0x48,0xff,0x82,0x48,0xff,
    0x82,0x48,0xff,0x66,0xc1,0xff,0x66,0xc1,0xff,0x66,0xc1,0xff,
    0x66,0xc1,0xff,0x66,0xc1,0xff,0x66,0xc1,0xff,0x66,0xc1,0xff,
    0x66,0xc1,0xff,0x66,0xc1,0xff,0x82,0x48,0xff,0x66,0xc1,0xff,
    0x82,0x48,0xff,0x82,0x48,0xff,0x66,0xc1,0xff,0x66,0xc1,0xff,
    0x66,0xc1,0xff,0x66,0xc1,0xff,0x66,0xc1,0xff,0x66,0xc1,0xff,
    0x66,0xc1,0xff,0x66,0xc1,0xff,0x82,0x48,0xff,0x82,0x48,0xff,
    0x82,0x48,0xff,0x00,0x00,0x00,0x00,0x00,0x00,0x00,0x00,0x00,
    0x82,0x48,0xff,0x82,0x48,0xff,0x66,0xc1,0xff,0x66,0xc1,0xff,
    0x66,0xc1,0xff,0x66,0xc1,0xff,0x66,0xc1,0xff,0x66,0xc1,0xff,
    0x66,0xc1,0xff,0x66,0xc1,0xff,0x82,0x48,0xff,0x82,0x48,0xff,
    0x82,0x48,0xff,0x82,0x48,0xff,0x66,0xc1,0xff,0x66,0xc1,0xff,
    0x66,0xc1,0xff,0x66,0xc1,0xff,0x66,0xc1,0xff,0x66,0xc1,0xff,
    0x66,0xc1,0xff,0x66,0xc1,0xff,0x66,0xc1,0xff,0x82,0x48,0xff,
    0x82,0x48,0xff,0x00,0x00,0x00,0x00,0x00,0x00,0x00,0x00,0x00,
    0x00,0x00,0x00,0x82,0x48,0xff,0x82,0x48,0xff,0x66,0xc1,0xff,
    0x66,0xc1,0xff,0x66,0xc1,0xff,0x66,0xc1,0xff,0x66,0xc1,0xff,
    0x66,0xc1,0xff,0x66,0xc1,0xff,0x82,0x48,0xff,0x82,0x48,0xff,
    0x66,0xc1,0xff,0x82,0x48,0xff,0x82,0x48,0xff,0x66,0xc1,0xff,
    0x66,0xc1,0xff,0x66,0xc1,0xff,0x66,0xc1,0xff,0x66,0xc1,0xff,
    0x66,0xc1,0xff,0x66,0xc1,0xff,0x66,0xc1,0xff,0x66,0xc1,0xff,
    0x82,0x48,0xff,0x82,0x48,0xff,0x00,0x00,0x00,0x00,0x00,0x00,
    0x00,0x00,0x00,0x00,0x00,0x00,0x82,0x48,0xff,0x82,0x48,0xff,
    0x66,0xc1,0xff,0x66,0xc1,0xff,0x66,0xc1,0xff,0x66,0xc1,0xff,
    0x66,0xc1,0xff,0x66,0xc1,0xff,0x66,0xc1,0xff,0x66,0xc1,0xff,
    0x66,0xc1,0xff,0x82,0x48,0xff,0x82,0x48,0xff,0x66,0xc1,0xff,
    0x82,0x48,0xff,0x66,0xc1,0xff,0x66,0xc1,0xff,0x66,0xc1,0xff,
    0x66,0xc1,0xff,0x66,0xc1,0xff,0x66,0xc1,0xff,0x66,0xc1,0xff,
    0x66,0xc1,0xff,0x82,0x48,0xff,0x82,0x48,0xff,0x00,0x00,0x00,
    0x00,0x00,0x00,0x00,0x00,0x00,0x00,0x00,0x00,0x82,0x48,0xff,
    0x82,0x48,0xff,0x82,0x48,0xff,0x66,0xc1,0xff,0x66,0xc1,0xff,
    0x66,0xc1,0xff,0x66,0xc1,0xff,0x66,0xc1,0xff,0x66,0xc1,0xff,
    0x66,0xc1,0xff,0x66,0xc1,0xff,0x82,0x48,0xff,0x66,0xc1,0xff,
    0x82,0x48,0xff,0x82,0x48,0xff,0x66,0xc1,0xff,0x66,0xc1,0xff,
    0x66,0xc1,0xff,0x66,0xc1,0xff,0x66,0xc1,0xff,0x66,0xc1,0xff,
    0x66,0xc1,0xff,0x82,0x48,0xff,0x82,0x48,0xff,0x82,0x48,0xff,
    0x00,0x00,0x00,0x00,0x00,0x00,0x00,0x00,0x00,0x00,0x00,0x00,
    0x82,0x48,0xff,0x04,0x89,0xff,0x82,0x48,0xff,0x66,0xc1,0xff,
    0x66,0xc1,0xff,0x66,0xc1,0xff,0x66,0xc1,0xff,0x66,0xc1,0xff,
    0x66,0xc1,0xff,0x66,0xc1,0xff,0x82,0x48,0xff,0x82,0x48,0xff,
    0x82,0x48,0xff,0x82,0x48,0xff,0x66,0xc1,0xff,0x66,0xc1,0xff,
    0x66,0xc1,0xff,0x66,0xc1,0xff,0x66,0xc1,0xff,0x66,0xc1,0xff,
    0x66,0xc1,0xff,0x66,0xc1,0xff,0x82,0x48,0xff,0x04,0x89,0xff,
    0x82,0x48,0xff,0x00,0x00,0x00,0x00,0x00,0x00,0x00,0x00,0x00,
    0x00,0x00,0x00,0x82,0x48,0xff,0x82,0x48,0xff,0x82,0x48,0xff,
    0x66,0xc1,0xff,0x66,0xc1,0xff,0x66,0xc1,0xff,0x66,0xc1,0xff,
    0x66,0xc1,0xff,0x66,0xc1,0xff,0x66,0xc1,0xff,0x66,0xc1,0xff,
    0x66,0xc1,0xff,0x66,0xc1,0xff,0x66,0xc1,0xff,0x66,0xc1,0xff,
    0x66,0xc1,0xff,0x66,0xc1,0xff,0x66,0xc1,0xff,0x66,0xc1,0xff,
    0x66,0xc1,0xff,0x66,0xc1,0xff,0x66,0xc1,0xff,0x82,0x48,0xff,
    0x82,0x48,0xff,0x82,0x48,0xff,0x00,0x00,0x00,0x00,0x00,0x00,
    0x00,0x00,0x00,0x00,0x00,0x00,0x00,0x00,0x00,0x82,0x48,0xff,
    0x82,0x48,0xff,0x66,0xc1,0xff,0x66,0xc1,0xff,0x66,0xc1,0xff,
    0x66,0xc1,0xff,0x66,0xc1,0xff,0x66,0xc1,0xff,0x82,0x48,0xff,
    0x82,0x48,0xff,0x82,0x48,0xff,0x82,0x48,0xff,0x82,0x48,0xff,
    0x82,0x48,0xff,0x82,0x48,0xff,0x66,0xc1,0xff,0x66,0xc1,0xff,
    0x66,0xc1,0xff,0x66,0xc1,0xff,0x66,0xc1,0xff,0x66,0xc1,0xff,
    0x82,0x48,0xff,0x82,0x48,0xff,0x00,0x00,0x00,0x00,0x00,0x00,
    0x00,0x00,0x00,0x00,0x00,0x00,0x00,0x00,0x00,0x00,0x00,0x00,
    0x82,0x48,0xff,0x82,0x48,0xff,0x66,0xc1,0xff,0x66,0xc1,0xff,
    0x66,0xc1,0xff,0x66,0xc1,0xff,0x66,0xc1,0xff,0x82,0x48,0xff,
    0x82,0x48,0xff,0xa2,0x58,0xff,0xa2,0x58,0xff,0xa2,0x58,0xff,
    0xa2,0x58,0xff,0xa2,0x58,0xff,0x82,0x48,0xff,0x82,0x48,0xff,
    0x66,0xc1,0xff,0x66,0xc1,0xff,0x66,0xc1,0xff,0x66,0xc1,0xff,
    0x66,0xc1,0xff,0x82,0x48,0xff,0x82,0x48,0xff,0x00,0x00,0x00,
    0x00,0x00,0x00,0x00,0x00,0x00,0x00,0x00,0x00,0x00,0x00,0x00,
    0x82,0x48,0xff,0x82,0x48,0xff,0x82,0x48,0xff,0x66,0xc1,0xff,
    0x66,0xc1,0xff,0x66,0xc1,0xff,0x66,0xc1,0xff,0x82,0x48,0xff,
    0x82,0x48,0xff,0xa2,0x58,0xff,0xa2,0x58,0xff,0xa2,0x58,0xff,
    0xa2,0x58,0xff,0xa2,0x58,0xff,0xa2,0x58,0xff,0xa2,0x58,0xff,
    0x82,0x48,0xff,0x82,0x48,0xff,0x66,0xc1,0xff,0x66,0xc1,0xff,
    0x66,0xc1,0xff,0x66,0xc1,0xff,0x82,0x48,0xff,0x82,0x48,0xff,
    0x82,0x48,0xff,0x00,0x00,0x00,0x00,0x00,0x00,0x00,0x00,0x00,
    0x00,0x00,0x00,0x82,0x48,0xff,0x04,0x89,0xff,0x82,0x48,0xff,
    0x66,0xc1,0xff,0x66,0xc1,0xff,0x66,0xc1,0xff,0x82,0x48,0xff,
    0x82,0x48,0xff,0xa2,0x58,0xff,0xa2,0x58,0xff,0xa2,0x58,0xff,
    0xa2,0x58,0xff,0xa2,0x58,0xff,0xa2,0x58,0xff,0xa2,0x58,0xff,
    0xa2,0x58,0xff,0xa2,0x58,0xff,0x82,0x48,0xff,0x82,0x48,0xff,
    0x66,0xc1,0xff,0x66,0xc1,0xff,0x66,0xc1,0xff,0x82,0x48,0xff,
    0x04,0x89,0xff,0x82,0x48,0xff,0x00,0x00,0x00,0x00,0x00,0x00,
    0x00,0x00,0x00,0x00,0x00,0x00,0x82,0x48,0xff,0x04,0x89,0xff,
    0x82,0x48,0xff,0x66,0xc1,0xff,0x66,0xc1,0xff,0x82,0x48,0xff,
    0x82,0x48,0xff,0xa2,0x58,0xff,0xa2,0x58,0xff,0xa2,0x58,0xff,
    0xa2,0x58,0xff,0xa2,0x58,0xff,0xa2,0x58,0xff,0xa2,0x58,0xff,
    0xa2,0x58,0xff,0xa2,0x58,0xff,0xa2,0x58,0xff,0xa2,0x58,0xff,
    0x82,0x48,0xff,0x82,0x48,0xff,0x66,0xc1,0xff,0x66,0xc1,0xff,
    0x82,0x48,0xff,0x04,0x89,0xff,0x82,0x48,0xff,0x00,0x00,0x00,
    0x00,0x00,0x00,0x00,0x00,0x00,0x00,0x00,0x00,0x82,0x48,0xff,
    0x82,0x48,0xff,0x82,0x48,0xff,0x66,0xc1,0xff,0x66,0xc1,0xff,
    0x82,0x48,0xff,0xa2,0x58,0xff,0xa2,0x58,0xff,0xa2,0x58,0xff,
    0xa2,0x58,0xff,0xa2,0x58,0xff,0xa2,0x58,0xff,0xa2,0x58,0xff,
    0xa2,0x58,0xff,0xa2,0x58,0xff,0xa2,0x58,0xff,0xa2,0x58,0xff,
    0xa2,0x58,0xff,0xa2,0x58,0xff,0x82,0x48,0xff,0x66,0xc1,0xff,
    0x66,0xc1,0xff,0x82,0x48,0xff,0x82,0x48,0xff,0x82,0x48,0xff,
    0x00,0x00,0x00,0x00,0x00,0x00,0x00,0x00,0x00,0x00,0x00,0x00,
    0x82,0x48,0xff,0x82,0x48,0xff,0x66,0xc1,0xff,0x66,0xc1,0xff,
    0x66,0xc1,0xff,0x82,0x48,0xff,0xa2,0x58,0xff,0xa2,0x58,0xff,
    0xa2,0x58,0xff,0xa2,0x58,0xff,0xa2,0x58,0xff,0xa2,0x58,0xff,
    0xa2,0x58,0xff,0xa2,0x58,0xff,0xa2,0x58,0xff,0xa2,0x58,0xff,
    0xa2,0x58,0xff,0xa2,0x58,0xff,0xa2,0x58,0xff,0x82,0x48,0xff,
    0x66,0xc1,0xff,0x66,0xc1,0xff,0x66,0xc1,0xff,0x82,0x48,0xff,
    0x82,0x48,0xff,0x00,0x00,0x00,0x00,0x00,0x00,0x00,0x00,0x00,
    0x00,0x00,0x00,0x82,0x48,0xff,0x82,0x48,0xff,0x66,0xc1,0xff,
    0x66,0xc1,0xff,0x66,0xc1,0xff,0x82,0x48,0xff,0xa2,0x58,0xff,
    0xa2,0x58,0xff,0xa2,0x58,0xff,0xa2,0x58,0xff,0xa2,0x58,0xff,
    0xa2,0x58,0xff,0xa2,0x58,0xff,0xa2,0x58,0xff,0xa2,0x58,0xff,
    0xa2,0x58,0xff,0xa2,0x58,0xff,0xa2,0x58,0xff,0xa2,0x58,0xff,
    0x82,0x48,0xff,0x66,0xc1,0xff,0x66,0xc1,0xff,0x66,0xc1,0xff,
    0x82,0x48,0xff,0x82,0x48,0xff,0x00,0x00,0x00,0x00,0x00,0x00,
    0x00,0x00,0x00,0x00,0x00,0x00,0x82,0x48,0xff,0x82,0x48,0xff,
    0x66,0xc1,0xff,0x66,0xc1,0xff,0x66,0xc1,0xff,0x82,0x48,0xff,
    0xa2,0x58,0xff,0xa2,0x58,0xff,0xa2,0x58,0xff,0xa2,0x58,0xff,
    0xa2,0x58,0xff,0xa2,0x58,0xff,0xa2,0x58,0xff,0xa2,0x58,0xff,
    0xa2,0x58,0xff,0xa2,0x58,0xff,0xa2,0x58,0xff,0xa2,0x58,0xff,
    0xa2,0x58,0xff,0x82,0x48,0xff,0x66,0xc1,0xff,0x66,0xc1,0xff,
    0x66,0xc1,0xff,0x82,0x48,0xff,0x82,0x48,0xff,0x00,0x00,0x00,
    0x00,0x00,0x00,0x00,0x00,0x00,0x00,0x00,0x00,0x82,0x48,0xff,
    0x82,0x48,0xff,0x66,0xc1,0xff,0x66,0xc1,0xff,0x66,0xc1,0xff,
    0x82,0x48,0xff,0xa2,0x58,0xff,0xa2,0x58,0xff,0xa2,0x58,0xff,
    0xa2,0x58,0xff,0xa2,0x58,0xff,0xa2,0x58,0xff,0xa2,0x58,0xff,
    0xa2,0x58,0xff,0xa2,0x58,0xff,0xa2,0x58,0xff,0xa2,0x58,0xff,
    0xa2,0x58,0xff,0xa2,0x58,0xff,0x82,0x48,0xff,0x66,0xc1,0xff,
    0x66,0xc1,0xff,0x66,0xc1,0xff,0x82,0x48,0xff,0x82,0x48,0xff,
    0x00,0x00,0x00,0x00,0x00,0x00,0x00,0x00,0x00,0x00,0x00,0x00,
    0x82,0x48,0xff,0x82,0x48,0xff,0x66,0xc1,0xff,0x66,0xc1,0xff,
    0x66,0xc1,0xff,0x82,0x48,0xff,0x82,0x48,0xff,0xa2,0x58,0xff,
    0xa2,0x58,0xff,0xa2,0x58,0xff,0xa2,0x58,0xff,0xa2,0x58,0xff,
    0xa2,0x58,0xff,0xa2,0x58,0xff,0xa2,0x58,0xff,0xa2,0x58,0xff,
    0xa2,0x58,0xff,0xa2,0x58,0xff,0x82,0x48,0xff,0x82,0x48,0xff,
    0x66,0xc1,0xff,0x66,0xc1,0xff,0x66,0xc1,0xff,0x82,0x48,0xff,
    0x82,0x48,0xff,0x00,0x00,0x00,0x00,0x00,0x00,0x00,0x00,0x00,
    0x00,0x00,0x00,0x82,0x48,0xff,0x82,0x48,0xff,0x66,0xc1,0xff,
    0x66,0xc1,0xff,0x66,0xc1,0xff,0x66,0xc1,0xff,0x82,0x48,0xff,
    0xa2,0x58,0xff,0xa2,0x58,0xff,0xa2,0x58,0xff,0xa2,0x58,0xff,
    0xa2,0x58,0xff,0xa2,0x58,0xff,0xa2,0x58,0xff,0xa2,0x58,0xff,
    0xa2,0x58,0xff,0xa2,0x58,0xff,0xa2,0x58,0xff,0x82,0x48,0xff,
    0x66,0xc1,0xff,0x66,0xc1,0xff,0x66,0xc1,0xff,0x66,0xc1,0xff,
    0x82,0x48,0xff,0x82,0x48,0xff,0x00,0x00,0x00,0x00,0x00,0x00,
    0x00,0x00,0x00,0x82,0x48,0xff,0x82,0x48,0xff,0x82,0x48,0xff,
    0x66,0xc1,0xff,0x66,0xc1,0xff,0x66,0xc1,0xff,0x66,0xc1,0xff,
    0x82,0x48,0xff,0x82,0x48,0xff,0xa2,0x58,0xff,0xa2,0x58,0xff,
    0xa2,0x58,0xff,0xa2,0x58,0xff,0xa2,0x58,0xff,0xa2,0x58,0xff,
    0xa2,0x58,0xff,0xa2,0x58,0xff,0xa2,0x58,0xff,0x82,0x48,0xff,
    0x82,0x48,0xff,0x66,0xc1,0xff,0x66,0xc1,0xff,0x66,0xc1,0xff,
    0x66,0xc1,0xff,0x82,0x48,0xff,0x82,0x48,0xff,0x82,0x48,0xff,
    0x00,0x00,0x00,0x00,0x00,0x00,0x82,0x48,0xff,0x82,0x48,0xff,
    0x82,0x48,0xff,0x66,0xc1,0xff,0x66,0xc1,0xff,0x66,0xc1,0xff,
    0x66,0xc1,0xff,0x66,0xc1,0xff,0x82,0x48,0xff,0x82,0x48,0xff,
    0x82,0x48,0xff,0xa2,0x58,0xff,0xa2,0x58,0xff,0xa2,0x58,0xff,
    0xa2,0x58,0xff,0xa2,0x58,0xff,0x82,0x48,0xff,0x82,0x48,0xff,
    0x82,0x48,0xff,0x66,0xc1,0xff,0x66,0xc1,0xff,0x66,0xc1,0xff,
    0x66,0xc1,0xff,0x66,0xc1,0xff,0x82,0x48,0xff,0x82,0x48,0xff,
    0x82,0x48,0xff,0x00,0x00,0x00,0x00,0x00,0x00,0x82,0x48,0xff,
    0x82,0x48,0xff,0x66,0xc1,0xff,0x66,0xc1,0xff,0x66,0xc1,0xff,
    0x66,0xc1,0xff,0x66,0xc1,0xff,0x66,0xc1,0xff,0x66,0xc1,0xff,
    0x66,0xc1,0xff,0x82,0x48,0xff,0x82,0x48,0xff,0x82,0x48,0xff,
    0x82,0x48,0xff,0x82,0x48,0xff,0x82,0x48,0xff,0x82,0x48,0xff,
    0x66,0xc1,0xff,0x66,0xc1,0xff,0x66,0xc1,0xff,0x66,0xc1,0xff,
    0x66,0xc1,0xff,0x66,0xc1,0xff,0x66,0xc1,0xff,0x66,0xc1,0xff,
    0x82,0x48,0xff,0x82,0x48,0xff,0x00,0x00,0x00,0x00,0x00,0x00,
    0x82,0x48,0xff,0x82,0x48,0xff,0x66,0xc1,0xff,0x66,0xc1,0xff,
    0x66,0xc1,0xff,0x66,0xc1,0xff,0x66,0xc1,0xff,0x66,0xc1,0xff,
    0x66,0xc1,0xff,0x66,0xc1,0xff,0x66,0xc1,0xff,0x66,0xc1,0xff,
    0x66,0xc1,0xff,0x66,0xc1,0xff,0x66,0xc1,0xff,0x66,0xc1,0xff,
    0x66,0xc1,0xff,0x66,0xc1,0xff,0x66,0xc1,0xff,0x66,0xc1,0xff,
    0x66,0xc1,0xff,0x66,0xc1,0xff,0x66,0xc1,0xff,0x66,0xc1,0xff,
    0x66,0xc1,0xff,0x82,0x48,0xff,0x82,0x48,0xff,0x00,0x00,0x00,
    0x82,0x48,0xff,0x82,0x48,0xff,0x82,0x48,0xff,0x66,0xc1,0xff,
    0x66,0xc1,0xff,0x66,0xc1,0xff,0x66,0xc1,0xff,0x66,0xc1,0xff,
    0x66,0xc1,0xff,0x66,0xc1,0xff,0x66,0xc1,0xff,0x66,0xc1,0xff,
    0x66,0xc1,0xff,0x66,0xc1,0xff,0x66,0xc1,0xff,0x66,0xc1,0xff,
    0x66,0xc1,0xff,0x66,0xc1,0xff,0x66,0xc1,0xff,0x66,0xc1,0xff,
    0x66,0xc1,0xff,0x66,0xc1,0xff,0x66,0xc1,0xff,0x66,0xc1,0xff,
    0x66,0xc1,0xff,0x66,0xc1,0xff,0x82,0x48,0xff,0x82,0x48,0xff,
    0x82,0x48,0xff,0x82,0x48,0xff,0x82,0x48,0xff,0x82,0x48,0xff,
    0x66,0xc1,0xff,0x66,0xc1,0xff,0x66,0xc1,0xff,0x66,0xc1,0xff,
    0x66,0xc1,0xff,0x66,0xc1,0xff,0x66,0xc1,0xff,0x66,0xc1,0xff,
    0x66,0xc1,0xff,0x66,0xc1,0xff,0x66,0xc1,0xff,0x66,0xc1,0xff,
    0x66,0xc1,0xff,0x66,0xc1,0xff,0x66,0xc1,0xff,0x66,0xc1,0xff,
    0x66,0xc1,0xff,0x66,0xc1,0xff,0x66,0xc1,0xff,0x66,0xc1,0xff,
    0x66,0xc1,0xff,0x66,0xc1,0xff,0x66,0xc1,0xff,0x82,0x48,0xff,
    0x82,0x48,0xff,0x82,0x48,0xff,0x82,0x48,0xff,0x04,0x89,0xff,
    0x82,0x48,0xff,0x66,0xc1,0xff,0x66,0xc1,0xff,0x66,0xc1,0xff,
    0x66,0xc1,0xff,0x66,0xc1,0xff,0x66,0xc1,0xff,0x66,0xc1,0xff,
    0x66,0xc1,0xff,0x82,0x48,0xff,0x82,0x48,0xff,0x82,0x48,0xff,
    0x82,0x48,0xff,0x82,0x48,0xff,0x82,0x48,0xff,0x82,0x48,0xff,
    0x66,0xc1,0xff,0x66,0xc1,0xff,0x66,0xc1,0xff,0x66,0xc1,0xff,
    0x66,0xc1,0xff,0x66,0xc1,0xff,0x66,0xc1,0xff,0x66,0xc1,0xff,
    0x82,0x48,0xff,0x04,0x89,0xff,0x82,0x48,0xff,0x82,0x48,0xff,
    0x04,0x89,0xff,0x82,0x48,0xff,0x66,0xc1,0xff,0x66,0xc1,0xff,
    0x66,0xc1,0xff,0x66,0xc1,0xff,0x66,0xc1,0xff,0x66,0xc1,0xff,
    0x66,0xc1,0xff,0x82,0x48,0xff,0x82,0x48,0xff,0xa2,0x58,0xff,
    0xa2,0x58,0xff,0xa2,0x58,0xff,0xa2,0x58,0xff,0xa2,0x58,0xff,
    0x82,0x48,0xff,0x82,0x48,0xff,0x66,0xc1,0xff,0x66,0xc1,0xff,
    0x66,0xc1,0xff,0x66,0xc1,0xff,0x66,0xc1,0xff,0x66,0xc1,0xff,
    0x66,0xc1,0xff,0x82,0x48,0xff,0x04,0x89,0xff,0x82,0x48,0xff,
    0x82,0x48,0xff,0x82,0x48,0xff,0x82,0x48,0xff,0x66,0xc1,0xff,
    0x66,0xc1,0xff,0x66,0xc1,0xff,0x66,0xc1,0xff,0x66,0xc1,0xff,
    0x66,0xc1,0xff,0x66,0xc1,0xff,0x82,0x48,0xff,0x82,0x48,0xff,
    0xa2,0x58,0xff,0xa2,0x58,0xff,0xa2,0x58,0xff,0xa2,0x58,0xff,
    0xa2,0x58,0xff,0x82,0x48,0xff,0x82,0x48,0xff,0x66,0xc1,0xff,
    0x66,0xc1,0xff,0x66,0xc1,0xff,0x66,0xc1,0xff,0x66,0xc1,0xff,
    0x66,0xc1,0xff,0x66,0xc1,0xff,0x82,0x48,0xff,0x82,0x48,0xff,
    0x82,0x48,0xff,0x00,0x00,0x00,0x82,0x48,0xff,0x82,0x48,0xff,
    0x82,0x48,0xff,0x66,0xc1,0xff,0x66,0xc1,0xff,0x66,0xc1,0xff,
    0x66,0xc1,0xff,0x66,0xc1,0xff,0x66,0xc1,0xff,0x82,0x48,0xff,
    0x82,0x48,0xff,0xa2,0x58,0xff,0xa2,0x58,0xff,0xa2,0x58,0xff,
    0xa2,0x58,0xff,0xa2,0x58,0xff,0x82,0x48,0xff,0x82,0x48,0xff,
    0x66,0xc1,0xff,0x66,0xc1,0xff,0x66,0xc1,0xff,0x66,0xc1,0xff,
    0x66,0xc1,0xff,0x66,0xc1,0xff,0x82,0x48,0xff,0x82,0x48,0xff,
    0x82,0x48,0xff,0x00,0x00,0x00,0x00,0x00,0x00,0x82,0x48,0xff,
    0x82,0x48,0xff,0x82,0x48,0xff,0x82,0x48,0xff,0x82,0x48,0xff,
    0x66,0xc1,0xff,0x66,0xc1,0xff,0x66,0xc1,0xff,0x82,0x48,0xff,
    0x82,0x48,0xff,0x82,0x48,0xff,0xa2,0x58,0xff,0xa2,0x58,0xff,
    0xa2,0x58,0xff,0xa2,0x58,0xff,0xa2,0x58,0xff,0x82,0x48,0xff,
    0x82,0x48,0xff,0x82,0x48,0xff,0x66,0xc1,0xff,0x66,0xc1,0xff,
    0x66,0xc1,0xff,0x82,0x48,0xff,0x82,0x48,0xff,0x82,0x48,0xff,
    0x82,0x48,0xff,0x82,0x48,0xff,0x00,0x00,0x00,0x00,0x00,0x00,
    0x00,0x00,0x00,0x00,0x00,0x00,0x00,0x00,0x00,0x82,0x48,0xff,
    0x82,0x48,0xff,0x82,0x48,0xff,0x82,0x48,0xff,0x82,0x48,0xff,
    0x82,0x48,0xff,0x00,0x00,0x00,0x82,0x48,0xff,0x82,0x48,0xff,
    0x82,0x48,0xff,0x82,0x48,0xff,0x82,0x48,0xff,0x82,0x48,0xff,
    0x82,0x48,0xff,0x00,0x00,0x00,0x82,0x48,0xff,0x82,0x48,0xff,
    0x82,0x48,0xff,0x82,0x48,0xff,0x82,0x48,0xff,0x82,0x48,0xff,
    0x00,0x00,0x00,0x00,0x00,0x00,0x00,0x00,0x00,0x00,0x00,0x00,
    0x00,0x00,0x00,0x00,0x00,0x00,0x00,0x00,0x00,0x00,0x00,0x00,
    0x00,0x00,0x00,0x00,0x00,0x00,0x00,0x00,0x00,0x00,0x00,0x00,
    0x00,0x00,0x00,0x00,0x00,0x00,0x00,0x00,0x00,0x00,0x00,0x00,
    0x00,0x00,0x00,0x82,0x48,0xff,0x82,0x48,0xff,0x82,0x48,0xff,
    0x00,0x00,0x00,0x00,0x00,0x00,0x00,0x00,0x00,0x00,0x00,0x00,
    0x00,0x00,0x00,0x00,0x00,0x00,0x00,0x00,0x00,0x00,0x00,0x00,
    0x00,0x00,0x00,0x00,0x00,0x00,0x00,0x00,0x00,0x00,0x00,0x00,
    0x00,0x00,0x00
};
const lv_img_dsc_t sb_head_17 = {
  .header.cf = LV_IMG_CF_TRUE_COLOR_ALPHA,
  .header.always_zero = 0,
  .header.reserved = 0,
  .header.w = 29,
  .header.h = 53,
  .data_size = 4611,
  .data = sb_head_17_map,
};
static const LV_ATTRIBUTE_MEM_ALIGN LV_ATTRIBUTE_LARGE_CONST uint8_t sb_head_18_map[] = {
    0x00,0x00,0x00,0x00,0x00,0x00,0x00,0x00,0x00,0x00,0x00,0x00,
    0x00,0x00,0x00,0x00,0x00,0x00,0x00,0x00,0x00,0x00,0x00,0x00,
    0x00,0x00,0x00,0x82,0x48,0xff,0x82,0x48,0xff,0x82,0x48,0xff,
    0x82,0x48,0xff,0x82,0x48,0xff,0x82,0x48,0xff,0x82,0x48,0xff,
    0x82,0x48,0xff,0x82,0x48,0xff,0x82,0x48,0xff,0x82,0x48,0xff,
    0x00,0x00,0x00,0x00,0x00,0x00,0x00,0x00,0x00,0x00,0x00,0x00,
    0x00,0x00,0x00,0x00,0x00,0x00,0x00,0x00,0x00,0x00,0x00,0x00,
    0x00,0x00,0x00,0x00,0x00,0x00,0x00,0x00,0x00,0x00,0x00,0x00,
    0x00,0x00,0x00,0x00,0x00,0x00,0x00,0x00,0x00,0x00,0x00,0x00,
    0x82,0x48,0xff,0x82,0x48,0xff,0x82,0x48,0xff,0x82,0x48,0xff,
    0x82,0x48,0xff,0x82,0x48,0xff,0x82,0x48,0xff,0x82,0x48,0xff,
    0x82,0x48,0xff,0x82,0x48,0xff,0x82,0x48,0xff,0x82,0x48,0xff,
    0x82,0x48,0xff,0x82,0x48,0xff,0x82,0x48,0xff,0x00,0x00,0x00,
    0x00,0x00,0x00,0x00,0x00,0x00,0x00,0x00,0x00,0x00,0x00,0x00,
    0x00,0x00,0x00,0x00,0x00,0x00,0x00,0x00,0x00,0x00,0x00,0x00,
    0x00,0x00,0x00,0x00,0x00,0x00,0x00,0x00,0x00,0x00,0x00,0x00,
    0x82,0x48,0xff,0x82,0x48,0xff,0x82,0x48,0xff,0x82,0x48,0xff,
    0x82,0x48,0xff,0x66,0xc1,0xff,0x66,0xc1,0xff,0x66,0xc1,0xff,
    0x66,0xc1,0xff,0x66,0xc1,0xff,0x66,0xc1,0xff,0x66,0xc1,0xff,
    0x82,0x48,0xff,0x82,0x48,0xff,0x82,0x48,0xff,0x82,0x48,0xff,
    0x82,0x48,0xff,0x00,0x00,0x00,0x00,0x00,0x00,0x00,0x00,0x00,
    0x00,0x00,0x00,0x00,0x00,0x00,0x00,0x00,0x00,0x00,0x00,0x00,
    0x00,0x00,0x00,0x00,0x00,0x00,0x00,0x00,0x00,0x82,0x48,0xff,
    0x82,0x48,0xff,0x82,0x48,0xff,0x82,0x48,0xff,0x82,0x48,0xff,
    0x66,0xc1,0xff,0x66,0xc1,0xff,0x66,0xc1,0xff,0x66,0xc1,0xff,
    0x66,0xc1,0xff,0x66,0xc1,0xff,0x66,0xc1,0xff,0x66,0xc1,0xff,
    0x66,0xc1,0xff,0x66,0xc1,0xff,0x66,0xc1,0xff,0x82,0x48,0xff,
    0x82,0x48,0xff,0x82,0x48,0xff,0x82,0x48,0xff,0x82,0x48,0xff,
    0x00,0x00,0x00,0x00,0x00,0x00,0x00,0x00,0x00,0x00,0x00,0x00,
    0x00,0x00,0x00,0x00,0x00,0x00,0x00,0x00,0x00,0x82,0x48,0xff,
    0x82,0x48,0xff,0x82,0x48,0xff,0x82,0x48,0xff,0x82,0x48,0xff,
    0x66,0xc1,0xff,0x66,0xc1,0xff,0x82,0x48,0xff,0x82,0x48,0xff,
    0x82,0x48,0xff,0x82,0x48,0xff,0x82,0x48,0xff,0x82,0x48,0xff,
    0x82,0x48,0xff,0x82,0x48,0xff,0x82,0x48,0xff,0x66,0xc1,0xff,
    0x66,0xc1,0xff,0x82,0x48,0xff,0x82,0x48,0xff,0x82,0x48,0xff,
    0x82,0x48,0xff,0x82,0x48,0xff,0x00,0x00,0x00,0x00,0x00,0x00,
    0x00,0x00,0x00,0x00,0x00,0x00,0x00,0x00,0x00,0x82,0x48,0xff,
    0x82,0x48,0xff,0x82,0x48,0xff,0x82,0x48,0xff,0x66,0xc1,0xff,
    0x66,0xc1,0xff,0x66,0xc1,0xff,0x82,0x48,0xff,0x82,0x48,0xff,
    0xa2,0x58,0xff,0xa2,0x58,0xff,0xa2,0x58,0xff,0xa2,0x58,0xff,
    0xa2,0x58,0xff,0xa2,0x58,0xff,0xa2,0x58,0xff,0x82,0x48,0xff,
    0x82,0x48,0xff,0x66,0xc1,0xff,0x66,0xc1,0xff,0x66,0xc1,0xff,
    0x82,0x48,0xff,0x82,0x48,0xff,0x82,0x48,0xff,0x82,0x48,0xff,
    0x00,0x00,0x00,0x00,0x00,0x00,0x00,0x00,0x00,0x82,0x48,0xff,
    0x82,0x48,0xff,0x04,0x89,0xff,0x82,0x48,0xff,0x66,0xc1,0xff,
    0x66,0xc1,0xff,0x66,0xc1,0xff,0x82,0x48,0xff,0x82,0x48,0xff,
    0xa2,0x58,0xff,0xa2,0x58,0xff,0xa2,0x58,0xff,0xa2,0x58,0xff,
    0xa2,0x58,0xff,0xa2,0x58,0xff,0xa2,0x58,0xff,0xa2,0x58,0xff,
    0xa2,0x58,0xff,0x82,0x48,0xff,0x82,0x48,0xff,0x66,0xc1,0xff,
    0x66,0xc1,0xff,0x66,0xc1,0xff,0x82,0x48,0xff,0x04,0x89,0xff,
    0x82,0x48,0xff,0x82,0x48,0xff,0x00,0x00,0x00,0x00,0x00,0x00,
    0x82,0x48,0xff,0x04,0x89,0xff,0x82,0x48,0xff,0x82,0x48,0xff,
    0x66,0xc1,0xff,0x66,0xc1,0xff,0x66,0xc1,0xff,0x82,0x48,0xff,
    0xa2,0x58,0xff,0xa2,0x58,0xff,0xa2,0x58,0xff,0xa2,0x58,0xff,
    0xa2,0x58,0xff,0xa2,0x58,0xff,0xa2,0x58,0xff,0xa2,0x58,0xff,
    0xa2,0x58,0xff,0xa2,0x58,0xff,0xa2,0x58,0xff,0x82,0x48,0xff,
    0x66,0xc1,0xff,0x66,0xc1,0xff,0x66,0xc1,0xff,0x82,0x48,0xff,
    0x82,0x48,0xff,0x04,0x89,0xff,0x82,0x48,0xff,0x00,0x00,0x00,
    0x82,0x48,0xff,0x82,0x48,0xff,0x04,0x89,0xff,0x82,0x48,0xff,
    0x66,0xc1,0xff,0x66,0xc1,0xff,0x66,0xc1,0xff,0x82,0x48,0xff,
    0x82,0x48,0xff,0xa2,0x58,0xff,0xa2,0x58,0xff,0xa2,0x58,0xff,
    0xa2,0x58,0xff,0xa2,0x58,0xff,0xa2,0x58,0xff,0xa2,0x58,0xff,
    0xa2,0x58,0xff,0xa2,0x58,0xff,0xa2,0x58,0xff,0xa2,0x58,0xff,
    0x82,0x48,0xff,0x82,0x48,0xff,0x66,0xc1,0xff,0x66,0xc1,0xff,
    0x66,0xc1,0xff,0x82,0x48,0xff,0x04,0x89,0xff,0x82,0x48,0xff,
    0x82,0x48,0xff,0x82,0x48,0xff,0x04,0x89,0xff,0x04,0x89,0xff,
    0x82,0x48,0xff,0x66,0xc1,0xff,0x66,0xc1,0xff,0x66,0xc1,0xff,
    0x82,0x48,0xff,0xa2,0x58,0xff,0xa2,0x58,0xff,0xa2,0x58,0xff,
    0xa2,0x58,0xff,0xa2,0x58,0xff,0xa2,0x58,0xff,0xa2,0x58,0xff,
    0xa2,0x58,0xff,0xa2,0x58,0xff,0xa2,0x58,0xff,0xa2,0x58,0xff,
    0xa2,0x58,0xff,0xa2,0x58,0xff,0x82,0x48,0xff,0x66,0xc1,0xff,
    0x66,0xc1,0xff,0x66,0xc1,0xff,0x82,0x48,0xff,0x04,0x89,0xff,
    0x04,0x89,0xff,0x82,0x48,0xff,0x82,0x48,0xff,0x04,0x89,0xff,
    0x04,0x89,0xff,0x82,0x48,0xff,0x66,0xc1,0xff,0x66,0xc1,0xff,
    0x82,0x48,0xff,0x82,0x48,0xff,0xa2,0x58,0xff,0xa2,0x58,0xff,
    0xa2,0x58,0xff,0xa2,0x58,0xff,0xa2,0x58,0xff,0xa2,0x58,0xff,
    0xa2,0x58,0xff,0xa2,0x58,0xff,0xa2,0x58,0xff,0xa2,0x58,0xff,
    0xa2,0x58,0xff,0xa2,0x58,0xff,0xa2,0x58,0xff,0x82,0x48,0xff,
    0x82,0x48,0xff,0x66,0xc1,0xff,0x66,0xc1,0xff,0x82,0x48,0xff,
    0x04,0x89,0xff,0x04,0x89,0xff,0x82,0x48,0xff,0x82,0x48,0xff,
    0x04,0x89,0xff,0x04,0x89,0xff,0x82,0x48,0xff,0x66,0xc1,0xff,
    0x66,0xc1,0xff,0x82,0x48,0xff,0xa2,0x58,0xff,0xa2,0x58,0xff,
    0xa2,0x58,0xff,0xa2,0x58,0xff,0xa2,0x58,0xff,0xa2,0x58,0xff,
    0xa2,0x58,0xff,0xa2,0x58,0xff,0xa2,0x58,0xff,0xa2,0x58,0xff,
    0xa2,0x58,0xff,0xa2,0x58,0xff,0xa2,0x58,0xff,0xa2,0x58,0xff,
    0xa2,0x58,0xff,0x82,0x48,0xff,0x66,0xc1,0xff,0x66,0xc1,0xff,
    0x82,0x48,0xff,0x04,0x89,0xff,0x04,0x89,0xff,0x82,0x48,0xff,
    0x82,0x48,0xff,0x04,0x89,0xff,0x04,0x89,0xff,0x82,0x48,0xff,
    0x66,0xc1,0xff,0x66,0xc1,0xff,0x82,0x48,0xff,0xa2,0x58,0xff,
    0xa2,0x58,0xff,0xa2,0x58,0xff,0xa2,0x58,0xff,0xa2,0x58,0xff,
    0xa2,0x58,0xff,0xa2,0x58,0xff,0xa2,0x58,0xff,0xa2,0x58,0xff,
    0xa2,0x58,0xff,0xa2,0x58,0xff,0xa2,0x58,0xff,0xa2,0x58,0xff,
    0xa2,0x58,0xff,0xa2,0x58,0xff,0x82,0x48,0xff,0x66,0xc1,0xff,
    0x66,0xc1,0xff,0x82,0x48,0xff,0x04,0x89,0xff,0x04,0x89,0xff,
    0x82,0x48,0xff,0x82,0x48,0xff,0x04,0x89,0xff,0x04,0x89,0xff,
    0x82,0x48,0xff,0x66,0xc1,0xff,0x66,0xc1,0xff,0x82,0x48,0xff,
    0xa2,0x58,0xff,0xa2,0x58,0xff,0xa2,0x58,0xff,0xa2,0x58,0xff,
    0xa2,0x58,0xff,0xa2,0x58,0xff,0xa2,0x58,0xff,0xa2,0x58,0xff,
    0xa2,0x58,0xff,0xa2,0x58,0xff,0xa2,0x58,0xff,0xa2,0x58,0xff,
    0xa2,0x58,0xff,0xa2,0x58,0xff,0xa2,0x58,0xff,0x82,0x48,0xff,
    0x66,0xc1,0xff,0x66,0xc1,0xff,0x82,0x48,0xff,0x04,0x89,0xff,
    0x04,0x89,0xff,0x82,0x48,0xff,0x82,0x48,0xff,0x04,0x89,0xff,
    0x04,0x89,0xff,0x82,0x48,0xff,0x66,0xc1,0xff,0x66,0xc1,0xff,
    0x82,0x48,0xff,0x82,0x48,0xff,0xa2,0x58,0xff,0xa2,0x58,0xff,
    0xa2,0x58,0xff,0xa2,0x58,0xff,0xa2,0x58,0xff,0xa2,0x58,0xff,
    0xa2,0x58,0xff,0xa2,0x58,0xff,0xa2,0x58,0xff,0xa2,0x58,0xff,
    0xa2,0x58,0xff,0xa2,0x58,0xff,0xa2,0x58,0xff,0x82,0x48,0xff,
    0x82,0x48,0xff,0x66,0xc1,0xff,0x66,0xc1,0xff,0x82,0x48,0xff,
    0x04,0x89,0xff,0x04,0x89,0xff,0x82,0x48,0xff,0x82,0x48,0xff,
    0x04,0x89,0xff,0x04,0x89,0xff,0x82,0x48,0xff,0x66,0xc1,0xff,
    0x66,0xc1,0xff,0x66,0xc1,0xff,0x82,0x48,0xff,0xa2,0x58,0xff,
    0xa2,0x58,0xff,0xa2,0x58,0xff,0xa2,0x58,0xff,0xa2,0x58,0xff,
    0xa2,0x58,0xff,0xa2,0x58,0xff,0xa2,0x58,0xff,0xa2,0x58,0xff,
    0xa2,0x58,0xff,0xa2,0x58,0xff,0xa2,0x58,0xff,0xa2,0x58,0xff,
    0x82,0x48,0xff,0x66,0xc1,0xff,0x66,0xc1,0xff,0x66,0xc1,0xff,
    0x82,0x48,0xff,0x04,0x89,0xff,0x04,0x89,0xff,0x82,0x48,0xff,
    0x82,0x48,0xff,0x82,0x48,0xff,0x04,0x89,0xff,0x82,0x48,0xff,
    0x66,0xc1,0xff,0x66,0xc1,0xff,0x66,0xc1,0xff,0x82,0x48,0xff,
    0x82,0x48,0xff,0xa2,0x58,0xff,0xa2,0x58,0xff,0xa2,0x58,0xff,
    0xa2,0x58,0xff,0xa2,0x58,0xff,0xa2,0x58,0xff,0xa2,0x58,0xff,
    0xa2,0x58,0xff,0xa2,0x58,0xff,0xa2,0x58,0xff,0xa2,0x58,0xff,
    0x82,0x48,0xff,0x82,0x48,0xff,0x66,0xc1,0xff,0x66,0xc1,0xff,
    0x66,0xc1,0xff,0x82,0x48,0xff,0x04,0x89,0xff,0x82,0x48,0xff,
    0x82,0x48,0xff,0x00,0x00,0x00,0x82,0x48,0xff,0x04,0x89,0xff,
    0x82,0x48,0xff,0x66,0xc1,0xff,0x66,0xc1,0xff,0x66,0xc1,0xff,
    0x66,0xc1,0xff,0x82,0x48,0xff,0xa2,0x58,0xff,0xa2,0x58,0xff,
    0xa2,0x58,0xff,0xa2,0x58,0xff,0xa2,0x58,0xff,0xa2,0x58,0xff,
    0xa2,0x58,0xff,0xa2,0x58,0xff,0xa2,0x58,0xff,0xa2,0x58,0xff,
    0xa2,0x58,0xff,0x82,0x48,0xff,0x66,0xc1,0xff,0x66,0xc1,0xff,
    0x66,0xc1,0xff,0x66,0xc1,0xff,0x82,0x48,0xff,0x04,0x89,0xff,
    0x82,0x48,0xff,0x00,0x00,0x00,0x00,0x00,0x00,0x82,0x48,0xff,
    0x04,0x89,0xff,0x82,0x48,0xff,0x66,0xc1,0xff,0x66,0xc1,0xff,
    0x66,0xc1,0xff,0x66,0xc1,0xff,0x82,0x48,0xff,0x82,0x48,0xff,
    0xa2,0x58,0xff,0xa2,0x58,0xff,0xa2,0x58,0xff,0xa2,0x58,0xff,
    0xa2,0x58,0xff,0xa2,0x58,0xff,0xa2,0x58,0xff,0xa2,0x58,0xff,
    0xa2,0x58,0xff,0x82,0x48,0xff,0x82,0x48,0xff,0x66,0xc1,0xff,
    0x66,0xc1,0xff,0x66,0xc1,0xff,0x66,0xc1,0xff,0x82,0x48,0xff,
    0x04,0x89,0xff,0x82,0x48,0xff,0x00,0x00,0x00,0x00,0x00,0x00,
    0x82,0x48,0xff,0x04,0x89,0xff,0x82,0x48,0xff,0x66,0xc1,0xff,
    0x66,0xc1,0xff,0x66,0xc1,0xff,0x66,0xc1,0xff,0x66,0xc1,0xff,
    0x82,0x48,0xff,0x82,0x48,0xff,0x82,0x48,0xff,0xa2,0x58,0xff,
    0xa2,0x58,0xff,0xa2,0x58,0xff,0xa2,0x58,0xff,0xa2,0x58,0xff,
    0x82,0x48,0xff,0x82,0x48,0xff,0x82,0x48,0xff,0x66,0xc1,0xff,
    0x66,0xc1,0xff,0x66,0xc1,0xff,0x66,0xc1,0xff,0x66,0xc1,0xff,
    0x82,0x48,0xff,0x04,0x89,0xff,0x82,0x48,0xff,0x00,0x00,0x00,
    0x00,0x00,0x00,0x82,0x48,0xff,0x04,0x89,0xff,0x82,0x48,0xff,
    0x66,0xc1,0xff,0x66,0xc1,0xff,0x66,0xc1,0xff,0x66,0xc1,0xff,
    0x66,0xc1,0xff,0x66,0xc1,0xff,0x66,0xc1,0xff,0x82,0x48,0xff,
    0x82,0x48,0xff,0x82,0x48,0xff,0x82,0x48,0xff,0x82,0x48,0xff,
    0x82,0x48,0xff,0x82,0x48,0xff,0x66,0xc1,0xff,0x66,0xc1,0xff,
    0x66,0xc1,0xff,0x66,0xc1,0xff,0x66,0xc1,0xff,0x66,0xc1,0xff,
    0x66,0xc1,0xff,0x82,0x48,0xff,0x04,0x89,0xff,0x82,0x48,0xff,
    0x00,0x00,0x00,0x00,0x00,0x00,0x82,0x48,0xff,0x04,0x89,0xff,
    0x82,0x48,0xff,0x66,0xc1,0xff,0x66,0xc1,0xff,0x66,0xc1,0xff,
    0x66,0xc1,0xff,0x66,0xc1,0xff,0x66,0xc1,0xff,0x66,0xc1,0xff,
    0x66,0xc1,0xff,0x66,0xc1,0xff,0x66,0xc1,0xff,0x66,0xc1,0xff,
    0x66,0xc1,0xff,0x66,0xc1,0xff,0x66,0xc1,0xff,0x66,0xc1,0xff,
    0x66,0xc1,0xff,0x66,0xc1,0xff,0x66,0xc1,0xff,0x66,0xc1,0xff,
    0x66,0xc1,0xff,0x66,0xc1,0xff,0x82,0x48,0xff,0x04,0x89,0xff,
    0x82,0x48,0xff,0x00,0x00,0x00,0x00,0x00,0x00,0x82,0x48,0xff,
    0x82,0x48,0xff,0x82,0x48,0xff,0x66,0xc1,0xff,0x66,0xc1,0xff,
    0x66,0xc1,0xff,0x66,0xc1,0xff,0x66,0xc1,0xff,0x66,0xc1,0xff,
    0x66,0xc1,0xff,0x66,0xc1,0xff,0x82,0x48,0xff,0x82,0x48,0xff,
    0x82,0x48,0xff,0x82,0x48,0xff,0x66,0xc1,0xff,0x66,0xc1,0xff,
    0x66,0xc1,0xff,0x66,0xc1,0xff,0x66,0xc1,0xff,0x66,0xc1,0xff,
    0x66,0xc1,0xff,0x66,0xc1,0xff,0x66,0xc1,0xff,0x82,0x48,0xff,
    0x82,0x48,0xff,0x82,0x48,0xff,0x00,0x00,0x00,0x00,0x00,0x00,
    0x00,0x00,0x00,0x82,0x48,0xff,0x82,0x48,0xff,0x66,0xc1,0xff,
    0x66,0xc1,0xff,0x66,0xc1,0xff,0x66,0xc1,0xff,0x66,0xc1,0xff,
    0x66,0xc1,0xff,0x66,0xc1,0xff,0x66,0xc1,0xff,0x82,0x48,0xff,
    0x82,0x48,0xff,0x82,0x48,0xff,0x82,0x48,0xff,0x66,0xc1,0xff,
    0x66,0xc1,0xff,0x66,0xc1,0xff,0x66,0xc1,0xff,0x66,0xc1,0xff,
    0x66,0xc1,0xff,0x66,0xc1,0xff,0x66,0xc1,0xff,0x66,0xc1,0xff,
    0x82,0x48,0xff,0x82,0x48,0xff,0x00,0x00,0x00,0x00,0x00,0x00,
    0x00,0x00,0x00,0x00,0x00,0x00,0x82,0x48,0xff,0x82,0x48,0xff,
    0x66,0xc1,0xff,0x66,0xc1,0xff,0x66,0xc1,0xff,0x66,0xc1,0xff,
    0x66,0xc1,0xff,0x66,0xc1,0xff,0x66,0xc1,0xff,0x82,0x48,0xff,
    0x82,0x48,0xff,0x82,0x48,0xff,0x82,0x48,0xff,0x66,0xc1,0xff,
    0x82,0x48,0xff,0x66,0xc1,0xff,0x66,0xc1,0xff,0x66,0xc1,0xff,
    0x66,0xc1,0xff,0x66,0xc1,0xff,0x66,0xc1,0xff,0x66,0xc1,0xff,
    0x66,0xc1,0xff,0x82,0x48,0xff,0x82,0x48,0xff,0x00,0x00,0x00,
    0x00,0x00,0x00,0x00,0x00,0x00,0x00,0x00,0x00,0x82,0x48,0xff,
    0x82,0x48,0xff,0x66,0xc1,0xff,0x66,0xc1,0xff,0x66,0xc1,0xff,
    0x66,0xc1,0xff,0x66,0xc1,0xff,0x66,0xc1,0xff,0x66,0xc1,0xff,
    0x66,0xc1,0xff,0x66,0xc1,0xff,0x82,0x48,0xff,0x82,0x48,0xff,
    0x82,0x48,0xff,0x82,0x48,0xff,0x66,0xc1,0xff,0x66,0xc1,0xff,
    0x66,0xc1,0xff,0x66,0xc1,0xff,0x66,0xc1,0xff,0x66,0xc1,0xff,
    0x66,0xc1,0xff,0x66,0xc1,0xff,0x82,0x48,0xff,0x82,0x48,0xff,
    0x00,0x00,0x00,0x00,0x00,0x00,0x00,0x00,0x00,0x00,0x00,0x00,
    0x82,0x48,0xff,0x82,0x48,0xff,0x82,0x48,0xff,0x66,0xc1,0xff,
    0x66,0xc1,0xff,0x66,0xc1,0xff,0x66,0xc1,0xff,0x66,0xc1,0xff,
    0x66,0xc1,0xff,0x66,0xc1,0xff,0x82,0x48,0xff,0x82,0x48,0xff,
    0x66,0xc1,0xff,0x82,0x48,0xff,0x66,0xc1,0xff,0x66,0xc1,0xff,
    0x66,0xc1,0xff,0x66,0xc1,0xff,0x66,0xc1,0xff,0x66,0xc1,0xff,
    0x66,0xc1,0xff,0x66,0xc1,0xff,0x82,0x48,0xff,0x82,0x48,0xff,
    0x82,0x48,0xff,0x00,0x00,0x00,0x00,0x00,0x00,0x00,0x00,0x00,
    0x00,0x00,0x00,0x82,0x48,0xff,0x82,0x48,0xff,0x82,0x48,0xff,
    0x66,0xc1,0xff,0x66,0xc1,0xff,0x66,0xc1,0xff,0x66,0xc1,0xff,
    0x66,0xc1,0xff,0x66,0xc1,0xff,0x66,0xc1,0xff,0x66,0xc1,0xff,
    0x66,0xc1,0xff,0x66,0xc1,0xff,0x66,0xc1,0xff,0x66,0xc1,0xff,
    0x66,0xc1,0xff,0x66,0xc1,0xff,0x66,0xc1,0xff,0x66,0xc1,0xff,
    0x66,0xc1,0xff,0x66,0xc1,0xff,0x66,0xc1,0xff,0x82,0x48,0xff,
    0x82,0x48,0xff,0x82,0x48,0xff,0x00,0x00,0x00,0x00,0x00,0x00,
    0x00,0x00,0x00,0x00,0x00,0x00,0x00,0x00,0x00,0x82,0x48,0xff,
    0x82,0x48,0xff,0x66,0xc1,0xff,0x66,0xc1,0xff,0x66,0xc1,0xff,
    0x66,0xc1,0xff,0x66,0xc1,0xff,0x66,0xc1,0xff,0x66,0xc1,0xff,
    0x82,0x48,0xff,0x82,0x48,0xff,0x82,0x48,0xff,0x82,0x48,0xff,
    0x82,0x48,0xff,0x66,0xc1,0xff,0x66,0xc1,0xff,0x66,0xc1,0xff,
    0x66,0xc1,0xff,0x66,0xc1,0xff,0x66,0xc1,0xff,0x66,0xc1,0xff,
    0x82,0x48,0xff,0x82,0x48,0xff,0x00,0x00,0x00,0x00,0x00,0x00,
    0x00,0x00,0x00,0x00,0x00,0x00,0x00,0x00,0x00,0x00,0x00,0x00,
    0x82,0x48,0xff,0x82,0x48,0xff,0x66,0xc1,0xff,0x66,0xc1,0xff,
    0x66,0xc1,0xff,0x66,0xc1,0xff,0x66,0xc1,0xff,0x82,0x48,0xff,
    0x82,0x48,0xff,0x82,0x48,0xff,0xa2,0x58,0xff,0xa2,0x58,0xff,
    0xa2,0x58,0xff,0x82,0x48,0xff,0x82,0x48,0xff,0x82,0x48,0xff,
    0x66,0xc1,0xff,0x66,0xc1,0xff,0x66,0xc1,0xff,0x66,0xc1,0xff,
    0x66,0xc1,0xff,0x82,0x48,0xff,0x82,0x48,0xff,0x00,0x00,0x00,
    0x00,0x00,0x00,0x00,0x00,0x00,0x00,0x00,0x00,0x00,0x00,0x00,
    0x82,0x48,0xff,0x82,0x48,0xff,0x82,0x48,0xff,0x66,0xc1,0xff,
    0x66,0xc1,0xff,0x66,0xc1,0xff,0x66,0xc1,0xff,0x82,0x48,0xff,
    0x82,0x48,0xff,0xa2,0x58,0xff,0xa2,0x58,0xff,0xa2,0x58,0xff,
    0xa2,0x58,0xff,0xa2,0x58,0xff,0xa2,0x58,0xff,0xa2,0x58,0xff,
    0x82,0x48,0xff,0x82,0x48,0xff,0x66,0xc1,0xff,0x66,0xc1,0xff,
    0x66,0xc1,0xff,0x66,0xc1,0xff,0x82,0x48,0xff,0x82,0x48,0xff,
    0x82,0x48,0xff,0x00,0x00,0x00,0x00,0x00,0x00,0x00,0x00,0x00,
    0x00,0x00,0x00,0x82,0x48,0xff,0x04,0x89,0xff,0x82,0x48,0xff,
    0x66,0xc1,0xff,0x66,0xc1,0xff,0x66,0xc1,0xff,0x82,0x48,0xff,
    0x82,0x48,0xff,0xa2,0x58,0xff,0xa2,0x58,0xff,0xa2,0x58,0xff,
    0xa2,0x58,0xff,0xa2,0x58,0xff,0xa2,0x58,0xff,0xa2,0x58,0xff,
    0xa2,0x58,0xff,0xa2,0x58,0xff,0x82,0x48,0xff,0x82,0x48,0xff,
    0x66,0xc1,0xff,0x66,0xc1,0xff,0x66,0xc1,0xff,0x82,0x48,0xff,
    0x04,0x89,0xff,0x82,0x48,0xff,0x00,0x00,0x00,0x00,0x00,0x00,
    0x00,0x00,0x00,0x00,0x00,0x00,0x82,0x48,0xff,0x04,0x89,0xff,
    0x82,0x48,0xff,0x66,0xc1,0xff,0x66,0xc1,0xff,0x82,0x48,0xff,
    0x82,0x48,0xff,0xa2,0x58,0xff,0xa2,0x58,0xff,0xa2,0x58,0xff,
    0xa2,0x58,0xff,0xa2,0x58,0xff,0xa2,0x58,0xff,0xa2,0x58,0xff,
    0xa2,0x58,0xff,0xa2,0x58,0xff,0xa2,0x58,0xff,0xa2,0x58,0xff,
    0x82,0x48,0xff,0x82,0x48,0xff,0x66,0xc1,0xff,0x66,0xc1,0xff,
    0x82,0x48,0xff,0x04,0x89,0xff,0x82,0x48,0xff,0x00,0x00,0x00,
    0x00,0x00,0x00,0x00,0x00,0x00,0x00,0x00,0x00,0x82,0x48,0xff,
    0x82,0x48,0xff,0x82,0x48,0xff,0x66,0xc1,0xff,0x66,0xc1,0xff,
    0x82,0x48,0xff,0xa2,0x58,0xff,0xa2,0x58,0xff,0xa2,0x58,0xff,
    0xa2,0x58,0xff,0xa2,0x58,0xff,0xa2,0x58,0xff,0xa2,0x58,0xff,
    0xa2,0x58,0xff,0xa2,0x58,0xff,0xa2,0x58,0xff,0xa2,0x58,0xff,
    0xa2,0x58,0xff,0xa2,0x58,0xff,0x82,0x48,0xff,0x66,0xc1,0xff,
    0x66,0xc1,0xff,0x82,0x48,0xff,0x82,0x48,0xff,0x82,0x48,0xff,
    0x00,0x00,0x00,0x00,0x00,0x00,0x00,0x00,0x00,0x00,0x00,0x00,
    0x82,0x48,0xff,0x82,0x48,0xff,0x66,0xc1,0xff,0x66,0xc1,0xff,
    0x66,0xc1,0xff,0x82,0x48,0xff,0xa2,0x58,0xff,0xa2,0x58,0xff,
    0xa2,0x58,0xff,0xa2,0x58,0xff,0xa2,0x58,0xff,0xa2,0x58,0xff,
    0xa2,0x58,0xff,0xa2,0x58,0xff,0xa2,0x58,0xff,0xa2,0x58,0xff,
    0xa2,0x58,0xff,0xa2,0x58,0xff,0xa2,0x58,0xff,0x82,0x48,0xff,
    0x66,0xc1,0xff,0x66,0xc1,0xff,0x66,0xc1,0xff,0x82,0x48,0xff,
    0x82,0x48,0xff,0x00,0x00,0x00,0x00,0x00,0x00,0x00,0x00,0x00,
    0x00,0x00,0x00,0x82,0x48,0xff,0x82,0x48,0xff,0x66,0xc1,0xff,
    0x66,0xc1,0xff,0x66,0xc1,0xff,0x82,0x48,0xff,0xa2,0x58,0xff,
    0xa2,0x58,0xff,0xa2,0x58,0xff,0xa2,0x58,0xff,0xa2,0x58,0xff,
    0xa2,0x58,0xff,0xa2,0x58,0xff,0xa2,0x58,0xff,0xa2,0x58,0xff,
    0xa2,0x58,0xff,0xa2,0x58,0xff,0xa2,0x58,0xff,0xa2,0x58,0xff,
    0x82,0x48,0xff,0x66,0xc1,0xff,0x66,0xc1,0xff,0x66,0xc1,0xff,
    0x82,0x48,0xff,0x82,0x48,0xff,0x00,0x00,0x00,0x00,0x00,0x00,
    0x00,0x00,0x00,0x00,0x00,0x00,0x82,0x48,0xff,0x82,0x48,0xff,
    0x66,0xc1,0xff,0x66,0xc1,0xff,0x66,0xc1,0xff,0x82,0x48,0xff,
    0xa2,0x58,0xff,0xa2,0x58,0xff,0xa2,0x58,0xff,0xa2,0x58,0xff,
    0xa2,0x58,0xff,0xa2,0x58,0xff,0xa2,0x58,0xff,0xa2,0x58,0xff,
    0xa2,0x58,0xff,0xa2,0x58,0xff,0xa2,0x58,0xff,0xa2,0x58,0xff,
    0xa2,0x58,0xff,0x82,0x48,0xff,0x66,0xc1,0xff,0x66,0xc1,0xff,
    0x66,0xc1,0xff,0x82,0x48,0xff,0x82,0x48,0xff,0x00,0x00,0x00,
    0x00,0x00,0x00,0x00,0x00,0x00,0x00,0x00,0x00,0x82,0x48,0xff,
    0x82,0x48,0xff,0x66,0xc1,0xff,0x66,0xc1,0xff,0x66,0xc1,0xff,
    0x82,0x48,0xff,0xa2,0x58,0xff,0xa2,0x58,0xff,0xa2,0x58,0xff,
    0xa2,0x58,0xff,0xa2,0x58,0xff,0xa2,0x58,0xff,0xa2,0x58,0xff,
    0xa2,0x58,0xff,0xa2,0x58,0xff,0xa2,0x58,0xff,0xa2,0x58,0xff,
    0xa2,0x58,0xff,0xa2,0x58,0xff,0x82,0x48,0xff,0x66,0xc1,0xff,
    0x66,0xc1,0xff,0x66,0xc1,0xff,0x82,0x48,0xff,0x82,0x48,0xff,
    0x00,0x00,0x00,0x00,0x00,0x00,0x00,0x00,0x00,0x00,0x00,0x00,
    0x82,0x48,0xff,0x82,0x48,0xff,0x66,0xc1,0xff,0x66,0xc1,0xff,
    0x66,0xc1,0xff,0x82,0x48,0xff,0x82,0x48,0xff,0xa2,0x58,0xff,
    0xa2,0x58,0xff,0xa2,0x58,0xff,0xa2,0x58,0xff,0xa2,0x58,0xff,
    0xa2,0x58,0xff,0xa2,0x58,0xff,0xa2,0x58,0xff,0xa2,0x58,0xff,
    0xa2,0x58,0xff,0xa2,0x58,0xff,0x82,0x48,0xff,0x82,0x48,0xff,
    0x66,0xc1,0xff,0x66,0xc1,0xff,0x66,0xc1,0xff,0x82,0x48,0xff,
    0x82,0x48,0xff,0x00,0x00,0x00,0x00,0x00,0x00,0x00,0x00,0x00,
    0x00,0x00,0x00,0x82,0x48,0xff,0x82,0x48,0xff,0x66,0xc1,0xff,
    0x66,0xc1,0xff,0x66,0xc1,0xff,0x66,0xc1,0xff,0x82,0x48,0xff,
    0xa2,0x58,0xff,0xa2,0x58,0xff,0xa2,0x58,0xff,0xa2,0x58,0xff,
    0xa2,0x58,0xff,0xa2,0x58,0xff,0xa2,0x58,0xff,0xa2,0x58,0xff,
    0xa2,0x58,0xff,0xa2,0x58,0xff,0xa2,0x58,0xff,0x82,0x48,0xff,
    0x66,0xc1,0xff,0x66,0xc1,0xff,0x66,0xc1,0xff,0x66,0xc1,0xff,
    0x82,0x48,0xff,0x82,0x48,0xff,0x00,0x00,0x00,0x00,0x00,0x00,
    0x00,0x00,0x00,0x00,0x00,0x00,0x82,0x48,0xff,0x82,0x48,0xff,
    0x66,0xc1,0xff,0x66,0xc1,0xff,0x66,0xc1,0xff,0x66,0xc1,0xff,
    0x82,0x48,0xff,0x82,0x48,0xff,0xa2,0x58,0xff,0xa2,0x58,0xff,
    0xa2,0x58,0xff,0xa2,0x58,0xff,0xa2,0x58,0xff,0xa2,0x58,0xff,
    0xa2,0x58,0xff,0xa2,0x58,0xff,0xa2,0x58,0xff,0x82,0x48,0xff,
    0x82,0x48,0xff,0x66,0xc1,0xff,0x66,0xc1,0xff,0x66,0xc1,0xff,
    0x66,0xc1,0xff,0x82,0x48,0xff,0x82,0x48,0xff,0x00,0x00,0x00,
    0x00,0x00,0x00,0x00,0x00,0x00,0x82,0x48,0xff,0x82,0x48,0xff,
    0x82,0x48,0xff,0x66,0xc1,0xff,0x66,0xc1,0xff,0x66,0xc1,0xff,
    0x66,0xc1,0xff,0x66,0xc1,0xff,0x82,0x48,0xff,0x82,0x48,0xff,
    0xa2,0x58,0xff,0xa2,0x58,0xff,0xa2,0x58,0xff,0xa2,0x58,0xff,
    0xa2,0x58,0xff,0xa2,0x58,0xff,0xa2,0x58,0xff,0x82,0x48,0xff,
    0x82,0x48,0xff,0x66,0xc1,0xff,0x66,0xc1,0xff,0x66,0xc1,0xff,
    0x66,0xc1,0xff,0x66,0xc1,0xff,0x82,0x48,0xff,0x82,0x48,0xff,
    0x82,0x48,0xff,0x00,0x00,0x00,0x00,0x00,0x00,0x82,0x48,0xff,
    0x82,0x48,0xff,0x82,0x48,0xff,0x66,0xc1,0xff,0x66,0xc1,0xff,
    0x66,0xc1,0xff,0x66,0xc1,0xff,0x66,0xc1,0xff,0x66,0xc1,0xff,
    0x82,0x48,0xff,0x82,0x48,0xff,0x82,0x48,0xff,0x82,0x48,0xff,
    0xa2,0x58,0xff,0x82,0x48,0xff,0x82,0x48,0xff,0x82,0x48,0xff,
    0x82,0x48,0xff,0x66,0xc1,0xff,0x66,0xc1,0xff,0x66,0xc1,0xff,
    0x66,0xc1,0xff,0x66,0xc1,0xff,0x66,0xc1,0xff,0x82,0x48,0xff,
    0x82,0x48,0xff,0x82,0x48,0xff,0x00,0x00,0x00,0x00,0x00,0x00,
    0x82,0x48,0xff,0x82,0x48,0xff,0x66,0xc1,0xff,0x66,0xc1,0xff,
    0x66,0xc1,0xff,0x66,0xc1,0xff,0x66,0xc1,0xff,0x66,0xc1,0xff,
    0x66,0xc1,0xff,0x66,0xc1,0xff,0x66,0xc1,0xff,0x66,0xc1,0xff,
    0x82,0x48,0xff,0x82,0x48,0xff,0x82,0x48,0xff,0x66,0xc1,0xff,
    0x66,0xc1,0xff,0x66,0xc1,0xff,0x66,0xc1,0xff,0x66,0xc1,0xff,
    0x66,0xc1,0xff,0x66,0xc1,0xff,0x66,0xc1,0xff,0x66,0xc1,0xff,
    0x66,0xc1,0xff,0x82,0x48,0xff,0x82,0x48,0xff,0x00,0x00,0x00,
    0x00,0x00,0x00,0x82,0x48,0xff,0x82,0x48,0xff,0x66,0xc1,0xff,
    0x66,0xc1,0xff,0x66,0xc1,0xff,0x66,0xc1,0xff,0x66,0xc1,0xff,
    0x66,0xc1,0xff,0x66,0xc1,0xff,0x66,0xc1,0xff,0x66,0xc1,0xff,
    0x66,0xc1,0xff,0x66,0xc1,0xff,0x66,0xc1,0xff,0x66,0xc1,0xff,
    0x66,0xc1,0xff,0x66,0xc1,0xff,0x66,0xc1,0xff,0x66,0xc1,0xff,
    0x66,0xc1,0xff,0x66,0xc1,0xff,0x66,0xc1,0xff,0x66,0xc1,0xff,
    0x66,0xc1,0xff,0x66,0xc1,0xff,0x82,0x48,0xff,0x82,0x48,0xff,
    0x00,0x00,0x00,0x82,0x48,0xff,0x82,0x48,0xff,0x82,0x48,0xff,
    0x66,0xc1,0xff,0x66,0xc1,0xff,0x66,0xc1,0xff,0x66,0xc1,0xff,
    0x66,0xc1,0xff,0x66,0xc1,0xff,0x66,0xc1,0xff,0x66,0xc1,0xff,
    0x66,0xc1,0xff,0x66,0xc1,0xff,0x66,0xc1,0xff,0x66,0xc1,0xff,
    0x66,0xc1,0xff,0x66,0xc1,0xff,0x66,0xc1,0xff,0x66,0xc1,0xff,
    0x66,0xc1,0xff,0x66,0xc1,0xff,0x66,0xc1,0xff,0x66,0xc1,0xff,
    0x66,0xc1,0xff,0x66,0xc1,0xff,0x66,0xc1,0xff,0x82,0x48,0xff,
    0x82,0x48,0xff,0x82,0x48,0xff,0x82,0x48,0xff,0x04,0x89,0xff,
    0x82,0x48,0xff,0x66,0xc1,0xff,0x66,0xc1,0xff,0x66,0xc1,0xff,
    0x66,0xc1,0xff,0x66,0xc1,0xff,0x66,0xc1,0xff,0x66,0xc1,0xff,
    0x66,0xc1,0xff,0x82,0x48,0xff,0x82,0x48,0xff,0x82,0x48,0xff,
    0x82,0x48,0xff,0x82,0x48,0xff,0x82,0x48,0xff,0x82,0x48,0xff,
    0x66,0xc1,0xff,0x66,0xc1,0xff,0x66,0xc1,0xff,0x66,0xc1,0xff,
    0x66,0xc1,0xff,0x66,0xc1,0xff,0x66,0xc1,0xff,0x66,0xc1,0xff,
    0x82,0x48,0xff,0x04,0x89,0xff,0x82,0x48,0xff,0x82,0x48,0xff,
    0x04,0x89,0xff,0x82,0x48,0xff,0x66,0xc1,0xff,0x66,0xc1,0xff,
    0x66,0xc1,0xff,0x66,0xc1,0xff,0x66,0xc1,0xff,0x66,0xc1,0xff,
    0x66,0xc1,0xff,0x82,0x48,0xff,0x82,0x48,0xff,0xa2,0x58,0xff,
    0xa2,0x58,0xff,0xa2,0x58,0xff,0xa2,0x58,0xff,0xa2,0x58,0xff,
    0x82,0x48,0xff,0x82,0x48,0xff,0x66,0xc1,0xff,0x66,0xc1,0xff,
    0x66,0xc1,0xff,0x66,0xc1,0xff,0x66,0xc1,0xff,0x66,0xc1,0xff,
    0x66,0xc1,0xff,0x82,0x48,0xff,0x04,0x89,0xff,0x82,0x48,0xff,
    0x82,0x48,0xff,0x82,0x48,0xff,0x82,0x48,0xff,0x66,0xc1,0xff,
    0x66,0xc1,0xff,0x66,0xc1,0xff,0x66,0xc1,0xff,0x66,0xc1,0xff,
    0x66,0xc1,0xff,0x66,0xc1,0xff,0x82,0x48,0xff,0x82,0x48,0xff,
    0xa2,0x58,0xff,0xa2,0x58,0xff,0xa2,0x58,0xff,0xa2,0x58,0xff,
    0xa2,0x58,0xff,0x82,0x48,0xff,0x82,0x48,0xff,0x66,0xc1,0xff,
    0x66,0xc1,0xff,0x66,0xc1,0xff,0x66,0xc1,0xff,0x66,0xc1,0xff,
    0x66,0xc1,0xff,0x66,0xc1,0xff,0x82,0x48,0xff,0x82,0x48,0xff,
    0x82,0x48,0xff,0x00,0x00,0x00,0x82,0x48,0xff,0x82,0x48,0xff,
    0x82,0x48,0xff,0x66,0xc1,0xff,0x66,0xc1,0xff,0x66,0xc1,0xff,
    0x66,0xc1,0xff,0x66,0xc1,0xff,0x66,0xc1,0xff,0x82,0x48,0xff,
    0x82,0x48,0xff,0xa2,0x58,0xff,0xa2,0x58,0xff,0xa2,0x58,0xff,
    0xa2,0x58,0xff,0xa2,0x58,0xff,0x82,0x48,0xff,0x82,0x48,0xff,
    0x66,0xc1,0xff,0x66,0xc1,0xff,0x66,0xc1,0xff,0x66,0xc1,0xff,
    0x66,0xc1,0xff,0x66,0xc1,0xff,0x82,0x48,0xff,0x82,0x48,0xff,
    0x82,0x48,0xff,0x00,0x00,0x00,0x00,0x00,0x00,0x82,0x48,0xff,
    0x82,0x48,0xff,0x82,0x48,0xff,0x82,0x48,0xff,0x66,0xc1,0xff,
    0x66,0xc1,0xff,0x66,0xc1,0xff,0x66,0xc1,0xff,0x82,0x48,0xff,
    0x82,0x48,0xff,0x82,0x48,0xff,0xa2,0x58,0xff,0xa2,0x58,0xff,
    0xa2,0x58,0xff,0xa2,0x58,0xff,0xa2,0x58,0xff,0x82,0x48,0xff,
    0x82,0x48,0xff,0x82,0x48,0xff,0x66,0xc1,0xff,0x66,0xc1,0xff,
    0x66,0xc1,0xff,0x66,0xc1,0xff,0x82,0x48,0xff,0x82,0x48,0xff,
    0x82,0x48,0xff,0x82,0x48,0xff,0x00,0x00,0x00,0x00,0x00,0x00,
    0x00,0x00,0x00,0x82,0x48,0xff,0x82,0x48,0xff,0x82,0x48,0xff,
    0x82,0x48,0xff,0x82,0x48,0xff,0x82,0x48,0xff,0x82,0x48,0xff,
    0x82,0x48,0xff,0x82,0x48,0xff,0x82,0x48,0xff,0x82,0x48,0xff,
    0x82,0x48,0xff,0xa2,0x58,0xff,0x82,0x48,0xff,0x82,0x48,0xff,
    0x82,0x48,0xff,0x82,0x48,0xff,0x82,0x48,0xff,0x82,0x48,0xff,
    0x82,0x48,0xff,0x82,0x48,0xff,0x82,0x48,0xff,0x82,0x48,0xff,
    0x82,0x48,0xff,0x82,0x48,0xff,0x00,0x00,0x00,0x00,0x00,0x00,
    0x00,0x00,0x00,0x00,0x00,0x00,0x00,0x00,0x00,0x00,0x00,0x00,
    0x00,0x00,0x00,0x00,0x00,0x00,0x82,0x48,0xff,0x82,0x48,0xff,
    0x82,0x48,0xff,0x82,0x48,0xff,0x00,0x00,0x00,0x00,0x00,0x00,
    0x00,0x00,0x00,0x82,0x48,0xff,0x82,0x48,0xff,0x82,0x48,0xff,
    0x00,0x00,0x00,0x00,0x00,0x00,0x00,0x00,0x00,0x82,0x48,0xff,
    0x82,0x48,0xff,0x82,0x48,0xff,0x82,0x48,0xff,0x00,0x00,0x00,
    0x00,0x00,0x00,0x00,0x00,0x00,0x00,0x00,0x00,0x00,0x00,0x00,
    0x00,0x00,0x00,0x00,0x00,0x00,0x00,0x00,0x00,0x00,0x00,0x00,
    0x00,0x00,0x00,0x00,0x00,0x00,0x00,0x00,0x00,0x00,0x00,0x00,
    0x00,0x00,0x00,0x00,0x00,0x00,0x00,0x00,0x00,0x00,0x00,0x00,
    0x00,0x00,0x00,0x00,0x00,0x00,0x00,0x00,0x00,0x82,0x48,0xff,
    0x00,0x00,0x00,0x00,0x00,0x00,0x00,0x00,0x00,0x00,0x00,0x00,
    0x00,0x00,0x00,0x00,0x00,0x00,0x00,0x00,0x00,0x00,0x00,0x00,
    0x00,0x00,0x00,0x00,0x00,0x00,0x00,0x00,0x00,0x00,0x00,0x00,
    0x00,0x00,0x00,0x00,0x00,0x00
};
const lv_img_dsc_t sb_head_18 = {
  .header.cf = LV_IMG_CF_TRUE_COLOR_ALPHA,
  .header.always_zero = 0,
  .header.reserved = 0,
  .header.w = 29,
  .header.h = 54,
  .data_size = 4698,
  .data = sb_head_18_map,
};
static const LV_ATTRIBUTE_MEM_ALIGN LV_ATTRIBUTE_LARGE_CONST uint8_t sb_head_19_map[] = {
    0x00,0x00,0x00,0x00,0x00,0x00,0x00,0x00,0x00,0x00,0x00,0x00,
    0x00,0x00,0x00,0x00,0x00,0x00,0x00,0x00,0x00,0x00,0x00,0x00,
    0x00,0x00,0x00,0x82,0x48,0xff,0x82,0x48,0xff,0x82,0x48,0xff,
    0x82,0x48,0xff,0x82,0x48,0xff,0x82,0x48,0xff,0x82,0x48,0xff,
    0x82,0x48,0xff,0x82,0x48,0xff,0x82,0x48,0xff,0x82,0x48,0xff,
    0x82,0x48,0xff,0x00,0x00,0x00,0x00,0x00,0x00,0x00,0x00,0x00,
    0x00,0x00,0x00,0x00,0x00,0x00,0x00,0x00,0x00,0x00,0x00,0x00,
    0x00,0x00,0x00,0x00,0x00,0x00,0x00,0x00,0x00,0x00,0x00,0x00,
    0x00,0x00,0x00,0x00,0x00,0x00,0x00,0x00,0x00,0x00,0x00,0x00,
    0x00,0x00,0x00,0x82,0x48,0xff,0x82,0x48,0xff,0x82,0x48,0xff,
    0x04,0x89,0xff,0x82,0x48,0xff,0x82,0x48,0xff,0x82,0x48,0xff,
    0x82,0x48,0xff,0x82,0x48,0xff,0x82,0x48,0xff,0x82,0x48,0xff,
    0x82,0x48,0xff,0x04,0x89,0xff,0x82,0x48,0xff,0x82,0x48,0xff,
    0x82,0x48,0xff,0x00,0x00,0x00,0x00,0x00,0x00,0x00,0x00,0x00,
    0x00,0x00,0x00,0x00,0x00,0x00,0x00,0x00,0x00,0x00,0x00,0x00,
    0x00,0x00,0x00,0x00,0x00,0x00,0x00,0x00,0x00,0x00,0x00,0x00,
    0x00,0x00,0x00,0x00,0x00,0x00,0x82,0x48,0xff,0x82,0x48,0xff,
    0x82,0x48,0xff,0x82,0x48,0xff,0x82,0x48,0xff,0x82,0x48,0xff,
    0x66,0xc1,0xff,0x66,0xc1,0xff,0x66,0xc1,0xff,0x66,0xc1,0xff,
    0x66,0xc1,0xff,0x66,0xc1,0xff,0x82,0x48,0xff,0x82,0x48,0xff,
    0x82,0x48,0xff,0x82,0x48,0xff,0x82,0x48,0xff,0x82,0x48,0xff,
    0x00,0x00,0x00,0x00,0x00,0x00,0x00,0x00,0x00,0x00,0x00,0x00,
    0x00,0x00,0x00,0x00,0x00,0x00,0x00,0x00,0x00,0x00,0x00,0x00,
    0x00,0x00,0x00,0x00,0x00,0x00,0x00,0x00,0x00,0x82,0x48,0xff,
    0x82,0x48,0xff,0x82,0x48,0xff,0x82,0x48,0xff,0x66,0xc1,0xff,
    0x66,0xc1,0xff,0x66,0xc1,0xff,0x66,0xc1,0xff,0x66,0xc1,0xff,
    0x66,0xc1,0xff,0x66,0xc1,0xff,0x66,0xc1,0xff,0x66,0xc1,0xff,
    0x66,0xc1,0xff,0x66,0xc1,0xff,0x66,0xc1,0xff,0x82,0x48,0xff,
    0x82,0x48,0xff,0x82,0x48,0xff,0x82,0x48,0xff,0x00,0x00,0x00,
    0x00,0x00,0x00,0x00,0x00,0x00,0x00,0x00,0x00,0x00,0x00,0x00,
    0x00,0x00,0x00,0x00,0x00,0x00,0x00,0x00,0x00,0x82,0x48,0xff,
    0x82,0x48,0xff,0x82,0x48,0xff,0x82,0x48,0xff,0x82,0x48,0xff,
    0x66,0xc1,0xff,0x66,0xc1,0xff,0x82,0x48,0xff,0x82,0x48,0xff,
    0x82,0x48,0xff,0x82,0x48,0xff,0x82,0x48,0xff,0x82,0x48,0xff,
    0x82,0x48,0xff,0x82,0x48,0xff,0x82,0x48,0xff,0x82,0x48,0xff,
    0x66,0xc1,0xff,0x66,0xc1,0xff,0x82,0x48,0xff,0x82,0x48,0xff,
    0x82,0x48,0xff,0x82,0x48,0xff,0x82,0x48,0xff,0x00,0x00,0x00,
    0x00,0x00,0x00,0x00,0x00,0x00,0x00,0x00,0x00,0x00,0x00,0x00,
    0x82,0x48,0xff,0x82,0x48,0xff,0x04,0x89,0xff,0x82,0x48,0xff,
    0x82,0x48,0xff,0x66,0xc1,0xff,0x66,0xc1,0xff,0x82,0x48,0xff,
    0x82,0x48,0xff,0xa2,0x58,0xff,0xa2,0x58,0xff,0xa2,0x58,0xff,
    0xa2,0x58,0xff,0xa2,0x58,0xff,0xa2,0x58,0xff,0xa2,0x58,0xff,
    0xa2,0x58,0xff,0x82,0x48,0xff,0x82,0x48,0xff,0x66,0xc1,0xff,
    0x66,0xc1,0xff,0x82,0x48,0xff,0x82,0x48,0xff,0x04,0x89,0xff,
    0x82,0x48,0xff,0x82,0x48,0xff,0x00,0x00,0x00,0x00,0x00,0x00,
    0x00,0x00,0x00,0x82,0x48,0xff,0x82,0x48,0xff,0x04,0x89,0xff,
    0x82,0x48,0xff,0x82,0x48,0xff,0x66,0xc1,0xff,0x66,0xc1,0xff,
    0x82,0x48,0xff,0x82,0x48,0xff,0xa2,0x58,0xff,0xa2,0x58,0xff,
    0xa2,0x58,0xff,0xa2,0x58,0xff,0xa2,0x58,0xff,0xa2,0x58,0xff,
    0xa2,0x58,0xff,0xa2,0x58,0xff,0xa2,0x58,0xff,0xa2,0x58,0xff,
    0x82,0x48,0xff,0x82,0x48,0xff,0x66,0xc1,0xff,0x66,0xc1,0xff,
    0x82,0x48,0xff,0x82,0x48,0xff,0x04,0x89,0xff,0x82,0x48,0xff,
    0x82,0x48,0xff,0x00,0x00,0x00,0x00,0x00,0x00,0x82,0x48,0xff,
    0x04,0x89,0xff,0x82,0x48,0xff,0x82,0x48,0xff,0x66,0xc1,0xff,
    0x66,0xc1,0xff,0x66,0xc1,0xff,0x82,0x48,0xff,0xa2,0x58,0xff,
    0xa2,0x58,0xff,0xa2,0x58,0xff,0xa2,0x58,0xff,0xa2,0x58,0xff,
    0xa2,0x58,0xff,0xa2,0x58,0xff,0xa2,0x58,0xff,0xa2,0x58,0xff,
    0xa2,0x58,0xff,0xa2,0x58,0xff,0xa2,0x58,0xff,0x82,0x48,0xff,
    0x66,0xc1,0xff,0x66,0xc1,0xff,0x66,0xc1,0xff,0x82,0x48,0xff,
    0x82,0x48,0xff,0x04,0x89,0xff,0x82,0x48,0xff,0x00,0x00,0x00,
    0x82,0x48,0xff,0x82,0x48,0xff,0x04,0x89,0xff,0x82,0x48,0xff,
    0x66,0xc1,0xff,0x66,0xc1,0xff,0x66,0xc1,0xff,0x82,0x48,0xff,
    0x82,0x48,0xff,0xa2,0x58,0xff,0xa2,0x58,0xff,0xa2,0x58,0xff,
    0xa2,0x58,0xff,0xa2,0x58,0xff,0xa2,0x58,0xff,0xa2,0x58,0xff,
    0xa2,0x58,0xff,0xa2,0x58,0xff,0xa2,0x58,0xff,0xa2,0x58,0xff,
    0xa2,0x58,0xff,0x82,0x48,0xff,0x82,0x48,0xff,0x66,0xc1,0xff,
    0x66,0xc1,0xff,0x66,0xc1,0xff,0x82,0x48,0xff,0x04,0x89,0xff,
    0x82,0x48,0xff,0x82,0x48,0xff,0x82,0x48,0xff,0x04,0x89,0xff,
    0x04,0x89,0xff,0x82,0x48,0xff,0x66,0xc1,0xff,0x66,0xc1,0xff,
    0x66,0xc1,0xff,0x82,0x48,0xff,0xa2,0x58,0xff,0xa2,0x58,0xff,
    0xa2,0x58,0xff,0xa2,0x58,0xff,0xa2,0x58,0xff,0xa2,0x58,0xff,
    0xa2,0x58,0xff,0xa2,0x58,0xff,0xa2,0x58,0xff,0xa2,0x58,0xff,
    0xa2,0x58,0xff,0xa2,0x58,0xff,0xa2,0x58,0xff,0xa2,0x58,0xff,
    0x82,0x48,0xff,0x66,0xc1,0xff,0x66,0xc1,0xff,0x66,0xc1,0xff,
    0x82,0x48,0xff,0x04,0x89,0xff,0x04,0x89,0xff,0x82,0x48,0xff,
    0x82,0x48,0xff,0x04,0x89,0xff,0x04,0x89,0xff,0x82,0x48,0xff,
    0x66,0xc1,0xff,0x66,0xc1,0xff,0x82,0x48,0xff,0x82,0x48,0xff,
    0xa2,0x58,0xff,0xa2,0x58,0xff,0xa2,0x58,0xff,0xa2,0x58,0xff,
    0xa2,0x58,0xff,0xa2,0x58,0xff,0xa2,0x58,0xff,0xa2,0x58,0xff,
    0xa2,0x58,0xff,0xa2,0x58,0xff,0xa2,0x58,0xff,0xa2,0x58,0xff,
    0xa2,0x58,0xff,0xa2,0x58,0xff,0x82,0x48,0xff,0x82,0x48,0xff,
    0x66,0xc1,0xff,0x66,0xc1,0xff,0x82,0x48,0xff,0x04,0x89,0xff,
    0x04,0x89,0xff,0x82,0x48,0xff,0x82,0x48,0xff,0x04,0x89,0xff,
    0x04,0x89,0xff,0x82,0x48,0xff,0x66,0xc1,0xff,0x66,0xc1,0xff,
    0x82,0x48,0xff,0xa2,0x58,0xff,0xa2,0x58,0xff,0xa2,0x58,0xff,
    0xa2,0x58,0xff,0xa2,0x58,0xff,0xa2,0x58,0xff,0xa2,0x58,0xff,
    0xa2,0x58,0xff,0xa2,0x58,0xff,0xa2,0x58,0xff,0xa2,0x58,0xff,
    0xa2,0x58,0xff,0xa2,0x58,0xff,0xa2,0x58,0xff,0xa2,0x58,0xff,
    0xa2,0x58,0xff,0x82,0x48,0xff,0x66,0xc1,0xff,0x66,0xc1,0xff,
    0x82,0x48,0xff,0x04,0x89,0xff,0x04,0x89,0xff,0x82,0x48,0xff,
    0x82,0x48,0xff,0x04,0x89,0xff,0x04,0x89,0xff,0x82,0x48,0xff,
    0x66,0xc1,0xff,0x66,0xc1,0xff,0x82,0x48,0xff,0xa2,0x58,0xff,
    0xa2,0x58,0xff,0xa2,0x58,0xff,0xa2,0x58,0xff,0xa2,0x58,0xff,
    0xa2,0x58,0xff,0xa2,0x58,0xff,0xa2,0x58,0xff,0xa2,0x58,0xff,
    0xa2,0x58,0xff,0xa2,0x58,0xff,0xa2,0x58,0xff,0xa2,0x58,0xff,
    0xa2,0x58,0xff,0xa2,0x58,0xff,0xa2,0x58,0xff,0x82,0x48,0xff,
    0x66,0xc1,0xff,0x66,0xc1,0xff,0x82,0x48,0xff,0x04,0x89,0xff,
    0x04,0x89,0xff,0x82,0x48,0xff,0x82,0x48,0xff,0x04,0x89,0xff,
    0x04,0x89,0xff,0x82,0x48,0xff,0x66,0xc1,0xff,0x66,0xc1,0xff,
    0x82,0x48,0xff,0xa2,0x58,0xff,0xa2,0x58,0xff,0xa2,0x58,0xff,
    0xa2,0x58,0xff,0xa2,0x58,0xff,0xa2,0x58,0xff,0xa2,0x58,0xff,
    0xa2,0x58,0xff,0xa2,0x58,0xff,0xa2,0x58,0xff,0xa2,0x58,0xff,
    0xa2,0x58,0xff,0xa2,0x58,0xff,0xa2,0x58,0xff,0xa2,0x58,0xff,
    0xa2,0x58,0xff,0x82,0x48,0xff,0x66,0xc1,0xff,0x66,0xc1,0xff,
    0x82,0x48,0xff,0x04,0x89,0xff,0x04,0x89,0xff,0x82,0x48,0xff,
    0x82,0x48,0xff,0x04,0x89,0xff,0x04,0x89,0xff,0x82,0x48,0xff,
    0x66,0xc1,0xff,0x66,0xc1,0xff,0x82,0x48,0xff,0x82,0x48,0xff,
    0xa2,0x58,0xff,0xa2,0x58,0xff,0xa2,0x58,0xff,0xa2,0x58,0xff,
    0xa2,0x58,0xff,0xa2,0x58,0xff,0xa2,0x58,0xff,0xa2,0x58,0xff,
    0xa2,0x58,0xff,0xa2,0x58,0xff,0xa2,0x58,0xff,0xa2,0x58,0xff,
    0xa2,0x58,0xff,0xa2,0x58,0xff,0x82,0x48,0xff,0x82,0x48,0xff,
    0x66,0xc1,0xff,0x66,0xc1,0xff,0x82,0x48,0xff,0x04,0x89,0xff,
    0x04,0x89,0xff,0x82,0x48,0xff,0x82,0x48,0xff,0x04,0x89,0xff,
    0x04,0x89,0xff,0x82,0x48,0xff,0x66,0xc1,0xff,0x66,0xc1,0xff,
    0x66,0xc1,0xff,0x82,0x48,0xff,0xa2,0x58,0xff,0xa2,0x58,0xff,
    0xa2,0x58,0xff,0xa2,0x58,0xff,0xa2,0x58,0xff,0xa2,0x58,0xff,
    0xa2,0x58,0xff,0xa2,0x58,0xff,0xa2,0x58,0xff,0xa2,0x58,0xff,
    0xa2,0x58,0xff,0xa2,0x58,0xff,0xa2,0x58,0xff,0xa2,0x58,0xff,
    0x82,0x48,0xff,0x66,0xc1,0xff,0x66,0xc1,0xff,0x66,0xc1,0xff,
    0x82,0x48,0xff,0x04,0x89,0xff,0x04,0x89,0xff,0x82,0x48,0xff,
    0x82,0x48,0xff,0x82,0x48,0xff,0x04,0x89,0xff,0x82,0x48,0xff,
    0x66,0xc1,0xff,0x66,0xc1,0xff,0x66,0xc1,0xff,0x82,0x48,0xff,
    0x82,0x48,0xff,0xa2,0x58,0xff,0xa2,0x58,0xff,0xa2,0x58,0xff,
    0xa2,0x58,0xff,0xa2,0x58,0xff,0xa2,0x58,0xff,0xa2,0x58,0xff,
    0xa2,0x58,0xff,0xa2,0x58,0xff,0xa2,0x58,0xff,0xa2,0x58,0xff,
    0xa2,0x58,0xff,0x82,0x48,0xff,0x82,0x48,0xff,0x66,0xc1,0xff,
    0x66,0xc1,0xff,0x66,0xc1,0xff,0x82,0x48,0xff,0x04,0x89,0xff,
    0x82,0x48,0xff,0x82,0x48,0xff,0x00,0x00,0x00,0x82,0x48,0xff,
    0x04,0x89,0xff,0x82,0x48,0xff,0x66,0xc1,0xff,0x66,0xc1,0xff,
    0x66,0xc1,0xff,0x66,0xc1,0xff,0x82,0x48,0xff,0xa2,0x58,0xff,
    0xa2,0x58,0xff,0xa2,0x58,0xff,0xa2,0x58,0xff,0xa2,0x58,0xff,
    0xa2,0x58,0xff,0xa2,0x58,0xff,0xa2,0x58,0xff,0xa2,0x58,0xff,
    0xa2,0x58,0xff,0xa2,0x58,0xff,0xa2,0x58,0xff,0x82,0x48,0xff,
    0x66,0xc1,0xff,0x66,0xc1,0xff,0x66,0xc1,0xff,0x66,0xc1,0xff,
    0x82,0x48,0xff,0x04,0x89,0xff,0x82,0x48,0xff,0x00,0x00,0x00,
    0x00,0x00,0x00,0x82,0x48,0xff,0x04,0x89,0xff,0x82,0x48,0xff,
    0x66,0xc1,0xff,0x66,0xc1,0xff,0x66,0xc1,0xff,0x66,0xc1,0xff,
    0x82,0x48,0xff,0x82,0x48,0xff,0xa2,0x58,0xff,0xa2,0x58,0xff,
    0xa2,0x58,0xff,0xa2,0x58,0xff,0xa2,0x58,0xff,0xa2,0x58,0xff,
    0xa2,0x58,0xff,0xa2,0x58,0xff,0xa2,0x58,0xff,0xa2,0x58,0xff,
    0x82,0x48,0xff,0x82,0x48,0xff,0x66,0xc1,0xff,0x66,0xc1,0xff,
    0x66,0xc1,0xff,0x66,0xc1,0xff,0x82,0x48,0xff,0x04,0x89,0xff,
    0x82,0x48,0xff,0x00,0x00,0x00,0x00,0x00,0x00,0x82,0x48,0xff,
    0x04,0x89,0xff,0x82,0x48,0xff,0x66,0xc1,0xff,0x66,0xc1,0xff,
    0x66,0xc1,0xff,0x66,0xc1,0xff,0x66,0xc1,0xff,0x82,0x48,0xff,
    0x82,0x48,0xff,0xa2,0x58,0xff,0xa2,0x58,0xff,0xa2,0x58,0xff,
    0xa2,0x58,0xff,0xa2,0x58,0xff,0xa2,0x58,0xff,0xa2,0x58,0xff,
    0xa2,0x58,0xff,0x82,0x48,0xff,0x82,0x48,0xff,0x66,0xc1,0xff,
    0x66,0xc1,0xff,0x66,0xc1,0xff,0x66,0xc1,0xff,0x66,0xc1,0xff,
    0x82,0x48,0xff,0x04,0x89,0xff,0x82,0x48,0xff,0x00,0x00,0x00,
    0x00,0x00,0x00,0x82,0x48,0xff,0x04,0x89,0xff,0x82,0x48,0xff,
    0x66,0xc1,0xff,0x66,0xc1,0xff,0x66,0xc1,0xff,0x66,0xc1,0xff,
    0x66,0xc1,0xff,0x66,0xc1,0xff,0x82,0x48,0xff,0x82,0x48,0xff,
    0x82,0x48,0xff,0x82,0x48,0xff,0x82,0x48,0xff,0x82,0x48,0xff,
    0x82,0x48,0xff,0x82,0x48,0xff,0x82,0x48,0xff,0x82,0x48,0xff,
    0x66,0xc1,0xff,0x66,0xc1,0xff,0x66,0xc1,0xff,0x66,0xc1,0xff,
    0x66,0xc1,0xff,0x66,0xc1,0xff,0x82,0x48,0xff,0x04,0x89,0xff,
    0x82,0x48,0xff,0x00,0x00,0x00,0x00,0x00,0x00,0x82,0x48,0xff,
    0x04,0x89,0xff,0x82,0x48,0xff,0x66,0xc1,0xff,0x66,0xc1,0xff,
    0x66,0xc1,0xff,0x66,0xc1,0xff,0x66,0xc1,0xff,0x66,0xc1,0xff,
    0x66,0xc1,0xff,0x66,0xc1,0xff,0x66,0xc1,0xff,0x66,0xc1,0xff,
    0x66,0xc1,0xff,0x66,0xc1,0xff,0x66,0xc1,0xff,0x66,0xc1,0xff,
    0x66,0xc1,0xff,0x66,0xc1,0xff,0x66,0xc1,0xff,0x66,0xc1,0xff,
    0x66,0xc1,0xff,0x66,0xc1,0xff,0x66,0xc1,0xff,0x66,0xc1,0xff,
    0x82,0x48,0xff,0x04,0x89,0xff,0x82,0x48,0xff,0x00,0x00,0x00,
    0x00,0x00,0x00,0x82,0x48,0xff,0x82,0x48,0xff,0x82,0x48,0xff,
    0x66,0xc1,0xff,0x66,0xc1,0xff,0x66,0xc1,0xff,0x66,0xc1,0xff,
    0x66,0xc1,0xff,0x66,0xc1,0xff,0x66,0xc1,0xff,0x66,0xc1,0xff,
    0x66,0xc1,0xff,0x82,0x48,0xff,0x82,0x48,0xff,0x82,0x48,0xff,
    0x82,0x48,0xff,0x66,0xc1,0xff,0x66,0xc1,0xff,0x66,0xc1,0xff,
    0x66,0xc1,0xff,0x66,0xc1,0xff,0x66,0xc1,0xff,0x66,0xc1,0xff,
    0x66,0xc1,0xff,0x66,0xc1,0xff,0x82,0x48,0xff,0x82,0x48,0xff,
    0x82,0x48,0xff,0x00,0x00,0x00,0x00,0x00,0x00,0x00,0x00,0x00,
    0x82,0x48,0xff,0x82,0x48,0xff,0x66,0xc1,0xff,0x66,0xc1,0xff,
    0x66,0xc1,0xff,0x66,0xc1,0xff,0x66,0xc1,0xff,0x66,0xc1,0xff,
    0x66,0xc1,0xff,0x66,0xc1,0xff,0x82,0x48,0xff,0x82,0x48,0xff,
    0x66,0xc1,0xff,0x82,0x48,0xff,0x82,0x48,0xff,0x66,0xc1,0xff,
    0x66,0xc1,0xff,0x66,0xc1,0xff,0x66,0xc1,0xff,0x66,0xc1,0xff,
    0x66,0xc1,0xff,0x66,0xc1,0xff,0x66,0xc1,0xff,0x66,0xc1,0xff,
    0x82,0x48,0xff,0x82,0x48,0xff,0x00,0x00,0x00,0x00,0x00,0x00,
    0x00,0x00,0x00,0x00,0x00,0x00,0x82,0x48,0xff,0x82,0x48,0xff,
    0x66,0xc1,0xff,0x66,0xc1,0xff,0x66,0xc1,0xff,0x66,0xc1,0xff,
    0x66,0xc1,0xff,0x66,0xc1,0xff,0x66,0xc1,0xff,0x66,0xc1,0xff,
    0x82,0x48,0xff,0x82,0x48,0xff,0x82,0x48,0xff,0x82,0x48,0xff,
    0x66,0xc1,0xff,0x66,0xc1,0xff,0x66,0xc1,0xff,0x66,0xc1,0xff,
    0x66,0xc1,0xff,0x66,0xc1,0xff,0x66,0xc1,0xff,0x66,0xc1,0xff,
    0x66,0xc1,0xff,0x66,0xc1,0xff,0x82,0x48,0xff,0x82,0x48,0xff,
    0x00,0x00,0x00,0x00,0x00,0x00,0x00,0x00,0x00,0x00,0x00,0x00,
    0x82,0x48,0xff,0x82,0x48,0xff,0x66,0xc1,0xff,0x66,0xc1,0xff,
    0x66,0xc1,0xff,0x66,0xc1,0xff,0x66,0xc1,0xff,0x66,0xc1,0xff,
    0x66,0xc1,0xff,0x66,0xc1,0xff,0x66,0xc1,0xff,0x66,0xc1,0xff,
    0x82,0x48,0xff,0x82,0x48,0xff,0x82,0x48,0xff,0x82,0x48,0xff,
    0x66,0xc1,0xff,0x66,0xc1,0xff,0x66,0xc1,0xff,0x66,0xc1,0xff,
    0x66,0xc1,0xff,0x66,0xc1,0xff,0x66,0xc1,0xff,0x66,0xc1,0xff,
    0x82,0x48,0xff,0x82,0x48,0xff,0x00,0x00,0x00,0x00,0x00,0x00,
    0x00,0x00,0x00,0x00,0x00,0x00,0x82,0x48,0xff,0x82,0x48,0xff,
    0x82,0x48,0xff,0x66,0xc1,0xff,0x66,0xc1,0xff,0x66,0xc1,0xff,
    0x66,0xc1,0xff,0x66,0xc1,0xff,0x66,0xc1,0xff,0x66,0xc1,0xff,
    0x66,0xc1,0xff,0x82,0x48,0xff,0x82,0x48,0xff,0x82,0x48,0xff,
    0x82,0x48,0xff,0x66,0xc1,0xff,0x66,0xc1,0xff,0x66,0xc1,0xff,
    0x66,0xc1,0xff,0x66,0xc1,0xff,0x66,0xc1,0xff,0x66,0xc1,0xff,
    0x66,0xc1,0xff,0x82,0x48,0xff,0x82,0x48,0xff,0x82,0x48,0xff,
    0x00,0x00,0x00,0x00,0x00,0x00,0x00,0x00,0x00,0x00,0x00,0x00,
    0x82,0x48,0xff,0x04,0x89,0xff,0x82,0x48,0xff,0x66,0xc1,0xff,
    0x66,0xc1,0xff,0x66,0xc1,0xff,0x66,0xc1,0xff,0x66,0xc1,0xff,
    0x66,0xc1,0xff,0x66,0xc1,0xff,0x66,0xc1,0xff,0x82,0x48,0xff,
    0x66,0xc1,0xff,0x82,0x48,0xff,0x82,0x48,0xff,0x66,0xc1,0xff,
    0x66,0xc1,0xff,0x66,0xc1,0xff,0x66,0xc1,0xff,0x66,0xc1,0xff,
    0x66,0xc1,0xff,0x66,0xc1,0xff,0x66,0xc1,0xff,0x82,0x48,0xff,
    0x04,0x89,0xff,0x82,0x48,0xff,0x00,0x00,0x00,0x00,0x00,0x00,
    0x00,0x00,0x00,0x00,0x00,0x00,0x82,0x48,0xff,0x82,0x48,0xff,
    0x82,0x48,0xff,0x66,0xc1,0xff,0x66,0xc1,0xff,0x66,0xc1,0xff,
    0x66,0xc1,0xff,0x66,0xc1,0xff,0x66,0xc1,0xff,0x66,0xc1,0xff,
    0x66,0xc1,0xff,0x66,0xc1,0xff,0x66,0xc1,0xff,0x66,0xc1,0xff,
    0x66,0xc1,0xff,0x66,0xc1,0xff,0x66,0xc1,0xff,0x66,0xc1,0xff,
    0x66,0xc1,0xff,0x66,0xc1,0xff,0x66,0xc1,0xff,0x66,0xc1,0xff,
    0x66,0xc1,0xff,0x82,0x48,0xff,0x82,0x48,0xff,0x82,0x48,0xff,
    0x00,0x00,0x00,0x00,0x00,0x00,0x00,0x00,0x00,0x00,0x00,0x00,
    0x00,0x00,0x00,0x82,0x48,0xff,0x82,0x48,0xff,0x66,0xc1,0xff,
    0x66,0xc1,0xff,0x66,0xc1,0xff,0x66,0xc1,0xff,0x66,0xc1,0xff,
    0x66,0xc1,0xff,0x66,0xc1,0xff,0x82,0x48,0xff,0x82,0x48,0xff,
    0x82,0x48,0xff,0x82,0x48,0xff,0x82,0x48,0xff,0x82,0x48,0xff,
    0x66,0xc1,0xff,0x66,0xc1,0xff,0x66,0xc1,0xff,0x66,0xc1,0xff,
    0x66,0xc1,0xff,0x66,0xc1,0xff,0x66,0xc1,0xff,0x82,0x48,0xff,
    0x82,0x48,0xff,0x00,0x00,0x00,0x00,0x00,0x00,0x00,0x00,0x00,
    0x00,0x00,0x00,0x00,0x00,0x00,0x00,0x00,0x00,0x82,0x48,0xff,
    0x82,0x48,0xff,0x66,0xc1,0xff,0x66,0xc1,0xff,0x66,0xc1,0xff,
    0x66,0xc1,0xff,0x66,0xc1,0xff,0x82,0x48,0xff,0x82,0x48,0xff,
    0x82,0x48,0xff,0xa2,0x58,0xff,0xa2,0x58,0xff,0xa2,0x58,0xff,
    0xa2,0x58,0xff,0x82,0x48,0xff,0x82,0x48,0xff,0x82,0x48,0xff,
    0x66,0xc1,0xff,0x66,0xc1,0xff,0x66,0xc1,0xff,0x66,0xc1,0xff,
    0x66,0xc1,0xff,0x82,0x48,0xff,0x82,0x48,0xff,0x00,0x00,0x00,
    0x00,0x00,0x00,0x00,0x00,0x00,0x00,0x00,0x00,0x00,0x00,0x00,
    0x82,0x48,0xff,0x82,0x48,0xff,0x82,0x48,0xff,0x66,0xc1,0xff,
    0x66,0xc1,0xff,0x66,0xc1,0xff,0x66,0xc1,0xff,0x82,0x48,0xff,
    0x82,0x48,0xff,0xa2,0x58,0xff,0xa2,0x58,0xff,0xa2,0x58,0xff,
    0xa2,0x58,0xff,0xa2,0x58,0xff,0xa2,0x58,0xff,0xa2,0x58,0xff,
    0xa2,0x58,0xff,0x82,0x48,0xff,0x82,0x48,0xff,0x66,0xc1,0xff,
    0x66,0xc1,0xff,0x66,0xc1,0xff,0x66,0xc1,0xff,0x82,0x48,0xff,
    0x82,0x48,0xff,0x82,0x48,0xff,0x00,0x00,0x00,0x00,0x00,0x00,
    0x00,0x00,0x00,0x00,0x00,0x00,0x82,0x48,0xff,0x04,0x89,0xff,
    0x82,0x48,0xff,0x66,0xc1,0xff,0x66,0xc1,0xff,0x66,0xc1,0xff,
    0x82,0x48,0xff,0x82,0x48,0xff,0xa2,0x58,0xff,0xa2,0x58,0xff,
    0xa2,0x58,0xff,0xa2,0x58,0xff,0xa2,0x58,0xff,0xa2,0x58,0xff,
    0xa2,0x58,0xff,0xa2,0x58,0xff,0xa2,0x58,0xff,0xa2,0x58,0xff,
    0x82,0x48,0xff,0x82,0x48,0xff,0x66,0xc1,0xff,0x66,0xc1,0xff,
    0x66,0xc1,0xff,0x82,0x48,0xff,0x04,0x89,0xff,0x82,0x48,0xff,
    0x00,0x00,0x00,0x00,0x00,0x00,0x00,0x00,0x00,0x00,0x00,0x00,
    0x82,0x48,0xff,0x04,0x89,0xff,0x82,0x48,0xff,0x66,0xc1,0xff,
    0x66,0xc1,0xff,0x66,0xc1,0xff,0x82,0x48,0xff,0xa2,0x58,0xff,
    0xa2,0x58,0xff,0xa2,0x58,0xff,0xa2,0x58,0xff,0xa2,0x58,0xff,
    0xa2,0x58,0xff,0xa2,0x58,0xff,0xa2,0x58,0xff,0xa2,0x58,0xff,
    0xa2,0x58,0xff,0xa2,0x58,0xff,0xa2,0x58,0xff,0x82,0x48,0xff,
    0x66,0xc1,0xff,0x66,0xc1,0xff,0x66,0xc1,0xff,0x82,0x48,0xff,
    0x04,0x89,0xff,0x82,0x48,0xff,0x00,0x00,0x00,0x00,0x00,0x00,
    0x00,0x00,0x00,0x00,0x00,0x00,0x82,0x48,0xff,0x04,0x89,0xff,
    0x82,0x48,0xff,0x66,0xc1,0xff,0x66,0xc1,0xff,0x82,0x48,0xff,
    0x82,0x48,0xff,0xa2,0x58,0xff,0xa2,0x58,0xff,0xa2,0x58,0xff,
    0xa2,0x58,0xff,0xa2,0x58,0xff,0xa2,0x58,0xff,0xa2,0x58,0xff,
    0xa2,0x58,0xff,0xa2,0x58,0xff,0xa2,0x58,0xff,0xa2,0x58,0xff,
    0xa2,0x58,0xff,0x82,0x48,0xff,0x82,0x48,0xff,0x66,0xc1,0xff,
    0x66,0xc1,0xff,0x82,0x48,0xff,0x04,0x89,0xff,0x82,0x48,0xff,
    0x00,0x00,0x00,0x00,0x00,0x00,0x00,0x00,0x00,0x00,0x00,0x00,
    0x82,0x48,0xff,0x04,0x89,0xff,0x82,0x48,0xff,0x66,0xc1,0xff,
    0x66,0xc1,0xff,0x82,0x48,0xff,0xa2,0x58,0xff,0xa2,0x58,0xff,
    0xa2,0x58,0xff,0xa2,0x58,0xff,0xa2,0x58,0xff,0xa2,0x58,0xff,
    0xa2,0x58,0xff,0xa2,0x58,0xff,0xa2,0x58,0xff,0xa2,0x58,0xff,
    0xa2,0x58,0xff,0xa2,0x58,0xff,0xa2,0x58,0xff,0xa2,0x58,0xff,
    0x82,0x48,0xff,0x66,0xc1,0xff,0x66,0xc1,0xff,0x82,0x48,0xff,
    0x04,0x89,0xff,0x82,0x48,0xff,0x00,0x00,0x00,0x00,0x00,0x00,
    0x00,0x00,0x00,0x00,0x00,0x00,0x82,0x48,0xff,0x82,0x48,0xff,
    0x82,0x48,0xff,0x66,0xc1,0xff,0x66,0xc1,0xff,0x82,0x48,0xff,
    0xa2,0x58,0xff,0xa2,0x58,0xff,0xa2,0x58,0xff,0xa2,0x58,0xff,
    0xa2,0x58,0xff,0xa2,0x58,0xff,0xa2,0x58,0xff,0xa2,0x58,0xff,
    0xa2,0x58,0xff,0xa2,0x58,0xff,0xa2,0x58,0xff,0xa2,0x58,0xff,
    0xa2,0x58,0xff,0xa2,0x58,0xff,0x82,0x48,0xff,0x66,0xc1,0xff,
    0x66,0xc1,0xff,0x82,0x48,0xff,0x82,0x48,0xff,0x82,0x48,0xff,
    0x00,0x00,0x00,0x00,0x00,0x00,0x00,0x00,0x00,0x00,0x00,0x00,
    0x82,0x48,0xff,0x82,0x48,0xff,0x66,0xc1,0xff,0x66,0xc1,0xff,
    0x66,0xc1,0xff,0x82,0x48,0xff,0xa2,0x58,0xff,0xa2,0x58,0xff,
    0xa2,0x58,0xff,0xa2,0x58,0xff,0xa2,0x58,0xff,0xa2,0x58,0xff,
    0xa2,0x58,0xff,0xa2,0x58,0xff,0xa2,0x58,0xff,0xa2,0x58,0xff,
    0xa2,0x58,0xff,0xa2,0x58,0xff,0xa2,0x58,0xff,0xa2,0x58,0xff,
    0x82,0x48,0xff,0x66,0xc1,0xff,0x66,0xc1,0xff,0x66,0xc1,0xff,
    0x82,0x48,0xff,0x82,0x48,0xff,0x00,0x00,0x00,0x00,0x00,0x00,
    0x00,0x00,0x00,0x00,0x00,0x00,0x82,0x48,0xff,0x82,0x48,0xff,
    0x66,0xc1,0xff,0x66,0xc1,0xff,0x66,0xc1,0xff,0x82,0x48,0xff,
    0xa2,0x58,0xff,0xa2,0x58,0xff,0xa2,0x58,0xff,0xa2,0x58,0xff,
    0xa2,0x58,0xff,0xa2,0x58,0xff,0xa2,0x58,0xff,0xa2,0x58,0xff,
    0xa2,0x58,0xff,0xa2,0x58,0xff,0xa2,0x58,0xff,0xa2,0x58,0xff,
    0xa2,0x58,0xff,0xa2,0x58,0xff,0x82,0x48,0xff,0x66,0xc1,0xff,
    0x66,0xc1,0xff,0x66,0xc1,0xff,0x82,0x48,0xff,0x82,0x48,0xff,
    0x00,0x00,0x00,0x00,0x00,0x00,0x00,0x00,0x00,0x00,0x00,0x00,
    0x82,0x48,0xff,0x82,0x48,0xff,0x66,0xc1,0xff,0x66,0xc1,0xff,
    0x66,0xc1,0xff,0x82,0x48,0xff,0x82,0x48,0xff,0xa2,0x58,0xff,
    0xa2,0x58,0xff,0xa2,0x58,0xff,0xa2,0x58,0xff,0xa2,0x58,0xff,
    0xa2,0x58,0xff,0xa2,0x58,0xff,0xa2,0x58,0xff,0xa2,0x58,0xff,
    0xa2,0x58,0xff,0xa2,0x58,0xff,0xa2,0x58,0xff,0x82,0x48,0xff,
    0x82,0x48,0xff,0x66,0xc1,0xff,0x66,0xc1,0xff,0x66,0xc1,0xff,
    0x82,0x48,0xff,0x82,0x48,0xff,0x00,0x00,0x00,0x00,0x00,0x00,
    0x00,0x00,0x00,0x00,0x00,0x00,0x82,0x48,0xff,0x82,0x48,0xff,
    0x66,0xc1,0xff,0x66,0xc1,0xff,0x66,0xc1,0xff,0x66,0xc1,0xff,
    0x82,0x48,0xff,0xa2,0x58,0xff,0xa2,0x58,0xff,0xa2,0x58,0xff,
    0xa2,0x58,0xff,0xa2,0x58,0xff,0xa2,0x58,0xff,0xa2,0x58,0xff,
    0xa2,0x58,0xff,0xa2,0x58,0xff,0xa2,0x58,0xff,0xa2,0x58,0xff,
    0xa2,0x58,0xff,0x82,0x48,0xff,0x66,0xc1,0xff,0x66,0xc1,0xff,
    0x66,0xc1,0xff,0x66,0xc1,0xff,0x82,0x48,0xff,0x82,0x48,0xff,
    0x00,0x00,0x00,0x00,0x00,0x00,0x00,0x00,0x00,0x00,0x00,0x00,
    0x82,0x48,0xff,0x82,0x48,0xff,0x66,0xc1,0xff,0x66,0xc1,0xff,
    0x66,0xc1,0xff,0x66,0xc1,0xff,0x82,0x48,0xff,0x82,0x48,0xff,
    0xa2,0x58,0xff,0xa2,0x58,0xff,0xa2,0x58,0xff,0xa2,0x58,0xff,
    0xa2,0x58,0xff,0xa2,0x58,0xff,0xa2,0x58,0xff,0xa2,0x58,0xff,
    0xa2,0x58,0xff,0xa2,0x58,0xff,0x82,0x48,0xff,0x82,0x48,0xff,
    0x66,0xc1,0xff,0x66,0xc1,0xff,0x66,0xc1,0xff,0x66,0xc1,0xff,
    0x82,0x48,0xff,0x82,0x48,0xff,0x00,0x00,0x00,0x00,0x00,0x00,
    0x00,0x00,0x00,0x82,0x48,0xff,0x82,0x48,0xff,0x82,0x48,0xff,
    0x66,0xc1,0xff,0x66,0xc1,0xff,0x66,0xc1,0xff,0x66,0xc1,0xff,
    0x66,0xc1,0xff,0x82,0x48,0xff,0x82,0x48,0xff,0xa2,0x58,0xff,
    0xa2,0x58,0xff,0xa2,0x58,0xff,0xa2,0x58,0xff,0xa2,0x58,0xff,
    0xa2,0x58,0xff,0xa2,0x58,0xff,0xa2,0x58,0xff,0x82,0x48,0xff,
    0x82,0x48,0xff,0x66,0xc1,0xff,0x66,0xc1,0xff,0x66,0xc1,0xff,
    0x66,0xc1,0xff,0x66,0xc1,0xff,0x82,0x48,0xff,0x82,0x48,0xff,
    0x82,0x48,0xff,0x00,0x00,0x00,0x00,0x00,0x00,0x82,0x48,0xff,
    0x82,0x48,0xff,0x82,0x48,0xff,0x66,0xc1,0xff,0x66,0xc1,0xff,
    0x66,0xc1,0xff,0x66,0xc1,0xff,0x66,0xc1,0xff,0x66,0xc1,0xff,
    0x82,0x48,0xff,0x82,0x48,0xff,0x82,0x48,0xff,0xa2,0x58,0xff,
    0xa2,0x58,0xff,0xa2,0x58,0xff,0xa2,0x58,0xff,0x82,0x48,0xff,
    0x82,0x48,0xff,0x82,0x48,0xff,0x66,0xc1,0xff,0x66,0xc1,0xff,
    0x66,0xc1,0xff,0x66,0xc1,0xff,0x66,0xc1,0xff,0x66,0xc1,0xff,
    0x82,0x48,0xff,0x82,0x48,0xff,0x82,0x48,0xff,0x00,0x00,0x00,
    0x00,0x00,0x00,0x82,0x48,0xff,0x82,0x48,0xff,0x66,0xc1,0xff,
    0x66,0xc1,0xff,0x66,0xc1,0xff,0x66,0xc1,0xff,0x66,0xc1,0xff,
    0x66,0xc1,0xff,0x66,0xc1,0xff,0x66,0xc1,0xff,0x66,0xc1,0xff,
    0x82,0x48,0xff,0x82,0x48,0xff,0x82,0x48,0xff,0x82,0x48,0xff,
    0x82,0x48,0xff,0x82,0x48,0xff,0x66,0xc1,0xff,0x66,0xc1,0xff,
    0x66,0xc1,0xff,0x66,0xc1,0xff,0x66,0xc1,0xff,0x66,0xc1,0xff,
    0x66,0xc1,0xff,0x66,0xc1,0xff,0x66,0xc1,0xff,0x82,0x48,0xff,
    0x82,0x48,0xff,0x00,0x00,0x00,0x00,0x00,0x00,0x82,0x48,0xff,
    0x82,0x48,0xff,0x66,0xc1,0xff,0x66,0xc1,0xff,0x66,0xc1,0xff,
    0x66,0xc1,0xff,0x66,0xc1,0xff,0x66,0xc1,0xff,0x66,0xc1,0xff,
    0x66,0xc1,0xff,0x66,0xc1,0xff,0x66,0xc1,0xff,0x66,0xc1,0xff,
    0x66,0xc1,0xff,0x66,0xc1,0xff,0x66,0xc1,0xff,0x66,0xc1,0xff,
    0x66,0xc1,0xff,0x66,0xc1,0xff,0x66,0xc1,0xff,0x66,0xc1,0xff,
    0x66,0xc1,0xff,0x66,0xc1,0xff,0x66,0xc1,0xff,0x66,0xc1,0xff,
    0x66,0xc1,0xff,0x82,0x48,0xff,0x82,0x48,0xff,0x00,0x00,0x00,
    0x82,0x48,0xff,0x82,0x48,0xff,0x82,0x48,0xff,0x66,0xc1,0xff,
    0x66,0xc1,0xff,0x66,0xc1,0xff,0x66,0xc1,0xff,0x66,0xc1,0xff,
    0x66,0xc1,0xff,0x66,0xc1,0xff,0x66,0xc1,0xff,0x66,0xc1,0xff,
    0x66,0xc1,0xff,0x66,0xc1,0xff,0x66,0xc1,0xff,0x66,0xc1,0xff,
    0x66,0xc1,0xff,0x66,0xc1,0xff,0x66,0xc1,0xff,0x66,0xc1,0xff,
    0x66,0xc1,0xff,0x66,0xc1,0xff,0x66,0xc1,0xff,0x66,0xc1,0xff,
    0x66,0xc1,0xff,0x66,0xc1,0xff,0x66,0xc1,0xff,0x82,0x48,0xff,
    0x82,0x48,0xff,0x82,0x48,0xff,0x82,0x48,0xff,0x04,0x89,0xff,
    0x82,0x48,0xff,0x66,0xc1,0xff,0x66,0xc1,0xff,0x66,0xc1,0xff,
    0x66,0xc1,0xff,0x66,0xc1,0xff,0x66,0xc1,0xff,0x66,0xc1,0xff,
    0x66,0xc1,0xff,0x82,0x48,0xff,0x82,0x48,0xff,0x82,0x48,0xff,
    0x82,0x48,0xff,0x82,0x48,0xff,0x82,0x48,0xff,0x82,0x48,0xff,
    0x82,0x48,0xff,0x66,0xc1,0xff,0x66,0xc1,0xff,0x66,0xc1,0xff,
    0x66,0xc1,0xff,0x66,0xc1,0xff,0x66,0xc1,0xff,0x66,0xc1,0xff,
    0x66,0xc1,0xff,0x82,0x48,0xff,0x04,0x89,0xff,0x82,0x48,0xff,
    0x82,0x48,0xff,0x04,0x89,0xff,0x82,0x48,0xff,0x66,0xc1,0xff,
    0x66,0xc1,0xff,0x66,0xc1,0xff,0x66,0xc1,0xff,0x66,0xc1,0xff,
    0x66,0xc1,0xff,0x66,0xc1,0xff,0x66,0xc1,0xff,0x82,0x48,0xff,
    0xa2,0x58,0xff,0xa2,0x58,0xff,0xa2,0x58,0xff,0xa2,0x58,0xff,
    0xa2,0x58,0xff,0xa2,0x58,0xff,0x82,0x48,0xff,0x66,0xc1,0xff,
    0x66,0xc1,0xff,0x66,0xc1,0xff,0x66,0xc1,0xff,0x66,0xc1,0xff,
    0x66,0xc1,0xff,0x66,0xc1,0xff,0x66,0xc1,0xff,0x82,0x48,0xff,
    0x04,0x89,0xff,0x82,0x48,0xff,0x82,0x48,0xff,0x82,0x48,0xff,
    0x82,0x48,0xff,0x66,0xc1,0xff,0x66,0xc1,0xff,0x66,0xc1,0xff,
    0x66,0xc1,0xff,0x66,0xc1,0xff,0x66,0xc1,0xff,0x66,0xc1,0xff,
    0x82,0x48,0xff,0x82,0x48,0xff,0xa2,0x58,0xff,0xa2,0x58,0xff,
    0xa2,0x58,0xff,0xa2,0x58,0xff,0xa2,0x58,0xff,0xa2,0x58,0xff,
    0x82,0x48,0xff,0x82,0x48,0xff,0x66,0xc1,0xff,0x66,0xc1,0xff,
    0x66,0xc1,0xff,0x66,0xc1,0xff,0x66,0xc1,0xff,0x66,0xc1,0xff,
    0x66,0xc1,0xff,0x82,0x48,0xff,0x82,0x48,0xff,0x82,0x48,0xff,
    0x00,0x00,0x00,0x82,0x48,0xff,0x82,0x48,0xff,0x82,0x48,0xff,
    0x66,0xc1,0xff,0x66,0xc1,0xff,0x66,0xc1,0xff,0x66,0xc1,0xff,
    0x66,0xc1,0xff,0x66,0xc1,0xff,0x82,0x48,0xff,0x82,0x48,0xff,
    0xa2,0x58,0xff,0xa2,0x58,0xff,0xa2,0x58,0xff,0xa2,0x58,0xff,
    0xa2,0x58,0xff,0xa2,0x58,0xff,0x82,0x48,0xff,0x82,0x48,0xff,
    0x66,0xc1,0xff,0x66,0xc1,0xff,0x66,0xc1,0xff,0x66,0xc1,0xff,
    0x66,0xc1,0xff,0x66,0xc1,0xff,0x82,0x48,0xff,0x82,0x48,0xff,
    0x82,0x48,0xff,0x00,0x00,0x00,0x00,0x00,0x00,0x82,0x48,0xff,
    0x04,0x89,0xff,0x82,0x48,0xff,0x66,0xc1,0xff,0x66,0xc1,0xff,
    0x66,0xc1,0xff,0x66,0xc1,0xff,0x66,0xc1,0xff,0x66,0xc1,0xff,
    0x82,0x48,0xff,0x82,0x48,0xff,0xa2,0x58,0xff,0xa2,0x58,0xff,
    0xa2,0x58,0xff,0xa2,0x58,0xff,0xa2,0x58,0xff,0xa2,0x58,0xff,
    0x82,0x48,0xff,0x82,0x48,0xff,0x66,0xc1,0xff,0x66,0xc1,0xff,
    0x66,0xc1,0xff,0x66,0xc1,0xff,0x66,0xc1,0xff,0x66,0xc1,0xff,
    0x82,0x48,0xff,0x04,0x89,0xff,0x82,0x48,0xff,0x00,0x00,0x00,
    0x00,0x00,0x00,0x82,0x48,0xff,0x82,0x48,0xff,0x82,0x48,0xff,
    0x82,0x48,0xff,0x82,0x48,0xff,0x82,0x48,0xff,0x66,0xc1,0xff,
    0x66,0xc1,0xff,0x82,0x48,0xff,0x82,0x48,0xff,0x82,0x48,0xff,
    0xa2,0x58,0xff,0xa2,0x58,0xff,0xa2,0x58,0xff,0xa2,0x58,0xff,
    0xa2,0x58,0xff,0xa2,0x58,0xff,0x82,0x48,0xff,0x82,0x48,0xff,
    0x82,0x48,0xff,0x66,0xc1,0xff,0x66,0xc1,0xff,0x82,0x48,0xff,
    0x82,0x48,0xff,0x82,0x48,0xff,0x82,0x48,0xff,0x82,0x48,0xff,
    0x82,0x48,0xff,0x00,0x00,0x00,0x00,0x00,0x00,0x00,0x00,0x00,
    0x00,0x00,0x00,0x00,0x00,0x00,0x00,0x00,0x00,0x82,0x48,0xff,
    0x82,0x48,0xff,0x82,0x48,0xff,0x82,0x48,0xff,0x82,0x48,0xff,
    0x00,0x00,0x00,0x82,0x48,0xff,0x82,0x48,0xff,0x82,0x48,0xff,
    0x82,0x48,0xff,0x82,0x48,0xff,0x82,0x48,0xff,0x82,0x48,0xff,
    0x82,0x48,0xff,0x00,0x00,0x00,0x82,0x48,0xff,0x82,0x48,0xff,
    0x82,0x48,0xff,0x82,0x48,0xff,0x82,0x48,0xff,0x00,0x00,0x00,
    0x00,0x00,0x00,0x00,0x00,0x00,0x00,0x00,0x00,0x00,0x00,0x00,
    0x00,0x00,0x00,0x00,0x00,0x00,0x00,0x00,0x00,0x00,0x00,0x00,
    0x00,0x00,0x00,0x00,0x00,0x00,0x00,0x00,0x00,0x00,0x00,0x00,
    0x00,0x00,0x00,0x00,0x00,0x00,0x00,0x00,0x00,0x00,0x00,0x00,
    0x00,0x00,0x00,0x00,0x00,0x00,0x82,0x48,0xff,0x82,0x48,0xff,
    0x00,0x00,0x00,0x00,0x00,0x00,0x00,0x00,0x00,0x00,0x00,0x00,
    0x00,0x00,0x00,0x00,0x00,0x00,0x00,0x00,0x00,0x00,0x00,0x00,
    0x00,0x00,0x00,0x00,0x00,0x00,0x00,0x00,0x00,0x00,0x00,0x00,
    0x00,0x00,0x00,0x00,0x00,0x00
};
const lv_img_dsc_t sb_head_19 = {
  .header.cf = LV_IMG_CF_TRUE_COLOR_ALPHA,
  .header.always_zero = 0,
  .header.reserved = 0,
  .header.w = 30,
  .header.h = 55,
  .data_size = 4950,
  .data = sb_head_19_map,
};
static const LV_ATTRIBUTE_MEM_ALIGN LV_ATTRIBUTE_LARGE_CONST uint8_t sb_head_20_map[] = {
    0x00,0x00,0x00,0x00,0x00,0x00,0x00,0x00,0x00,0x00,0x00,0x00,
    0x00,0x00,0x00,0x00,0x00,0x00,0x00,0x00,0x00,0x00,0x00,0x00,
    0x00,0x00,0x00,0x82,0x48,0xff,0x82,0x48,0xff,0x82,0x48,0xff,
    0x82,0x48,0xff,0x82,0x48,0xff,0x82,0x48,0xff,0x82,0x48,0xff,
    0x82,0x48,0xff,0x82,0x48,0xff,0x82,0x48,0xff,0x82,0x48,0xff,
    0x82,0x48,0xff,0x00,0x00,0x00,0x00,0x00,0x00,0x00,0x00,0x00,
    0x00,0x00,0x00,0x00,0x00,0x00,0x00,0x00,0x00,0x00,0x00,0x00,
    0x00,0x00,0x00,0x00,0x00,0x00,0x00,0x00,0x00,0x00,0x00,0x00,
    0x00,0x00,0x00,0x00,0x00,0x00,0x00,0x00,0x00,0x00,0x00,0x00,
    0x00,0x00,0x00,0x82,0x48,0xff,0x82,0x48,0xff,0x82,0x48,0xff,
    0x04,0x89,0xff,0x82,0x48,0xff,0x82,0x48,0xff,0x82,0x48,0xff,
    0x82,0x48,0xff,0x82,0x48,0xff,0x82,0x48,0xff,0x82,0x48,0xff,
    0x82,0x48,0xff,0x04,0x89,0xff,0x82,0x48,0xff,0x82,0x48,0xff,
    0x82,0x48,0xff,0x00,0x00,0x00,0x00,0x00,0x00,0x00,0x00,0x00,
    0x00,0x00,0x00,0x00,0x00,0x00,0x00,0x00,0x00,0x00,0x00,0x00,
    0x00,0x00,0x00,0x00,0x00,0x00,0x00,0x00,0x00,0x00,0x00,0x00,
    0x00,0x00,0x00,0x00,0x00,0x00,0x82,0x48,0xff,0x82,0x48,0xff,
    0x82,0x48,0xff,0x82,0x48,0xff,0x82,0x48,0xff,0x82,0x48,0xff,
    0x66,0xc1,0xff,0x66,0xc1,0xff,0x66,0xc1,0xff,0x66,0xc1,0xff,
    0x66,0xc1,0xff,0x66,0xc1,0xff,0x82,0x48,0xff,0x82,0x48,0xff,
    0x82,0x48,0xff,0x82,0x48,0xff,0x82,0x48,0xff,0x82,0x48,0xff,
    0x00,0x00,0x00,0x00,0x00,0x00,0x00,0x00,0x00,0x00,0x00,0x00,
    0x00,0x00,0x00,0x00,0x00,0x00,0x00,0x00,0x00,0x00,0x00,0x00,
    0x00,0x00,0x00,0x00,0x00,0x00,0x00,0x00,0x00,0x82,0x48,0xff,
    0x82,0x48,0xff,0x82,0x48,0xff,0x82,0x48,0xff,0x66,0xc1,0xff,
    0x66,0xc1,0xff,0x66,0xc1,0xff,0x66,0xc1,0xff,0x66,0xc1,0xff,
    0x66,0xc1,0xff,0x66,0xc1,0xff,0x66,0xc1,0xff,0x66,0xc1,0xff,
    0x66,0xc1,0xff,0x66,0xc1,0xff,0x66,0xc1,0xff,0x82,0x48,0xff,
    0x82,0x48,0xff,0x82,0x48,0xff,0x82,0x48,0xff,0x00,0x00,0x00,
    0x00,0x00,0x00,0x00,0x00,0x00,0x00,0x00,0x00,0x00,0x00,0x00,
    0x00,0x00,0x00,0x00,0x00,0x00,0x00,0x00,0x00,0x82,0x48,0xff,
    0x82,0x48,0xff,0x82,0x48,0xff,0x82,0x48,0xff,0x82,0x48,0xff,
    0x66,0xc1,0xff,0x66,0xc1,0xff,0x82,0x48,0xff,0x82,0x48,0xff,
    0x82,0x48,0xff,0x82,0x48,0xff,0x82,0x48,0xff,0x82,0x48,0xff,
    0x82,0x48,0xff,0x82,0x48,0xff,0x82,0x48,0xff,0x82,0x48,0xff,
    0x66,0xc1,0xff,0x66,0xc1,0xff,0x82,0x48,0xff,0x82,0x48,0xff,
    0x82,0x48,0xff,0x82,0x48,0xff,0x82,0x48,0xff,0x00,0x00,0x00,
    0x00,0x00,0x00,0x00,0x00,0x00,0x00,0x00,0x00,0x00,0x00,0x00,
    0x82,0x48,0xff,0x82,0x48,0xff,0x04,0x89,0xff,0x82,0x48,0xff,
    0x82,0x48,0xff,0x66,0xc1,0xff,0x66,0xc1,0xff,0x82,0x48,0xff,
    0x82,0x48,0xff,0xa2,0x58,0xff,0xa2,0x58,0xff,0xa2,0x58,0xff,
    0xa2,0x58,0xff,0xa2,0x58,0xff,0xa2,0x58,0xff,0xa2,0x58,0xff,
    0xa2,0x58,0xff,0x82,0x48,0xff,0x82,0x48,0xff,0x66,0xc1,0xff,
    0x66,0xc1,0xff,0x82,0x48,0xff,0x82,0x48,0xff,0x04,0x89,0xff,
    0x82,0x48,0xff,0x82,0x48,0xff,0x00,0x00,0x00,0x00,0x00,0x00,
    0x00,0x00,0x00,0x00,0x00,0x00,0x82,0x48,0xff,0x04,0x89,0xff,
    0x82,0x48,0xff,0x82,0x48,0xff,0x66,0xc1,0xff,0x66,0xc1,0xff,
    0x66,0xc1,0xff,0x82,0x48,0xff,0xa2,0x58,0xff,0xa2,0x58,0xff,
    0xa2,0x58,0xff,0xa2,0x58,0xff,0xa2,0x58,0xff,0xa2,0x58,0xff,
    0xa2,0x58,0xff,0xa2,0x58,0xff,0xa2,0x58,0xff,0xa2,0x58,0xff,
    0x82,0x48,0xff,0x66,0xc1,0xff,0x66,0xc1,0xff,0x66,0xc1,0xff,
    0x82,0x48,0xff,0x82,0x48,0xff,0x04,0x89,0xff,0x82,0x48,0xff,
    0x00,0x00,0x00,0x00,0x00,0x00,0x00,0x00,0x00,0x82,0x48,0xff,
    0x82,0x48,0xff,0x82,0x48,0xff,0x82,0x48,0xff,0x66,0xc1,0xff,
    0x66,0xc1,0xff,0x66,0xc1,0xff,0x82,0x48,0xff,0x82,0x48,0xff,
    0xa2,0x58,0xff,0xa2,0x58,0xff,0xa2,0x58,0xff,0xa2,0x58,0xff,
    0xa2,0x58,0xff,0xa2,0x58,0xff,0xa2,0x58,0xff,0xa2,0x58,0xff,
    0xa2,0x58,0xff,0xa2,0x58,0xff,0x82,0x48,0xff,0x82,0x48,0xff,
    0x66,0xc1,0xff,0x66,0xc1,0xff,0x66,0xc1,0xff,0x82,0x48,0xff,
    0x82,0x48,0xff,0x82,0x48,0xff,0x82,0x48,0xff,0x00,0x00,0x00,
    0x82,0x48,0xff,0x82,0x48,0xff,0x04,0x89,0xff,0x82,0x48,0xff,
    0x66,0xc1,0xff,0x66,0xc1,0xff,0x66,0xc1,0xff,0x66,0xc1,0xff,
    0x82,0x48,0xff,0xa2,0x58,0xff,0xa2,0x58,0xff,0xa2,0x58,0xff,
    0xa2,0x58,0xff,0xa2,0x58,0xff,0xa2,0x58,0xff,0xa2,0x58,0xff,
    0xa2,0x58,0xff,0xa2,0x58,0xff,0xa2,0x58,0xff,0xa2,0x58,0xff,
    0xa2,0x58,0xff,0x82,0x48,0xff,0x66,0xc1,0xff,0x66,0xc1,0xff,
    0x66,0xc1,0xff,0x66,0xc1,0xff,0x82,0x48,0xff,0x04,0x89,0xff,
    0x82,0x48,0xff,0x82,0x48,0xff,0x82,0x48,0xff,0x04,0x89,0xff,
    0x04,0x89,0xff,0x82,0x48,0xff,0x66,0xc1,0xff,0x66,0xc1,0xff,
    0x66,0xc1,0xff,0x82,0x48,0xff,0x82,0x48,0xff,0xa2,0x58,0xff,
    0xa2,0x58,0xff,0xa2,0x58,0xff,0xa2,0x58,0xff,0xa2,0x58,0xff,
    0xa2,0x58,0xff,0xa2,0x58,0xff,0xa2,0x58,0xff,0xa2,0x58,0xff,
    0xa2,0x58,0xff,0xa2,0x58,0xff,0xa2,0x58,0xff,0x82,0x48,0xff,
    0x82,0x48,0xff,0x66,0xc1,0xff,0x66,0xc1,0xff,0x66,0xc1,0xff,
    0x82,0x48,0xff,0x04,0x89,0xff,0x04,0x89,0xff,0x82,0x48,0xff,
    0x82,0x48,0xff,0x04,0x89,0xff,0x04,0x89,0xff,0x82,0x48,0xff,
    0x66,0xc1,0xff,0x66,0xc1,0xff,0x82,0x48,0xff,0x82,0x48,0xff,
    0xa2,0x58,0xff,0xa2,0x58,0xff,0xa2,0x58,0xff,0xa2,0x58,0xff,
    0xa2,0x58,0xff,0xa2,0x58,0xff,0xa2,0x58,0xff,0xa2,0x58,0xff,
    0xa2,0x58,0xff,0xa2,0x58,0xff,0xa2,0x58,0xff,0xa2,0x58,0xff,
    0xa2,0x58,0xff,0xa2,0x58,0xff,0x82,0x48,0xff,0x82,0x48,0xff,
    0x66,0xc1,0xff,0x66,0xc1,0xff,0x82,0x48,0xff,0x04,0x89,0xff,
    0x04,0x89,0xff,0x82,0x48,0xff,0x82,0x48,0xff,0x04,0x89,0xff,
    0x04,0x89,0xff,0x82,0x48,0xff,0x66,0xc1,0xff,0x66,0xc1,0xff,
    0x82,0x48,0xff,0xa2,0x58,0xff,0xa2,0x58,0xff,0xa2,0x58,0xff,
    0xa2,0x58,0xff,0xa2,0x58,0xff,0xa2,0x58,0xff,0xa2,0x58,0xff,
    0xa2,0x58,0xff,0xa2,0x58,0xff,0xa2,0x58,0xff,0xa2,0x58,0xff,
    0xa2,0x58,0xff,0xa2,0x58,0xff,0xa2,0x58,0xff,0xa2,0x58,0xff,
    0xa2,0x58,0xff,0x82,0x48,0xff,0x66,0xc1,0xff,0x66,0xc1,0xff,
    0x82,0x48,0xff,0x04,0x89,0xff,0x04,0x89,0xff,0x82,0x48,0xff,
    0x82,0x48,0xff,0x04,0x89,0xff,0x04,0x89,0xff,0x82,0x48,0xff,
    0x66,0xc1,0xff,0x66,0xc1,0xff,0x82,0x48,0xff,0xa2,0x58,0xff,
    0xa2,0x58,0xff,0xa2,0x58,0xff,0xa2,0x58,0xff,0xa2,0x58,0xff,
    0xa2,0x58,0xff,0xa2,0x58,0xff,0xa2,0x58,0xff,0xa2,0x58,0xff,
    0xa2,0x58,0xff,0xa2,0x58,0xff,0xa2,0x58,0xff,0xa2,0x58,0xff,
    0xa2,0x58,0xff,0xa2,0x58,0xff,0xa2,0x58,0xff,0x82,0x48,0xff,
    0x66,0xc1,0xff,0x66,0xc1,0xff,0x82,0x48,0xff,0x04,0x89,0xff,
    0x04,0x89,0xff,0x82,0x48,0xff,0x82,0x48,0xff,0x04,0x89,0xff,
    0x04,0x89,0xff,0x82,0x48,0xff,0x66,0xc1,0xff,0x66,0xc1,0xff,
    0x82,0x48,0xff,0xa2,0x58,0xff,0xa2,0x58,0xff,0xa2,0x58,0xff,
    0xa2,0x58,0xff,0xa2,0x58,0xff,0xa2,0x58,0xff,0xa2,0x58,0xff,
    0xa2,0x58,0xff,0xa2,0x58,0xff,0xa2,0x58,0xff,0xa2,0x58,0xff,
    0xa2,0x58,0xff,0xa2,0x58,0xff,0xa2,0x58,0xff,0xa2,0x58,0xff,
    0xa2,0x58,0xff,0x82,0x48,0xff,0x66,0xc1,0xff,0x66,0xc1,0xff,
    0x82,0x48,0xff,0x04,0x89,0xff,0x04,0x89,0xff,0x82,0x48,0xff,
    0x82,0x48,0xff,0x04,0x89,0xff,0x04,0x89,0xff,0x82,0x48,0xff,
    0x66,0xc1,0xff,0x66,0xc1,0xff,0x82,0x48,0xff,0x82,0x48,0xff,
    0xa2,0x58,0xff,0xa2,0x58,0xff,0xa2,0x58,0xff,0xa2,0x58,0xff,
    0xa2,0x58,0xff,0xa2,0x58,0xff,0xa2,0x58,0xff,0xa2,0x58,0xff,
    0xa2,0x58,0xff,0xa2,0x58,0xff,0xa2,0x58,0xff,0xa2,0x58,0xff,
    0xa2,0x58,0xff,0xa2,0x58,0xff,0x82,0x48,0xff,0x82,0x48,0xff,
    0x66,0xc1,0xff,0x66,0xc1,0xff,0x82,0x48,0xff,0x04,0x89,0xff,
    0x04,0x89,0xff,0x82,0x48,0xff,0x82,0x48,0xff,0x04,0x89,0xff,
    0x04,0x89,0xff,0x82,0x48,0xff,0x66,0xc1,0xff,0x66,0xc1,0xff,
    0x66,0xc1,0xff,0x82,0x48,0xff,0xa2,0x58,0xff,0xa2,0x58,0xff,
    0xa2,0x58,0xff,0xa2,0x58,0xff,0xa2,0x58,0xff,0xa2,0x58,0xff,
    0xa2,0x58,0xff,0xa2,0x58,0xff,0xa2,0x58,0xff,0xa2,0x58,0xff,
    0xa2,0x58,0xff,0xa2,0x58,0xff,0xa2,0x58,0xff,0xa2,0x58,0xff,
    0x82,0x48,0xff,0x66,0xc1,0xff,0x66,0xc1,0xff,0x66,0xc1,0xff,
    0x82,0x48,0xff,0x04,0x89,0xff,0x04,0x89,0xff,0x82,0x48,0xff,
    0x82,0x48,0xff,0x04,0x89,0xff,0x04,0x89,0xff,0x82,0x48,0xff,
    0x66,0xc1,0xff,0x66,0xc1,0xff,0x66,0xc1,0xff,0x82,0x48,0xff,
    0x82,0x48,0xff,0xa2,0x58,0xff,0xa2,0x58,0xff,0xa2,0x58,0xff,
    0xa2,0x58,0xff,0xa2,0x58,0xff,0xa2,0x58,0xff,0xa2,0x58,0xff,
    0xa2,0x58,0xff,0xa2,0x58,0xff,0xa2,0x58,0xff,0xa2,0x58,0xff,
    0xa2,0x58,0xff,0x82,0x48,0xff,0x82,0x48,0xff,0x66,0xc1,0xff,
    0x66,0xc1,0xff,0x66,0xc1,0xff,0x82,0x48,0xff,0x04,0x89,0xff,
    0x04,0x89,0xff,0x82,0x48,0xff,0x82,0x48,0xff,0x82,0x48,0xff,
    0x04,0x89,0xff,0x82,0x48,0xff,0x66,0xc1,0xff,0x66,0xc1,0xff,
    0x66,0xc1,0xff,0x66,0xc1,0xff,0x82,0x48,0xff,0x82,0x48,0xff,
    0xa2,0x58,0xff,0xa2,0x58,0xff,0xa2,0x58,0xff,0xa2,0x58,0xff,
    0xa2,0x58,0xff,0xa2,0x58,0xff,0xa2,0x58,0xff,0xa2,0x58,0xff,
    0xa2,0x58,0xff,0xa2,0x58,0xff,0x82,0x48,0xff,0x82,0x48,0xff,
    0x66,0xc1,0xff,0x66,0xc1,0xff,0x66,0xc1,0xff,0x66,0xc1,0xff,
    0x82,0x48,0xff,0x04,0x89,0xff,0x82,0x48,0xff,0x82,0x48,0xff,
    0x00,0x00,0x00,0x82,0x48,0xff,0x04,0x89,0xff,0x82,0x48,0xff,
    0x66,0xc1,0xff,0x66,0xc1,0xff,0x66,0xc1,0xff,0x66,0xc1,0xff,
    0x66,0xc1,0xff,0x82,0x48,0xff,0xa2,0x58,0xff,0xa2,0x58,0xff,
    0xa2,0x58,0xff,0xa2,0x58,0xff,0xa2,0x58,0xff,0xa2,0x58,0xff,
    0xa2,0x58,0xff,0xa2,0x58,0xff,0xa2,0x58,0xff,0xa2,0x58,0xff,
    0x82,0x48,0xff,0x66,0xc1,0xff,0x66,0xc1,0xff,0x66,0xc1,0xff,
    0x66,0xc1,0xff,0x66,0xc1,0xff,0x82,0x48,0xff,0x04,0x89,0xff,
    0x82,0x48,0xff,0x00,0x00,0x00,0x00,0x00,0x00,0x82,0x48,0xff,
    0x04,0x89,0xff,0x82,0x48,0xff,0x66,0xc1,0xff,0x66,0xc1,0xff,
    0x66,0xc1,0xff,0x66,0xc1,0xff,0x66,0xc1,0xff,0x82,0x48,0xff,
    0x82,0x48,0xff,0xa2,0x58,0xff,0xa2,0x58,0xff,0xa2,0x58,0xff,
    0xa2,0x58,0xff,0xa2,0x58,0xff,0xa2,0x58,0xff,0xa2,0x58,0xff,
    0xa2,0x58,0xff,0x82,0x48,0xff,0x82,0x48,0xff,0x66,0xc1,0xff,
    0x66,0xc1,0xff,0x66,0xc1,0xff,0x66,0xc1,0xff,0x66,0xc1,0xff,
    0x82,0x48,0xff,0x04,0x89,0xff,0x82,0x48,0xff,0x00,0x00,0x00,
    0x00,0x00,0x00,0x82,0x48,0xff,0x04,0x89,0xff,0x82,0x48,0xff,
    0x66,0xc1,0xff,0x66,0xc1,0xff,0x66,0xc1,0xff,0x66,0xc1,0xff,
    0x66,0xc1,0xff,0x66,0xc1,0xff,0x82,0x48,0xff,0x82,0x48,0xff,
    0x82,0x48,0xff,0x82,0x48,0xff,0x82,0x48,0xff,0x82,0x48,0xff,
    0x82,0x48,0xff,0x82,0x48,0xff,0x82,0x48,0xff,0x82,0x48,0xff,
    0x66,0xc1,0xff,0x66,0xc1,0xff,0x66,0xc1,0xff,0x66,0xc1,0xff,
    0x66,0xc1,0xff,0x66,0xc1,0xff,0x82,0x48,0xff,0x04,0x89,0xff,
    0x82,0x48,0xff,0x00,0x00,0x00,0x00,0x00,0x00,0x82,0x48,0xff,
    0x04,0x89,0xff,0x82,0x48,0xff,0x66,0xc1,0xff,0x66,0xc1,0xff,
    0x66,0xc1,0xff,0x66,0xc1,0xff,0x66,0xc1,0xff,0x66,0xc1,0xff,
    0x66,0xc1,0xff,0x66,0xc1,0xff,0x66,0xc1,0xff,0x66,0xc1,0xff,
    0x66,0xc1,0xff,0x66,0xc1,0xff,0x66,0xc1,0xff,0x66,0xc1,0xff,
    0x66,0xc1,0xff,0x66,0xc1,0xff,0x66,0xc1,0xff,0x66,0xc1,0xff,
    0x66,0xc1,0xff,0x66,0xc1,0xff,0x66,0xc1,0xff,0x66,0xc1,0xff,
    0x82,0x48,0xff,0x04,0x89,0xff,0x82,0x48,0xff,0x00,0x00,0x00,
    0x00,0x00,0x00,0x82,0x48,0xff,0x82,0x48,0xff,0x82,0x48,0xff,
    0x66,0xc1,0xff,0x66,0xc1,0xff,0x66,0xc1,0xff,0x66,0xc1,0xff,
    0x66,0xc1,0xff,0x66,0xc1,0xff,0x66,0xc1,0xff,0x66,0xc1,0xff,
    0x66,0xc1,0xff,0x82,0x48,0xff,0x82,0x48,0xff,0x66,0xc1,0xff,
    0x82,0x48,0xff,0x66,0xc1,0xff,0x66,0xc1,0xff,0x66,0xc1,0xff,
    0x66,0xc1,0xff,0x66,0xc1,0xff,0x66,0xc1,0xff,0x66,0xc1,0xff,
    0x66,0xc1,0xff,0x66,0xc1,0xff,0x82,0x48,0xff,0x82,0x48,0xff,
    0x82,0x48,0xff,0x00,0x00,0x00,0x00,0x00,0x00,0x00,0x00,0x00,
    0x82,0x48,0xff,0x82,0x48,0xff,0x66,0xc1,0xff,0x66,0xc1,0xff,
    0x66,0xc1,0xff,0x66,0xc1,0xff,0x66,0xc1,0xff,0x66,0xc1,0xff,
    0x66,0xc1,0xff,0x66,0xc1,0xff,0x66,0xc1,0xff,0x82,0x48,0xff,
    0x82,0x48,0xff,0x82,0x48,0xff,0x82,0x48,0xff,0x66,0xc1,0xff,
    0x66,0xc1,0xff,0x66,0xc1,0xff,0x66,0xc1,0xff,0x66,0xc1,0xff,
    0x66,0xc1,0xff,0x66,0xc1,0xff,0x66,0xc1,0xff,0x66,0xc1,0xff,
    0x82,0x48,0xff,0x82,0x48,0xff,0x00,0x00,0x00,0x00,0x00,0x00,
    0x00,0x00,0x00,0x00,0x00,0x00,0x82,0x48,0xff,0x82,0x48,0xff,
    0x66,0xc1,0xff,0x66,0xc1,0xff,0x66,0xc1,0xff,0x66,0xc1,0xff,
    0x66,0xc1,0xff,0x66,0xc1,0xff,0x66,0xc1,0xff,0x66,0xc1,0xff,
    0x82,0x48,0xff,0x82,0x48,0xff,0x82,0x48,0xff,0x82,0x48,0xff,
    0x66,0xc1,0xff,0x66,0xc1,0xff,0x66,0xc1,0xff,0x66,0xc1,0xff,
    0x66,0xc1,0xff,0x66,0xc1,0xff,0x66,0xc1,0xff,0x66,0xc1,0xff,
    0x66,0xc1,0xff,0x66,0xc1,0xff,0x82,0x48,0xff,0x82,0x48,0xff,
    0x00,0x00,0x00,0x00,0x00,0x00,0x00,0x00,0x00,0x00,0x00,0x00,
    0x82,0x48,0xff,0x82,0x48,0xff,0x82,0x48,0xff,0x66,0xc1,0xff,
    0x66,0xc1,0xff,0x66,0xc1,0xff,0x66,0xc1,0xff,0x66,0xc1,0xff,
    0x66,0xc1,0xff,0x82,0x48,0xff,0x82,0x48,0xff,0x66,0xc1,0xff,
    0x82,0x48,0xff,0x82,0x48,0xff,0x82,0x48,0xff,0x82,0x48,0xff,
    0x66,0xc1,0xff,0x66,0xc1,0xff,0x66,0xc1,0xff,0x66,0xc1,0xff,
    0x66,0xc1,0xff,0x66,0xc1,0xff,0x66,0xc1,0xff,0x82,0x48,0xff,
    0x82,0x48,0xff,0x82,0x48,0xff,0x00,0x00,0x00,0x00,0x00,0x00,
    0x00,0x00,0x00,0x00,0x00,0x00,0x82,0x48,0xff,0x04,0x89,0xff,
    0x82,0x48,0xff,0x66,0xc1,0xff,0x66,0xc1,0xff,0x66,0xc1,0xff,
    0x66,0xc1,0xff,0x66,0xc1,0xff,0x66,0xc1,0xff,0x66,0xc1,0xff,
    0x66,0xc1,0xff,0x82,0x48,0xff,0x82,0x48,0xff,0x66,0xc1,0xff,
    0x82,0x48,0xff,0x82,0x48,0xff,0x66,0xc1,0xff,0x66,0xc1,0xff,
    0x66,0xc1,0xff,0x66,0xc1,0xff,0x66,0xc1,0xff,0x66,0xc1,0xff,
    0x66,0xc1,0xff,0x82,0x48,0xff,0x04,0x89,0xff,0x82,0x48,0xff,
    0x00,0x00,0x00,0x00,0x00,0x00,0x00,0x00,0x00,0x00,0x00,0x00,
    0x82,0x48,0xff,0x04,0x89,0xff,0x82,0x48,0xff,0x66,0xc1,0xff,
    0x66,0xc1,0xff,0x66,0xc1,0xff,0x66,0xc1,0xff,0x66,0xc1,0xff,
    0x66,0xc1,0xff,0x66,0xc1,0xff,0x66,0xc1,0xff,0x82,0x48,0xff,
    0x82,0x48,0xff,0x82,0x48,0xff,0x82,0x48,0xff,0x66,0xc1,0xff,
    0x66,0xc1,0xff,0x66,0xc1,0xff,0x66,0xc1,0xff,0x66,0xc1,0xff,
    0x66,0xc1,0xff,0x66,0xc1,0xff,0x66,0xc1,0xff,0x82,0x48,0xff,
    0x04,0x89,0xff,0x82,0x48,0xff,0x00,0x00,0x00,0x00,0x00,0x00,
    0x00,0x00,0x00,0x00,0x00,0x00,0x82,0x48,0xff,0x82,0x48,0xff,
    0x82,0x48,0xff,0x66,0xc1,0xff,0x66,0xc1,0xff,0x66,0xc1,0xff,
    0x66,0xc1,0xff,0x66,0xc1,0xff,0x66,0xc1,0xff,0x66,0xc1,0xff,
    0x66,0xc1,0xff,0x66,0xc1,0xff,0x66,0xc1,0xff,0x66,0xc1,0xff,
    0x66,0xc1,0xff,0x66,0xc1,0xff,0x66,0xc1,0xff,0x66,0xc1,0xff,
    0x66,0xc1,0xff,0x66,0xc1,0xff,0x66,0xc1,0xff,0x66,0xc1,0xff,
    0x66,0xc1,0xff,0x82,0x48,0xff,0x82,0x48,0xff,0x82,0x48,0xff,
    0x00,0x00,0x00,0x00,0x00,0x00,0x00,0x00,0x00,0x00,0x00,0x00,
    0x00,0x00,0x00,0x82,0x48,0xff,0x82,0x48,0xff,0x66,0xc1,0xff,
    0x66,0xc1,0xff,0x66,0xc1,0xff,0x66,0xc1,0xff,0x66,0xc1,0xff,
    0x66,0xc1,0xff,0x66,0xc1,0xff,0x82,0x48,0xff,0x82,0x48,0xff,
    0x82,0x48,0xff,0x82,0x48,0xff,0x82,0x48,0xff,0x82,0x48,0xff,
    0x66,0xc1,0xff,0x66,0xc1,0xff,0x66,0xc1,0xff,0x66,0xc1,0xff,
    0x66,0xc1,0xff,0x66,0xc1,0xff,0x66,0xc1,0xff,0x82,0x48,0xff,
    0x82,0x48,0xff,0x00,0x00,0x00,0x00,0x00,0x00,0x00,0x00,0x00,
    0x00,0x00,0x00,0x00,0x00,0x00,0x00,0x00,0x00,0x82,0x48,0xff,
    0x82,0x48,0xff,0x66,0xc1,0xff,0x66,0xc1,0xff,0x66,0xc1,0xff,
    0x66,0xc1,0xff,0x66,0xc1,0xff,0x82,0x48,0xff,0x82,0x48,0xff,
    0x82,0x48,0xff,0xa2,0x58,0xff,0xa2,0x58,0xff,0xa2,0x58,0xff,
    0xa2,0x58,0xff,0x82,0x48,0xff,0x82,0x48,0xff,0x82,0x48,0xff,
    0x66,0xc1,0xff,0x66,0xc1,0xff,0x66,0xc1,0xff,0x66,0xc1,0xff,
    0x66,0xc1,0xff,0x82,0x48,0xff,0x82,0x48,0xff,0x00,0x00,0x00,
    0x00,0x00,0x00,0x00,0x00,0x00,0x00,0x00,0x00,0x00,0x00,0x00,
    0x82,0x48,0xff,0x82,0x48,0xff,0x82,0x48,0xff,0x66,0xc1,0xff,
    0x66,0xc1,0xff,0x66,0xc1,0xff,0x66,0xc1,0xff,0x82,0x48,0xff,
    0x82,0x48,0xff,0xa2,0x58,0xff,0xa2,0x58,0xff,0xa2,0x58,0xff,
    0xa2,0x58,0xff,0xa2,0x58,0xff,0xa2,0x58,0xff,0xa2,0x58,0xff,
    0xa2,0x58,0xff,0x82,0x48,0xff,0x82,0x48,0xff,0x66,0xc1,0xff,
    0x66,0xc1,0xff,0x66,0xc1,0xff,0x66,0xc1,0xff,0x82,0x48,0xff,
    0x82,0x48,0xff,0x82,0x48,0xff,0x00,0x00,0x00,0x00,0x00,0x00,
    0x00,0x00,0x00,0x00,0x00,0x00,0x82,0x48,0xff,0x04,0x89,0xff,
    0x82,0x48,0xff,0x66,0xc1,0xff,0x66,0xc1,0xff,0x66,0xc1,0xff,
    0x82,0x48,0xff,0x82,0x48,0xff,0xa2,0x58,0xff,0xa2,0x58,0xff,
    0xa2,0x58,0xff,0xa2,0x58,0xff,0xa2,0x58,0xff,0xa2,0x58,0xff,
    0xa2,0x58,0xff,0xa2,0x58,0xff,0xa2,0x58,0xff,0xa2,0x58,0xff,
    0x82,0x48,0xff,0x82,0x48,0xff,0x66,0xc1,0xff,0x66,0xc1,0xff,
    0x66,0xc1,0xff,0x82,0x48,0xff,0x04,0x89,0xff,0x82,0x48,0xff,
    0x00,0x00,0x00,0x00,0x00,0x00,0x00,0x00,0x00,0x00,0x00,0x00,
    0x82,0x48,0xff,0x04,0x89,0xff,0x82,0x48,0xff,0x66,0xc1,0xff,
    0x66,0xc1,0xff,0x66,0xc1,0xff,0x82,0x48,0xff,0xa2,0x58,0xff,
    0xa2,0x58,0xff,0xa2,0x58,0xff,0xa2,0x58,0xff,0xa2,0x58,0xff,
    0xa2,0x58,0xff,0xa2,0x58,0xff,0xa2,0x58,0xff,0xa2,0x58,0xff,
    0xa2,0x58,0xff,0xa2,0x58,0xff,0xa2,0x58,0xff,0x82,0x48,0xff,
    0x66,0xc1,0xff,0x66,0xc1,0xff,0x66,0xc1,0xff,0x82,0x48,0xff,
    0x04,0x89,0xff,0x82,0x48,0xff,0x00,0x00,0x00,0x00,0x00,0x00,
    0x00,0x00,0x00,0x00,0x00,0x00,0x82,0x48,0xff,0x04,0x89,0xff,
    0x82,0x48,0xff,0x66,0xc1,0xff,0x66,0xc1,0xff,0x82,0x48,0xff,
    0x82,0x48,0xff,0xa2,0x58,0xff,0xa2,0x58,0xff,0xa2,0x58,0xff,
    0xa2,0x58,0xff,0xa2,0x58,0xff,0xa2,0x58,0xff,0xa2,0x58,0xff,
    0xa2,0x58,0xff,0xa2,0x58,0xff,0xa2,0x58,0xff,0xa2,0x58,0xff,
    0xa2,0x58,0xff,0x82,0x48,0xff,0x82,0x48,0xff,0x66,0xc1,0xff,
    0x66,0xc1,0xff,0x82,0x48,0xff,0x04,0x89,0xff,0x82,0x48,0xff,
    0x00,0x00,0x00,0x00,0x00,0x00,0x00,0x00,0x00,0x00,0x00,0x00,
    0x82,0x48,0xff,0x04,0x89,0xff,0x82,0x48,0xff,0x66,0xc1,0xff,
    0x66,0xc1,0xff,0x82,0x48,0xff,0xa2,0x58,0xff,0xa2,0x58,0xff,
    0xa2,0x58,0xff,0xa2,0x58,0xff,0xa2,0x58,0xff,0xa2,0x58,0xff,
    0xa2,0x58,0xff,0xa2,0x58,0xff,0xa2,0x58,0xff,0xa2,0x58,0xff,
    0xa2,0x58,0xff,0xa2,0x58,0xff,0xa2,0x58,0xff,0xa2,0x58,0xff,
    0x82,0x48,0xff,0x66,0xc1,0xff,0x66,0xc1,0xff,0x82,0x48,0xff,
    0x04,0x89,0xff,0x82,0x48,0xff,0x00,0x00,0x00,0x00,0x00,0x00,
    0x00,0x00,0x00,0x00,0x00,0x00,0x82,0x48,0xff,0x82,0x48,0xff,
    0x82,0x48,0xff,0x66,0xc1,0xff,0x66,0xc1,0xff,0x82,0x48,0xff,
    0xa2,0x58,0xff,0xa2,0x58,0xff,0xa2,0x58,0xff,0xa2,0x58,0xff,
    0xa2,0x58,0xff,0xa2,0x58,0xff,0xa2,0x58,0xff,0xa2,0x58,0xff,
    0xa2,0x58,0xff,0xa2,0x58,0xff,0xa2,0x58,0xff,0xa2,0x58,0xff,
    0xa2,0x58,0xff,0xa2,0x58,0xff,0x82,0x48,0xff,0x66,0xc1,0xff,
    0x66,0xc1,0xff,0x82,0x48,0xff,0x82,0x48,0xff,0x82,0x48,0xff,
    0x00,0x00,0x00,0x00,0x00,0x00,0x00,0x00,0x00,0x00,0x00,0x00,
    0x82,0x48,0xff,0x82,0x48,0xff,0x66,0xc1,0xff,0x66,0xc1,0xff,
    0x66,0xc1,0xff,0x82,0x48,0xff,0xa2,0x58,0xff,0xa2,0x58,0xff,
    0xa2,0x58,0xff,0xa2,0x58,0xff,0xa2,0x58,0xff,0xa2,0x58,0xff,
    0xa2,0x58,0xff,0xa2,0x58,0xff,0xa2,0x58,0xff,0xa2,0x58,0xff,
    0xa2,0x58,0xff,0xa2,0x58,0xff,0xa2,0x58,0xff,0xa2,0x58,0xff,
    0x82,0x48,0xff,0x66,0xc1,0xff,0x66,0xc1,0xff,0x66,0xc1,0xff,
    0x82,0x48,0xff,0x82,0x48,0xff,0x00,0x00,0x00,0x00,0x00,0x00,
    0x00,0x00,0x00,0x00,0x00,0x00,0x82,0x48,0xff,0x82,0x48,0xff,
    0x66,0xc1,0xff,0x66,0xc1,0xff,0x66,0xc1,0xff,0x82,0x48,0xff,
    0xa2,0x58,0xff,0xa2,0x58,0xff,0xa2,0x58,0xff,0xa2,0x58,0xff,
    0xa2,0x58,0xff,0xa2,0x58,0xff,0xa2,0x58,0xff,0xa2,0x58,0xff,
    0xa2,0x58,0xff,0xa2,0x58,0xff,0xa2,0x58,0xff,0xa2,0x58,0xff,
    0xa2,0x58,0xff,0xa2,0x58,0xff,0x82,0x48,0xff,0x66,0xc1,0xff,
    0x66,0xc1,0xff,0x66,0xc1,0xff,0x82,0x48,0xff,0x82,0x48,0xff,
    0x00,0x00,0x00,0x00,0x00,0x00,0x00,0x00,0x00,0x00,0x00,0x00,
    0x82,0x48,0xff,0x82,0x48,0xff,0x66,0xc1,0xff,0x66,0xc1,0xff,
    0x66,0xc1,0xff,0x82,0x48,0xff,0x82,0x48,0xff,0xa2,0x58,0xff,
    0xa2,0x58,0xff,0xa2,0x58,0xff,0xa2,0x58,0xff,0xa2,0x58,0xff,
    0xa2,0x58,0xff,0xa2,0x58,0xff,0xa2,0x58,0xff,0xa2,0x58,0xff,
    0xa2,0x58,0xff,0xa2,0x58,0xff,0xa2,0x58,0xff,0x82,0x48,0xff,
    0x82,0x48,0xff,0x66,0xc1,0xff,0x66,0xc1,0xff,0x66,0xc1,0xff,
    0x82,0x48,0xff,0x82,0x48,0xff,0x00,0x00,0x00,0x00,0x00,0x00,
    0x00,0x00,0x00,0x00,0x00,0x00,0x82,0x48,0xff,0x82,0x48,0xff,
    0x66,0xc1,0xff,0x66,0xc1,0xff,0x66,0xc1,0xff,0x66,0xc1,0xff,
    0x82,0x48,0xff,0xa2,0x58,0xff,0xa2,0x58,0xff,0xa2,0x58,0xff,
    0xa2,0x58,0xff,0xa2,0x58,0xff,0xa2,0x58,0xff,0xa2,0x58,0xff,
    0xa2,0x58,0xff,0xa2,0x58,0xff,0xa2,0x58,0xff,0xa2,0x58,0xff,
    0xa2,0x58,0xff,0x82,0x48,0xff,0x66,0xc1,0xff,0x66,0xc1,0xff,
    0x66,0xc1,0xff,0x66,0xc1,0xff,0x82,0x48,0xff,0x82,0x48,0xff,
    0x00,0x00,0x00,0x00,0x00,0x00,0x00,0x00,0x00,0x00,0x00,0x00,
    0x82,0x48,0xff,0x82,0x48,0xff,0x66,0xc1,0xff,0x66,0xc1,0xff,
    0x66,0xc1,0xff,0x66,0xc1,0xff,0x82,0x48,0xff,0x82,0x48,0xff,
    0xa2,0x58,0xff,0xa2,0x58,0xff,0xa2,0x58,0xff,0xa2,0x58,0xff,
    0xa2,0x58,0xff,0xa2,0x58,0xff,0xa2,0x58,0xff,0xa2,0x58,0xff,
    0xa2,0x58,0xff,0xa2,0x58,0xff,0x82,0x48,0xff,0x82,0x48,0xff,
    0x66,0xc1,0xff,0x66,0xc1,0xff,0x66,0xc1,0xff,0x66,0xc1,0xff,
    0x82,0x48,0xff,0x82,0x48,0xff,0x00,0x00,0x00,0x00,0x00,0x00,
    0x00,0x00,0x00,0x82,0x48,0xff,0x82,0x48,0xff,0x82,0x48,0xff,
    0x66,0xc1,0xff,0x66,0xc1,0xff,0x66,0xc1,0xff,0x66,0xc1,0xff,
    0x66,0xc1,0xff,0x82,0x48,0xff,0x82,0x48,0xff,0xa2,0x58,0xff,
    0xa2,0x58,0xff,0xa2,0x58,0xff,0xa2,0x58,0xff,0xa2,0x58,0xff,
    0xa2,0x58,0xff,0xa2,0x58,0xff,0xa2,0x58,0xff,0x82,0x48,0xff,
    0x82,0x48,0xff,0x66,0xc1,0xff,0x66,0xc1,0xff,0x66,0xc1,0xff,
    0x66,0xc1,0xff,0x66,0xc1,0xff,0x82,0x48,0xff,0x82,0x48,0xff,
    0x82,0x48,0xff,0x00,0x00,0x00,0x00,0x00,0x00,0x82,0x48,0xff,
    0x82,0x48,0xff,0x82,0x48,0xff,0x66,0xc1,0xff,0x66,0xc1,0xff,
    0x66,0xc1,0xff,0x66,0xc1,0xff,0x66,0xc1,0xff,0x66,0xc1,0xff,
    0x82,0x48,0xff,0x82,0x48,0xff,0x82,0x48,0xff,0xa2,0x58,0xff,
    0xa2,0x58,0xff,0xa2,0x58,0xff,0xa2,0x58,0xff,0x82,0x48,0xff,
    0x82,0x48,0xff,0x82,0x48,0xff,0x66,0xc1,0xff,0x66,0xc1,0xff,
    0x66,0xc1,0xff,0x66,0xc1,0xff,0x66,0xc1,0xff,0x66,0xc1,0xff,
    0x82,0x48,0xff,0x82,0x48,0xff,0x82,0x48,0xff,0x00,0x00,0x00,
    0x00,0x00,0x00,0x82,0x48,0xff,0x82,0x48,0xff,0x66,0xc1,0xff,
    0x66,0xc1,0xff,0x66,0xc1,0xff,0x66,0xc1,0xff,0x66,0xc1,0xff,
    0x66,0xc1,0xff,0x66,0xc1,0xff,0x66,0xc1,0xff,0x66,0xc1,0xff,
    0x82,0x48,0xff,0x82,0x48,0xff,0x82,0x48,0xff,0x82,0x48,0xff,
    0x82,0x48,0xff,0x82,0x48,0xff,0x66,0xc1,0xff,0x66,0xc1,0xff,
    0x66,0xc1,0xff,0x66,0xc1,0xff,0x66,0xc1,0xff,0x66,0xc1,0xff,
    0x66,0xc1,0xff,0x66,0xc1,0xff,0x66,0xc1,0xff,0x82,0x48,0xff,
    0x82,0x48,0xff,0x00,0x00,0x00,0x00,0x00,0x00,0x82,0x48,0xff,
    0x82,0x48,0xff,0x66,0xc1,0xff,0x66,0xc1,0xff,0x66,0xc1,0xff,
    0x66,0xc1,0xff,0x66,0xc1,0xff,0x66,0xc1,0xff,0x66,0xc1,0xff,
    0x66,0xc1,0xff,0x66,0xc1,0xff,0x66,0xc1,0xff,0x66,0xc1,0xff,
    0x66,0xc1,0xff,0x66,0xc1,0xff,0x66,0xc1,0xff,0x66,0xc1,0xff,
    0x66,0xc1,0xff,0x66,0xc1,0xff,0x66,0xc1,0xff,0x66,0xc1,0xff,
    0x66,0xc1,0xff,0x66,0xc1,0xff,0x66,0xc1,0xff,0x66,0xc1,0xff,
    0x66,0xc1,0xff,0x82,0x48,0xff,0x82,0x48,0xff,0x00,0x00,0x00,
    0x82,0x48,0xff,0x82,0x48,0xff,0x82,0x48,0xff,0x66,0xc1,0xff,
    0x66,0xc1,0xff,0x66,0xc1,0xff,0x66,0xc1,0xff,0x66,0xc1,0xff,
    0x66,0xc1,0xff,0x66,0xc1,0xff,0x66,0xc1,0xff,0x66,0xc1,0xff,
    0x66,0xc1,0xff,0x66,0xc1,0xff,0x66,0xc1,0xff,0x66,0xc1,0xff,
    0x66,0xc1,0xff,0x66,0xc1,0xff,0x66,0xc1,0xff,0x66,0xc1,0xff,
    0x66,0xc1,0xff,0x66,0xc1,0xff,0x66,0xc1,0xff,0x66,0xc1,0xff,
    0x66,0xc1,0xff,0x66,0xc1,0xff,0x66,0xc1,0xff,0x82,0x48,0xff,
    0x82,0x48,0xff,0x82,0x48,0xff,0x82,0x48,0xff,0x04,0x89,0xff,
    0x82,0x48,0xff,0x66,0xc1,0xff,0x66,0xc1,0xff,0x66,0xc1,0xff,
    0x66,0xc1,0xff,0x66,0xc1,0xff,0x66,0xc1,0xff,0x66,0xc1,0xff,
    0x66,0xc1,0xff,0x66,0xc1,0xff,0x66,0xc1,0xff,0x66,0xc1,0xff,
    0x66,0xc1,0xff,0x66,0xc1,0xff,0x66,0xc1,0xff,0x66,0xc1,0xff,
    0x66,0xc1,0xff,0x66,0xc1,0xff,0x66,0xc1,0xff,0x66,0xc1,0xff,
    0x66,0xc1,0xff,0x66,0xc1,0xff,0x66,0xc1,0xff,0x66,0xc1,0xff,
    0x66,0xc1,0xff,0x82,0x48,0xff,0x04,0x89,0xff,0x82,0x48,0xff,
    0x82,0x48,0xff,0x04,0x89,0xff,0x82,0x48,0xff,0x66,0xc1,0xff,
    0x66,0xc1,0xff,0x66,0xc1,0xff,0x66,0xc1,0xff,0x66,0xc1,0xff,
    0x66,0xc1,0xff,0x66,0xc1,0xff,0x66,0xc1,0xff,0x82,0x48,0xff,
    0x82,0x48,0xff,0x82,0x48,0xff,0x82,0x48,0xff,0x82,0x48,0xff,
    0x82,0x48,0xff,0x82,0x48,0xff,0x82,0x48,0xff,0x66,0xc1,0xff,
    0x66,0xc1,0xff,0x66,0xc1,0xff,0x66,0xc1,0xff,0x66,0xc1,0xff,
    0x66,0xc1,0xff,0x66,0xc1,0xff,0x66,0xc1,0xff,0x82,0x48,0xff,
    0x04,0x89,0xff,0x82,0x48,0xff,0x82,0x48,0xff,0x04,0x89,0xff,
    0x82,0x48,0xff,0x66,0xc1,0xff,0x66,0xc1,0xff,0x66,0xc1,0xff,
    0x66,0xc1,0xff,0x66,0xc1,0xff,0x66,0xc1,0xff,0x66,0xc1,0xff,
    0x66,0xc1,0xff,0x82,0x48,0xff,0xa2,0x58,0xff,0xa2,0x58,0xff,
    0xa2,0x58,0xff,0xa2,0x58,0xff,0xa2,0x58,0xff,0xa2,0x58,0xff,
    0x82,0x48,0xff,0x66,0xc1,0xff,0x66,0xc1,0xff,0x66,0xc1,0xff,
    0x66,0xc1,0xff,0x66,0xc1,0xff,0x66,0xc1,0xff,0x66,0xc1,0xff,
    0x66,0xc1,0xff,0x82,0x48,0xff,0x04,0x89,0xff,0x82,0x48,0xff,
    0x82,0x48,0xff,0x82,0x48,0xff,0x82,0x48,0xff,0x66,0xc1,0xff,
    0x66,0xc1,0xff,0x66,0xc1,0xff,0x66,0xc1,0xff,0x66,0xc1,0xff,
    0x66,0xc1,0xff,0x66,0xc1,0xff,0x82,0x48,0xff,0x82,0x48,0xff,
    0xa2,0x58,0xff,0xa2,0x58,0xff,0xa2,0x58,0xff,0xa2,0x58,0xff,
    0xa2,0x58,0xff,0xa2,0x58,0xff,0x82,0x48,0xff,0x82,0x48,0xff,
    0x66,0xc1,0xff,0x66,0xc1,0xff,0x66,0xc1,0xff,0x66,0xc1,0xff,
    0x66,0xc1,0xff,0x66,0xc1,0xff,0x66,0xc1,0xff,0x82,0x48,0xff,
    0x82,0x48,0xff,0x82,0x48,0xff,0x00,0x00,0x00,0x82,0x48,0xff,
    0x82,0x48,0xff,0x82,0x48,0xff,0x66,0xc1,0xff,0x66,0xc1,0xff,
    0x66,0xc1,0xff,0x66,0xc1,0xff,0x66,0xc1,0xff,0x66,0xc1,0xff,
    0x82,0x48,0xff,0x82,0x48,0xff,0xa2,0x58,0xff,0xa2,0x58,0xff,
    0xa2,0x58,0xff,0xa2,0x58,0xff,0xa2,0x58,0xff,0xa2,0x58,0xff,
    0x82,0x48,0xff,0x82,0x48,0xff,0x66,0xc1,0xff,0x66,0xc1,0xff,
    0x66,0xc1,0xff,0x66,0xc1,0xff,0x66,0xc1,0xff,0x66,0xc1,0xff,
    0x82,0x48,0xff,0x82,0x48,0xff,0x82,0x48,0xff,0x00,0x00,0x00,
    0x00,0x00,0x00,0x82,0x48,0xff,0x82,0x48,0xff,0x82,0x48,0xff,
    0x82,0x48,0xff,0x82,0x48,0xff,0x66,0xc1,0xff,0x66,0xc1,0xff,
    0x66,0xc1,0xff,0x66,0xc1,0xff,0x82,0x48,0xff,0x82,0x48,0xff,
    0xa2,0x58,0xff,0xa2,0x58,0xff,0xa2,0x58,0xff,0xa2,0x58,0xff,
    0xa2,0x58,0xff,0xa2,0x58,0xff,0x82,0x48,0xff,0x82,0x48,0xff,
    0x66,0xc1,0xff,0x66,0xc1,0xff,0x66,0xc1,0xff,0x66,0xc1,0xff,
    0x82,0x48,0xff,0x82,0x48,0xff,0x82,0x48,0xff,0x82,0x48,0xff,
    0x82,0x48,0xff,0x00,0x00,0x00,0x00,0x00,0x00,0x00,0x00,0x00,
    0x00,0x00,0x00,0x82,0x48,0xff,0x82,0x48,0xff,0x82,0x48,0xff,
    0x82,0x48,0xff,0x82,0x48,0xff,0x82,0x48,0xff,0x82,0x48,0xff,
    0x82,0x48,0xff,0x82,0x48,0xff,0x82,0x48,0xff,0x82,0x48,0xff,
    0x82,0x48,0xff,0x82,0x48,0xff,0x82,0x48,0xff,0x82,0x48,0xff,
    0x82,0x48,0xff,0x82,0x48,0xff,0x82,0x48,0xff,0x82,0x48,0xff,
    0x82,0x48,0xff,0x82,0x48,0xff,0x82,0x48,0xff,0x82,0x48,0xff,
    0x82,0x48,0xff,0x00,0x00,0x00,0x00,0x00,0x00,0x00,0x00,0x00,
    0x00,0x00,0x00,0x00,0x00,0x00,0x00,0x00,0x00,0x00,0x00,0x00,
    0x00,0x00,0x00,0x00,0x00,0x00,0x00,0x00,0x00,0x82,0x48,0xff,
    0x82,0x48,0xff,0x82,0x48,0xff,0x00,0x00,0x00,0x00,0x00,0x00,
    0x00,0x00,0x00,0x00,0x00,0x00,0x82,0x48,0xff,0x82,0x48,0xff,
    0x00,0x00,0x00,0x00,0x00,0x00,0x00,0x00,0x00,0x00,0x00,0x00,
    0x82,0x48,0xff,0x82,0x48,0xff,0x82,0x48,0xff,0x00,0x00,0x00,
    0x00,0x00,0x00,0x00,0x00,0x00,0x00,0x00,0x00,0x00,0x00,0x00,
    0x00,0x00,0x00,0x00,0x00,0x00
};
const lv_img_dsc_t sb_head_20 = {
  .header.cf = LV_IMG_CF_TRUE_COLOR_ALPHA,
  .header.always_zero = 0,
  .header.reserved = 0,
  .header.w = 30,
  .header.h = 55,
  .data_size = 4950,
  .data = sb_head_20_map,
};
static const LV_ATTRIBUTE_MEM_ALIGN LV_ATTRIBUTE_LARGE_CONST uint8_t sb_head_21_map[] = {
    0x00,0x00,0x00,0x00,0x00,0x00,0x00,0x00,0x00,0x00,0x00,0x00,
    0x00,0x00,0x00,0x00,0x00,0x00,0x00,0x00,0x00,0x00,0x00,0x00,
    0x00,0x00,0x00,0x82,0x48,0xff,0x82,0x48,0xff,0x82,0x48,0xff,
    0x82,0x48,0xff,0x82,0x48,0xff,0x82,0x48,0xff,0x82,0x48,0xff,
    0x82,0x48,0xff,0x82,0x48,0xff,0x82,0x48,0xff,0x82,0x48,0xff,
    0x82,0x48,0xff,0x82,0x48,0xff,0x00,0x00,0x00,0x00,0x00,0x00,
    0x00,0x00,0x00,0x00,0x00,0x00,0x00,0x00,0x00,0x00,0x00,0x00,
    0x00,0x00,0x00,0x00,0x00,0x00,0x00,0x00,0x00,0x00,0x00,0x00,
    0x00,0x00,0x00,0x00,0x00,0x00,0x00,0x00,0x00,0x00,0x00,0x00,
    0x00,0x00,0x00,0x00,0x00,0x00,0x00,0x00,0x00,0x82,0x48,0xff,
    0x82,0x48,0xff,0x04,0x89,0xff,0x04,0x89,0xff,0x82,0x48,0xff,
    0x82,0x48,0xff,0x82,0x48,0xff,0x82,0x48,0xff,0x82,0x48,0xff,
    0x82,0x48,0xff,0x82,0x48,0xff,0x04,0x89,0xff,0x04,0x89,0xff,
    0x82,0x48,0xff,0x82,0x48,0xff,0x00,0x00,0x00,0x00,0x00,0x00,
    0x00,0x00,0x00,0x00,0x00,0x00,0x00,0x00,0x00,0x00,0x00,0x00,
    0x00,0x00,0x00,0x00,0x00,0x00,0x00,0x00,0x00,0x00,0x00,0x00,
    0x00,0x00,0x00,0x00,0x00,0x00,0x00,0x00,0x00,0x00,0x00,0x00,
    0x82,0x48,0xff,0x82,0x48,0xff,0x82,0x48,0xff,0x82,0x48,0xff,
    0x82,0x48,0xff,0x82,0x48,0xff,0x82,0x48,0xff,0x66,0xc1,0xff,
    0x66,0xc1,0xff,0x66,0xc1,0xff,0x66,0xc1,0xff,0x66,0xc1,0xff,
    0x82,0x48,0xff,0x82,0x48,0xff,0x82,0x48,0xff,0x82,0x48,0xff,
    0x82,0x48,0xff,0x82,0x48,0xff,0x82,0x48,0xff,0x00,0x00,0x00,
    0x00,0x00,0x00,0x00,0x00,0x00,0x00,0x00,0x00,0x00,0x00,0x00,
    0x00,0x00,0x00,0x00,0x00,0x00,0x00,0x00,0x00,0x00,0x00,0x00,
    0x00,0x00,0x00,0x00,0x00,0x00,0x82,0x48,0xff,0x82,0x48,0xff,
    0x82,0x48,0xff,0x82,0x48,0xff,0x82,0x48,0xff,0x66,0xc1,0xff,
    0x66,0xc1,0xff,0x66,0xc1,0xff,0x66,0xc1,0xff,0x66,0xc1,0xff,
    0x66,0xc1,0xff,0x66,0xc1,0xff,0x66,0xc1,0xff,0x66,0xc1,0xff,
    0x66,0xc1,0xff,0x66,0xc1,0xff,0x82,0x48,0xff,0x82,0x48,0xff,
    0x82,0x48,0xff,0x82,0x48,0xff,0x82,0x48,0xff,0x00,0x00,0x00,
    0x00,0x00,0x00,0x00,0x00,0x00,0x00,0x00,0x00,0x00,0x00,0x00,
    0x00,0x00,0x00,0x00,0x00,0x00,0x00,0x00,0x00,0x00,0x00,0x00,
    0x82,0x48,0xff,0x82,0x48,0xff,0x82,0x48,0xff,0x82,0x48,0xff,
    0x66,0xc1,0xff,0x66,0xc1,0xff,0x66,0xc1,0xff,0x82,0x48,0xff,
    0x82,0x48,0xff,0x82,0x48,0xff,0x82,0x48,0xff,0x82,0x48,0xff,
    0x82,0x48,0xff,0x82,0x48,0xff,0x82,0x48,0xff,0x82,0x48,0xff,
    0x66,0xc1,0xff,0x66,0xc1,0xff,0x66,0xc1,0xff,0x82,0x48,0xff,
    0x82,0x48,0xff,0x82,0x48,0xff,0x82,0x48,0xff,0x00,0x00,0x00,
    0x00,0x00,0x00,0x00,0x00,0x00,0x00,0x00,0x00,0x00,0x00,0x00,
    0x00,0x00,0x00,0x00,0x00,0x00,0x82,0x48,0xff,0x82,0x48,0xff,
    0x82,0x48,0xff,0x82,0x48,0xff,0x66,0xc1,0xff,0x66,0xc1,0xff,
    0x66,0xc1,0xff,0x82,0x48,0xff,0x82,0x48,0xff,0xa2,0x58,0xff,
    0xa2,0x58,0xff,0xa2,0x58,0xff,0xa2,0x58,0xff,0xa2,0x58,0xff,
    0xa2,0x58,0xff,0xa2,0x58,0xff,0x82,0x48,0xff,0x82,0x48,0xff,
    0x66,0xc1,0xff,0x66,0xc1,0xff,0x66,0xc1,0xff,0x82,0x48,0xff,
    0x82,0x48,0xff,0x82,0x48,0xff,0x82,0x48,0xff,0x00,0x00,0x00,
    0x00,0x00,0x00,0x00,0x00,0x00,0x00,0x00,0x00,0x00,0x00,0x00,
    0x82,0x48,0xff,0x82,0x48,0xff,0x82,0x48,0xff,0x82,0x48,0xff,
    0x66,0xc1,0xff,0x66,0xc1,0xff,0x66,0xc1,0xff,0x82,0x48,0xff,
    0x82,0x48,0xff,0xa2,0x58,0xff,0xa2,0x58,0xff,0xa2,0x58,0xff,
    0xa2,0x58,0xff,0xa2,0x58,0xff,0xa2,0x58,0xff,0xa2,0x58,0xff,
    0xa2,0x58,0xff,0xa2,0x58,0xff,0x82,0x48,0xff,0x82,0x48,0xff,
    0x66,0xc1,0xff,0x66,0xc1,0xff,0x66,0xc1,0xff,0x82,0x48,0xff,
    0x82,0x48,0xff,0x82,0x48,0xff,0x82,0x48,0xff,0x00,0x00,0x00,
    0x00,0x00,0x00,0x00,0x00,0x00,0x82,0x48,0xff,0x82,0x48,0xff,
    0x82,0x48,0xff,0x82,0x48,0xff,0x66,0xc1,0xff,0x66,0xc1,0xff,
    0x66,0xc1,0xff,0x66,0xc1,0xff,0x82,0x48,0xff,0xa2,0x58,0xff,
    0xa2,0x58,0xff,0xa2,0x58,0xff,0xa2,0x58,0xff,0xa2,0x58,0xff,
    0xa2,0x58,0xff,0xa2,0x58,0xff,0xa2,0x58,0xff,0xa2,0x58,0xff,
    0xa2,0x58,0xff,0xa2,0x58,0xff,0x82,0x48,0xff,0x66,0xc1,0xff,
    0x66,0xc1,0xff,0x66,0xc1,0xff,0x66,0xc1,0xff,0x82,0x48,0xff,
    0x82,0x48,0xff,0x82,0x48,0xff,0x82,0x48,0xff,0x00,0x00,0x00,
    0x82,0x48,0xff,0x82,0x48,0xff,0x04,0x89,0xff,0x82,0x48,0xff,
    0x66,0xc1,0xff,0x66,0xc1,0xff,0x66,0xc1,0xff,0x66,0xc1,0xff,
    0x82,0x48,0xff,0x82,0x48,0xff,0xa2,0x58,0xff,0xa2,0x58,0xff,
    0xa2,0x58,0xff,0xa2,0x58,0xff,0xa2,0x58,0xff,0xa2,0x58,0xff,
    0xa2,0x58,0xff,0xa2,0x58,0xff,0xa2,0x58,0xff,0xa2,0x58,0xff,
    0xa2,0x58,0xff,0x82,0x48,0xff,0x82,0x48,0xff,0x66,0xc1,0xff,
    0x66,0xc1,0xff,0x66,0xc1,0xff,0x66,0xc1,0xff,0x82,0x48,0xff,
    0x04,0x89,0xff,0x82,0x48,0xff,0x82,0x48,0xff,0x82,0x48,0xff,
    0x04,0x89,0xff,0x04,0x89,0xff,0x82,0x48,0xff,0x66,0xc1,0xff,
    0x66,0xc1,0xff,0x66,0xc1,0xff,0x82,0x48,0xff,0x82,0x48,0xff,
    0xa2,0x58,0xff,0xa2,0x58,0xff,0xa2,0x58,0xff,0xa2,0x58,0xff,
    0xa2,0x58,0xff,0xa2,0x58,0xff,0xa2,0x58,0xff,0xa2,0x58,0xff,
    0xa2,0x58,0xff,0xa2,0x58,0xff,0xa2,0x58,0xff,0xa2,0x58,0xff,
    0xa2,0x58,0xff,0x82,0x48,0xff,0x82,0x48,0xff,0x66,0xc1,0xff,
    0x66,0xc1,0xff,0x66,0xc1,0xff,0x82,0x48,0xff,0x04,0x89,0xff,
    0x04,0x89,0xff,0x82,0x48,0xff,0x82,0x48,0xff,0x04,0x89,0xff,
    0x04,0x89,0xff,0x82,0x48,0xff,0x66,0xc1,0xff,0x66,0xc1,0xff,
    0x66,0xc1,0xff,0x82,0x48,0xff,0xa2,0x58,0xff,0xa2,0x58,0xff,
    0xa2,0x58,0xff,0xa2,0x58,0xff,0xa2,0x58,0xff,0xa2,0x58,0xff,
    0xa2,0x58,0xff,0xa2,0x58,0xff,0xa2,0x58,0xff,0xa2,0x58,0xff,
    0xa2,0x58,0xff,0xa2,0x58,0xff,0xa2,0x58,0xff,0xa2,0x58,0xff,
    0xa2,0x58,0xff,0x82,0x48,0xff,0x66,0xc1,0xff,0x66,0xc1,0xff,
    0x66,0xc1,0xff,0x82,0x48,0xff,0x04,0x89,0xff,0x04,0x89,0xff,
    0x82,0x48,0xff,0x82,0x48,0xff,0x04,0x89,0xff,0x04,0x89,0xff,
    0x82,0x48,0xff,0x66,0xc1,0xff,0x66,0xc1,0xff,0x82,0x48,0xff,
    0x82,0x48,0xff,0xa2,0x58,0xff,0xa2,0x58,0xff,0xa2,0x58,0xff,
    0xa2,0x58,0xff,0xa2,0x58,0xff,0xa2,0x58,0xff,0xa2,0x58,0xff,
    0xa2,0x58,0xff,0xa2,0x58,0xff,0xa2,0x58,0xff,0xa2,0x58,0xff,
    0xa2,0x58,0xff,0xa2,0x58,0xff,0xa2,0x58,0xff,0xa2,0x58,0xff,
    0x82,0x48,0xff,0x82,0x48,0xff,0x66,0xc1,0xff,0x66,0xc1,0xff,
    0x82,0x48,0xff,0x04,0x89,0xff,0x04,0x89,0xff,0x82,0x48,0xff,
    0x82,0x48,0xff,0x04,0x89,0xff,0x04,0x89,0xff,0x82,0x48,0xff,
    0x66,0xc1,0xff,0x66,0xc1,0xff,0x82,0x48,0xff,0xa2,0x58,0xff,
    0xa2,0x58,0xff,0xa2,0x58,0xff,0xa2,0x58,0xff,0xa2,0x58,0xff,
    0xa2,0x58,0xff,0xa2,0x58,0xff,0xa2,0x58,0xff,0xa2,0x58,0xff,
    0xa2,0x58,0xff,0xa2,0x58,0xff,0xa2,0x58,0xff,0xa2,0x58,0xff,
    0xa2,0x58,0xff,0xa2,0x58,0xff,0xa2,0x58,0xff,0xa2,0x58,0xff,
    0x82,0x48,0xff,0x66,0xc1,0xff,0x66,0xc1,0xff,0x82,0x48,0xff,
    0x04,0x89,0xff,0x04,0x89,0xff,0x82,0x48,0xff,0x82,0x48,0xff,
    0x04,0x89,0xff,0x04,0x89,0xff,0x82,0x48,0xff,0x66,0xc1,0xff,
    0x66,0xc1,0xff,0x82,0x48,0xff,0xa2,0x58,0xff,0xa2,0x58,0xff,
    0xa2,0x58,0xff,0xa2,0x58,0xff,0xa2,0x58,0xff,0xa2,0x58,0xff,
    0xa2,0x58,0xff,0xa2,0x58,0xff,0xa2,0x58,0xff,0xa2,0x58,0xff,
    0xa2,0x58,0xff,0xa2,0x58,0xff,0xa2,0x58,0xff,0xa2,0x58,0xff,
    0xa2,0x58,0xff,0xa2,0x58,0xff,0xa2,0x58,0xff,0x82,0x48,0xff,
    0x66,0xc1,0xff,0x66,0xc1,0xff,0x82,0x48,0xff,0x04,0x89,0xff,
    0x04,0x89,0xff,0x82,0x48,0xff,0x82,0x48,0xff,0x04,0x89,0xff,
    0x04,0x89,0xff,0x82,0x48,0xff,0x66,0xc1,0xff,0x66,0xc1,0xff,
    0x82,0x48,0xff,0x82,0x48,0xff,0xa2,0x58,0xff,0xa2,0x58,0xff,
    0xa2,0x58,0xff,0xa2,0x58,0xff,0xa2,0x58,0xff,0xa2,0x58,0xff,
    0xa2,0x58,0xff,0xa2,0x58,0xff,0xa2,0x58,0xff,0xa2,0x58,0xff,
    0xa2,0x58,0xff,0xa2,0x58,0xff,0xa2,0x58,0xff,0xa2,0x58,0xff,
    0xa2,0x58,0xff,0x82,0x48,0xff,0x82,0x48,0xff,0x66,0xc1,0xff,
    0x66,0xc1,0xff,0x82,0x48,0xff,0x04,0x89,0xff,0x04,0x89,0xff,
    0x82,0x48,0xff,0x82,0x48,0xff,0x04,0x89,0xff,0x04,0x89,0xff,
    0x82,0x48,0xff,0x66,0xc1,0xff,0x66,0xc1,0xff,0x66,0xc1,0xff,
    0x82,0x48,0xff,0xa2,0x58,0xff,0xa2,0x58,0xff,0xa2,0x58,0xff,
    0xa2,0x58,0xff,0xa2,0x58,0xff,0xa2,0x58,0xff,0xa2,0x58,0xff,
    0xa2,0x58,0xff,0xa2,0x58,0xff,0xa2,0x58,0xff,0xa2,0x58,0xff,
    0xa2,0x58,0xff,0xa2,0x58,0xff,0xa2,0x58,0xff,0xa2,0x58,0xff,
    0x82,0x48,0xff,0x66,0xc1,0xff,0x66,0xc1,0xff,0x66,0xc1,0xff,
    0x82,0x48,0xff,0x04,0x89,0xff,0x04,0x89,0xff,0x82,0x48,0xff,
    0x82,0x48,0xff,0x04,0x89,0xff,0x04,0x89,0xff,0x82,0x48,0xff,
    0x66,0xc1,0xff,0x66,0xc1,0xff,0x66,0xc1,0xff,0x82,0x48,0xff,
    0x82,0x48,0xff,0xa2,0x58,0xff,0xa2,0x58,0xff,0xa2,0x58,0xff,
    0xa2,0x58,0xff,0xa2,0x58,0xff,0xa2,0x58,0xff,0xa2,0x58,0xff,
    0xa2,0x58,0xff,0xa2,0x58,0xff,0xa2,0x58,0xff,0xa2,0x58,0xff,
    0xa2,0x58,0xff,0xa2,0x58,0xff,0x82,0x48,0xff,0x82,0x48,0xff,
    0x66,0xc1,0xff,0x66,0xc1,0xff,0x66,0xc1,0xff,0x82,0x48,0xff,
    0x04,0x89,0xff,0x04,0x89,0xff,0x82,0x48,0xff,0x82,0x48,0xff,
    0x82,0x48,0xff,0x04,0x89,0xff,0x82,0x48,0xff,0x66,0xc1,0xff,
    0x66,0xc1,0xff,0x66,0xc1,0xff,0x66,0xc1,0xff,0x82,0x48,0xff,
    0x82,0x48,0xff,0xa2,0x58,0xff,0xa2,0x58,0xff,0xa2,0x58,0xff,
    0xa2,0x58,0xff,0xa2,0x58,0xff,0xa2,0x58,0xff,0xa2,0x58,0xff,
    0xa2,0x58,0xff,0xa2,0x58,0xff,0xa2,0x58,0xff,0xa2,0x58,0xff,
    0x82,0x48,0xff,0x82,0x48,0xff,0x66,0xc1,0xff,0x66,0xc1,0xff,
    0x66,0xc1,0xff,0x66,0xc1,0xff,0x82,0x48,0xff,0x04,0x89,0xff,
    0x82,0x48,0xff,0x82,0x48,0xff,0x00,0x00,0x00,0x82,0x48,0xff,
    0x04,0x89,0xff,0x82,0x48,0xff,0x66,0xc1,0xff,0x66,0xc1,0xff,
    0x66,0xc1,0xff,0x66,0xc1,0xff,0x66,0xc1,0xff,0x82,0x48,0xff,
    0xa2,0x58,0xff,0xa2,0x58,0xff,0xa2,0x58,0xff,0xa2,0x58,0xff,
    0xa2,0x58,0xff,0xa2,0x58,0xff,0xa2,0x58,0xff,0xa2,0x58,0xff,
    0xa2,0x58,0xff,0xa2,0x58,0xff,0xa2,0x58,0xff,0x82,0x48,0xff,
    0x66,0xc1,0xff,0x66,0xc1,0xff,0x66,0xc1,0xff,0x66,0xc1,0xff,
    0x66,0xc1,0xff,0x82,0x48,0xff,0x04,0x89,0xff,0x82,0x48,0xff,
    0x00,0x00,0x00,0x00,0x00,0x00,0x82,0x48,0xff,0x04,0x89,0xff,
    0x82,0x48,0xff,0x66,0xc1,0xff,0x66,0xc1,0xff,0x66,0xc1,0xff,
    0x66,0xc1,0xff,0x66,0xc1,0xff,0x82,0x48,0xff,0x82,0x48,0xff,
    0xa2,0x58,0xff,0xa2,0x58,0xff,0xa2,0x58,0xff,0xa2,0x58,0xff,
    0xa2,0x58,0xff,0xa2,0x58,0xff,0xa2,0x58,0xff,0xa2,0x58,0xff,
    0xa2,0x58,0xff,0x82,0x48,0xff,0x82,0x48,0xff,0x66,0xc1,0xff,
    0x66,0xc1,0xff,0x66,0xc1,0xff,0x66,0xc1,0xff,0x66,0xc1,0xff,
    0x82,0x48,0xff,0x04,0x89,0xff,0x82,0x48,0xff,0x00,0x00,0x00,
    0x00,0x00,0x00,0x82,0x48,0xff,0x04,0x89,0xff,0x82,0x48,0xff,
    0x66,0xc1,0xff,0x66,0xc1,0xff,0x66,0xc1,0xff,0x66,0xc1,0xff,
    0x66,0xc1,0xff,0x66,0xc1,0xff,0x82,0x48,0xff,0x82,0x48,0xff,
    0xa2,0x58,0xff,0xa2,0x58,0xff,0xa2,0x58,0xff,0xa2,0x58,0xff,
    0xa2,0x58,0xff,0xa2,0x58,0xff,0xa2,0x58,0xff,0x82,0x48,0xff,
    0x82,0x48,0xff,0x66,0xc1,0xff,0x66,0xc1,0xff,0x66,0xc1,0xff,
    0x66,0xc1,0xff,0x66,0xc1,0xff,0x66,0xc1,0xff,0x82,0x48,0xff,
    0x04,0x89,0xff,0x82,0x48,0xff,0x00,0x00,0x00,0x00,0x00,0x00,
    0x82,0x48,0xff,0x04,0x89,0xff,0x82,0x48,0xff,0x66,0xc1,0xff,
    0x66,0xc1,0xff,0x66,0xc1,0xff,0x66,0xc1,0xff,0x66,0xc1,0xff,
    0x66,0xc1,0xff,0x66,0xc1,0xff,0x82,0x48,0xff,0x82,0x48,0xff,
    0x82,0x48,0xff,0x82,0x48,0xff,0x82,0x48,0xff,0x82,0x48,0xff,
    0x82,0x48,0xff,0x82,0x48,0xff,0x82,0x48,0xff,0x66,0xc1,0xff,
    0x66,0xc1,0xff,0x66,0xc1,0xff,0x66,0xc1,0xff,0x66,0xc1,0xff,
    0x66,0xc1,0xff,0x66,0xc1,0xff,0x82,0x48,0xff,0x04,0x89,0xff,
    0x82,0x48,0xff,0x00,0x00,0x00,0x00,0x00,0x00,0x82,0x48,0xff,
    0x04,0x89,0xff,0x82,0x48,0xff,0x66,0xc1,0xff,0x66,0xc1,0xff,
    0x66,0xc1,0xff,0x66,0xc1,0xff,0x66,0xc1,0xff,0x66,0xc1,0xff,
    0x66,0xc1,0xff,0x66,0xc1,0xff,0x66,0xc1,0xff,0x66,0xc1,0xff,
    0x66,0xc1,0xff,0x66,0xc1,0xff,0x66,0xc1,0xff,0x66,0xc1,0xff,
    0x66,0xc1,0xff,0x66,0xc1,0xff,0x66,0xc1,0xff,0x66,0xc1,0xff,
    0x66,0xc1,0xff,0x66,0xc1,0xff,0x66,0xc1,0xff,0x66,0xc1,0xff,
    0x66,0xc1,0xff,0x82,0x48,0xff,0x04,0x89,0xff,0x82,0x48,0xff,
    0x00,0x00,0x00,0x00,0x00,0x00,0x82,0x48,0xff,0x82,0x48,0xff,
    0x82,0x48,0xff,0x66,0xc1,0xff,0x66,0xc1,0xff,0x66,0xc1,0xff,
    0x66,0xc1,0xff,0x66,0xc1,0xff,0x66,0xc1,0xff,0x66,0xc1,0xff,
    0x66,0xc1,0xff,0x66,0xc1,0xff,0x82,0x48,0xff,0x82,0x48,0xff,
    0x66,0xc1,0xff,0x82,0x48,0xff,0x82,0x48,0xff,0x66,0xc1,0xff,
    0x66,0xc1,0xff,0x66,0xc1,0xff,0x66,0xc1,0xff,0x66,0xc1,0xff,
    0x66,0xc1,0xff,0x66,0xc1,0xff,0x66,0xc1,0xff,0x66,0xc1,0xff,
    0x82,0x48,0xff,0x82,0x48,0xff,0x82,0x48,0xff,0x00,0x00,0x00,
    0x00,0x00,0x00,0x00,0x00,0x00,0x82,0x48,0xff,0x82,0x48,0xff,
    0x66,0xc1,0xff,0x66,0xc1,0xff,0x66,0xc1,0xff,0x66,0xc1,0xff,
    0x66,0xc1,0xff,0x66,0xc1,0xff,0x66,0xc1,0xff,0x66,0xc1,0xff,
    0x66,0xc1,0xff,0x82,0x48,0xff,0x82,0x48,0xff,0x82,0x48,0xff,
    0x82,0x48,0xff,0x66,0xc1,0xff,0x66,0xc1,0xff,0x66,0xc1,0xff,
    0x66,0xc1,0xff,0x66,0xc1,0xff,0x66,0xc1,0xff,0x66,0xc1,0xff,
    0x66,0xc1,0xff,0x66,0xc1,0xff,0x66,0xc1,0xff,0x82,0x48,0xff,
    0x82,0x48,0xff,0x00,0x00,0x00,0x00,0x00,0x00,0x00,0x00,0x00,
    0x00,0x00,0x00,0x82,0x48,0xff,0x82,0x48,0xff,0x66,0xc1,0xff,
    0x66,0xc1,0xff,0x66,0xc1,0xff,0x66,0xc1,0xff,0x66,0xc1,0xff,
    0x66,0xc1,0xff,0x66,0xc1,0xff,0x66,0xc1,0xff,0x82,0x48,0xff,
    0x82,0x48,0xff,0x66,0xc1,0xff,0x82,0x48,0xff,0x82,0x48,0xff,
    0x66,0xc1,0xff,0x66,0xc1,0xff,0x66,0xc1,0xff,0x66,0xc1,0xff,
    0x66,0xc1,0xff,0x66,0xc1,0xff,0x66,0xc1,0xff,0x66,0xc1,0xff,
    0x66,0xc1,0xff,0x66,0xc1,0xff,0x82,0x48,0xff,0x82,0x48,0xff,
    0x00,0x00,0x00,0x00,0x00,0x00,0x00,0x00,0x00,0x00,0x00,0x00,
    0x82,0x48,0xff,0x82,0x48,0xff,0x82,0x48,0xff,0x66,0xc1,0xff,
    0x66,0xc1,0xff,0x66,0xc1,0xff,0x66,0xc1,0xff,0x66,0xc1,0xff,
    0x66,0xc1,0xff,0x66,0xc1,0xff,0x66,0xc1,0xff,0x66,0xc1,0xff,
    0x82,0x48,0xff,0x82,0x48,0xff,0x66,0xc1,0xff,0x82,0x48,0xff,
    0x66,0xc1,0xff,0x66,0xc1,0xff,0x66,0xc1,0xff,0x66,0xc1,0xff,
    0x66,0xc1,0xff,0x66,0xc1,0xff,0x66,0xc1,0xff,0x66,0xc1,0xff,
    0x82,0x48,0xff,0x82,0x48,0xff,0x82,0x48,0xff,0x00,0x00,0x00,
    0x00,0x00,0x00,0x00,0x00,0x00,0x00,0x00,0x00,0x82,0x48,0xff,
    0x04,0x89,0xff,0x82,0x48,0xff,0x66,0xc1,0xff,0x66,0xc1,0xff,
    0x66,0xc1,0xff,0x66,0xc1,0xff,0x66,0xc1,0xff,0x66,0xc1,0xff,
    0x66,0xc1,0xff,0x66,0xc1,0xff,0x82,0x48,0xff,0x82,0x48,0xff,
    0x66,0xc1,0xff,0x82,0x48,0xff,0x82,0x48,0xff,0x66,0xc1,0xff,
    0x66,0xc1,0xff,0x66,0xc1,0xff,0x66,0xc1,0xff,0x66,0xc1,0xff,
    0x66,0xc1,0xff,0x66,0xc1,0xff,0x66,0xc1,0xff,0x82,0x48,0xff,
    0x04,0x89,0xff,0x82,0x48,0xff,0x00,0x00,0x00,0x00,0x00,0x00,
    0x00,0x00,0x00,0x00,0x00,0x00,0x82,0x48,0xff,0x04,0x89,0xff,
    0x82,0x48,0xff,0x66,0xc1,0xff,0x66,0xc1,0xff,0x66,0xc1,0xff,
    0x66,0xc1,0xff,0x66,0xc1,0xff,0x66,0xc1,0xff,0x66,0xc1,0xff,
    0x66,0xc1,0xff,0x82,0x48,0xff,0x82,0x48,0xff,0x82,0x48,0xff,
    0x82,0x48,0xff,0x66,0xc1,0xff,0x66,0xc1,0xff,0x66,0xc1,0xff,
    0x66,0xc1,0xff,0x66,0xc1,0xff,0x66,0xc1,0xff,0x66,0xc1,0xff,
    0x66,0xc1,0xff,0x66,0xc1,0xff,0x82,0x48,0xff,0x04,0x89,0xff,
    0x82,0x48,0xff,0x00,0x00,0x00,0x00,0x00,0x00,0x00,0x00,0x00,
    0x00,0x00,0x00,0x82,0x48,0xff,0x82,0x48,0xff,0x82,0x48,0xff,
    0x66,0xc1,0xff,0x66,0xc1,0xff,0x66,0xc1,0xff,0x66,0xc1,0xff,
    0x66,0xc1,0xff,0x66,0xc1,0xff,0x66,0xc1,0xff,0x66,0xc1,0xff,
    0x66,0xc1,0xff,0x66,0xc1,0xff,0x66,0xc1,0xff,0x66,0xc1,0xff,
    0x66,0xc1,0xff,0x66,0xc1,0xff,0x66,0xc1,0xff,0x66,0xc1,0xff,
    0x66,0xc1,0xff,0x66,0xc1,0xff,0x66,0xc1,0xff,0x66,0xc1,0xff,
    0x66,0xc1,0xff,0x82,0x48,0xff,0x82,0x48,0xff,0x82,0x48,0xff,
    0x00,0x00,0x00,0x00,0x00,0x00,0x00,0x00,0x00,0x00,0x00,0x00,
    0x00,0x00,0x00,0x82,0x48,0xff,0x82,0x48,0xff,0x66,0xc1,0xff,
    0x66,0xc1,0xff,0x66,0xc1,0xff,0x66,0xc1,0xff,0x66,0xc1,0xff,
    0x66,0xc1,0xff,0x66,0xc1,0xff,0x66,0xc1,0xff,0x82,0x48,0xff,
    0x82,0x48,0xff,0x82,0x48,0xff,0x82,0x48,0xff,0x82,0x48,0xff,
    0x66,0xc1,0xff,0x66,0xc1,0xff,0x66,0xc1,0xff,0x66,0xc1,0xff,
    0x66,0xc1,0xff,0x66,0xc1,0xff,0x66,0xc1,0xff,0x66,0xc1,0xff,
    0x82,0x48,0xff,0x82,0x48,0xff,0x00,0x00,0x00,0x00,0x00,0x00,
    0x00,0x00,0x00,0x00,0x00,0x00,0x00,0x00,0x00,0x00,0x00,0x00,
    0x82,0x48,0xff,0x82,0x48,0xff,0x66,0xc1,0xff,0x66,0xc1,0xff,
    0x66,0xc1,0xff,0x66,0xc1,0xff,0x66,0xc1,0xff,0x66,0xc1,0xff,
    0x82,0x48,0xff,0x82,0x48,0xff,0x82,0x48,0xff,0xa2,0x58,0xff,
    0xa2,0x58,0xff,0xa2,0x58,0xff,0x82,0x48,0xff,0x82,0x48,0xff,
    0x82,0x48,0xff,0x66,0xc1,0xff,0x66,0xc1,0xff,0x66,0xc1,0xff,
    0x66,0xc1,0xff,0x66,0xc1,0xff,0x66,0xc1,0xff,0x82,0x48,0xff,
    0x82,0x48,0xff,0x00,0x00,0x00,0x00,0x00,0x00,0x00,0x00,0x00,
    0x00,0x00,0x00,0x00,0x00,0x00,0x82,0x48,0xff,0x82,0x48,0xff,
    0x82,0x48,0xff,0x66,0xc1,0xff,0x66,0xc1,0xff,0x66,0xc1,0xff,
    0x66,0xc1,0xff,0x66,0xc1,0xff,0x82,0x48,0xff,0x82,0x48,0xff,
    0xa2,0x58,0xff,0xa2,0x58,0xff,0xa2,0x58,0xff,0xa2,0x58,0xff,
    0xa2,0x58,0xff,0xa2,0x58,0xff,0xa2,0x58,0xff,0x82,0x48,0xff,
    0x82,0x48,0xff,0x66,0xc1,0xff,0x66,0xc1,0xff,0x66,0xc1,0xff,
    0x66,0xc1,0xff,0x66,0xc1,0xff,0x82,0x48,0xff,0x82,0x48,0xff,
    0x82,0x48,0xff,0x00,0x00,0x00,0x00,0x00,0x00,0x00,0x00,0x00,
    0x00,0x00,0x00,0x82,0x48,0xff,0x04,0x89,0xff,0x82,0x48,0xff,
    0x66,0xc1,0xff,0x66,0xc1,0xff,0x66,0xc1,0xff,0x66,0xc1,0xff,
    0x82,0x48,0xff,0x82,0x48,0xff,0xa2,0x58,0xff,0xa2,0x58,0xff,
    0xa2,0x58,0xff,0xa2,0x58,0xff,0xa2,0x58,0xff,0xa2,0x58,0xff,
    0xa2,0x58,0xff,0xa2,0x58,0xff,0xa2,0x58,0xff,0x82,0x48,0xff,
    0x82,0x48,0xff,0x66,0xc1,0xff,0x66,0xc1,0xff,0x66,0xc1,0xff,
    0x66,0xc1,0xff,0x82,0x48,0xff,0x04,0x89,0xff,0x82,0x48,0xff,
    0x00,0x00,0x00,0x00,0x00,0x00,0x00,0x00,0x00,0x00,0x00,0x00,
    0x82,0x48,0xff,0x04,0x89,0xff,0x82,0x48,0xff,0x66,0xc1,0xff,
    0x66,0xc1,0xff,0x66,0xc1,0xff,0x82,0x48,0xff,0x82,0x48,0xff,
    0xa2,0x58,0xff,0xa2,0x58,0xff,0xa2,0x58,0xff,0xa2,0x58,0xff,
    0xa2,0x58,0xff,0xa2,0x58,0xff,0xa2,0x58,0xff,0xa2,0x58,0xff,
    0xa2,0x58,0xff,0xa2,0x58,0xff,0xa2,0x58,0xff,0x82,0x48,0xff,
    0x82,0x48,0xff,0x66,0xc1,0xff,0x66,0xc1,0xff,0x66,0xc1,0xff,
    0x82,0x48,0xff,0x04,0x89,0xff,0x82,0x48,0xff,0x00,0x00,0x00,
    0x00,0x00,0x00,0x00,0x00,0x00,0x00,0x00,0x00,0x82,0x48,0xff,
    0x04,0x89,0xff,0x82,0x48,0xff,0x66,0xc1,0xff,0x66,0xc1,0xff,
    0x66,0xc1,0xff,0x82,0x48,0xff,0xa2,0x58,0xff,0xa2,0x58,0xff,
    0xa2,0x58,0xff,0xa2,0x58,0xff,0xa2,0x58,0xff,0xa2,0x58,0xff,
    0xa2,0x58,0xff,0xa2,0x58,0xff,0xa2,0x58,0xff,0xa2,0x58,0xff,
    0xa2,0x58,0xff,0xa2,0x58,0xff,0xa2,0x58,0xff,0x82,0x48,0xff,
    0x66,0xc1,0xff,0x66,0xc1,0xff,0x66,0xc1,0xff,0x82,0x48,0xff,
    0x04,0x89,0xff,0x82,0x48,0xff,0x00,0x00,0x00,0x00,0x00,0x00,
    0x00,0x00,0x00,0x00,0x00,0x00,0x82,0x48,0xff,0x04,0x89,0xff,
    0x82,0x48,0xff,0x66,0xc1,0xff,0x66,0xc1,0xff,0x82,0x48,0xff,
    0x82,0x48,0xff,0xa2,0x58,0xff,0xa2,0x58,0xff,0xa2,0x58,0xff,
    0xa2,0x58,0xff,0xa2,0x58,0xff,0xa2,0x58,0xff,0xa2,0x58,0xff,
    0xa2,0x58,0xff,0xa2,0x58,0xff,0xa2,0x58,0xff,0xa2,0x58,0xff,
    0xa2,0x58,0xff,0xa2,0x58,0xff,0x82,0x48,0xff,0x82,0x48,0xff,
    0x66,0xc1,0xff,0x66,0xc1,0xff,0x82,0x48,0xff,0x04,0x89,0xff,
    0x82,0x48,0xff,0x00,0x00,0x00,0x00,0x00,0x00,0x00,0x00,0x00,
    0x00,0x00,0x00,0x82,0x48,0xff,0x04,0x89,0xff,0x82,0x48,0xff,
    0x66,0xc1,0xff,0x66,0xc1,0xff,0x82,0x48,0xff,0xa2,0x58,0xff,
    0xa2,0x58,0xff,0xa2,0x58,0xff,0xa2,0x58,0xff,0xa2,0x58,0xff,
    0xa2,0x58,0xff,0xa2,0x58,0xff,0xa2,0x58,0xff,0xa2,0x58,0xff,
    0xa2,0x58,0xff,0xa2,0x58,0xff,0xa2,0x58,0xff,0xa2,0x58,0xff,
    0xa2,0x58,0xff,0xa2,0x58,0xff,0x82,0x48,0xff,0x66,0xc1,0xff,
    0x66,0xc1,0xff,0x82,0x48,0xff,0x04,0x89,0xff,0x82,0x48,0xff,
    0x00,0x00,0x00,0x00,0x00,0x00,0x00,0x00,0x00,0x00,0x00,0x00,
    0x82,0x48,0xff,0x82,0x48,0xff,0x82,0x48,0xff,0x66,0xc1,0xff,
    0x66,0xc1,0xff,0x82,0x48,0xff,0xa2,0x58,0xff,0xa2,0x58,0xff,
    0xa2,0x58,0xff,0xa2,0x58,0xff,0xa2,0x58,0xff,0xa2,0x58,0xff,
    0xa2,0x58,0xff,0xa2,0x58,0xff,0xa2,0x58,0xff,0xa2,0x58,0xff,
    0xa2,0x58,0xff,0xa2,0x58,0xff,0xa2,0x58,0xff,0xa2,0x58,0xff,
    0xa2,0x58,0xff,0x82,0x48,0xff,0x66,0xc1,0xff,0x66,0xc1,0xff,
    0x82,0x48,0xff,0x82,0x48,0xff,0x82,0x48,0xff,0x00,0x00,0x00,
    0x00,0x00,0x00,0x00,0x00,0x00,0x00,0x00,0x00,0x82,0x48,0xff,
    0x82,0x48,0xff,0x66,0xc1,0xff,0x66,0xc1,0xff,0x66,0xc1,0xff,
    0x82,0x48,0xff,0xa2,0x58,0xff,0xa2,0x58,0xff,0xa2,0x58,0xff,
    0xa2,0x58,0xff,0xa2,0x58,0xff,0xa2,0x58,0xff,0xa2,0x58,0xff,
    0xa2,0x58,0xff,0xa2,0x58,0xff,0xa2,0x58,0xff,0xa2,0x58,0xff,
    0xa2,0x58,0xff,0xa2,0x58,0xff,0xa2,0x58,0xff,0xa2,0x58,0xff,
    0x82,0x48,0xff,0x66,0xc1,0xff,0x66,0xc1,0xff,0x66,0xc1,0xff,
    0x82,0x48,0xff,0x82,0x48,0xff,0x00,0x00,0x00,0x00,0x00,0x00,
    0x00,0x00,0x00,0x00,0x00,0x00,0x82,0x48,0xff,0x82,0x48,0xff,
    0x66,0xc1,0xff,0x66,0xc1,0xff,0x66,0xc1,0xff,0x82,0x48,0xff,
    0x82,0x48,0xff,0xa2,0x58,0xff,0xa2,0x58,0xff,0xa2,0x58,0xff,
    0xa2,0x58,0xff,0xa2,0x58,0xff,0xa2,0x58,0xff,0xa2,0x58,0xff,
    0xa2,0x58,0xff,0xa2,0x58,0xff,0xa2,0x58,0xff,0xa2,0x58,0xff,
    0xa2,0x58,0xff,0xa2,0x58,0xff,0x82,0x48,0xff,0x82,0x48,0xff,
    0x66,0xc1,0xff,0x66,0xc1,0xff,0x66,0xc1,0xff,0x82,0x48,0xff,
    0x82,0x48,0xff,0x00,0x00,0x00,0x00,0x00,0x00,0x00,0x00,0x00,
    0x00,0x00,0x00,0x82,0x48,0xff,0x82,0x48,0xff,0x66,0xc1,0xff,
    0x66,0xc1,0xff,0x66,0xc1,0xff,0x66,0xc1,0xff,0x82,0x48,0xff,
    0xa2,0x58,0xff,0xa2,0x58,0xff,0xa2,0x58,0xff,0xa2,0x58,0xff,
    0xa2,0x58,0xff,0xa2,0x58,0xff,0xa2,0x58,0xff,0xa2,0x58,0xff,
    0xa2,0x58,0xff,0xa2,0x58,0xff,0xa2,0x58,0xff,0xa2,0x58,0xff,
    0xa2,0x58,0xff,0x82,0x48,0xff,0x66,0xc1,0xff,0x66,0xc1,0xff,
    0x66,0xc1,0xff,0x66,0xc1,0xff,0x82,0x48,0xff,0x82,0x48,0xff,
    0x00,0x00,0x00,0x00,0x00,0x00,0x00,0x00,0x00,0x00,0x00,0x00,
    0x82,0x48,0xff,0x82,0x48,0xff,0x66,0xc1,0xff,0x66,0xc1,0xff,
    0x66,0xc1,0xff,0x66,0xc1,0xff,0x82,0x48,0xff,0x82,0x48,0xff,
    0xa2,0x58,0xff,0xa2,0x58,0xff,0xa2,0x58,0xff,0xa2,0x58,0xff,
    0xa2,0x58,0xff,0xa2,0x58,0xff,0xa2,0x58,0xff,0xa2,0x58,0xff,
    0xa2,0x58,0xff,0xa2,0x58,0xff,0xa2,0x58,0xff,0x82,0x48,0xff,
    0x82,0x48,0xff,0x66,0xc1,0xff,0x66,0xc1,0xff,0x66,0xc1,0xff,
    0x66,0xc1,0xff,0x82,0x48,0xff,0x82,0x48,0xff,0x00,0x00,0x00,
    0x00,0x00,0x00,0x00,0x00,0x00,0x00,0x00,0x00,0x82,0x48,0xff,
    0x82,0x48,0xff,0x66,0xc1,0xff,0x66,0xc1,0xff,0x66,0xc1,0xff,
    0x66,0xc1,0xff,0x66,0xc1,0xff,0x82,0x48,0xff,0x82,0x48,0xff,
    0xa2,0x58,0xff,0xa2,0x58,0xff,0xa2,0x58,0xff,0xa2,0x58,0xff,
    0xa2,0x58,0xff,0xa2,0x58,0xff,0xa2,0x58,0xff,0xa2,0x58,0xff,
    0xa2,0x58,0xff,0x82,0x48,0xff,0x82,0x48,0xff,0x66,0xc1,0xff,
    0x66,0xc1,0xff,0x66,0xc1,0xff,0x66,0xc1,0xff,0x66,0xc1,0xff,
    0x82,0x48,0xff,0x82,0x48,0xff,0x00,0x00,0x00,0x00,0x00,0x00,
    0x00,0x00,0x00,0x82,0x48,0xff,0x82,0x48,0xff,0x82,0x48,0xff,
    0x66,0xc1,0xff,0x66,0xc1,0xff,0x66,0xc1,0xff,0x66,0xc1,0xff,
    0x66,0xc1,0xff,0x66,0xc1,0xff,0x82,0x48,0xff,0x82,0x48,0xff,
    0xa2,0x58,0xff,0xa2,0x58,0xff,0xa2,0x58,0xff,0xa2,0x58,0xff,
    0xa2,0x58,0xff,0xa2,0x58,0xff,0xa2,0x58,0xff,0x82,0x48,0xff,
    0x82,0x48,0xff,0x66,0xc1,0xff,0x66,0xc1,0xff,0x66,0xc1,0xff,
    0x66,0xc1,0xff,0x66,0xc1,0xff,0x66,0xc1,0xff,0x82,0x48,0xff,
    0x82,0x48,0xff,0x82,0x48,0xff,0x00,0x00,0x00,0x00,0x00,0x00,
    0x82,0x48,0xff,0x82,0x48,0xff,0x82,0x48,0xff,0x66,0xc1,0xff,
    0x66,0xc1,0xff,0x66,0xc1,0xff,0x66,0xc1,0xff,0x66,0xc1,0xff,
    0x66,0xc1,0xff,0x66,0xc1,0xff,0x82,0x48,0xff,0x82,0x48,0xff,
    0x82,0x48,0xff,0x82,0x48,0xff,0xa2,0x58,0xff,0x82,0x48,0xff,
    0x82,0x48,0xff,0x82,0x48,0xff,0x82,0x48,0xff,0x66,0xc1,0xff,
    0x66,0xc1,0xff,0x66,0xc1,0xff,0x66,0xc1,0xff,0x66,0xc1,0xff,
    0x66,0xc1,0xff,0x66,0xc1,0xff,0x82,0x48,0xff,0x82,0x48,0xff,
    0x82,0x48,0xff,0x00,0x00,0x00,0x00,0x00,0x00,0x82,0x48,0xff,
    0x82,0x48,0xff,0x66,0xc1,0xff,0x66,0xc1,0xff,0x66,0xc1,0xff,
    0x66,0xc1,0xff,0x66,0xc1,0xff,0x66,0xc1,0xff,0x66,0xc1,0xff,
    0x66,0xc1,0xff,0x66,0xc1,0xff,0x66,0xc1,0xff,0x66,0xc1,0xff,
    0x82,0x48,0xff,0x82,0x48,0xff,0x82,0x48,0xff,0x66,0xc1,0xff,
    0x66,0xc1,0xff,0x66,0xc1,0xff,0x66,0xc1,0xff,0x66,0xc1,0xff,
    0x66,0xc1,0xff,0x66,0xc1,0xff,0x66,0xc1,0xff,0x66,0xc1,0xff,
    0x66,0xc1,0xff,0x66,0xc1,0xff,0x82,0x48,0xff,0x82,0x48,0xff,
    0x00,0x00,0x00,0x00,0x00,0x00,0x82,0x48,0xff,0x82,0x48,0xff,
    0x66,0xc1,0xff,0x66,0xc1,0xff,0x66,0xc1,0xff,0x66,0xc1,0xff,
    0x66,0xc1,0xff,0x66,0xc1,0xff,0x66,0xc1,0xff,0x66,0xc1,0xff,
    0x66,0xc1,0xff,0x66,0xc1,0xff,0x66,0xc1,0xff,0x66,0xc1,0xff,
    0x66,0xc1,0xff,0x66,0xc1,0xff,0x66,0xc1,0xff,0x66,0xc1,0xff,
    0x66,0xc1,0xff,0x66,0xc1,0xff,0x66,0xc1,0xff,0x66,0xc1,0xff,
    0x66,0xc1,0xff,0x66,0xc1,0xff,0x66,0xc1,0xff,0x66,0xc1,0xff,
    0x66,0xc1,0xff,0x82,0x48,0xff,0x82,0x48,0xff,0x00,0x00,0x00,
    0x82,0x48,0xff,0x82,0x48,0xff,0x82,0x48,0xff,0x66,0xc1,0xff,
    0x66,0xc1,0xff,0x66,0xc1,0xff,0x66,0xc1,0xff,0x66,0xc1,0xff,
    0x66,0xc1,0xff,0x66,0xc1,0xff,0x66,0xc1,0xff,0x66,0xc1,0xff,
    0x66,0xc1,0xff,0x66,0xc1,0xff,0x66,0xc1,0xff,0x66,0xc1,0xff,
    0x66,0xc1,0xff,0x66,0xc1,0xff,0x66,0xc1,0xff,0x66,0xc1,0xff,
    0x66,0xc1,0xff,0x66,0xc1,0xff,0x66,0xc1,0xff,0x66,0xc1,0xff,
    0x66,0xc1,0xff,0x66,0xc1,0xff,0x66,0xc1,0xff,0x66,0xc1,0xff,
    0x82,0x48,0xff,0x82,0x48,0xff,0x82,0x48,0xff,0x82,0x48,0xff,
    0x04,0x89,0xff,0x82,0x48,0xff,0x66,0xc1,0xff,0x66,0xc1,0xff,
    0x66,0xc1,0xff,0x66,0xc1,0xff,0x66,0xc1,0xff,0x66,0xc1,0xff,
    0x66,0xc1,0xff,0x66,0xc1,0xff,0x82,0x48,0xff,0x82,0x48,0xff,
    0x82,0x48,0xff,0x82,0x48,0xff,0x82,0x48,0xff,0x82,0x48,0xff,
    0x82,0x48,0xff,0x82,0x48,0xff,0x82,0x48,0xff,0x66,0xc1,0xff,
    0x66,0xc1,0xff,0x66,0xc1,0xff,0x66,0xc1,0xff,0x66,0xc1,0xff,
    0x66,0xc1,0xff,0x66,0xc1,0xff,0x66,0xc1,0xff,0x82,0x48,0xff,
    0x04,0x89,0xff,0x82,0x48,0xff,0x82,0x48,0xff,0x04,0x89,0xff,
    0x82,0x48,0xff,0x66,0xc1,0xff,0x66,0xc1,0xff,0x66,0xc1,0xff,
    0x66,0xc1,0xff,0x66,0xc1,0xff,0x66,0xc1,0xff,0x66,0xc1,0xff,
    0x66,0xc1,0xff,0x82,0x48,0xff,0xa2,0x58,0xff,0xa2,0x58,0xff,
    0xa2,0x58,0xff,0xa2,0x58,0xff,0xa2,0x58,0xff,0xa2,0x58,0xff,
    0xa2,0x58,0xff,0x82,0x48,0xff,0x66,0xc1,0xff,0x66,0xc1,0xff,
    0x66,0xc1,0xff,0x66,0xc1,0xff,0x66,0xc1,0xff,0x66,0xc1,0xff,
    0x66,0xc1,0xff,0x66,0xc1,0xff,0x82,0x48,0xff,0x04,0x89,0xff,
    0x82,0x48,0xff,0x82,0x48,0xff,0x82,0x48,0xff,0x82,0x48,0xff,
    0x66,0xc1,0xff,0x66,0xc1,0xff,0x66,0xc1,0xff,0x66,0xc1,0xff,
    0x66,0xc1,0xff,0x66,0xc1,0xff,0x66,0xc1,0xff,0x66,0xc1,0xff,
    0x82,0x48,0xff,0xa2,0x58,0xff,0xa2,0x58,0xff,0xa2,0x58,0xff,
    0xa2,0x58,0xff,0xa2,0x58,0xff,0xa2,0x58,0xff,0xa2,0x58,0xff,
    0x82,0x48,0xff,0x66,0xc1,0xff,0x66,0xc1,0xff,0x66,0xc1,0xff,
    0x66,0xc1,0xff,0x66,0xc1,0xff,0x66,0xc1,0xff,0x66,0xc1,0xff,
    0x66,0xc1,0xff,0x82,0x48,0xff,0x82,0x48,0xff,0x82,0x48,0xff,
    0x00,0x00,0x00,0x82,0x48,0xff,0x82,0x48,0xff,0x82,0x48,0xff,
    0x66,0xc1,0xff,0x66,0xc1,0xff,0x66,0xc1,0xff,0x66,0xc1,0xff,
    0x66,0xc1,0xff,0x66,0xc1,0xff,0x82,0x48,0xff,0x82,0x48,0xff,
    0xa2,0x58,0xff,0xa2,0x58,0xff,0xa2,0x58,0xff,0xa2,0x58,0xff,
    0xa2,0x58,0xff,0xa2,0x58,0xff,0xa2,0x58,0xff,0x82,0x48,0xff,
    0x82,0x48,0xff,0x66,0xc1,0xff,0x66,0xc1,0xff,0x66,0xc1,0xff,
    0x66,0xc1,0xff,0x66,0xc1,0xff,0x66,0xc1,0xff,0x82,0x48,0xff,
    0x82,0x48,0xff,0x82,0x48,0xff,0x00,0x00,0x00,0x00,0x00,0x00,
    0x82,0x48,0xff,0x04,0x89,0xff,0x82,0x48,0xff,0x82,0x48,0xff,
    0x66,0xc1,0xff,0x66,0xc1,0xff,0x66,0xc1,0xff,0x66,0xc1,0xff,
    0x66,0xc1,0xff,0x82,0x48,0xff,0x82,0x48,0xff,0xa2,0x58,0xff,
    0xa2,0x58,0xff,0xa2,0x58,0xff,0xa2,0x58,0xff,0xa2,0x58,0xff,
    0xa2,0x58,0xff,0xa2,0x58,0xff,0x82,0x48,0xff,0x82,0x48,0xff,
    0x66,0xc1,0xff,0x66,0xc1,0xff,0x66,0xc1,0xff,0x66,0xc1,0xff,
    0x66,0xc1,0xff,0x82,0x48,0xff,0x82,0x48,0xff,0x04,0x89,0xff,
    0x82,0x48,0xff,0x00,0x00,0x00,0x00,0x00,0x00,0x82,0x48,0xff,
    0x82,0x48,0xff,0x82,0x48,0xff,0x82,0x48,0xff,0x82,0x48,0xff,
    0x82,0x48,0xff,0x66,0xc1,0xff,0x66,0xc1,0xff,0x66,0xc1,0xff,
    0x82,0x48,0xff,0x82,0x48,0xff,0xa2,0x58,0xff,0xa2,0x58,0xff,
    0xa2,0x58,0xff,0xa2,0x58,0xff,0xa2,0x58,0xff,0xa2,0x58,0xff,
    0xa2,0x58,0xff,0x82,0x48,0xff,0x82,0x48,0xff,0x66,0xc1,0xff,
    0x66,0xc1,0xff,0x66,0xc1,0xff,0x82,0x48,0xff,0x82,0x48,0xff,
    0x82,0x48,0xff,0x82,0x48,0xff,0x82,0x48,0xff,0x82,0x48,0xff,
    0x00,0x00,0x00,0x00,0x00,0x00,0x00,0x00,0x00,0x00,0x00,0x00,
    0x00,0x00,0x00,0x00,0x00,0x00,0x82,0x48,0xff,0x82,0x48,0xff,
    0x82,0x48,0xff,0x82,0x48,0xff,0x82,0x48,0xff,0x82,0x48,0xff,
    0x82,0x48,0xff,0x82,0x48,0xff,0x82,0x48,0xff,0x82,0x48,0xff,
    0x82,0x48,0xff,0x82,0x48,0xff,0x82,0x48,0xff,0x82,0x48,0xff,
    0x82,0x48,0xff,0x82,0x48,0xff,0x82,0x48,0xff,0x82,0x48,0xff,
    0x82,0x48,0xff,0x82,0x48,0xff,0x82,0x48,0xff,0x00,0x00,0x00,
    0x00,0x00,0x00,0x00,0x00,0x00,0x00,0x00,0x00,0x00,0x00,0x00,
    0x00,0x00,0x00,0x00,0x00,0x00,0x00,0x00,0x00,0x00,0x00,0x00,
    0x00,0x00,0x00,0x00,0x00,0x00,0x00,0x00,0x00,0x00,0x00,0x00,
    0x00,0x00,0x00,0x00,0x00,0x00,0x00,0x00,0x00,0x00,0x00,0x00,
    0x00,0x00,0x00,0x00,0x00,0x00,0x82,0x48,0xff,0x82,0x48,0xff,
    0x82,0x48,0xff,0x00,0x00,0x00,0x00,0x00,0x00,0x00,0x00,0x00,
    0x00,0x00,0x00,0x00,0x00,0x00,0x00,0x00,0x00,0x00,0x00,0x00,
    0x00,0x00,0x00,0x00,0x00,0x00,0x00,0x00,0x00,0x00,0x00,0x00,
    0x00,0x00,0x00,0x00,0x00,0x00,0x00,0x00,0x00
};
const lv_img_dsc_t sb_head_21 = {
  .header.cf = LV_IMG_CF_TRUE_COLOR_ALPHA,
  .header.always_zero = 0,
  .header.reserved = 0,
  .header.w = 31,
  .header.h = 57,
  .data_size = 5301,
  .data = sb_head_21_map,
};
static const LV_ATTRIBUTE_MEM_ALIGN LV_ATTRIBUTE_LARGE_CONST uint8_t sb_head_22_map[] = {
    0x00,0x00,0x00,0x00,0x00,0x00,0x00,0x00,0x00,0x00,0x00,0x00,
    0x00,0x00,0x00,0x00,0x00,0x00,0x00,0x00,0x00,0x00,0x00,0x00,
    0x00,0x00,0x00,0x82,0x48,0xff,0x82,0x48,0xff,0x82,0x48,0xff,
    0x82,0x48,0xff,0x82,0x48,0xff,0x82,0x48,0xff,0x82,0x48,0xff,
    0x82,0x48,0xff,0x82,0x48,0xff,0x82,0x48,0xff,0x82,0x48,0xff,
    0x82,0x48,0xff,0x82,0x48,0xff,0x00,0x00,0x00,0x00,0x00,0x00,
    0x00,0x00,0x00,0x00,0x00,0x00,0x00,0x00,0x00,0x00,0x00,0x00,
    0x00,0x00,0x00,0x00,0x00,0x00,0x00,0x00,0x00,0x00,0x00,0x00,
    0x00,0x00,0x00,0x00,0x00,0x00,0x00,0x00,0x00,0x00,0x00,0x00,
    0x00,0x00,0x00,0x00,0x00,0x00,0x00,0x00,0x00,0x82,0x48,0xff,
    0x82,0x48,0xff,0x04,0x89,0xff,0x04,0x89,0xff,0x82,0x48,0xff,
    0x82,0x48,0xff,0x82,0x48,0xff,0x82,0x48,0xff,0x82,0x48,0xff,
    0x82,0x48,0xff,0x82,0x48,0xff,0x04,0x89,0xff,0x04,0x89,0xff,
    0x82,0x48,0xff,0x82,0x48,0xff,0x00,0x00,0x00,0x00,0x00,0x00,
    0x00,0x00,0x00,0x00,0x00,0x00,0x00,0x00,0x00,0x00,0x00,0x00,
    0x00,0x00,0x00,0x00,0x00,0x00,0x00,0x00,0x00,0x00,0x00,0x00,
    0x00,0x00,0x00,0x00,0x00,0x00,0x00,0x00,0x00,0x00,0x00,0x00,
    0x00,0x00,0x00,0x82,0x48,0xff,0x82,0x48,0xff,0x82,0x48,0xff,
    0x82,0x48,0xff,0x82,0x48,0xff,0x82,0x48,0xff,0x66,0xc1,0xff,
    0x66,0xc1,0xff,0x66,0xc1,0xff,0x66,0xc1,0xff,0x66,0xc1,0xff,
    0x82,0x48,0xff,0x82,0x48,0xff,0x82,0x48,0xff,0x82,0x48,0xff,
    0x82,0x48,0xff,0x82,0x48,0xff,0x00,0x00,0x00,0x00,0x00,0x00,
    0x00,0x00,0x00,0x00,0x00,0x00,0x00,0x00,0x00,0x00,0x00,0x00,
    0x00,0x00,0x00,0x00,0x00,0x00,0x00,0x00,0x00,0x00,0x00,0x00,
    0x00,0x00,0x00,0x00,0x00,0x00,0x82,0x48,0xff,0x82,0x48,0xff,
    0x82,0x48,0xff,0x82,0x48,0xff,0x82,0x48,0xff,0x66,0xc1,0xff,
    0x66,0xc1,0xff,0x66,0xc1,0xff,0x66,0xc1,0xff,0x66,0xc1,0xff,
    0x66,0xc1,0xff,0x66,0xc1,0xff,0x66,0xc1,0xff,0x66,0xc1,0xff,
    0x66,0xc1,0xff,0x66,0xc1,0xff,0x82,0x48,0xff,0x82,0x48,0xff,
    0x82,0x48,0xff,0x82,0x48,0xff,0x82,0x48,0xff,0x00,0x00,0x00,
    0x00,0x00,0x00,0x00,0x00,0x00,0x00,0x00,0x00,0x00,0x00,0x00,
    0x00,0x00,0x00,0x00,0x00,0x00,0x00,0x00,0x00,0x00,0x00,0x00,
    0x82,0x48,0xff,0x82,0x48,0xff,0x82,0x48,0xff,0x82,0x48,0xff,
    0x66,0xc1,0xff,0x66,0xc1,0xff,0x66,0xc1,0xff,0x82,0x48,0xff,
    0x82,0x48,0xff,0x82,0x48,0xff,0x82,0x48,0xff,0x82,0x48,0xff,
    0x82,0x48,0xff,0x82,0x48,0xff,0x82,0x48,0xff,0x82,0x48,0xff,
    0x66,0xc1,0xff,0x66,0xc1,0xff,0x66,0xc1,0xff,0x82,0x48,0xff,
    0x82,0x48,0xff,0x82,0x48,0xff,0x82,0x48,0xff,0x00,0x00,0x00,
    0x00,0x00,0x00,0x00,0x00,0x00,0x00,0x00,0x00,0x00,0x00,0x00,
    0x00,0x00,0x00,0x00,0x00,0x00,0x82,0x48,0xff,0x82,0x48,0xff,
    0x82,0x48,0xff,0x82,0x48,0xff,0x66,0xc1,0xff,0x66,0xc1,0xff,
    0x66,0xc1,0xff,0x82,0x48,0xff,0x82,0x48,0xff,0xa2,0x58,0xff,
    0xa2,0x58,0xff,0xa2,0x58,0xff,0xa2,0x58,0xff,0xa2,0x58,0xff,
    0xa2,0x58,0xff,0xa2,0x58,0xff,0x82,0x48,0xff,0x82,0x48,0xff,
    0x66,0xc1,0xff,0x66,0xc1,0xff,0x66,0xc1,0xff,0x82,0x48,0xff,
    0x82,0x48,0xff,0x82,0x48,0xff,0x82,0x48,0xff,0x00,0x00,0x00,
    0x00,0x00,0x00,0x00,0x00,0x00,0x00,0x00,0x00,0x00,0x00,0x00,
    0x82,0x48,0xff,0x82,0x48,0xff,0x82,0x48,0xff,0x82,0x48,0xff,
    0x66,0xc1,0xff,0x66,0xc1,0xff,0x66,0xc1,0xff,0x82,0x48,0xff,
    0x82,0x48,0xff,0xa2,0x58,0xff,0xa2,0x58,0xff,0xa2,0x58,0xff,
    0xa2,0x58,0xff,0xa2,0x58,0xff,0xa2,0x58,0xff,0xa2,0x58,0xff,
    0xa2,0x58,0xff,0xa2,0x58,0xff,0x82,0x48,0xff,0x82,0x48,0xff,
    0x66,0xc1,0xff,0x66,0xc1,0xff,0x66,0xc1,0xff,0x82,0x48,0xff,
    0x82,0x48,0xff,0x82,0x48,0xff,0x82,0x48,0xff,0x00,0x00,0x00,
    0x00,0x00,0x00,0x00,0x00,0x00,0x82,0x48,0xff,0x82,0x48,0xff,
    0x82,0x48,0xff,0x82,0x48,0xff,0x66,0xc1,0xff,0x66,0xc1,0xff,
    0x66,0xc1,0xff,0x66,0xc1,0xff,0x82,0x48,0xff,0xa2,0x58,0xff,
    0xa2,0x58,0xff,0xa2,0x58,0xff,0xa2,0x58,0xff,0xa2,0x58,0xff,
    0xa2,0x58,0xff,0xa2,0x58,0xff,0xa2,0x58,0xff,0xa2,0x58,0xff,
    0xa2,0x58,0xff,0xa2,0x58,0xff,0x82,0x48,0xff,0x66,0xc1,0xff,
    0x66,0xc1,0xff,0x66,0xc1,0xff,0x66,0xc1,0xff,0x82,0x48,0xff,
    0x82,0x48,0xff,0x82,0x48,0xff,0x82,0x48,0xff,0x00,0x00,0x00,
    0x82,0x48,0xff,0x82,0x48,0xff,0x04,0x89,0xff,0x82,0x48,0xff,
    0x66,0xc1,0xff,0x66,0xc1,0xff,0x66,0xc1,0xff,0x66,0xc1,0xff,
    0x82,0x48,0xff,0x82,0x48,0xff,0xa2,0x58,0xff,0xa2,0x58,0xff,
    0xa2,0x58,0xff,0xa2,0x58,0xff,0xa2,0x58,0xff,0xa2,0x58,0xff,
    0xa2,0x58,0xff,0xa2,0x58,0xff,0xa2,0x58,0xff,0xa2,0x58,0xff,
    0xa2,0x58,0xff,0x82,0x48,0xff,0x82,0x48,0xff,0x66,0xc1,0xff,
    0x66,0xc1,0xff,0x66,0xc1,0xff,0x66,0xc1,0xff,0x82,0x48,0xff,
    0x04,0x89,0xff,0x82,0x48,0xff,0x82,0x48,0xff,0x82,0x48,0xff,
    0x04,0x89,0xff,0x04,0x89,0xff,0x82,0x48,0xff,0x66,0xc1,0xff,
    0x66,0xc1,0xff,0x66,0xc1,0xff,0x82,0x48,0xff,0x82,0x48,0xff,
    0xa2,0x58,0xff,0xa2,0x58,0xff,0xa2,0x58,0xff,0xa2,0x58,0xff,
    0xa2,0x58,0xff,0xa2,0x58,0xff,0xa2,0x58,0xff,0xa2,0x58,0xff,
    0xa2,0x58,0xff,0xa2,0x58,0xff,0xa2,0x58,0xff,0xa2,0x58,0xff,
    0xa2,0x58,0xff,0x82,0x48,0xff,0x82,0x48,0xff,0x66,0xc1,0xff,
    0x66,0xc1,0xff,0x66,0xc1,0xff,0x82,0x48,0xff,0x04,0x89,0xff,
    0x04,0x89,0xff,0x82,0x48,0xff,0x82,0x48,0xff,0x04,0x89,0xff,
    0x04,0x89,0xff,0x82,0x48,0xff,0x66,0xc1,0xff,0x66,0xc1,0xff,
    0x66,0xc1,0xff,0x82,0x48,0xff,0xa2,0x58,0xff,0xa2,0x58,0xff,
    0xa2,0x58,0xff,0xa2,0x58,0xff,0xa2,0x58,0xff,0xa2,0x58,0xff,
    0xa2,0x58,0xff,0xa2,0x58,0xff,0xa2,0x58,0xff,0xa2,0x58,0xff,
    0xa2,0x58,0xff,0xa2,0x58,0xff,0xa2,0x58,0xff,0xa2,0x58,0xff,
    0xa2,0x58,0xff,0x82,0x48,0xff,0x66,0xc1,0xff,0x66,0xc1,0xff,
    0x66,0xc1,0xff,0x82,0x48,0xff,0x04,0x89,0xff,0x04,0x89,0xff,
    0x82,0x48,0xff,0x82,0x48,0xff,0x04,0x89,0xff,0x04,0x89,0xff,
    0x82,0x48,0xff,0x66,0xc1,0xff,0x66,0xc1,0xff,0x82,0x48,0xff,
    0x82,0x48,0xff,0xa2,0x58,0xff,0xa2,0x58,0xff,0xa2,0x58,0xff,
    0xa2,0x58,0xff,0xa2,0x58,0xff,0xa2,0x58,0xff,0xa2,0x58,0xff,
    0xa2,0x58,0xff,0xa2,0x58,0xff,0xa2,0x58,0xff,0xa2,0x58,0xff,
    0xa2,0x58,0xff,0xa2,0x58,0xff,0xa2,0x58,0xff,0xa2,0x58,0xff,
    0x82,0x48,0xff,0x82,0x48,0xff,0x66,0xc1,0xff,0x66,0xc1,0xff,
    0x82,0x48,0xff,0x04,0x89,0xff,0x04,0x89,0xff,0x82,0x48,0xff,
    0x82,0x48,0xff,0x04,0x89,0xff,0x04,0x89,0xff,0x82,0x48,0xff,
    0x66,0xc1,0xff,0x66,0xc1,0xff,0x82,0x48,0xff,0xa2,0x58,0xff,
    0xa2,0x58,0xff,0xa2,0x58,0xff,0xa2,0x58,0xff,0xa2,0x58,0xff,
    0xa2,0x58,0xff,0xa2,0x58,0xff,0xa2,0x58,0xff,0xa2,0x58,0xff,
    0xa2,0x58,0xff,0xa2,0x58,0xff,0xa2,0x58,0xff,0xa2,0x58,0xff,
    0xa2,0x58,0xff,0xa2,0x58,0xff,0xa2,0x58,0xff,0xa2,0x58,0xff,
    0x82,0x48,0xff,0x66,0xc1,0xff,0x66,0xc1,0xff,0x82,0x48,0xff,
    0x04,0x89,0xff,0x04,0x89,0xff,0x82,0x48,0xff,0x82,0x48,0xff,
    0x04,0x89,0xff,0x04,0x89,0xff,0x82,0x48,0xff,0x66,0xc1,0xff,
    0x66,0xc1,0xff,0x82,0x48,0xff,0xa2,0x58,0xff,0xa2,0x58,0xff,
    0xa2,0x58,0xff,0xa2,0x58,0xff,0xa2,0x58,0xff,0xa2,0x58,0xff,
    0xa2,0x58,0xff,0xa2,0x58,0xff,0xa2,0x58,0xff,0xa2,0x58,0xff,
    0xa2,0x58,0xff,0xa2,0x58,0xff,0xa2,0x58,0xff,0xa2,0x58,0xff,
    0xa2,0x58,0xff,0xa2,0x58,0xff,0xa2,0x58,0xff,0x82,0x48,0xff,
    0x66,0xc1,0xff,0x66,0xc1,0xff,0x82,0x48,0xff,0x04,0x89,0xff,
    0x04,0x89,0xff,0x82,0x48,0xff,0x82,0x48,0xff,0x04,0x89,0xff,
    0x04,0x89,0xff,0x82,0x48,0xff,0x66,0xc1,0xff,0x66,0xc1,0xff,
    0x82,0x48,0xff,0x82,0x48,0xff,0xa2,0x58,0xff,0xa2,0x58,0xff,
    0xa2,0x58,0xff,0xa2,0x58,0xff,0xa2,0x58,0xff,0xa2,0x58,0xff,
    0xa2,0x58,0xff,0xa2,0x58,0xff,0xa2,0x58,0xff,0xa2,0x58,0xff,
    0xa2,0x58,0xff,0xa2,0x58,0xff,0xa2,0x58,0xff,0xa2,0x58,0xff,
    0xa2,0x58,0xff,0x82,0x48,0xff,0x82,0x48,0xff,0x66,0xc1,0xff,
    0x66,0xc1,0xff,0x82,0x48,0xff,0x04,0x89,0xff,0x04,0x89,0xff,
    0x82,0x48,0xff,0x82,0x48,0xff,0x04,0x89,0xff,0x04,0x89,0xff,
    0x82,0x48,0xff,0x66,0xc1,0xff,0x66,0xc1,0xff,0x66,0xc1,0xff,
    0x82,0x48,0xff,0xa2,0x58,0xff,0xa2,0x58,0xff,0xa2,0x58,0xff,
    0xa2,0x58,0xff,0xa2,0x58,0xff,0xa2,0x58,0xff,0xa2,0x58,0xff,
    0xa2,0x58,0xff,0xa2,0x58,0xff,0xa2,0x58,0xff,0xa2,0x58,0xff,
    0xa2,0x58,0xff,0xa2,0x58,0xff,0xa2,0x58,0xff,0xa2,0x58,0xff,
    0x82,0x48,0xff,0x66,0xc1,0xff,0x66,0xc1,0xff,0x66,0xc1,0xff,
    0x82,0x48,0xff,0x04,0x89,0xff,0x04,0x89,0xff,0x82,0x48,0xff,
    0x82,0x48,0xff,0x04,0x89,0xff,0x04,0x89,0xff,0x82,0x48,0xff,
    0x66,0xc1,0xff,0x66,0xc1,0xff,0x66,0xc1,0xff,0x82,0x48,0xff,
    0x82,0x48,0xff,0xa2,0x58,0xff,0xa2,0x58,0xff,0xa2,0x58,0xff,
    0xa2,0x58,0xff,0xa2,0x58,0xff,0xa2,0x58,0xff,0xa2,0x58,0xff,
    0xa2,0x58,0xff,0xa2,0x58,0xff,0xa2,0x58,0xff,0xa2,0x58,0xff,
    0xa2,0x58,0xff,0xa2,0x58,0xff,0x82,0x48,0xff,0x82,0x48,0xff,
    0x66,0xc1,0xff,0x66,0xc1,0xff,0x66,0xc1,0xff,0x82,0x48,0xff,
    0x04,0x89,0xff,0x04,0x89,0xff,0x82,0x48,0xff,0x82,0x48,0xff,
    0x82,0x48,0xff,0x04,0x89,0xff,0x82,0x48,0xff,0x66,0xc1,0xff,
    0x66,0xc1,0xff,0x66,0xc1,0xff,0x66,0xc1,0xff,0x82,0x48,0xff,
    0xa2,0x58,0xff,0xa2,0x58,0xff,0xa2,0x58,0xff,0xa2,0x58,0xff,
    0xa2,0x58,0xff,0xa2,0x58,0xff,0xa2,0x58,0xff,0xa2,0x58,0xff,
    0xa2,0x58,0xff,0xa2,0x58,0xff,0xa2,0x58,0xff,0xa2,0x58,0xff,
    0xa2,0x58,0xff,0x82,0x48,0xff,0x66,0xc1,0xff,0x66,0xc1,0xff,
    0x66,0xc1,0xff,0x66,0xc1,0xff,0x82,0x48,0xff,0x04,0x89,0xff,
    0x82,0x48,0xff,0x82,0x48,0xff,0x00,0x00,0x00,0x82,0x48,0xff,
    0x04,0x89,0xff,0x82,0x48,0xff,0x66,0xc1,0xff,0x66,0xc1,0xff,
    0x66,0xc1,0xff,0x66,0xc1,0xff,0x82,0x48,0xff,0x82,0x48,0xff,
    0xa2,0x58,0xff,0xa2,0x58,0xff,0xa2,0x58,0xff,0xa2,0x58,0xff,
    0xa2,0x58,0xff,0xa2,0x58,0xff,0xa2,0x58,0xff,0xa2,0x58,0xff,
    0xa2,0x58,0xff,0xa2,0x58,0xff,0xa2,0x58,0xff,0x82,0x48,0xff,
    0x82,0x48,0xff,0x66,0xc1,0xff,0x66,0xc1,0xff,0x66,0xc1,0xff,
    0x66,0xc1,0xff,0x82,0x48,0xff,0x04,0x89,0xff,0x82,0x48,0xff,
    0x00,0x00,0x00,0x00,0x00,0x00,0x82,0x48,0xff,0x04,0x89,0xff,
    0x82,0x48,0xff,0x66,0xc1,0xff,0x66,0xc1,0xff,0x66,0xc1,0xff,
    0x66,0xc1,0xff,0x66,0xc1,0xff,0x82,0x48,0xff,0x82,0x48,0xff,
    0xa2,0x58,0xff,0xa2,0x58,0xff,0xa2,0x58,0xff,0xa2,0x58,0xff,
    0xa2,0x58,0xff,0xa2,0x58,0xff,0xa2,0x58,0xff,0xa2,0x58,0xff,
    0xa2,0x58,0xff,0x82,0x48,0xff,0x82,0x48,0xff,0x66,0xc1,0xff,
    0x66,0xc1,0xff,0x66,0xc1,0xff,0x66,0xc1,0xff,0x66,0xc1,0xff,
    0x82,0x48,0xff,0x04,0x89,0xff,0x82,0x48,0xff,0x00,0x00,0x00,
    0x00,0x00,0x00,0x82,0x48,0xff,0x04,0x89,0xff,0x82,0x48,0xff,
    0x66,0xc1,0xff,0x66,0xc1,0xff,0x66,0xc1,0xff,0x66,0xc1,0xff,
    0x66,0xc1,0xff,0x66,0xc1,0xff,0x82,0x48,0xff,0x82,0x48,0xff,
    0xa2,0x58,0xff,0xa2,0x58,0xff,0xa2,0x58,0xff,0xa2,0x58,0xff,
    0xa2,0x58,0xff,0xa2,0x58,0xff,0xa2,0x58,0xff,0x82,0x48,0xff,
    0x82,0x48,0xff,0x66,0xc1,0xff,0x66,0xc1,0xff,0x66,0xc1,0xff,
    0x66,0xc1,0xff,0x66,0xc1,0xff,0x66,0xc1,0xff,0x82,0x48,0xff,
    0x04,0x89,0xff,0x82,0x48,0xff,0x00,0x00,0x00,0x00,0x00,0x00,
    0x82,0x48,0xff,0x04,0x89,0xff,0x82,0x48,0xff,0x66,0xc1,0xff,
    0x66,0xc1,0xff,0x66,0xc1,0xff,0x66,0xc1,0xff,0x66,0xc1,0xff,
    0x66,0xc1,0xff,0x66,0xc1,0xff,0x82,0x48,0xff,0x82,0x48,0xff,
    0x82,0x48,0xff,0x82,0x48,0xff,0x82,0x48,0xff,0x82,0x48,0xff,
    0x82,0x48,0xff,0x82,0x48,0xff,0x82,0x48,0xff,0x66,0xc1,0xff,
    0x66,0xc1,0xff,0x66,0xc1,0xff,0x66,0xc1,0xff,0x66,0xc1,0xff,
    0x66,0xc1,0xff,0x66,0xc1,0xff,0x82,0x48,0xff,0x04,0x89,0xff,
    0x82,0x48,0xff,0x00,0x00,0x00,0x00,0x00,0x00,0x82,0x48,0xff,
    0x82,0x48,0xff,0x82,0x48,0xff,0x66,0xc1,0xff,0x66,0xc1,0xff,
    0x66,0xc1,0xff,0x66,0xc1,0xff,0x66,0xc1,0xff,0x66,0xc1,0xff,
    0x66,0xc1,0xff,0x66,0xc1,0xff,0x66,0xc1,0xff,0x66,0xc1,0xff,
    0x66,0xc1,0xff,0x66,0xc1,0xff,0x66,0xc1,0xff,0x66,0xc1,0xff,
    0x66,0xc1,0xff,0x66,0xc1,0xff,0x66,0xc1,0xff,0x66,0xc1,0xff,
    0x66,0xc1,0xff,0x66,0xc1,0xff,0x66,0xc1,0xff,0x66,0xc1,0xff,
    0x66,0xc1,0xff,0x82,0x48,0xff,0x82,0x48,0xff,0x82,0x48,0xff,
    0x00,0x00,0x00,0x00,0x00,0x00,0x00,0x00,0x00,0x82,0x48,0xff,
    0x82,0x48,0xff,0x66,0xc1,0xff,0x66,0xc1,0xff,0x66,0xc1,0xff,
    0x66,0xc1,0xff,0x66,0xc1,0xff,0x66,0xc1,0xff,0x66,0xc1,0xff,
    0x66,0xc1,0xff,0x66,0xc1,0xff,0x82,0x48,0xff,0x82,0x48,0xff,
    0x66,0xc1,0xff,0x82,0x48,0xff,0x82,0x48,0xff,0x66,0xc1,0xff,
    0x66,0xc1,0xff,0x66,0xc1,0xff,0x66,0xc1,0xff,0x66,0xc1,0xff,
    0x66,0xc1,0xff,0x66,0xc1,0xff,0x66,0xc1,0xff,0x66,0xc1,0xff,
    0x82,0x48,0xff,0x82,0x48,0xff,0x00,0x00,0x00,0x00,0x00,0x00,
    0x00,0x00,0x00,0x00,0x00,0x00,0x82,0x48,0xff,0x82,0x48,0xff,
    0x66,0xc1,0xff,0x66,0xc1,0xff,0x66,0xc1,0xff,0x66,0xc1,0xff,
    0x66,0xc1,0xff,0x66,0xc1,0xff,0x66,0xc1,0xff,0x66,0xc1,0xff,
    0x66,0xc1,0xff,0x82,0x48,0xff,0x82,0x48,0xff,0x82,0x48,0xff,
    0x82,0x48,0xff,0x66,0xc1,0xff,0x66,0xc1,0xff,0x66,0xc1,0xff,
    0x66,0xc1,0xff,0x66,0xc1,0xff,0x66,0xc1,0xff,0x66,0xc1,0xff,
    0x66,0xc1,0xff,0x66,0xc1,0xff,0x66,0xc1,0xff,0x82,0x48,0xff,
    0x82,0x48,0xff,0x00,0x00,0x00,0x00,0x00,0x00,0x00,0x00,0x00,
    0x00,0x00,0x00,0x82,0x48,0xff,0x82,0x48,0xff,0x66,0xc1,0xff,
    0x66,0xc1,0xff,0x66,0xc1,0xff,0x66,0xc1,0xff,0x66,0xc1,0xff,
    0x66,0xc1,0xff,0x66,0xc1,0xff,0x66,0xc1,0xff,0x82,0x48,0xff,
    0x82,0x48,0xff,0x66,0xc1,0xff,0x82,0x48,0xff,0x82,0x48,0xff,
    0x66,0xc1,0xff,0x66,0xc1,0xff,0x66,0xc1,0xff,0x66,0xc1,0xff,
    0x66,0xc1,0xff,0x66,0xc1,0xff,0x66,0xc1,0xff,0x66,0xc1,0xff,
    0x66,0xc1,0xff,0x66,0xc1,0xff,0x82,0x48,0xff,0x82,0x48,0xff,
    0x00,0x00,0x00,0x00,0x00,0x00,0x00,0x00,0x00,0x00,0x00,0x00,
    0x82,0x48,0xff,0x82,0x48,0xff,0x82,0x48,0xff,0x66,0xc1,0xff,
    0x66,0xc1,0xff,0x66,0xc1,0xff,0x66,0xc1,0xff,0x66,0xc1,0xff,
    0x66,0xc1,0xff,0x66,0xc1,0xff,0x66,0xc1,0xff,0x66,0xc1,0xff,
    0x82,0x48,0xff,0x82,0x48,0xff,0x66,0xc1,0xff,0x82,0x48,0xff,
    0x66,0xc1,0xff,0x66,0xc1,0xff,0x66,0xc1,0xff,0x66,0xc1,0xff,
    0x66,0xc1,0xff,0x66,0xc1,0xff,0x66,0xc1,0xff,0x66,0xc1,0xff,
    0x82,0x48,0xff,0x82,0x48,0xff,0x82,0x48,0xff,0x00,0x00,0x00,
    0x00,0x00,0x00,0x00,0x00,0x00,0x00,0x00,0x00,0x82,0x48,0xff,
    0x04,0x89,0xff,0x82,0x48,0xff,0x66,0xc1,0xff,0x66,0xc1,0xff,
    0x66,0xc1,0xff,0x66,0xc1,0xff,0x66,0xc1,0xff,0x66,0xc1,0xff,
    0x66,0xc1,0xff,0x66,0xc1,0xff,0x66,0xc1,0xff,0x82,0x48,0xff,
    0x82,0x48,0xff,0x82,0x48,0xff,0x82,0x48,0xff,0x66,0xc1,0xff,
    0x66,0xc1,0xff,0x66,0xc1,0xff,0x66,0xc1,0xff,0x66,0xc1,0xff,
    0x66,0xc1,0xff,0x66,0xc1,0xff,0x66,0xc1,0xff,0x82,0x48,0xff,
    0x04,0x89,0xff,0x82,0x48,0xff,0x00,0x00,0x00,0x00,0x00,0x00,
    0x00,0x00,0x00,0x00,0x00,0x00,0x82,0x48,0xff,0x82,0x48,0xff,
    0x82,0x48,0xff,0x66,0xc1,0xff,0x66,0xc1,0xff,0x66,0xc1,0xff,
    0x66,0xc1,0xff,0x66,0xc1,0xff,0x66,0xc1,0xff,0x66,0xc1,0xff,
    0x66,0xc1,0xff,0x82,0x48,0xff,0x82,0x48,0xff,0x82,0x48,0xff,
    0x82,0x48,0xff,0x66,0xc1,0xff,0x66,0xc1,0xff,0x66,0xc1,0xff,
    0x66,0xc1,0xff,0x66,0xc1,0xff,0x66,0xc1,0xff,0x66,0xc1,0xff,
    0x66,0xc1,0xff,0x66,0xc1,0xff,0x82,0x48,0xff,0x82,0x48,0xff,
    0x82,0x48,0xff,0x00,0x00,0x00,0x00,0x00,0x00,0x00,0x00,0x00,
    0x00,0x00,0x00,0x00,0x00,0x00,0x82,0x48,0xff,0x82,0x48,0xff,
    0x66,0xc1,0xff,0x66,0xc1,0xff,0x66,0xc1,0xff,0x66,0xc1,0xff,
    0x66,0xc1,0xff,0x66,0xc1,0xff,0x66,0xc1,0xff,0x66,0xc1,0xff,
    0x66,0xc1,0xff,0x66,0xc1,0xff,0x66,0xc1,0xff,0x66,0xc1,0xff,
    0x66,0xc1,0xff,0x66,0xc1,0xff,0x66,0xc1,0xff,0x66,0xc1,0xff,
    0x66,0xc1,0xff,0x66,0xc1,0xff,0x66,0xc1,0xff,0x66,0xc1,0xff,
    0x66,0xc1,0xff,0x82,0x48,0xff,0x82,0x48,0xff,0x00,0x00,0x00,
    0x00,0x00,0x00,0x00,0x00,0x00,0x00,0x00,0x00,0x00,0x00,0x00,
    0x00,0x00,0x00,0x82,0x48,0xff,0x82,0x48,0xff,0x66,0xc1,0xff,
    0x66,0xc1,0xff,0x66,0xc1,0xff,0x66,0xc1,0xff,0x66,0xc1,0xff,
    0x66,0xc1,0xff,0x66,0xc1,0xff,0x66,0xc1,0xff,0x82,0x48,0xff,
    0x82,0x48,0xff,0x82,0x48,0xff,0x82,0x48,0xff,0x82,0x48,0xff,
    0x66,0xc1,0xff,0x66,0xc1,0xff,0x66,0xc1,0xff,0x66,0xc1,0xff,
    0x66,0xc1,0xff,0x66,0xc1,0xff,0x66,0xc1,0xff,0x66,0xc1,0xff,
    0x82,0x48,0xff,0x82,0x48,0xff,0x00,0x00,0x00,0x00,0x00,0x00,
    0x00,0x00,0x00,0x00,0x00,0x00,0x00,0x00,0x00,0x00,0x00,0x00,
    0x82,0x48,0xff,0x82,0x48,0xff,0x66,0xc1,0xff,0x66,0xc1,0xff,
    0x66,0xc1,0xff,0x66,0xc1,0xff,0x66,0xc1,0xff,0x66,0xc1,0xff,
    0x82,0x48,0xff,0x82,0x48,0xff,0x82,0x48,0xff,0xa2,0x58,0xff,
    0xa2,0x58,0xff,0xa2,0x58,0xff,0x82,0x48,0xff,0x82,0x48,0xff,
    0x82,0x48,0xff,0x66,0xc1,0xff,0x66,0xc1,0xff,0x66,0xc1,0xff,
    0x66,0xc1,0xff,0x66,0xc1,0xff,0x66,0xc1,0xff,0x82,0x48,0xff,
    0x82,0x48,0xff,0x00,0x00,0x00,0x00,0x00,0x00,0x00,0x00,0x00,
    0x00,0x00,0x00,0x00,0x00,0x00,0x00,0x00,0x00,0x82,0x48,0xff,
    0x82,0x48,0xff,0x66,0xc1,0xff,0x66,0xc1,0xff,0x66,0xc1,0xff,
    0x66,0xc1,0xff,0x66,0xc1,0xff,0x82,0x48,0xff,0x82,0x48,0xff,
    0xa2,0x58,0xff,0xa2,0x58,0xff,0xa2,0x58,0xff,0xa2,0x58,0xff,
    0xa2,0x58,0xff,0xa2,0x58,0xff,0xa2,0x58,0xff,0x82,0x48,0xff,
    0x82,0x48,0xff,0x66,0xc1,0xff,0x66,0xc1,0xff,0x66,0xc1,0xff,
    0x66,0xc1,0xff,0x66,0xc1,0xff,0x82,0x48,0xff,0x82,0x48,0xff,
    0x00,0x00,0x00,0x00,0x00,0x00,0x00,0x00,0x00,0x00,0x00,0x00,
    0x00,0x00,0x00,0x00,0x00,0x00,0x82,0x48,0xff,0x82,0x48,0xff,
    0x66,0xc1,0xff,0x66,0xc1,0xff,0x66,0xc1,0xff,0x66,0xc1,0xff,
    0x82,0x48,0xff,0x82,0x48,0xff,0xa2,0x58,0xff,0xa2,0x58,0xff,
    0xa2,0x58,0xff,0xa2,0x58,0xff,0xa2,0x58,0xff,0xa2,0x58,0xff,
    0xa2,0x58,0xff,0xa2,0x58,0xff,0xa2,0x58,0xff,0x82,0x48,0xff,
    0x82,0x48,0xff,0x66,0xc1,0xff,0x66,0xc1,0xff,0x66,0xc1,0xff,
    0x66,0xc1,0xff,0x82,0x48,0xff,0x82,0x48,0xff,0x00,0x00,0x00,
    0x00,0x00,0x00,0x00,0x00,0x00,0x00,0x00,0x00,0x00,0x00,0x00,
    0x00,0x00,0x00,0x82,0x48,0xff,0x82,0x48,0xff,0x66,0xc1,0xff,
    0x66,0xc1,0xff,0x66,0xc1,0xff,0x82,0x48,0xff,0x82,0x48,0xff,
    0xa2,0x58,0xff,0xa2,0x58,0xff,0xa2,0x58,0xff,0xa2,0x58,0xff,
    0xa2,0x58,0xff,0xa2,0x58,0xff,0xa2,0x58,0xff,0xa2,0x58,0xff,
    0xa2,0x58,0xff,0xa2,0x58,0xff,0xa2,0x58,0xff,0x82,0x48,0xff,
    0x82,0x48,0xff,0x66,0xc1,0xff,0x66,0xc1,0xff,0x66,0xc1,0xff,
    0x82,0x48,0xff,0x82,0x48,0xff,0x00,0x00,0x00,0x00,0x00,0x00,
    0x00,0x00,0x00,0x00,0x00,0x00,0x00,0x00,0x00,0x82,0x48,0xff,
    0x82,0x48,0xff,0x82,0x48,0xff,0x66,0xc1,0xff,0x66,0xc1,0xff,
    0x66,0xc1,0xff,0x82,0x48,0xff,0xa2,0x58,0xff,0xa2,0x58,0xff,
    0xa2,0x58,0xff,0xa2,0x58,0xff,0xa2,0x58,0xff,0xa2,0x58,0xff,
    0xa2,0x58,0xff,0xa2,0x58,0xff,0xa2,0x58,0xff,0xa2,0x58,0xff,
    0xa2,0x58,0xff,0xa2,0x58,0xff,0xa2,0x58,0xff,0x82,0x48,0xff,
    0x66,0xc1,0xff,0x66,0xc1,0xff,0x66,0xc1,0xff,0x82,0x48,0xff,
    0x82,0x48,0xff,0x82,0x48,0xff,0x00,0x00,0x00,0x00,0x00,0x00,
    0x00,0x00,0x00,0x00,0x00,0x00,0x82,0x48,0xff,0x04,0x89,0xff,
    0x82,0x48,0xff,0x66,0xc1,0xff,0x66,0xc1,0xff,0x82,0x48,0xff,
    0x82,0x48,0xff,0xa2,0x58,0xff,0xa2,0x58,0xff,0xa2,0x58,0xff,
    0xa2,0x58,0xff,0xa2,0x58,0xff,0xa2,0x58,0xff,0xa2,0x58,0xff,
    0xa2,0x58,0xff,0xa2,0x58,0xff,0xa2,0x58,0xff,0xa2,0x58,0xff,
    0xa2,0x58,0xff,0xa2,0x58,0xff,0x82,0x48,0xff,0x82,0x48,0xff,
    0x66,0xc1,0xff,0x66,0xc1,0xff,0x82,0x48,0xff,0x04,0x89,0xff,
    0x82,0x48,0xff,0x00,0x00,0x00,0x00,0x00,0x00,0x00,0x00,0x00,
    0x00,0x00,0x00,0x82,0x48,0xff,0x04,0x89,0xff,0x82,0x48,0xff,
    0x66,0xc1,0xff,0x66,0xc1,0xff,0x82,0x48,0xff,0xa2,0x58,0xff,
    0xa2,0x58,0xff,0xa2,0x58,0xff,0xa2,0x58,0xff,0xa2,0x58,0xff,
    0xa2,0x58,0xff,0xa2,0x58,0xff,0xa2,0x58,0xff,0xa2,0x58,0xff,
    0xa2,0x58,0xff,0xa2,0x58,0xff,0xa2,0x58,0xff,0xa2,0x58,0xff,
    0xa2,0x58,0xff,0xa2,0x58,0xff,0x82,0x48,0xff,0x66,0xc1,0xff,
    0x66,0xc1,0xff,0x82,0x48,0xff,0x04,0x89,0xff,0x82,0x48,0xff,
    0x00,0x00,0x00,0x00,0x00,0x00,0x00,0x00,0x00,0x00,0x00,0x00,
    0x82,0x48,0xff,0x04,0x89,0xff,0x82,0x48,0xff,0x66,0xc1,0xff,
    0x66,0xc1,0xff,0x82,0x48,0xff,0xa2,0x58,0xff,0xa2,0x58,0xff,
    0xa2,0x58,0xff,0xa2,0x58,0xff,0xa2,0x58,0xff,0xa2,0x58,0xff,
    0xa2,0x58,0xff,0xa2,0x58,0xff,0xa2,0x58,0xff,0xa2,0x58,0xff,
    0xa2,0x58,0xff,0xa2,0x58,0xff,0xa2,0x58,0xff,0xa2,0x58,0xff,
    0xa2,0x58,0xff,0x82,0x48,0xff,0x66,0xc1,0xff,0x66,0xc1,0xff,
    0x82,0x48,0xff,0x04,0x89,0xff,0x82,0x48,0xff,0x00,0x00,0x00,
    0x00,0x00,0x00,0x00,0x00,0x00,0x00,0x00,0x00,0x82,0x48,0xff,
    0x82,0x48,0xff,0x82,0x48,0xff,0x66,0xc1,0xff,0x66,0xc1,0xff,
    0x82,0x48,0xff,0xa2,0x58,0xff,0xa2,0x58,0xff,0xa2,0x58,0xff,
    0xa2,0x58,0xff,0xa2,0x58,0xff,0xa2,0x58,0xff,0xa2,0x58,0xff,
    0xa2,0x58,0xff,0xa2,0x58,0xff,0xa2,0x58,0xff,0xa2,0x58,0xff,
    0xa2,0x58,0xff,0xa2,0x58,0xff,0xa2,0x58,0xff,0xa2,0x58,0xff,
    0x82,0x48,0xff,0x66,0xc1,0xff,0x66,0xc1,0xff,0x82,0x48,0xff,
    0x82,0x48,0xff,0x82,0x48,0xff,0x00,0x00,0x00,0x00,0x00,0x00,
    0x00,0x00,0x00,0x00,0x00,0x00,0x82,0x48,0xff,0x82,0x48,0xff,
    0x66,0xc1,0xff,0x66,0xc1,0xff,0x66,0xc1,0xff,0x82,0x48,0xff,
    0x82,0x48,0xff,0xa2,0x58,0xff,0xa2,0x58,0xff,0xa2,0x58,0xff,
    0xa2,0x58,0xff,0xa2,0x58,0xff,0xa2,0x58,0xff,0xa2,0x58,0xff,
    0xa2,0x58,0xff,0xa2,0x58,0xff,0xa2,0x58,0xff,0xa2,0x58,0xff,
    0xa2,0x58,0xff,0xa2,0x58,0xff,0x82,0x48,0xff,0x82,0x48,0xff,
    0x66,0xc1,0xff,0x66,0xc1,0xff,0x66,0xc1,0xff,0x82,0x48,0xff,
    0x82,0x48,0xff,0x00,0x00,0x00,0x00,0x00,0x00,0x00,0x00,0x00,
    0x00,0x00,0x00,0x82,0x48,0xff,0x82,0x48,0xff,0x66,0xc1,0xff,
    0x66,0xc1,0xff,0x66,0xc1,0xff,0x66,0xc1,0xff,0x82,0x48,0xff,
    0xa2,0x58,0xff,0xa2,0x58,0xff,0xa2,0x58,0xff,0xa2,0x58,0xff,
    0xa2,0x58,0xff,0xa2,0x58,0xff,0xa2,0x58,0xff,0xa2,0x58,0xff,
    0xa2,0x58,0xff,0xa2,0x58,0xff,0xa2,0x58,0xff,0xa2,0x58,0xff,
    0xa2,0x58,0xff,0x82,0x48,0xff,0x66,0xc1,0xff,0x66,0xc1,0xff,
    0x66,0xc1,0xff,0x66,0xc1,0xff,0x82,0x48,0xff,0x82,0x48,0xff,
    0x00,0x00,0x00,0x00,0x00,0x00,0x00,0x00,0x00,0x00,0x00,0x00,
    0x82,0x48,0xff,0x82,0x48,0xff,0x66,0xc1,0xff,0x66,0xc1,0xff,
    0x66,0xc1,0xff,0x66,0xc1,0xff,0x82,0x48,0xff,0x82,0x48,0xff,
    0xa2,0x58,0xff,0xa2,0x58,0xff,0xa2,0x58,0xff,0xa2,0x58,0xff,
    0xa2,0x58,0xff,0xa2,0x58,0xff,0xa2,0x58,0xff,0xa2,0x58,0xff,
    0xa2,0x58,0xff,0xa2,0x58,0xff,0xa2,0x58,0xff,0x82,0x48,0xff,
    0x82,0x48,0xff,0x66,0xc1,0xff,0x66,0xc1,0xff,0x66,0xc1,0xff,
    0x66,0xc1,0xff,0x82,0x48,0xff,0x82,0x48,0xff,0x00,0x00,0x00,
    0x00,0x00,0x00,0x00,0x00,0x00,0x00,0x00,0x00,0x82,0x48,0xff,
    0x82,0x48,0xff,0x66,0xc1,0xff,0x66,0xc1,0xff,0x66,0xc1,0xff,
    0x66,0xc1,0xff,0x66,0xc1,0xff,0x82,0x48,0xff,0x82,0x48,0xff,
    0xa2,0x58,0xff,0xa2,0x58,0xff,0xa2,0x58,0xff,0xa2,0x58,0xff,
    0xa2,0x58,0xff,0xa2,0x58,0xff,0xa2,0x58,0xff,0xa2,0x58,0xff,
    0xa2,0x58,0xff,0x82,0x48,0xff,0x82,0x48,0xff,0x66,0xc1,0xff,
    0x66,0xc1,0xff,0x66,0xc1,0xff,0x66,0xc1,0xff,0x66,0xc1,0xff,
    0x82,0x48,0xff,0x82,0x48,0xff,0x00,0x00,0x00,0x00,0x00,0x00,
    0x00,0x00,0x00,0x82,0x48,0xff,0x82,0x48,0xff,0x82,0x48,0xff,
    0x66,0xc1,0xff,0x66,0xc1,0xff,0x66,0xc1,0xff,0x66,0xc1,0xff,
    0x66,0xc1,0xff,0x66,0xc1,0xff,0x82,0x48,0xff,0x82,0x48,0xff,
    0xa2,0x58,0xff,0xa2,0x58,0xff,0xa2,0x58,0xff,0xa2,0x58,0xff,
    0xa2,0x58,0xff,0xa2,0x58,0xff,0xa2,0x58,0xff,0x82,0x48,0xff,
    0x82,0x48,0xff,0x66,0xc1,0xff,0x66,0xc1,0xff,0x66,0xc1,0xff,
    0x66,0xc1,0xff,0x66,0xc1,0xff,0x66,0xc1,0xff,0x82,0x48,0xff,
    0x82,0x48,0xff,0x82,0x48,0xff,0x00,0x00,0x00,0x00,0x00,0x00,
    0x82,0x48,0xff,0x04,0x89,0xff,0x82,0x48,0xff,0x66,0xc1,0xff,
    0x66,0xc1,0xff,0x66,0xc1,0xff,0x66,0xc1,0xff,0x66,0xc1,0xff,
    0x66,0xc1,0xff,0x66,0xc1,0xff,0x82,0x48,0xff,0x82,0x48,0xff,
    0x82,0x48,0xff,0x82,0x48,0xff,0xa2,0x58,0xff,0x82,0x48,0xff,
    0x82,0x48,0xff,0x82,0x48,0xff,0x82,0x48,0xff,0x66,0xc1,0xff,
    0x66,0xc1,0xff,0x66,0xc1,0xff,0x66,0xc1,0xff,0x66,0xc1,0xff,
    0x66,0xc1,0xff,0x66,0xc1,0xff,0x82,0x48,0xff,0x04,0x89,0xff,
    0x82,0x48,0xff,0x00,0x00,0x00,0x00,0x00,0x00,0x82,0x48,0xff,
    0x82,0x48,0xff,0x82,0x48,0xff,0x66,0xc1,0xff,0x66,0xc1,0xff,
    0x66,0xc1,0xff,0x66,0xc1,0xff,0x66,0xc1,0xff,0x66,0xc1,0xff,
    0x66,0xc1,0xff,0x66,0xc1,0xff,0x66,0xc1,0xff,0x66,0xc1,0xff,
    0x82,0x48,0xff,0x82,0x48,0xff,0x82,0x48,0xff,0x66,0xc1,0xff,
    0x66,0xc1,0xff,0x66,0xc1,0xff,0x66,0xc1,0xff,0x66,0xc1,0xff,
    0x66,0xc1,0xff,0x66,0xc1,0xff,0x66,0xc1,0xff,0x66,0xc1,0xff,
    0x66,0xc1,0xff,0x82,0x48,0xff,0x82,0x48,0xff,0x82,0x48,0xff,
    0x00,0x00,0x00,0x00,0x00,0x00,0x82,0x48,0xff,0x82,0x48,0xff,
    0x66,0xc1,0xff,0x66,0xc1,0xff,0x66,0xc1,0xff,0x66,0xc1,0xff,
    0x66,0xc1,0xff,0x66,0xc1,0xff,0x66,0xc1,0xff,0x66,0xc1,0xff,
    0x66,0xc1,0xff,0x66,0xc1,0xff,0x66,0xc1,0xff,0x66,0xc1,0xff,
    0x66,0xc1,0xff,0x66,0xc1,0xff,0x66,0xc1,0xff,0x66,0xc1,0xff,
    0x66,0xc1,0xff,0x66,0xc1,0xff,0x66,0xc1,0xff,0x66,0xc1,0xff,
    0x66,0xc1,0xff,0x66,0xc1,0xff,0x66,0xc1,0xff,0x66,0xc1,0xff,
    0x66,0xc1,0xff,0x82,0x48,0xff,0x82,0x48,0xff,0x00,0x00,0x00,
    0x82,0x48,0xff,0x82,0x48,0xff,0x82,0x48,0xff,0x66,0xc1,0xff,
    0x66,0xc1,0xff,0x66,0xc1,0xff,0x66,0xc1,0xff,0x66,0xc1,0xff,
    0x66,0xc1,0xff,0x66,0xc1,0xff,0x66,0xc1,0xff,0x66,0xc1,0xff,
    0x66,0xc1,0xff,0x66,0xc1,0xff,0x66,0xc1,0xff,0x66,0xc1,0xff,
    0x66,0xc1,0xff,0x66,0xc1,0xff,0x66,0xc1,0xff,0x66,0xc1,0xff,
    0x66,0xc1,0xff,0x66,0xc1,0xff,0x66,0xc1,0xff,0x66,0xc1,0xff,
    0x66,0xc1,0xff,0x66,0xc1,0xff,0x66,0xc1,0xff,0x66,0xc1,0xff,
    0x82,0x48,0xff,0x82,0x48,0xff,0x82,0x48,0xff,0x82,0x48,0xff,
    0x04,0x89,0xff,0x82,0x48,0xff,0x66,0xc1,0xff,0x66,0xc1,0xff,
    0x66,0xc1,0xff,0x66,0xc1,0xff,0x66,0xc1,0xff,0x66,0xc1,0xff,
    0x66,0xc1,0xff,0x66,0xc1,0xff,0x82,0x48,0xff,0x82,0x48,0xff,
    0x82,0x48,0xff,0x82,0x48,0xff,0x82,0x48,0xff,0x82,0x48,0xff,
    0x82,0x48,0xff,0x82,0x48,0xff,0x82,0x48,0xff,0x66,0xc1,0xff,
    0x66,0xc1,0xff,0x66,0xc1,0xff,0x66,0xc1,0xff,0x66,0xc1,0xff,
    0x66,0xc1,0xff,0x66,0xc1,0xff,0x66,0xc1,0xff,0x82,0x48,0xff,
    0x04,0x89,0xff,0x82,0x48,0xff,0x82,0x48,0xff,0x04,0x89,0xff,
    0x82,0x48,0xff,0x66,0xc1,0xff,0x66,0xc1,0xff,0x66,0xc1,0xff,
    0x66,0xc1,0xff,0x66,0xc1,0xff,0x66,0xc1,0xff,0x66,0xc1,0xff,
    0x66,0xc1,0xff,0x82,0x48,0xff,0xa2,0x58,0xff,0xa2,0x58,0xff,
    0xa2,0x58,0xff,0xa2,0x58,0xff,0xa2,0x58,0xff,0xa2,0x58,0xff,
    0xa2,0x58,0xff,0x82,0x48,0xff,0x66,0xc1,0xff,0x66,0xc1,0xff,
    0x66,0xc1,0xff,0x66,0xc1,0xff,0x66,0xc1,0xff,0x66,0xc1,0xff,
    0x66,0xc1,0xff,0x66,0xc1,0xff,0x82,0x48,0xff,0x04,0x89,0xff,
    0x82,0x48,0xff,0x82,0x48,0xff,0x82,0x48,0xff,0x82,0x48,0xff,
    0x66,0xc1,0xff,0x66,0xc1,0xff,0x66,0xc1,0xff,0x66,0xc1,0xff,
    0x66,0xc1,0xff,0x66,0xc1,0xff,0x66,0xc1,0xff,0x66,0xc1,0xff,
    0x82,0x48,0xff,0xa2,0x58,0xff,0xa2,0x58,0xff,0xa2,0x58,0xff,
    0xa2,0x58,0xff,0xa2,0x58,0xff,0xa2,0x58,0xff,0xa2,0x58,0xff,
    0x82,0x48,0xff,0x66,0xc1,0xff,0x66,0xc1,0xff,0x66,0xc1,0xff,
    0x66,0xc1,0xff,0x66,0xc1,0xff,0x66,0xc1,0xff,0x66,0xc1,0xff,
    0x66,0xc1,0xff,0x82,0x48,0xff,0x82,0x48,0xff,0x82,0x48,0xff,
    0x00,0x00,0x00,0x82,0x48,0xff,0x82,0x48,0xff,0x82,0x48,0xff,
    0x66,0xc1,0xff,0x66,0xc1,0xff,0x66,0xc1,0xff,0x66,0xc1,0xff,
    0x66,0xc1,0xff,0x66,0xc1,0xff,0x66,0xc1,0xff,0x82,0x48,0xff,
    0xa2,0x58,0xff,0xa2,0x58,0xff,0xa2,0x58,0xff,0xa2,0x58,0xff,
    0xa2,0x58,0xff,0xa2,0x58,0xff,0xa2,0x58,0xff,0x82,0x48,0xff,
    0x66,0xc1,0xff,0x66,0xc1,0xff,0x66,0xc1,0xff,0x66,0xc1,0xff,
    0x66,0xc1,0xff,0x66,0xc1,0xff,0x66,0xc1,0xff,0x82,0x48,0xff,
    0x82,0x48,0xff,0x82,0x48,0xff,0x00,0x00,0x00,0x00,0x00,0x00,
    0x82,0x48,0xff,0x04,0x89,0xff,0x82,0x48,0xff,0x66,0xc1,0xff,
    0x66,0xc1,0xff,0x66,0xc1,0xff,0x66,0xc1,0xff,0x66,0xc1,0xff,
    0x66,0xc1,0xff,0x82,0x48,0xff,0x82,0x48,0xff,0xa2,0x58,0xff,
    0xa2,0x58,0xff,0xa2,0x58,0xff,0xa2,0x58,0xff,0xa2,0x58,0xff,
    0xa2,0x58,0xff,0xa2,0x58,0xff,0x82,0x48,0xff,0x82,0x48,0xff,
    0x66,0xc1,0xff,0x66,0xc1,0xff,0x66,0xc1,0xff,0x66,0xc1,0xff,
    0x66,0xc1,0xff,0x66,0xc1,0xff,0x82,0x48,0xff,0x04,0x89,0xff,
    0x82,0x48,0xff,0x00,0x00,0x00,0x00,0x00,0x00,0x82,0x48,0xff,
    0x82,0x48,0xff,0x82,0x48,0xff,0x82,0x48,0xff,0x82,0x48,0xff,
    0x66,0xc1,0xff,0x66,0xc1,0xff,0x66,0xc1,0xff,0x66,0xc1,0xff,
    0x82,0x48,0xff,0x82,0x48,0xff,0xa2,0x58,0xff,0xa2,0x58,0xff,
    0xa2,0x58,0xff,0xa2,0x58,0xff,0xa2,0x58,0xff,0xa2,0x58,0xff,
    0xa2,0x58,0xff,0x82,0x48,0xff,0x82,0x48,0xff,0x66,0xc1,0xff,
    0x66,0xc1,0xff,0x66,0xc1,0xff,0x66,0xc1,0xff,0x82,0x48,0xff,
    0x82,0x48,0xff,0x82,0x48,0xff,0x82,0x48,0xff,0x82,0x48,0xff,
    0x00,0x00,0x00,0x00,0x00,0x00,0x00,0x00,0x00,0x00,0x00,0x00,
    0x00,0x00,0x00,0x82,0x48,0xff,0x82,0x48,0xff,0x82,0x48,0xff,
    0x82,0x48,0xff,0x82,0x48,0xff,0x82,0x48,0xff,0x82,0x48,0xff,
    0x82,0x48,0xff,0x82,0x48,0xff,0x82,0x48,0xff,0x82,0x48,0xff,
    0x82,0x48,0xff,0x82,0x48,0xff,0x82,0x48,0xff,0x82,0x48,0xff,
    0x82,0x48,0xff,0x82,0x48,0xff,0x82,0x48,0xff,0x82,0x48,0xff,
    0x82,0x48,0xff,0x82,0x48,0xff,0x82,0x48,0xff,0x82,0x48,0xff,
    0x00,0x00,0x00,0x00,0x00,0x00,0x00,0x00,0x00,0x00,0x00,0x00,
    0x00,0x00,0x00,0x00,0x00,0x00,0x00,0x00,0x00,0x00,0x00,0x00,
    0x00,0x00,0x00,0x00,0x00,0x00,0x00,0x00,0x00,0x00,0x00,0x00,
    0x00,0x00,0x00,0x00,0x00,0x00,0x00,0x00,0x00,0x00,0x00,0x00,
    0x00,0x00,0x00,0x00,0x00,0x00,0x82,0x48,0xff,0x82,0x48,0xff,
    0x82,0x48,0xff,0x00,0x00,0x00,0x00,0x00,0x00,0x00,0x00,0x00,
    0x00,0x00,0x00,0x00,0x00,0x00,0x00,0x00,0x00,0x00,0x00,0x00,
    0x00,0x00,0x00,0x00,0x00,0x00,0x00,0x00,0x00,0x00,0x00,0x00,
    0x00,0x00,0x00,0x00,0x00,0x00,0x00,0x00,0x00
};
const lv_img_dsc_t sb_head_22 = {
  .header.cf = LV_IMG_CF_TRUE_COLOR_ALPHA,
  .header.always_zero = 0,
  .header.reserved = 0,
  .header.w = 31,
  .header.h = 57,
  .data_size = 5301,
  .data = sb_head_22_map,
};
const lv_img_dsc_t * const sb_head[SB_HEAD_COUNT] = {
    &sb_head_0,
    &sb_head_1,
    &sb_head_2,
    &sb_head_3,
    &sb_head_4,
    &sb_head_5,
    &sb_head_6,
    &sb_head_7,
    &sb_head_8,
    &sb_head_9,
    &sb_head_10,
    &sb_head_11,
    &sb_head_12,
    &sb_head_13,
    &sb_head_14,
    &sb_head_15,
    &sb_head_16,
    &sb_head_17,
    &sb_head_18,
    &sb_head_19,
    &sb_head_20,
    &sb_head_21,
    &sb_head_22,
};
